[{"owner": {"type": "User", "site_admin": false}, "fork": true, "created_at": "2007-10-29T14:37:16Z", "updated_at": "2019-08-13T13:21:48Z", "pushed_at": "2008-04-24T00:19:58Z", "size": 325, "stargazers_count": 4, "watchers_count": 4, "language": "Ruby", "has_issues": true, "has_projects": true, "has_downloads": true, "has_wiki": true, "has_pages": false, "has_discussions": false, "forks_count": 0, "mirror_url": null, "archived": false, "disabled": false, "open_issues_count": 0, "license": null, "allow_forking": true, "is_template": false, "web_commit_signoff_required": false, "topics": [], "default_branch": "master", "permissions": {"admin": false, "maintain": false, "push": false, "triage": false, "pull": true}, "network_count": 541, "subscribers_count": 3, "_id": 2774}]