[{"owner": {"type": "User", "site_admin": false}, "fork": false, "created_at": "2008-04-21T00:09:57Z", "updated_at": "2022-06-13T12:46:17Z", "pushed_at": "2017-11-16T06:17:33Z", "size": 135, "stargazers_count": 352, "watchers_count": 352, "language": "Ruby", "has_issues": true, "has_projects": true, "has_downloads": true, "has_wiki": true, "has_pages": false, "has_discussions": false, "forks_count": 46, "mirror_url": null, "archived": false, "disabled": false, "open_issues_count": 7, "license": {"key": "mit", "name": "MIT License", "spdx_id": "MIT", "url": "https://api.github.com/licenses/mit", "node_id": "MDc6TGljZW5zZTEz"}, "allow_forking": true, "is_template": false, "web_commit_signoff_required": false, "topics": [], "default_branch": "master", "permissions": {"admin": false, "maintain": false, "push": false, "triage": false, "pull": true}, "network_count": 46, "subscribers_count": 7, "_id": 11432}, {"owner": {"type": "User", "site_admin": false}, "fork": false, "created_at": "2008-04-21T00:17:40Z", "updated_at": "2019-08-13T13:23:22Z", "pushed_at": "2010-12-13T05:49:10Z", "size": 7688, "stargazers_count": 6, "watchers_count": 6, "language": "Ruby", "has_issues": true, "has_projects": true, "has_downloads": true, "has_wiki": true, "has_pages": false, "has_discussions": false, "forks_count": 2, "mirror_url": null, "archived": true, "disabled": false, "open_issues_count": 0, "license": null, "allow_forking": true, "is_template": false, "web_commit_signoff_required": false, "topics": [], "default_branch": "master", "permissions": {"admin": false, "maintain": false, "push": false, "triage": false, "pull": true}, "network_count": 2, "subscribers_count": 3, "_id": 11434}, {"owner": {"type": "User", "site_admin": false}, "fork": false, "created_at": "2008-04-21T00:52:57Z", "updated_at": "2021-10-17T05:11:46Z", "pushed_at": "2009-11-04T14:51:00Z", "size": 254, "stargazers_count": 12, "watchers_count": 12, "language": "Ruby", "has_issues": true, "has_projects": true, "has_downloads": true, "has_wiki": true, "has_pages": false, "has_discussions": false, "forks_count": 2, "mirror_url": null, "archived": false, "disabled": false, "open_issues_count": 0, "license": null, "allow_forking": true, "is_template": false, "web_commit_signoff_required": false, "topics": [], "default_branch": "master", "permissions": {"admin": false, "maintain": false, "push": false, "triage": false, "pull": true}, "network_count": 2, "subscribers_count": 3, "_id": 11440}, {"owner": {"type": "User", "site_admin": true}, "fork": false, "created_at": "2008-04-21T01:33:37Z", "updated_at": "2019-12-15T02:25:07Z", "pushed_at": "2018-08-28T16:53:10Z", "size": 19, "stargazers_count": 5, "watchers_count": 5, "language": "Haskell", "has_issues": true, "has_projects": true, "has_downloads": true, "has_wiki": true, "has_pages": false, "has_discussions": false, "forks_count": 0, "mirror_url": null, "archived": false, "disabled": false, "open_issues_count": 0, "license": null, "allow_forking": true, "is_template": false, "web_commit_signoff_required": false, "topics": [], "default_branch": "master", "permissions": {"admin": false, "maintain": false, "push": false, "triage": false, "pull": true}, "network_count": 0, "subscribers_count": 4, "_id": 11450}, {"owner": {"type": "User", "site_admin": false}, "fork": false, "created_at": "2008-04-21T01:57:44Z", "updated_at": "2020-06-12T17:37:23Z", "pushed_at": "2020-06-12T17:22:29Z", "size": 2130, "stargazers_count": 3, "watchers_count": 3, "language": "Ruby", "has_issues": true, "has_projects": true, "has_downloads": true, "has_wiki": true, "has_pages": false, "has_discussions": false, "forks_count": 1, "mirror_url": null, "archived": true, "disabled": false, "open_issues_count": 0, "license": null, "allow_forking": true, "is_template": false, "web_commit_signoff_required": false, "topics": [], "default_branch": "main", "permissions": {"admin": false, "maintain": false, "push": false, "triage": false, "pull": true}, "network_count": 1, "subscribers_count": 3, "_id": 11454}, {"owner": {"type": "User", "site_admin": false}, "fork": false, "created_at": "2008-04-21T02:58:58Z", "updated_at": "2022-01-25T10:22:43Z", "pushed_at": "2011-07-08T12:43:47Z", "size": 230, "stargazers_count": 290, "watchers_count": 290, "language": "JavaScript", "has_issues": true, "has_projects": true, "has_downloads": true, "has_wiki": true, "has_pages": true, "has_discussions": false, "forks_count": 54, "mirror_url": null, "archived": false, "disabled": false, "open_issues_count": 1, "license": {"key": "mit", "name": "MIT License", "spdx_id": "MIT", "url": "https://api.github.com/licenses/mit", "node_id": "MDc6TGljZW5zZTEz"}, "allow_forking": true, "is_template": false, "web_commit_signoff_required": false, "topics": [], "default_branch": "master", "permissions": {"admin": false, "maintain": false, "push": false, "triage": false, "pull": true}, "network_count": 54, "subscribers_count": 9, "_id": 11466}, {"owner": {"type": "User", "site_admin": false}, "fork": false, "created_at": "2008-04-21T03:39:30Z", "updated_at": "2019-08-13T13:23:22Z", "pushed_at": "2008-04-25T19:44:04Z", "size": 1316, "stargazers_count": 4, "watchers_count": 4, "language": "Ruby", "has_issues": true, "has_projects": true, "has_downloads": true, "has_wiki": true, "has_pages": false, "has_discussions": false, "forks_count": 3, "mirror_url": null, "archived": false, "disabled": false, "open_issues_count": 0, "license": {"key": "mit", "name": "MIT License", "spdx_id": "MIT", "url": "https://api.github.com/licenses/mit", "node_id": "MDc6TGljZW5zZTEz"}, "allow_forking": true, "is_template": false, "web_commit_signoff_required": false, "topics": [], "default_branch": "master", "permissions": {"admin": false, "maintain": false, "push": false, "triage": false, "pull": true}, "network_count": 3, "subscribers_count": 5, "_id": 11474}, {"owner": {"type": "User", "site_admin": false}, "fork": false, "created_at": "2008-04-21T03:43:24Z", "updated_at": "2019-08-13T13:23:22Z", "pushed_at": "2020-10-02T10:45:27Z", "size": 180, "stargazers_count": 3, "watchers_count": 3, "language": "Ruby", "has_issues": true, "has_projects": true, "has_downloads": true, "has_wiki": true, "has_pages": false, "has_discussions": false, "forks_count": 5, "mirror_url": null, "archived": false, "disabled": false, "open_issues_count": 4, "license": null, "allow_forking": true, "is_template": false, "web_commit_signoff_required": false, "topics": [], "default_branch": "master", "permissions": {"admin": false, "maintain": false, "push": false, "triage": false, "pull": true}, "network_count": 5, "subscribers_count": 3, "_id": 11475}, {"owner": {"type": "User", "site_admin": false}, "fork": false, "created_at": "2008-04-21T03:55:17Z", "updated_at": "2021-04-27T05:56:31Z", "pushed_at": "2008-06-13T10:04:29Z", "size": 180, "stargazers_count": 4, "watchers_count": 4, "language": "Python", "has_issues": true, "has_projects": true, "has_downloads": true, "has_wiki": true, "has_pages": false, "has_discussions": false, "forks_count": 0, "mirror_url": null, "archived": false, "disabled": false, "open_issues_count": 0, "license": null, "allow_forking": true, "is_template": false, "web_commit_signoff_required": false, "topics": [], "default_branch": "master", "permissions": {"admin": false, "maintain": false, "push": false, "triage": false, "pull": true}, "network_count": 0, "subscribers_count": 3, "_id": 11477}, {"owner": {"type": "User", "site_admin": false}, "fork": true, "created_at": "2008-04-21T04:07:59Z", "updated_at": "2019-08-13T13:23:22Z", "pushed_at": "2008-04-21T04:08:01Z", "size": 2730, "stargazers_count": 3, "watchers_count": 3, "language": "Ruby", "has_issues": true, "has_projects": true, "has_downloads": true, "has_wiki": true, "has_pages": false, "has_discussions": false, "forks_count": 0, "mirror_url": null, "archived": false, "disabled": false, "open_issues_count": 0, "license": {"key": "mit", "name": "MIT License", "spdx_id": "MIT", "url": "https://api.github.com/licenses/mit", "node_id": "MDc6TGljZW5zZTEz"}, "allow_forking": true, "is_template": false, "web_commit_signoff_required": false, "topics": [], "default_branch": "master", "permissions": {"admin": false, "maintain": false, "push": false, "triage": false, "pull": true}, "network_count": 112, "subscribers_count": 3, "_id": 11479}, {"owner": {"type": "User", "site_admin": false}, "fork": false, "created_at": "2008-04-21T04:13:13Z", "updated_at": "2019-08-13T13:23:22Z", "pushed_at": "2010-01-17T18:43:27Z", "size": 96, "stargazers_count": 4, "watchers_count": 4, "language": "Common Lisp", "has_issues": true, "has_projects": true, "has_downloads": true, "has_wiki": true, "has_pages": false, "has_discussions": false, "forks_count": 0, "mirror_url": null, "archived": false, "disabled": false, "open_issues_count": 0, "license": null, "allow_forking": true, "is_template": false, "web_commit_signoff_required": false, "topics": [], "default_branch": "master", "permissions": {"admin": false, "maintain": false, "push": false, "triage": false, "pull": true}, "network_count": 0, "subscribers_count": 2, "_id": 11481}, {"owner": {"type": "User", "site_admin": false}, "fork": false, "created_at": "2008-04-21T04:40:49Z", "updated_at": "2019-08-13T13:23:22Z", "pushed_at": null, "size": 48, "stargazers_count": 3, "watchers_count": 3, "language": null, "has_issues": true, "has_projects": true, "has_downloads": true, "has_wiki": true, "has_pages": false, "has_discussions": false, "forks_count": 0, "mirror_url": null, "archived": false, "disabled": false, "open_issues_count": 0, "license": null, "allow_forking": true, "is_template": false, "web_commit_signoff_required": false, "topics": [], "default_branch": "master", "permissions": {"admin": false, "maintain": false, "push": false, "triage": false, "pull": true}, "network_count": 0, "subscribers_count": 2, "_id": 11483}, {"owner": {"type": "User", "site_admin": false}, "fork": false, "created_at": "2008-04-21T04:48:40Z", "updated_at": "2019-08-13T13:23:22Z", "pushed_at": "2018-10-18T08:11:14Z", "size": 88, "stargazers_count": 3, "watchers_count": 3, "language": "Python", "has_issues": true, "has_projects": true, "has_downloads": true, "has_wiki": true, "has_pages": false, "has_discussions": false, "forks_count": 1, "mirror_url": null, "archived": false, "disabled": false, "open_issues_count": 1, "license": null, "allow_forking": true, "is_template": false, "web_commit_signoff_required": false, "topics": [], "default_branch": "master", "permissions": {"admin": false, "maintain": false, "push": false, "triage": false, "pull": true}, "network_count": 1, "subscribers_count": 2, "_id": 11484}, {"owner": {"type": "User", "site_admin": false}, "fork": false, "created_at": "2008-04-21T05:05:07Z", "updated_at": "2019-08-13T13:23:22Z", "pushed_at": "2008-09-19T23:42:43Z", "size": 13648, "stargazers_count": 6, "watchers_count": 6, "language": "Ruby", "has_issues": true, "has_projects": true, "has_downloads": true, "has_wiki": true, "has_pages": false, "has_discussions": false, "forks_count": 3, "mirror_url": null, "archived": false, "disabled": false, "open_issues_count": 0, "license": null, "allow_forking": true, "is_template": false, "web_commit_signoff_required": false, "topics": [], "default_branch": "master", "permissions": {"admin": false, "maintain": false, "push": false, "triage": false, "pull": true}, "network_count": 3, "subscribers_count": 4, "_id": 11485}, {"owner": {"type": "User", "site_admin": false}, "fork": false, "created_at": "2008-04-21T05:50:08Z", "updated_at": "2019-08-13T13:23:22Z", "pushed_at": null, "size": 48, "stargazers_count": 3, "watchers_count": 3, "language": null, "has_issues": true, "has_projects": true, "has_downloads": true, "has_wiki": true, "has_pages": false, "has_discussions": false, "forks_count": 0, "mirror_url": null, "archived": false, "disabled": false, "open_issues_count": 0, "license": null, "allow_forking": true, "is_template": false, "web_commit_signoff_required": false, "topics": [], "default_branch": "master", "permissions": {"admin": false, "maintain": false, "push": false, "triage": false, "pull": true}, "network_count": 0, "subscribers_count": 2, "_id": 11486}, {"owner": {"type": "Organization", "site_admin": false}, "fork": false, "created_at": "2008-04-21T07:19:21Z", "updated_at": "2022-11-07T20:15:05Z", "pushed_at": "2016-01-22T07:54:28Z", "size": 249309, "stargazers_count": 2781, "watchers_count": 2781, "language": "Scala", "has_issues": true, "has_projects": true, "has_downloads": true, "has_wiki": true, "has_pages": true, "has_discussions": false, "forks_count": 326, "mirror_url": null, "archived": true, "disabled": false, "open_issues_count": 24, "license": {"key": "other", "name": "Other", "spdx_id": "NOASSERTION", "url": null, "node_id": "MDc6TGljZW5zZTA="}, "allow_forking": true, "is_template": false, "web_commit_signoff_required": false, "topics": [], "default_branch": "master", "permissions": {"admin": false, "maintain": false, "push": false, "triage": false, "pull": true}, "network_count": 326, "subscribers_count": 247, "_id": 11493}, {"owner": {"type": "User", "site_admin": false}, "fork": false, "created_at": "2008-04-21T07:39:38Z", "updated_at": "2020-03-21T10:04:10Z", "pushed_at": "2020-10-01T16:32:01Z", "size": 2720, "stargazers_count": 4, "watchers_count": 4, "language": "Java", "has_issues": true, "has_projects": true, "has_downloads": true, "has_wiki": true, "has_pages": false, "has_discussions": false, "forks_count": 1, "mirror_url": null, "archived": false, "disabled": false, "open_issues_count": 1, "license": null, "allow_forking": true, "is_template": false, "web_commit_signoff_required": false, "topics": [], "default_branch": "master", "permissions": {"admin": false, "maintain": false, "push": false, "triage": false, "pull": true}, "network_count": 1, "subscribers_count": 3, "_id": 11496}, {"owner": {"type": "User", "site_admin": false}, "fork": false, "created_at": "2008-04-21T07:55:19Z", "updated_at": "2020-03-21T10:04:11Z", "pushed_at": "2012-08-22T07:04:43Z", "size": 136, "stargazers_count": 2, "watchers_count": 2, "language": "Shell", "has_issues": true, "has_projects": true, "has_downloads": true, "has_wiki": true, "has_pages": false, "has_discussions": false, "forks_count": 0, "mirror_url": null, "archived": false, "disabled": false, "open_issues_count": 0, "license": {"key": "gpl-2.0", "name": "GNU General Public License v2.0", "spdx_id": "GPL-2.0", "url": "https://api.github.com/licenses/gpl-2.0", "node_id": "MDc6TGljZW5zZTg="}, "allow_forking": true, "is_template": false, "web_commit_signoff_required": false, "topics": [], "default_branch": "master", "permissions": {"admin": false, "maintain": false, "push": false, "triage": false, "pull": true}, "network_count": 0, "subscribers_count": 3, "_id": 11499}, {"owner": {"type": "User", "site_admin": false}, "fork": true, "created_at": "2008-04-21T09:19:02Z", "updated_at": "2019-08-13T13:23:24Z", "pushed_at": "2008-04-21T09:19:05Z", "size": 89, "stargazers_count": 2, "watchers_count": 2, "language": "JavaScript", "has_issues": true, "has_projects": true, "has_downloads": true, "has_wiki": true, "has_pages": false, "has_discussions": false, "forks_count": 0, "mirror_url": null, "archived": false, "disabled": false, "open_issues_count": 0, "license": {"key": "mit", "name": "MIT License", "spdx_id": "MIT", "url": "https://api.github.com/licenses/mit", "node_id": "MDc6TGljZW5zZTEz"}, "allow_forking": true, "is_template": false, "web_commit_signoff_required": false, "topics": [], "default_branch": "master", "permissions": {"admin": false, "maintain": false, "push": false, "triage": false, "pull": true}, "network_count": 54, "subscribers_count": 3, "_id": 11505}, {"owner": {"type": "User", "site_admin": false}, "fork": false, "created_at": "2008-04-21T09:35:01Z", "updated_at": "2022-06-15T13:24:47Z", "pushed_at": "2013-09-27T17:12:07Z", "size": 162, "stargazers_count": 142, "watchers_count": 142, "language": "Python", "has_issues": true, "has_projects": true, "has_downloads": true, "has_wiki": true, "has_pages": false, "has_discussions": false, "forks_count": 15, "mirror_url": null, "archived": false, "disabled": false, "open_issues_count": 1, "license": {"key": "bsd-3-clause", "name": "BSD 3-Clause \"New\" or \"Revised\" License", "spdx_id": "BSD-3-Clause", "url": "https://api.github.com/licenses/bsd-3-clause", "node_id": "MDc6TGljZW5zZTU="}, "allow_forking": true, "is_template": false, "web_commit_signoff_required": false, "topics": [], "default_branch": "master", "permissions": {"admin": false, "maintain": false, "push": false, "triage": false, "pull": true}, "network_count": 15, "subscribers_count": 8, "_id": 11510}, {"owner": {"type": "User", "site_admin": false}, "fork": false, "created_at": "2008-04-21T09:36:54Z", "updated_at": "2020-05-18T00:26:50Z", "pushed_at": "2019-02-06T10:50:52Z", "size": 1504, "stargazers_count": 8, "watchers_count": 8, "language": "C++", "has_issues": true, "has_projects": true, "has_downloads": true, "has_wiki": true, "has_pages": false, "has_discussions": false, "forks_count": 2, "mirror_url": null, "archived": false, "disabled": false, "open_issues_count": 0, "license": null, "allow_forking": true, "is_template": false, "web_commit_signoff_required": false, "topics": [], "default_branch": "master", "permissions": {"admin": false, "maintain": false, "push": false, "triage": false, "pull": true}, "network_count": 2, "subscribers_count": 2, "_id": 11511}, {"owner": {"type": "User", "site_admin": false}, "fork": false, "created_at": "2008-04-21T09:37:49Z", "updated_at": "2019-08-13T13:23:24Z", "pushed_at": "2015-11-15T12:54:23Z", "size": 126, "stargazers_count": 23, "watchers_count": 23, "language": "Ruby", "has_issues": true, "has_projects": true, "has_downloads": true, "has_wiki": true, "has_pages": false, "has_discussions": false, "forks_count": 4, "mirror_url": null, "archived": false, "disabled": false, "open_issues_count": 0, "license": {"key": "mit", "name": "MIT License", "spdx_id": "MIT", "url": "https://api.github.com/licenses/mit", "node_id": "MDc6TGljZW5zZTEz"}, "allow_forking": true, "is_template": false, "web_commit_signoff_required": false, "topics": [], "default_branch": "master", "permissions": {"admin": false, "maintain": false, "push": false, "triage": false, "pull": true}, "network_count": 4, "subscribers_count": 3, "_id": 11512}, {"owner": {"type": "User", "site_admin": false}, "fork": false, "created_at": "2008-04-21T12:36:50Z", "updated_at": "2019-08-13T13:23:24Z", "pushed_at": "2008-04-21T15:58:02Z", "size": 6668, "stargazers_count": 3, "watchers_count": 3, "language": "Ruby", "has_issues": true, "has_projects": true, "has_downloads": true, "has_wiki": true, "has_pages": false, "has_discussions": false, "forks_count": 1, "mirror_url": null, "archived": false, "disabled": false, "open_issues_count": 0, "license": null, "allow_forking": true, "is_template": false, "web_commit_signoff_required": false, "topics": [], "default_branch": "master", "permissions": {"admin": false, "maintain": false, "push": false, "triage": false, "pull": true}, "network_count": 1, "subscribers_count": 2, "_id": 11530}, {"owner": {"type": "User", "site_admin": false}, "fork": false, "created_at": "2008-04-21T12:38:38Z", "updated_at": "2019-08-13T13:23:24Z", "pushed_at": "2009-05-26T14:38:29Z", "size": 120, "stargazers_count": 1, "watchers_count": 1, "language": "Ruby", "has_issues": true, "has_projects": true, "has_downloads": true, "has_wiki": true, "has_pages": false, "has_discussions": false, "forks_count": 0, "mirror_url": null, "archived": false, "disabled": false, "open_issues_count": 0, "license": {"key": "mit", "name": "MIT License", "spdx_id": "MIT", "url": "https://api.github.com/licenses/mit", "node_id": "MDc6TGljZW5zZTEz"}, "allow_forking": true, "is_template": false, "web_commit_signoff_required": false, "topics": [], "default_branch": "master", "permissions": {"admin": false, "maintain": false, "push": false, "triage": false, "pull": true}, "network_count": 0, "subscribers_count": 3, "_id": 11531}, {"owner": {"type": "User", "site_admin": false}, "fork": false, "created_at": "2008-04-21T13:35:31Z", "updated_at": "2019-08-13T13:23:24Z", "pushed_at": "2009-01-04T18:04:05Z", "size": 168, "stargazers_count": 3, "watchers_count": 3, "language": "PHP", "has_issues": true, "has_projects": true, "has_downloads": true, "has_wiki": true, "has_pages": false, "has_discussions": false, "forks_count": 0, "mirror_url": null, "archived": false, "disabled": false, "open_issues_count": 0, "license": null, "allow_forking": true, "is_template": false, "web_commit_signoff_required": false, "topics": [], "default_branch": "master", "permissions": {"admin": false, "maintain": false, "push": false, "triage": false, "pull": true}, "network_count": 0, "subscribers_count": 3, "_id": 11538}, {"owner": {"type": "User", "site_admin": false}, "fork": true, "created_at": "2008-04-21T14:46:07Z", "updated_at": "2019-08-13T13:23:24Z", "pushed_at": "2008-04-25T17:10:38Z", "size": 543, "stargazers_count": 10, "watchers_count": 10, "language": "Ruby", "has_issues": true, "has_projects": true, "has_downloads": true, "has_wiki": true, "has_pages": false, "has_discussions": false, "forks_count": 2, "mirror_url": null, "archived": false, "disabled": false, "open_issues_count": 0, "license": {"key": "mit", "name": "MIT License", "spdx_id": "MIT", "url": "https://api.github.com/licenses/mit", "node_id": "MDc6TGljZW5zZTEz"}, "allow_forking": true, "is_template": false, "web_commit_signoff_required": false, "topics": [], "default_branch": "master", "permissions": {"admin": false, "maintain": false, "push": false, "triage": false, "pull": true}, "network_count": 888, "subscribers_count": 4, "_id": 11545}, {"owner": {"type": "User", "site_admin": false}, "fork": false, "created_at": "2008-04-21T14:52:43Z", "updated_at": "2019-08-13T13:23:24Z", "pushed_at": "2020-10-13T09:13:48Z", "size": 6721, "stargazers_count": 3, "watchers_count": 3, "language": "Java", "has_issues": true, "has_projects": true, "has_downloads": true, "has_wiki": true, "has_pages": false, "has_discussions": false, "forks_count": 2, "mirror_url": null, "archived": false, "disabled": false, "open_issues_count": 2, "license": null, "allow_forking": true, "is_template": false, "web_commit_signoff_required": false, "topics": [], "default_branch": "master", "permissions": {"admin": false, "maintain": false, "push": false, "triage": false, "pull": true}, "network_count": 2, "subscribers_count": 2, "_id": 11546}, {"owner": {"type": "User", "site_admin": false}, "fork": false, "created_at": "2008-04-21T15:41:11Z", "updated_at": "2020-01-29T15:08:40Z", "pushed_at": "2011-10-29T05:29:56Z", "size": 2221, "stargazers_count": 74, "watchers_count": 74, "language": "Ruby", "has_issues": true, "has_projects": true, "has_downloads": true, "has_wiki": true, "has_pages": false, "has_discussions": false, "forks_count": 18, "mirror_url": null, "archived": false, "disabled": false, "open_issues_count": 1, "license": null, "allow_forking": true, "is_template": false, "web_commit_signoff_required": false, "topics": [], "default_branch": "master", "permissions": {"admin": false, "maintain": false, "push": false, "triage": false, "pull": true}, "network_count": 18, "subscribers_count": 5, "_id": 11558}, {"owner": {"type": "User", "site_admin": false}, "fork": false, "created_at": "2008-04-21T15:53:34Z", "updated_at": "2019-08-13T13:23:24Z", "pushed_at": "2011-10-27T06:34:18Z", "size": 164, "stargazers_count": 56, "watchers_count": 56, "language": "Ruby", "has_issues": true, "has_projects": true, "has_downloads": true, "has_wiki": true, "has_pages": false, "has_discussions": false, "forks_count": 1, "mirror_url": null, "archived": true, "disabled": false, "open_issues_count": 1, "license": null, "allow_forking": true, "is_template": false, "web_commit_signoff_required": false, "topics": [], "default_branch": "master", "permissions": {"admin": false, "maintain": false, "push": false, "triage": false, "pull": true}, "network_count": 1, "subscribers_count": 3, "_id": 11559}, {"owner": {"type": "User", "site_admin": false}, "fork": false, "created_at": "2008-04-21T15:55:02Z", "updated_at": "2019-08-13T13:23:24Z", "pushed_at": "2011-10-14T13:14:06Z", "size": 116, "stargazers_count": 12, "watchers_count": 12, "language": "JavaScript", "has_issues": true, "has_projects": true, "has_downloads": true, "has_wiki": true, "has_pages": false, "has_discussions": false, "forks_count": 9, "mirror_url": null, "archived": false, "disabled": false, "open_issues_count": 1, "license": {"key": "mit", "name": "MIT License", "spdx_id": "MIT", "url": "https://api.github.com/licenses/mit", "node_id": "MDc6TGljZW5zZTEz"}, "allow_forking": true, "is_template": false, "web_commit_signoff_required": false, "topics": [], "default_branch": "master", "permissions": {"admin": false, "maintain": false, "push": false, "triage": false, "pull": true}, "network_count": 9, "subscribers_count": 2, "_id": 11560}, {"owner": {"type": "User", "site_admin": false}, "fork": false, "created_at": "2008-04-21T16:00:40Z", "updated_at": "2021-12-03T08:44:20Z", "pushed_at": "2015-11-14T13:46:38Z", "size": 718, "stargazers_count": 8, "watchers_count": 8, "language": "Ruby", "has_issues": true, "has_projects": true, "has_downloads": true, "has_wiki": true, "has_pages": false, "has_discussions": false, "forks_count": 4, "mirror_url": null, "archived": false, "disabled": false, "open_issues_count": 1, "license": {"key": "gpl-2.0", "name": "GNU General Public License v2.0", "spdx_id": "GPL-2.0", "url": "https://api.github.com/licenses/gpl-2.0", "node_id": "MDc6TGljZW5zZTg="}, "allow_forking": true, "is_template": false, "web_commit_signoff_required": false, "topics": [], "default_branch": "master", "permissions": {"admin": false, "maintain": false, "push": false, "triage": false, "pull": true}, "network_count": 4, "subscribers_count": 3, "_id": 11563}, {"owner": {"type": "User", "site_admin": false}, "fork": false, "created_at": "2008-04-21T16:05:05Z", "updated_at": "2019-12-27T14:30:50Z", "pushed_at": "2008-08-29T18:58:03Z", "size": 117, "stargazers_count": 9, "watchers_count": 9, "language": "Ruby", "has_issues": true, "has_projects": true, "has_downloads": true, "has_wiki": true, "has_pages": false, "has_discussions": false, "forks_count": 1, "mirror_url": null, "archived": false, "disabled": false, "open_issues_count": 0, "license": null, "allow_forking": true, "is_template": false, "web_commit_signoff_required": false, "topics": [], "default_branch": "master", "permissions": {"admin": false, "maintain": false, "push": false, "triage": false, "pull": true}, "network_count": 1, "subscribers_count": 4, "_id": 11566}, {"owner": {"type": "User", "site_admin": false}, "fork": true, "created_at": "2008-04-21T16:45:16Z", "updated_at": "2019-08-13T13:23:24Z", "pushed_at": "2008-04-21T16:45:19Z", "size": 96, "stargazers_count": 3, "watchers_count": 3, "language": "JavaScript", "has_issues": true, "has_projects": true, "has_downloads": true, "has_wiki": true, "has_pages": false, "has_discussions": false, "forks_count": 1, "mirror_url": null, "archived": false, "disabled": false, "open_issues_count": 0, "license": {"key": "mit", "name": "MIT License", "spdx_id": "MIT", "url": "https://api.github.com/licenses/mit", "node_id": "MDc6TGljZW5zZTEz"}, "allow_forking": true, "is_template": false, "web_commit_signoff_required": false, "topics": [], "default_branch": "master", "permissions": {"admin": false, "maintain": false, "push": false, "triage": false, "pull": true}, "network_count": 9, "subscribers_count": 3, "_id": 11571}, {"owner": {"type": "User", "site_admin": false}, "fork": false, "created_at": "2008-04-21T16:47:01Z", "updated_at": "2020-11-19T09:04:30Z", "pushed_at": "2015-10-04T15:38:03Z", "size": 114, "stargazers_count": 7, "watchers_count": 7, "language": "Perl6", "has_issues": true, "has_projects": true, "has_downloads": true, "has_wiki": true, "has_pages": false, "has_discussions": false, "forks_count": 2, "mirror_url": null, "archived": false, "disabled": false, "open_issues_count": 0, "license": null, "allow_forking": true, "is_template": false, "web_commit_signoff_required": false, "topics": [], "default_branch": "master", "permissions": {"admin": false, "maintain": false, "push": false, "triage": false, "pull": true}, "network_count": 2, "subscribers_count": 3, "_id": 11572}, {"owner": {"type": "Organization", "site_admin": false}, "fork": false, "created_at": "2008-04-21T16:58:56Z", "updated_at": "2022-11-22T01:38:14Z", "pushed_at": "2020-10-15T02:51:55Z", "size": 7908, "stargazers_count": 2612, "watchers_count": 2612, "language": "JavaScript", "has_issues": true, "has_projects": true, "has_downloads": true, "has_wiki": true, "has_pages": false, "has_discussions": false, "forks_count": 558, "mirror_url": null, "archived": false, "disabled": false, "open_issues_count": 76, "license": null, "allow_forking": true, "is_template": false, "web_commit_signoff_required": false, "topics": [], "default_branch": "master", "permissions": {"admin": false, "maintain": false, "push": false, "triage": false, "pull": true}, "network_count": 558, "subscribers_count": 129, "_id": 11573}, {"owner": {"type": "Organization", "site_admin": false}, "fork": false, "created_at": "2008-04-21T17:38:14Z", "updated_at": "2019-08-13T13:23:24Z", "pushed_at": "2008-09-01T17:00:50Z", "size": 108, "stargazers_count": 4, "watchers_count": 4, "language": "Ruby", "has_issues": true, "has_projects": true, "has_downloads": true, "has_wiki": true, "has_pages": false, "has_discussions": false, "forks_count": 1, "mirror_url": null, "archived": false, "disabled": false, "open_issues_count": 0, "license": {"key": "mit", "name": "MIT License", "spdx_id": "MIT", "url": "https://api.github.com/licenses/mit", "node_id": "MDc6TGljZW5zZTEz"}, "allow_forking": true, "is_template": false, "web_commit_signoff_required": false, "topics": [], "default_branch": "master", "permissions": {"admin": false, "maintain": false, "push": false, "triage": false, "pull": true}, "network_count": 1, "subscribers_count": 7, "_id": 11586}, {"owner": {"type": "User", "site_admin": false}, "fork": false, "created_at": "2008-04-21T17:59:40Z", "updated_at": "2021-11-28T08:03:17Z", "pushed_at": "2021-10-01T10:56:08Z", "size": 2499, "stargazers_count": 17, "watchers_count": 17, "language": "C++", "has_issues": true, "has_projects": true, "has_downloads": true, "has_wiki": true, "has_pages": false, "has_discussions": false, "forks_count": 6, "mirror_url": null, "archived": false, "disabled": false, "open_issues_count": 0, "license": {"key": "other", "name": "Other", "spdx_id": "NOASSERTION", "url": null, "node_id": "MDc6TGljZW5zZTA="}, "allow_forking": true, "is_template": false, "web_commit_signoff_required": false, "topics": [], "default_branch": "master", "permissions": {"admin": false, "maintain": false, "push": false, "triage": false, "pull": true}, "network_count": 6, "subscribers_count": 4, "_id": 11594}, {"owner": {"type": "Organization", "site_admin": false}, "fork": false, "created_at": "2008-04-21T18:13:39Z", "updated_at": "2022-10-11T05:17:40Z", "pushed_at": "2019-12-17T17:07:55Z", "size": 2825, "stargazers_count": 812, "watchers_count": 812, "language": "Ruby", "has_issues": true, "has_projects": false, "has_downloads": true, "has_wiki": true, "has_pages": true, "has_discussions": false, "forks_count": 541, "mirror_url": null, "archived": true, "disabled": false, "open_issues_count": 55, "license": {"key": "mit", "name": "MIT License", "spdx_id": "MIT", "url": "https://api.github.com/licenses/mit", "node_id": "MDc6TGljZW5zZTEz"}, "allow_forking": true, "is_template": false, "web_commit_signoff_required": false, "topics": ["shipping"], "default_branch": "master", "permissions": {"admin": false, "maintain": false, "push": false, "triage": false, "pull": true}, "network_count": 541, "subscribers_count": 159, "_id": 11598}, {"owner": {"type": "Organization", "site_admin": false}, "fork": true, "created_at": "2008-04-21T18:15:01Z", "updated_at": "2019-08-13T13:23:24Z", "pushed_at": "2019-06-21T19:16:48Z", "size": 22, "stargazers_count": 16, "watchers_count": 16, "language": "Ruby", "has_issues": true, "has_projects": true, "has_downloads": true, "has_wiki": true, "has_pages": false, "has_discussions": false, "forks_count": 2, "mirror_url": null, "archived": false, "disabled": false, "open_issues_count": 0, "license": {"key": "mit", "name": "MIT License", "spdx_id": "MIT", "url": "https://api.github.com/licenses/mit", "node_id": "MDc6TGljZW5zZTEz"}, "allow_forking": true, "is_template": false, "web_commit_signoff_required": false, "topics": [], "default_branch": "master", "permissions": {"admin": false, "maintain": false, "push": false, "triage": false, "pull": true}, "network_count": 1256, "subscribers_count": 180, "_id": 11599}, {"owner": {"type": "User", "site_admin": false}, "fork": false, "created_at": "2008-04-21T18:24:30Z", "updated_at": "2019-08-13T13:23:25Z", "pushed_at": "2009-03-24T22:30:33Z", "size": 194, "stargazers_count": 4, "watchers_count": 4, "language": "ActionScript", "has_issues": true, "has_projects": true, "has_downloads": true, "has_wiki": true, "has_pages": false, "has_discussions": false, "forks_count": 0, "mirror_url": null, "archived": false, "disabled": false, "open_issues_count": 0, "license": null, "allow_forking": true, "is_template": false, "web_commit_signoff_required": false, "topics": [], "default_branch": "master", "permissions": {"admin": false, "maintain": false, "push": false, "triage": false, "pull": true}, "network_count": 0, "subscribers_count": 2, "_id": 11604}, {"owner": {"type": "Organization", "site_admin": false}, "fork": true, "created_at": "2008-04-21T18:25:42Z", "updated_at": "2022-08-29T09:03:41Z", "pushed_at": "2022-07-22T13:25:00Z", "size": 203, "stargazers_count": 100, "watchers_count": 100, "language": "Ruby", "has_issues": true, "has_projects": true, "has_downloads": true, "has_wiki": true, "has_pages": false, "has_discussions": false, "forks_count": 15, "mirror_url": null, "archived": false, "disabled": false, "open_issues_count": 2, "license": {"key": "mit", "name": "MIT License", "spdx_id": "MIT", "url": "https://api.github.com/licenses/mit", "node_id": "MDc6TGljZW5zZTEz"}, "allow_forking": true, "is_template": false, "web_commit_signoff_required": false, "topics": [], "default_branch": "main", "permissions": {"admin": false, "maintain": false, "push": false, "triage": false, "pull": true}, "network_count": 22, "subscribers_count": 173, "_id": 11605}, {"owner": {"type": "User", "site_admin": false}, "fork": true, "created_at": "2008-04-21T18:55:06Z", "updated_at": "2019-08-13T13:23:25Z", "pushed_at": "2011-06-10T18:42:50Z", "size": 684, "stargazers_count": 6, "watchers_count": 6, "language": "Ruby", "has_issues": true, "has_projects": true, "has_downloads": true, "has_wiki": true, "has_pages": false, "has_discussions": false, "forks_count": 0, "mirror_url": null, "archived": true, "disabled": false, "open_issues_count": 0, "license": {"key": "mit", "name": "MIT License", "spdx_id": "MIT", "url": "https://api.github.com/licenses/mit", "node_id": "MDc6TGljZW5zZTEz"}, "allow_forking": true, "is_template": false, "web_commit_signoff_required": false, "topics": [], "default_branch": "master", "permissions": {"admin": false, "maintain": false, "push": false, "triage": false, "pull": true}, "network_count": 541, "subscribers_count": 2, "_id": 11611}, {"owner": {"type": "User", "site_admin": false}, "fork": false, "created_at": "2008-04-21T19:09:26Z", "updated_at": "2019-08-13T13:23:25Z", "pushed_at": "2008-05-07T02:18:52Z", "size": 80, "stargazers_count": 5, "watchers_count": 5, "language": "Ruby", "has_issues": true, "has_projects": true, "has_downloads": true, "has_wiki": true, "has_pages": false, "has_discussions": false, "forks_count": 2, "mirror_url": null, "archived": false, "disabled": false, "open_issues_count": 0, "license": null, "allow_forking": true, "is_template": false, "web_commit_signoff_required": false, "topics": [], "default_branch": "master", "permissions": {"admin": false, "maintain": false, "push": false, "triage": false, "pull": true}, "network_count": 2, "subscribers_count": 2, "_id": 11614}, {"owner": {"type": "User", "site_admin": false}, "fork": false, "created_at": "2008-04-21T20:50:37Z", "updated_at": "2022-09-28T15:27:04Z", "pushed_at": "2020-10-22T07:44:56Z", "size": 1438, "stargazers_count": 437, "watchers_count": 437, "language": "Ragel", "has_issues": true, "has_projects": true, "has_downloads": true, "has_wiki": true, "has_pages": false, "has_discussions": false, "forks_count": 103, "mirror_url": null, "archived": false, "disabled": false, "open_issues_count": 31, "license": {"key": "other", "name": "Other", "spdx_id": "NOASSERTION", "url": null, "node_id": "MDc6TGljZW5zZTA="}, "allow_forking": true, "is_template": false, "web_commit_signoff_required": false, "topics": [], "default_branch": "master", "permissions": {"admin": false, "maintain": false, "push": false, "triage": false, "pull": true}, "network_count": 103, "subscribers_count": 10, "_id": 11635}, {"owner": {"type": "User", "site_admin": false}, "fork": false, "created_at": "2008-04-21T20:56:30Z", "updated_at": "2019-08-13T13:23:25Z", "pushed_at": "2008-11-04T18:26:17Z", "size": 484, "stargazers_count": 2, "watchers_count": 2, "language": "Ruby", "has_issues": true, "has_projects": true, "has_downloads": true, "has_wiki": true, "has_pages": false, "has_discussions": false, "forks_count": 0, "mirror_url": null, "archived": false, "disabled": false, "open_issues_count": 0, "license": null, "allow_forking": true, "is_template": false, "web_commit_signoff_required": false, "topics": [], "default_branch": "master", "permissions": {"admin": false, "maintain": false, "push": false, "triage": false, "pull": true}, "network_count": 0, "subscribers_count": 3, "_id": 11637}, {"owner": {"type": "User", "site_admin": false}, "fork": false, "created_at": "2008-04-21T21:43:08Z", "updated_at": "2020-09-06T01:46:28Z", "pushed_at": "2020-06-14T10:18:53Z", "size": 4, "stargazers_count": 5, "watchers_count": 5, "language": "Ruby", "has_issues": true, "has_projects": true, "has_downloads": true, "has_wiki": true, "has_pages": false, "has_discussions": false, "forks_count": 0, "mirror_url": null, "archived": false, "disabled": false, "open_issues_count": 0, "license": null, "allow_forking": true, "is_template": false, "web_commit_signoff_required": false, "topics": [], "default_branch": "main", "permissions": {"admin": false, "maintain": false, "push": false, "triage": false, "pull": true}, "network_count": 0, "subscribers_count": 4, "_id": 11639}, {"owner": {"type": "User", "site_admin": false}, "fork": false, "created_at": "2008-04-21T22:28:24Z", "updated_at": "2019-09-09T06:34:19Z", "pushed_at": "2009-03-06T11:11:20Z", "size": 127, "stargazers_count": 10, "watchers_count": 10, "language": "Ruby", "has_issues": true, "has_projects": true, "has_downloads": true, "has_wiki": true, "has_pages": false, "has_discussions": false, "forks_count": 2, "mirror_url": null, "archived": false, "disabled": false, "open_issues_count": 0, "license": {"key": "mit", "name": "MIT License", "spdx_id": "MIT", "url": "https://api.github.com/licenses/mit", "node_id": "MDc6TGljZW5zZTEz"}, "allow_forking": true, "is_template": false, "web_commit_signoff_required": false, "topics": [], "default_branch": "master", "permissions": {"admin": false, "maintain": false, "push": false, "triage": false, "pull": true}, "network_count": 2, "subscribers_count": 6, "_id": 11643}, {"owner": {"type": "User", "site_admin": false}, "fork": false, "created_at": "2008-04-21T22:57:11Z", "updated_at": "2020-03-03T09:04:40Z", "pushed_at": "2020-10-13T09:16:10Z", "size": 24, "stargazers_count": 12, "watchers_count": 12, "language": "Java", "has_issues": true, "has_projects": true, "has_downloads": true, "has_wiki": true, "has_pages": false, "has_discussions": false, "forks_count": 1, "mirror_url": null, "archived": false, "disabled": false, "open_issues_count": 1, "license": {"key": "gpl-2.0", "name": "GNU General Public License v2.0", "spdx_id": "GPL-2.0", "url": "https://api.github.com/licenses/gpl-2.0", "node_id": "MDc6TGljZW5zZTg="}, "allow_forking": true, "is_template": false, "web_commit_signoff_required": false, "topics": [], "default_branch": "master", "permissions": {"admin": false, "maintain": false, "push": false, "triage": false, "pull": true}, "network_count": 1, "subscribers_count": 3, "_id": 11647}, {"owner": {"type": "User", "site_admin": false}, "fork": false, "created_at": "2008-04-21T22:57:26Z", "updated_at": "2019-08-13T13:23:25Z", "pushed_at": "2013-07-31T01:01:11Z", "size": 708, "stargazers_count": 25, "watchers_count": 25, "language": "JavaScript", "has_issues": true, "has_projects": true, "has_downloads": true, "has_wiki": false, "has_pages": false, "has_discussions": false, "forks_count": 5, "mirror_url": null, "archived": false, "disabled": false, "open_issues_count": 0, "license": {"key": "mit", "name": "MIT License", "spdx_id": "MIT", "url": "https://api.github.com/licenses/mit", "node_id": "MDc6TGljZW5zZTEz"}, "allow_forking": true, "is_template": false, "web_commit_signoff_required": false, "topics": [], "default_branch": "master", "permissions": {"admin": false, "maintain": false, "push": false, "triage": false, "pull": true}, "network_count": 5, "subscribers_count": 3, "_id": 11648}, {"owner": {"type": "User", "site_admin": false}, "fork": false, "created_at": "2008-04-21T23:07:13Z", "updated_at": "2021-12-14T18:16:11Z", "pushed_at": "2008-04-21T23:23:07Z", "size": 1028, "stargazers_count": 5, "watchers_count": 5, "language": "Nu", "has_issues": true, "has_projects": true, "has_downloads": true, "has_wiki": true, "has_pages": false, "has_discussions": false, "forks_count": 1, "mirror_url": null, "archived": false, "disabled": false, "open_issues_count": 0, "license": null, "allow_forking": true, "is_template": false, "web_commit_signoff_required": false, "topics": [], "default_branch": "master", "permissions": {"admin": false, "maintain": false, "push": false, "triage": false, "pull": true}, "network_count": 1, "subscribers_count": 2, "_id": 11650}, {"owner": {"type": "User", "site_admin": false}, "fork": false, "created_at": "2008-04-21T23:37:14Z", "updated_at": "2019-08-13T13:23:25Z", "pushed_at": "2008-04-21T23:38:31Z", "size": 96, "stargazers_count": 3, "watchers_count": 3, "language": "Ruby", "has_issues": true, "has_projects": true, "has_downloads": true, "has_wiki": true, "has_pages": false, "has_discussions": false, "forks_count": 0, "mirror_url": null, "archived": false, "disabled": false, "open_issues_count": 0, "license": {"key": "mit", "name": "MIT License", "spdx_id": "MIT", "url": "https://api.github.com/licenses/mit", "node_id": "MDc6TGljZW5zZTEz"}, "allow_forking": true, "is_template": false, "web_commit_signoff_required": false, "topics": [], "default_branch": "master", "permissions": {"admin": false, "maintain": false, "push": false, "triage": false, "pull": true}, "network_count": 0, "subscribers_count": 2, "_id": 11657}, {"owner": {"type": "User", "site_admin": false}, "fork": false, "created_at": "2008-04-21T23:50:38Z", "updated_at": "2019-08-13T13:23:25Z", "pushed_at": "2008-11-12T18:39:21Z", "size": 10804, "stargazers_count": 3, "watchers_count": 3, "language": "Ruby", "has_issues": true, "has_projects": true, "has_downloads": true, "has_wiki": true, "has_pages": false, "has_discussions": false, "forks_count": 4, "mirror_url": null, "archived": false, "disabled": false, "open_issues_count": 0, "license": null, "allow_forking": true, "is_template": false, "web_commit_signoff_required": false, "topics": [], "default_branch": "master", "permissions": {"admin": false, "maintain": false, "push": false, "triage": false, "pull": true}, "network_count": 4, "subscribers_count": 2, "_id": 11660}]