[{"owner": {"type": "User", "site_admin": false}, "fork": false, "created_at": "2008-02-19T21:32:06Z", "updated_at": "2019-08-13T13:21:26Z", "pushed_at": "2008-03-26T19:17:02Z", "size": 175, "stargazers_count": 13, "watchers_count": 13, "language": "Ruby", "has_issues": true, "has_projects": true, "has_downloads": true, "has_wiki": true, "has_pages": false, "has_discussions": false, "forks_count": 5, "mirror_url": null, "archived": false, "disabled": false, "open_issues_count": 0, "license": {"key": "other", "name": "Other", "spdx_id": "NOASSERTION", "url": null, "node_id": "MDc6TGljZW5zZTA="}, "allow_forking": true, "is_template": false, "web_commit_signoff_required": false, "topics": [], "default_branch": "master", "permissions": {"admin": false, "maintain": false, "push": false, "triage": false, "pull": true}, "network_count": 5, "subscribers_count": 2, "_id": 800}, {"owner": {"type": "Organization", "site_admin": false}, "fork": false, "created_at": "2008-02-19T23:02:59Z", "updated_at": "2021-09-10T11:15:58Z", "pushed_at": "2011-09-12T01:28:56Z", "size": 4245, "stargazers_count": 40, "watchers_count": 40, "language": "Ruby", "has_issues": true, "has_projects": true, "has_downloads": true, "has_wiki": true, "has_pages": false, "has_discussions": false, "forks_count": 10, "mirror_url": null, "archived": false, "disabled": false, "open_issues_count": 0, "license": null, "allow_forking": true, "is_template": false, "web_commit_signoff_required": false, "topics": [], "default_branch": "master", "permissions": {"admin": false, "maintain": false, "push": false, "triage": false, "pull": true}, "network_count": 10, "subscribers_count": 5, "_id": 807}]