[{"owner": {"type": "User", "site_admin": false}, "fork": false, "created_at": "2008-02-15T03:35:50Z", "updated_at": "2021-07-13T19:20:59Z", "pushed_at": "2008-03-26T19:14:54Z", "size": 83, "stargazers_count": 15, "watchers_count": 15, "language": "Io", "has_issues": true, "has_projects": true, "has_downloads": true, "has_wiki": true, "has_pages": false, "has_discussions": false, "forks_count": 5, "mirror_url": null, "archived": false, "disabled": false, "open_issues_count": 0, "license": null, "allow_forking": true, "is_template": false, "web_commit_signoff_required": false, "topics": [], "default_branch": "master", "permissions": {"admin": false, "maintain": false, "push": false, "triage": false, "pull": true}, "network_count": 5, "subscribers_count": 4, "_id": 556}, {"owner": {"type": "User", "site_admin": false}, "fork": false, "created_at": "2008-02-15T09:40:00Z", "updated_at": "2021-07-13T19:20:59Z", "pushed_at": "2009-01-22T14:44:48Z", "size": 84, "stargazers_count": 4, "watchers_count": 4, "language": "Ruby", "has_issues": true, "has_projects": true, "has_downloads": true, "has_wiki": true, "has_pages": false, "has_discussions": false, "forks_count": 2, "mirror_url": null, "archived": false, "disabled": false, "open_issues_count": 0, "license": {"key": "bsd-3-clause", "name": "BSD 3-Clause \"New\" or \"Revised\" License", "spdx_id": "BSD-3-Clause", "url": "https://api.github.com/licenses/bsd-3-clause", "node_id": "MDc6TGljZW5zZTU="}, "allow_forking": true, "is_template": false, "web_commit_signoff_required": false, "topics": [], "default_branch": "master", "permissions": {"admin": false, "maintain": false, "push": false, "triage": false, "pull": true}, "network_count": 2, "subscribers_count": 3, "_id": 559}, {"owner": {"type": "User", "site_admin": false}, "fork": false, "created_at": "2008-02-15T20:36:58Z", "updated_at": "2021-07-13T19:21:00Z", "pushed_at": "2020-10-01T19:02:08Z", "size": 88, "stargazers_count": 5, "watchers_count": 5, "language": "C", "has_issues": true, "has_projects": true, "has_downloads": true, "has_wiki": true, "has_pages": false, "has_discussions": false, "forks_count": 5, "mirror_url": null, "archived": false, "disabled": false, "open_issues_count": 1, "license": null, "allow_forking": true, "is_template": false, "web_commit_signoff_required": false, "topics": [], "default_branch": "master", "permissions": {"admin": false, "maintain": false, "push": false, "triage": false, "pull": true}, "network_count": 5, "subscribers_count": 3, "_id": 586}, {"owner": {"type": "User", "site_admin": false}, "fork": false, "created_at": "2008-02-15T20:55:07Z", "updated_at": "2021-07-13T19:20:59Z", "pushed_at": "2008-03-26T19:15:11Z", "size": 1698, "stargazers_count": 8, "watchers_count": 8, "language": "JavaScript", "has_issues": true, "has_projects": true, "has_downloads": true, "has_wiki": true, "has_pages": false, "has_discussions": false, "forks_count": 15, "mirror_url": null, "archived": false, "disabled": false, "open_issues_count": 2, "license": null, "allow_forking": true, "is_template": false, "web_commit_signoff_required": false, "topics": [], "default_branch": "master", "permissions": {"admin": false, "maintain": false, "push": false, "triage": false, "pull": true}, "network_count": 15, "subscribers_count": 6, "_id": 590}, {"owner": {"type": "User", "site_admin": false}, "fork": false, "created_at": "2008-02-15T21:07:30Z", "updated_at": "2022-08-14T12:12:03Z", "pushed_at": "2008-03-26T19:15:12Z", "size": 109, "stargazers_count": 8, "watchers_count": 8, "language": "Ruby", "has_issues": true, "has_projects": true, "has_downloads": true, "has_wiki": true, "has_pages": false, "has_discussions": false, "forks_count": 11, "mirror_url": null, "archived": false, "disabled": false, "open_issues_count": 2, "license": null, "allow_forking": true, "is_template": false, "web_commit_signoff_required": false, "topics": [], "default_branch": "master", "permissions": {"admin": false, "maintain": false, "push": false, "triage": false, "pull": true}, "network_count": 11, "subscribers_count": 2, "_id": 592}, {"owner": {"type": "User", "site_admin": false}, "fork": false, "created_at": "2008-02-15T22:48:01Z", "updated_at": "2021-07-13T19:20:59Z", "pushed_at": "2011-08-04T16:13:04Z", "size": 284, "stargazers_count": 97, "watchers_count": 97, "language": "JavaScript", "has_issues": true, "has_projects": true, "has_downloads": true, "has_wiki": true, "has_pages": true, "has_discussions": false, "forks_count": 20, "mirror_url": null, "archived": false, "disabled": false, "open_issues_count": 5, "license": null, "allow_forking": true, "is_template": false, "web_commit_signoff_required": false, "topics": [], "default_branch": "master", "permissions": {"admin": false, "maintain": false, "push": false, "triage": false, "pull": true}, "network_count": 20, "subscribers_count": 4, "_id": 597}, {"owner": {"type": "User", "site_admin": false}, "fork": false, "created_at": "2008-02-15T23:06:02Z", "updated_at": "2021-07-13T19:21:00Z", "pushed_at": "2008-03-26T19:15:17Z", "size": 830, "stargazers_count": 7, "watchers_count": 7, "language": "JavaScript", "has_issues": true, "has_projects": true, "has_downloads": true, "has_wiki": true, "has_pages": false, "has_discussions": false, "forks_count": 4, "mirror_url": null, "archived": false, "disabled": false, "open_issues_count": 0, "license": null, "allow_forking": true, "is_template": false, "web_commit_signoff_required": false, "topics": [], "default_branch": "master", "permissions": {"admin": false, "maintain": false, "push": false, "triage": false, "pull": true}, "network_count": 4, "subscribers_count": 3, "_id": 600}]