[{"owner": {"type": "User", "site_admin": false}, "fork": false, "created_at": "2008-05-05T00:24:46Z", "updated_at": "2019-08-13T13:24:01Z", "pushed_at": "2008-05-05T00:25:50Z", "size": 83, "stargazers_count": 33, "watchers_count": 33, "language": "Ruby", "has_issues": true, "has_projects": true, "has_downloads": true, "has_wiki": true, "has_pages": false, "has_discussions": false, "forks_count": 7, "mirror_url": null, "archived": false, "disabled": false, "open_issues_count": 1, "license": {"key": "mit", "name": "MIT License", "spdx_id": "MIT", "url": "https://api.github.com/licenses/mit", "node_id": "MDc6TGljZW5zZTEz"}, "allow_forking": true, "is_template": false, "web_commit_signoff_required": false, "topics": [], "default_branch": "master", "permissions": {"admin": false, "maintain": false, "push": false, "triage": false, "pull": true}, "network_count": 7, "subscribers_count": 3, "_id": 14525}, {"owner": {"type": "User", "site_admin": false}, "fork": false, "created_at": "2008-05-05T01:14:28Z", "updated_at": "2020-11-28T00:56:12Z", "pushed_at": "2008-10-16T08:36:53Z", "size": 87, "stargazers_count": 30, "watchers_count": 30, "language": "Ruby", "has_issues": true, "has_projects": true, "has_downloads": true, "has_wiki": true, "has_pages": false, "has_discussions": false, "forks_count": 2, "mirror_url": null, "archived": false, "disabled": false, "open_issues_count": 0, "license": {"key": "mit", "name": "MIT License", "spdx_id": "MIT", "url": "https://api.github.com/licenses/mit", "node_id": "MDc6TGljZW5zZTEz"}, "allow_forking": true, "is_template": false, "web_commit_signoff_required": false, "topics": [], "default_branch": "master", "permissions": {"admin": false, "maintain": false, "push": false, "triage": false, "pull": true}, "network_count": 2, "subscribers_count": 12, "_id": 14538}, {"owner": {"type": "User", "site_admin": false}, "fork": false, "created_at": "2008-05-05T01:37:54Z", "updated_at": "2019-08-13T13:24:01Z", "pushed_at": "2008-05-22T00:50:50Z", "size": 100, "stargazers_count": 3, "watchers_count": 3, "language": "C", "has_issues": true, "has_projects": true, "has_downloads": true, "has_wiki": true, "has_pages": false, "has_discussions": false, "forks_count": 1, "mirror_url": null, "archived": false, "disabled": false, "open_issues_count": 0, "license": null, "allow_forking": true, "is_template": false, "web_commit_signoff_required": false, "topics": [], "default_branch": "master", "permissions": {"admin": false, "maintain": false, "push": false, "triage": false, "pull": true}, "network_count": 1, "subscribers_count": 4, "_id": 14541}, {"owner": {"type": "User", "site_admin": false}, "fork": false, "created_at": "2008-05-05T02:00:12Z", "updated_at": "2019-08-13T13:24:01Z", "pushed_at": "2009-04-30T02:23:35Z", "size": 3044, "stargazers_count": 3, "watchers_count": 3, "language": "Ruby", "has_issues": true, "has_projects": true, "has_downloads": true, "has_wiki": true, "has_pages": false, "has_discussions": false, "forks_count": 1, "mirror_url": null, "archived": false, "disabled": false, "open_issues_count": 0, "license": null, "allow_forking": true, "is_template": false, "web_commit_signoff_required": false, "topics": [], "default_branch": "master", "permissions": {"admin": false, "maintain": false, "push": false, "triage": false, "pull": true}, "network_count": 1, "subscribers_count": 1, "_id": 14543}, {"owner": {"type": "User", "site_admin": false}, "fork": false, "created_at": "2008-05-05T02:14:44Z", "updated_at": "2022-11-18T21:16:03Z", "pushed_at": "2008-06-21T03:33:44Z", "size": 1188, "stargazers_count": 2, "watchers_count": 2, "language": "Ruby", "has_issues": true, "has_projects": true, "has_downloads": true, "has_wiki": true, "has_pages": false, "has_discussions": false, "forks_count": 0, "mirror_url": null, "archived": true, "disabled": false, "open_issues_count": 0, "license": {"key": "mit", "name": "MIT License", "spdx_id": "MIT", "url": "https://api.github.com/licenses/mit", "node_id": "MDc6TGljZW5zZTEz"}, "allow_forking": true, "is_template": false, "web_commit_signoff_required": false, "topics": [], "default_branch": "master", "permissions": {"admin": false, "maintain": false, "push": false, "triage": false, "pull": true}, "network_count": 0, "subscribers_count": 3, "_id": 14545}, {"owner": {"type": "User", "site_admin": false}, "fork": false, "created_at": "2008-05-05T02:32:44Z", "updated_at": "2019-08-13T13:24:01Z", "pushed_at": null, "size": 48, "stargazers_count": 5, "watchers_count": 5, "language": null, "has_issues": true, "has_projects": true, "has_downloads": true, "has_wiki": true, "has_pages": false, "has_discussions": false, "forks_count": 0, "mirror_url": null, "archived": false, "disabled": false, "open_issues_count": 0, "license": null, "allow_forking": true, "is_template": false, "web_commit_signoff_required": false, "topics": [], "default_branch": "master", "permissions": {"admin": false, "maintain": false, "push": false, "triage": false, "pull": true}, "network_count": 0, "subscribers_count": 2, "_id": 14548}, {"owner": {"type": "User", "site_admin": false}, "fork": false, "created_at": "2008-05-05T02:47:37Z", "updated_at": "2019-08-13T13:24:02Z", "pushed_at": "2009-11-22T23:28:42Z", "size": 2556, "stargazers_count": 2, "watchers_count": 2, "language": null, "has_issues": true, "has_projects": true, "has_downloads": true, "has_wiki": true, "has_pages": false, "has_discussions": false, "forks_count": 0, "mirror_url": null, "archived": false, "disabled": false, "open_issues_count": 0, "license": null, "allow_forking": true, "is_template": false, "web_commit_signoff_required": false, "topics": [], "default_branch": "master", "permissions": {"admin": false, "maintain": false, "push": false, "triage": false, "pull": true}, "network_count": 0, "subscribers_count": 2, "_id": 14551}, {"owner": {"type": "User", "site_admin": false}, "fork": false, "created_at": "2008-05-05T04:32:17Z", "updated_at": "2019-08-13T13:24:02Z", "pushed_at": "2008-11-26T02:12:10Z", "size": 120, "stargazers_count": 3, "watchers_count": 3, "language": "Ruby", "has_issues": true, "has_projects": true, "has_downloads": true, "has_wiki": true, "has_pages": false, "has_discussions": false, "forks_count": 0, "mirror_url": null, "archived": false, "disabled": false, "open_issues_count": 0, "license": null, "allow_forking": true, "is_template": false, "web_commit_signoff_required": false, "topics": [], "default_branch": "master", "permissions": {"admin": false, "maintain": false, "push": false, "triage": false, "pull": true}, "network_count": 0, "subscribers_count": 2, "_id": 14565}, {"owner": {"type": "User", "site_admin": false}, "fork": false, "created_at": "2008-05-05T04:57:14Z", "updated_at": "2019-08-13T13:24:02Z", "pushed_at": "2008-05-11T07:41:02Z", "size": 80, "stargazers_count": 4, "watchers_count": 4, "language": "Ruby", "has_issues": true, "has_projects": true, "has_downloads": true, "has_wiki": true, "has_pages": false, "has_discussions": false, "forks_count": 0, "mirror_url": null, "archived": false, "disabled": false, "open_issues_count": 0, "license": {"key": "mit", "name": "MIT License", "spdx_id": "MIT", "url": "https://api.github.com/licenses/mit", "node_id": "MDc6TGljZW5zZTEz"}, "allow_forking": true, "is_template": false, "web_commit_signoff_required": false, "topics": [], "default_branch": "master", "permissions": {"admin": false, "maintain": false, "push": false, "triage": false, "pull": true}, "network_count": 0, "subscribers_count": 2, "_id": 14570}, {"owner": {"type": "User", "site_admin": false}, "fork": true, "created_at": "2008-05-05T05:14:15Z", "updated_at": "2019-08-13T13:24:02Z", "pushed_at": "2008-10-11T02:09:41Z", "size": 1285, "stargazers_count": 7, "watchers_count": 7, "language": "Ruby", "has_issues": true, "has_projects": true, "has_downloads": true, "has_wiki": true, "has_pages": false, "has_discussions": false, "forks_count": 0, "mirror_url": null, "archived": false, "disabled": false, "open_issues_count": 0, "license": {"key": "mit", "name": "MIT License", "spdx_id": "MIT", "url": "https://api.github.com/licenses/mit", "node_id": "MDc6TGljZW5zZTEz"}, "allow_forking": true, "is_template": false, "web_commit_signoff_required": false, "topics": [], "default_branch": "master", "permissions": {"admin": false, "maintain": false, "push": false, "triage": false, "pull": true}, "network_count": 29, "subscribers_count": 2, "_id": 14573}, {"owner": {"type": "User", "site_admin": false}, "fork": true, "created_at": "2008-05-05T05:28:23Z", "updated_at": "2021-06-17T20:33:00Z", "pushed_at": "2008-05-05T05:37:09Z", "size": 108, "stargazers_count": 21, "watchers_count": 21, "language": "Ruby", "has_issues": true, "has_projects": true, "has_downloads": true, "has_wiki": true, "has_pages": false, "has_discussions": false, "forks_count": 3, "mirror_url": null, "archived": false, "disabled": false, "open_issues_count": 0, "license": null, "allow_forking": true, "is_template": false, "web_commit_signoff_required": false, "topics": [], "default_branch": "master", "permissions": {"admin": false, "maintain": false, "push": false, "triage": false, "pull": true}, "network_count": 92, "subscribers_count": 3, "_id": 14574}, {"owner": {"type": "User", "site_admin": false}, "fork": false, "created_at": "2008-05-05T05:52:09Z", "updated_at": "2019-08-13T13:24:02Z", "pushed_at": "2010-06-27T11:58:35Z", "size": 7144, "stargazers_count": 2, "watchers_count": 2, "language": "Java", "has_issues": true, "has_projects": true, "has_downloads": true, "has_wiki": true, "has_pages": false, "has_discussions": false, "forks_count": 1, "mirror_url": null, "archived": false, "disabled": false, "open_issues_count": 0, "license": null, "allow_forking": true, "is_template": false, "web_commit_signoff_required": false, "topics": [], "default_branch": "master", "permissions": {"admin": false, "maintain": false, "push": false, "triage": false, "pull": true}, "network_count": 1, "subscribers_count": 3, "_id": 14575}, {"owner": {"type": "User", "site_admin": false}, "fork": true, "created_at": "2008-05-05T06:53:35Z", "updated_at": "2019-08-13T13:24:02Z", "pushed_at": "2008-05-05T06:59:35Z", "size": 109, "stargazers_count": 2, "watchers_count": 2, "language": "Ruby", "has_issues": true, "has_projects": true, "has_downloads": true, "has_wiki": true, "has_pages": false, "has_discussions": false, "forks_count": 1, "mirror_url": null, "archived": false, "disabled": false, "open_issues_count": 0, "license": null, "allow_forking": true, "is_template": false, "web_commit_signoff_required": false, "topics": [], "default_branch": "master", "permissions": {"admin": false, "maintain": false, "push": false, "triage": false, "pull": true}, "network_count": 3, "subscribers_count": 2, "_id": 14591}, {"owner": {"type": "User", "site_admin": false}, "fork": true, "created_at": "2008-05-05T07:05:30Z", "updated_at": "2019-08-13T13:24:02Z", "pushed_at": "2008-05-05T07:05:34Z", "size": 573, "stargazers_count": 2, "watchers_count": 2, "language": "Ruby", "has_issues": true, "has_projects": true, "has_downloads": true, "has_wiki": true, "has_pages": false, "has_discussions": false, "forks_count": 0, "mirror_url": null, "archived": false, "disabled": false, "open_issues_count": 0, "license": {"key": "other", "name": "Other", "spdx_id": "NOASSERTION", "url": null, "node_id": "MDc6TGljZW5zZTA="}, "allow_forking": true, "is_template": false, "web_commit_signoff_required": false, "topics": [], "default_branch": "master", "permissions": {"admin": false, "maintain": false, "push": false, "triage": false, "pull": true}, "network_count": 115, "subscribers_count": 2, "_id": 14594}, {"owner": {"type": "User", "site_admin": false}, "fork": false, "created_at": "2008-05-05T07:07:41Z", "updated_at": "2019-08-13T13:24:02Z", "pushed_at": "2009-04-27T19:40:42Z", "size": 6700, "stargazers_count": 2, "watchers_count": 2, "language": "Emacs Lisp", "has_issues": true, "has_projects": true, "has_downloads": true, "has_wiki": true, "has_pages": false, "has_discussions": false, "forks_count": 0, "mirror_url": null, "archived": false, "disabled": false, "open_issues_count": 0, "license": null, "allow_forking": true, "is_template": false, "web_commit_signoff_required": false, "topics": [], "default_branch": "master", "permissions": {"admin": false, "maintain": false, "push": false, "triage": false, "pull": true}, "network_count": 0, "subscribers_count": 3, "_id": 14595}, {"owner": {"type": "User", "site_admin": false}, "fork": false, "created_at": "2008-05-05T07:29:26Z", "updated_at": "2019-08-13T13:24:02Z", "pushed_at": "2008-05-06T07:07:22Z", "size": 76, "stargazers_count": 2, "watchers_count": 2, "language": null, "has_issues": true, "has_projects": true, "has_downloads": true, "has_wiki": true, "has_pages": false, "has_discussions": false, "forks_count": 0, "mirror_url": null, "archived": false, "disabled": false, "open_issues_count": 0, "license": null, "allow_forking": true, "is_template": false, "web_commit_signoff_required": false, "topics": [], "default_branch": "master", "permissions": {"admin": false, "maintain": false, "push": false, "triage": false, "pull": true}, "network_count": 0, "subscribers_count": 3, "_id": 14598}, {"owner": {"type": "User", "site_admin": false}, "fork": false, "created_at": "2008-05-05T07:37:10Z", "updated_at": "2022-06-21T00:23:44Z", "pushed_at": "2008-07-19T08:59:53Z", "size": 76, "stargazers_count": 42, "watchers_count": 42, "language": null, "has_issues": true, "has_projects": true, "has_downloads": true, "has_wiki": true, "has_pages": false, "has_discussions": false, "forks_count": 26, "mirror_url": null, "archived": false, "disabled": false, "open_issues_count": 0, "license": null, "allow_forking": true, "is_template": false, "web_commit_signoff_required": false, "topics": [], "default_branch": "master", "permissions": {"admin": false, "maintain": false, "push": false, "triage": false, "pull": true}, "network_count": 26, "subscribers_count": 3, "_id": 14599}, {"owner": {"type": "User", "site_admin": false}, "fork": false, "created_at": "2008-05-05T07:59:27Z", "updated_at": "2019-08-13T13:24:02Z", "pushed_at": "2008-05-05T09:42:10Z", "size": 144, "stargazers_count": 3, "watchers_count": 3, "language": "Python", "has_issues": true, "has_projects": true, "has_downloads": true, "has_wiki": true, "has_pages": false, "has_discussions": false, "forks_count": 0, "mirror_url": null, "archived": false, "disabled": false, "open_issues_count": 0, "license": null, "allow_forking": true, "is_template": false, "web_commit_signoff_required": false, "topics": [], "default_branch": "master", "permissions": {"admin": false, "maintain": false, "push": false, "triage": false, "pull": true}, "network_count": 0, "subscribers_count": 3, "_id": 14601}, {"owner": {"type": "User", "site_admin": false}, "fork": false, "created_at": "2008-05-05T07:59:31Z", "updated_at": "2022-08-19T01:16:08Z", "pushed_at": "2016-04-15T21:47:25Z", "size": 125, "stargazers_count": 94, "watchers_count": 94, "language": "Ruby", "has_issues": true, "has_projects": true, "has_downloads": true, "has_wiki": true, "has_pages": false, "has_discussions": false, "forks_count": 18, "mirror_url": null, "archived": false, "disabled": false, "open_issues_count": 2, "license": {"key": "mit", "name": "MIT License", "spdx_id": "MIT", "url": "https://api.github.com/licenses/mit", "node_id": "MDc6TGljZW5zZTEz"}, "allow_forking": true, "is_template": false, "web_commit_signoff_required": false, "topics": [], "default_branch": "master", "permissions": {"admin": false, "maintain": false, "push": false, "triage": false, "pull": true}, "network_count": 18, "subscribers_count": 7, "_id": 14602}, {"owner": {"type": "User", "site_admin": false}, "fork": false, "created_at": "2008-05-05T08:01:37Z", "updated_at": "2022-11-16T23:42:12Z", "pushed_at": "2022-11-09T12:14:40Z", "size": 161, "stargazers_count": 81, "watchers_count": 81, "language": "Python", "has_issues": true, "has_projects": true, "has_downloads": true, "has_wiki": true, "has_pages": false, "has_discussions": false, "forks_count": 34, "mirror_url": null, "archived": false, "disabled": false, "open_issues_count": 14, "license": {"key": "other", "name": "Other", "spdx_id": "NOASSERTION", "url": null, "node_id": "MDc6TGljZW5zZTA="}, "allow_forking": true, "is_template": false, "web_commit_signoff_required": false, "topics": [], "default_branch": "master", "permissions": {"admin": false, "maintain": false, "push": false, "triage": false, "pull": true}, "network_count": 34, "subscribers_count": 9, "_id": 14603}, {"owner": {"type": "User", "site_admin": false}, "fork": false, "created_at": "2008-05-05T08:02:43Z", "updated_at": "2019-08-13T13:24:04Z", "pushed_at": "2011-07-06T09:44:31Z", "size": 104, "stargazers_count": 3, "watchers_count": 3, "language": "Ruby", "has_issues": true, "has_projects": true, "has_downloads": true, "has_wiki": true, "has_pages": false, "has_discussions": false, "forks_count": 0, "mirror_url": null, "archived": false, "disabled": false, "open_issues_count": 0, "license": {"key": "mit", "name": "MIT License", "spdx_id": "MIT", "url": "https://api.github.com/licenses/mit", "node_id": "MDc6TGljZW5zZTEz"}, "allow_forking": true, "is_template": false, "web_commit_signoff_required": false, "topics": [], "default_branch": "master", "permissions": {"admin": false, "maintain": false, "push": false, "triage": false, "pull": true}, "network_count": 0, "subscribers_count": 3, "_id": 14604}, {"owner": {"type": "User", "site_admin": false}, "fork": false, "created_at": "2008-05-05T08:03:33Z", "updated_at": "2019-08-13T13:24:04Z", "pushed_at": "2012-12-21T15:20:09Z", "size": 104, "stargazers_count": 3, "watchers_count": 3, "language": "Ruby", "has_issues": true, "has_projects": true, "has_downloads": true, "has_wiki": true, "has_pages": false, "has_discussions": false, "forks_count": 0, "mirror_url": null, "archived": false, "disabled": false, "open_issues_count": 0, "license": null, "allow_forking": true, "is_template": false, "web_commit_signoff_required": false, "topics": [], "default_branch": "master", "permissions": {"admin": false, "maintain": false, "push": false, "triage": false, "pull": true}, "network_count": 0, "subscribers_count": 3, "_id": 14605}, {"owner": {"type": "User", "site_admin": false}, "fork": false, "created_at": "2008-05-05T08:04:38Z", "updated_at": "2019-08-13T13:24:04Z", "pushed_at": "2009-09-29T13:38:33Z", "size": 76, "stargazers_count": 3, "watchers_count": 3, "language": null, "has_issues": true, "has_projects": true, "has_downloads": true, "has_wiki": true, "has_pages": false, "has_discussions": false, "forks_count": 0, "mirror_url": null, "archived": false, "disabled": false, "open_issues_count": 0, "license": null, "allow_forking": true, "is_template": false, "web_commit_signoff_required": false, "topics": [], "default_branch": "master", "permissions": {"admin": false, "maintain": false, "push": false, "triage": false, "pull": true}, "network_count": 0, "subscribers_count": 3, "_id": 14607}, {"owner": {"type": "User", "site_admin": false}, "fork": false, "created_at": "2008-05-05T08:05:53Z", "updated_at": "2019-08-13T13:24:04Z", "pushed_at": "2008-05-05T08:06:24Z", "size": 84, "stargazers_count": 2, "watchers_count": 2, "language": "Ruby", "has_issues": true, "has_projects": true, "has_downloads": true, "has_wiki": true, "has_pages": false, "has_discussions": false, "forks_count": 0, "mirror_url": null, "archived": false, "disabled": false, "open_issues_count": 0, "license": {"key": "mit", "name": "MIT License", "spdx_id": "MIT", "url": "https://api.github.com/licenses/mit", "node_id": "MDc6TGljZW5zZTEz"}, "allow_forking": true, "is_template": false, "web_commit_signoff_required": false, "topics": [], "default_branch": "master", "permissions": {"admin": false, "maintain": false, "push": false, "triage": false, "pull": true}, "network_count": 0, "subscribers_count": 3, "_id": 14608}, {"owner": {"type": "User", "site_admin": false}, "fork": false, "created_at": "2008-05-05T08:06:41Z", "updated_at": "2019-08-13T13:24:04Z", "pushed_at": "2012-12-21T15:23:02Z", "size": 116, "stargazers_count": 2, "watchers_count": 2, "language": "Ruby", "has_issues": true, "has_projects": true, "has_downloads": true, "has_wiki": true, "has_pages": false, "has_discussions": false, "forks_count": 0, "mirror_url": null, "archived": false, "disabled": false, "open_issues_count": 0, "license": null, "allow_forking": true, "is_template": false, "web_commit_signoff_required": false, "topics": [], "default_branch": "master", "permissions": {"admin": false, "maintain": false, "push": false, "triage": false, "pull": true}, "network_count": 0, "subscribers_count": 3, "_id": 14609}, {"owner": {"type": "User", "site_admin": false}, "fork": false, "created_at": "2008-05-05T08:07:16Z", "updated_at": "2020-12-23T19:48:14Z", "pushed_at": "2018-06-03T00:51:54Z", "size": 64, "stargazers_count": 44, "watchers_count": 44, "language": "Shell", "has_issues": true, "has_projects": true, "has_downloads": true, "has_wiki": true, "has_pages": false, "has_discussions": false, "forks_count": 5, "mirror_url": null, "archived": false, "disabled": false, "open_issues_count": 0, "license": null, "allow_forking": true, "is_template": false, "web_commit_signoff_required": false, "topics": [], "default_branch": "master", "permissions": {"admin": false, "maintain": false, "push": false, "triage": false, "pull": true}, "network_count": 5, "subscribers_count": 4, "_id": 14610}, {"owner": {"type": "User", "site_admin": false}, "fork": false, "created_at": "2008-05-05T08:09:04Z", "updated_at": "2019-08-13T13:24:04Z", "pushed_at": "2008-05-05T08:09:50Z", "size": 80, "stargazers_count": 2, "watchers_count": 2, "language": "Ruby", "has_issues": true, "has_projects": true, "has_downloads": true, "has_wiki": true, "has_pages": false, "has_discussions": false, "forks_count": 1, "mirror_url": null, "archived": false, "disabled": false, "open_issues_count": 0, "license": {"key": "mit", "name": "MIT License", "spdx_id": "MIT", "url": "https://api.github.com/licenses/mit", "node_id": "MDc6TGljZW5zZTEz"}, "allow_forking": true, "is_template": false, "web_commit_signoff_required": false, "topics": [], "default_branch": "master", "permissions": {"admin": false, "maintain": false, "push": false, "triage": false, "pull": true}, "network_count": 1, "subscribers_count": 3, "_id": 14612}, {"owner": {"type": "User", "site_admin": false}, "fork": true, "created_at": "2008-05-05T08:57:39Z", "updated_at": "2019-08-13T13:24:04Z", "pushed_at": "2008-05-05T08:57:41Z", "size": 224, "stargazers_count": 2, "watchers_count": 2, "language": "Python", "has_issues": true, "has_projects": true, "has_downloads": true, "has_wiki": true, "has_pages": false, "has_discussions": false, "forks_count": 0, "mirror_url": null, "archived": false, "disabled": false, "open_issues_count": 0, "license": null, "allow_forking": true, "is_template": false, "web_commit_signoff_required": false, "topics": [], "default_branch": "master", "permissions": {"admin": false, "maintain": false, "push": false, "triage": false, "pull": true}, "network_count": 13, "subscribers_count": 2, "_id": 14618}, {"owner": {"type": "User", "site_admin": false}, "fork": true, "created_at": "2008-05-05T10:04:09Z", "updated_at": "2019-08-13T13:24:04Z", "pushed_at": "2009-08-18T21:23:23Z", "size": 142, "stargazers_count": 2, "watchers_count": 2, "language": "Ruby", "has_issues": true, "has_projects": true, "has_downloads": true, "has_wiki": true, "has_pages": false, "has_discussions": false, "forks_count": 0, "mirror_url": null, "archived": false, "disabled": false, "open_issues_count": 0, "license": {"key": "mit", "name": "MIT License", "spdx_id": "MIT", "url": "https://api.github.com/licenses/mit", "node_id": "MDc6TGljZW5zZTEz"}, "allow_forking": true, "is_template": false, "web_commit_signoff_required": false, "topics": [], "default_branch": "master", "permissions": {"admin": false, "maintain": false, "push": false, "triage": false, "pull": true}, "network_count": 111, "subscribers_count": 3, "_id": 14627}, {"owner": {"type": "User", "site_admin": false}, "fork": false, "created_at": "2008-05-05T11:12:36Z", "updated_at": "2019-08-13T13:24:04Z", "pushed_at": "2008-10-23T14:46:13Z", "size": 112, "stargazers_count": 3, "watchers_count": 3, "language": "Ruby", "has_issues": true, "has_projects": true, "has_downloads": true, "has_wiki": true, "has_pages": false, "has_discussions": false, "forks_count": 1, "mirror_url": null, "archived": false, "disabled": false, "open_issues_count": 0, "license": null, "allow_forking": true, "is_template": false, "web_commit_signoff_required": false, "topics": [], "default_branch": "master", "permissions": {"admin": false, "maintain": false, "push": false, "triage": false, "pull": true}, "network_count": 1, "subscribers_count": 2, "_id": 14631}, {"owner": {"type": "User", "site_admin": false}, "fork": true, "created_at": "2008-05-05T11:22:49Z", "updated_at": "2020-12-07T04:13:53Z", "pushed_at": "2009-07-02T04:04:24Z", "size": 777, "stargazers_count": 105, "watchers_count": 105, "language": "Ruby", "has_issues": true, "has_projects": true, "has_downloads": true, "has_wiki": true, "has_pages": false, "has_discussions": false, "forks_count": 7, "mirror_url": null, "archived": false, "disabled": false, "open_issues_count": 4, "license": {"key": "mit", "name": "MIT License", "spdx_id": "MIT", "url": "https://api.github.com/licenses/mit", "node_id": "MDc6TGljZW5zZTEz"}, "allow_forking": true, "is_template": false, "web_commit_signoff_required": false, "topics": [], "default_branch": "master", "permissions": {"admin": false, "maintain": false, "push": false, "triage": false, "pull": true}, "network_count": 10, "subscribers_count": 3, "_id": 14633}, {"owner": {"type": "User", "site_admin": false}, "fork": false, "created_at": "2008-05-05T13:01:53Z", "updated_at": "2022-09-13T17:34:27Z", "pushed_at": "2022-10-04T10:35:27Z", "size": 2288, "stargazers_count": 337, "watchers_count": 337, "language": "Python", "has_issues": true, "has_projects": true, "has_downloads": true, "has_wiki": true, "has_pages": false, "has_discussions": false, "forks_count": 67, "mirror_url": null, "archived": false, "disabled": false, "open_issues_count": 13, "license": {"key": "unlicense", "name": "The Unlicense", "spdx_id": "Unlicense", "url": "https://api.github.com/licenses/unlicense", "node_id": "MDc6TGljZW5zZTE1"}, "allow_forking": true, "is_template": false, "web_commit_signoff_required": false, "topics": ["api-wrapper", "tvdb"], "default_branch": "master", "permissions": {"admin": false, "maintain": false, "push": false, "triage": false, "pull": true}, "network_count": 67, "subscribers_count": 19, "_id": 14645}, {"owner": {"type": "User", "site_admin": false}, "fork": false, "created_at": "2008-05-05T13:15:56Z", "updated_at": "2022-06-03T17:21:28Z", "pushed_at": "2022-03-02T17:12:35Z", "size": 4951, "stargazers_count": 103, "watchers_count": 103, "language": "Erlang", "has_issues": true, "has_projects": true, "has_downloads": true, "has_wiki": true, "has_pages": false, "has_discussions": false, "forks_count": 37, "mirror_url": null, "archived": false, "disabled": false, "open_issues_count": 1, "license": null, "allow_forking": true, "is_template": false, "web_commit_signoff_required": false, "topics": [], "default_branch": "master", "permissions": {"admin": false, "maintain": false, "push": false, "triage": false, "pull": true}, "network_count": 37, "subscribers_count": 9, "_id": 14649}, {"owner": {"type": "User", "site_admin": false}, "fork": false, "created_at": "2008-05-05T13:26:07Z", "updated_at": "2020-06-07T13:01:58Z", "pushed_at": "2015-10-19T05:19:37Z", "size": 1505, "stargazers_count": 1, "watchers_count": 1, "language": "PHP", "has_issues": true, "has_projects": true, "has_downloads": true, "has_wiki": true, "has_pages": false, "has_discussions": false, "forks_count": 1, "mirror_url": null, "archived": false, "disabled": false, "open_issues_count": 1, "license": null, "allow_forking": true, "is_template": false, "web_commit_signoff_required": false, "topics": [], "default_branch": "master", "permissions": {"admin": false, "maintain": false, "push": false, "triage": false, "pull": true}, "network_count": 1, "subscribers_count": 2, "_id": 14651}, {"owner": {"type": "User", "site_admin": false}, "fork": false, "created_at": "2008-05-05T13:52:12Z", "updated_at": "2019-08-13T13:24:04Z", "pushed_at": "2008-05-06T20:57:26Z", "size": 116, "stargazers_count": 2, "watchers_count": 2, "language": "Perl", "has_issues": true, "has_projects": true, "has_downloads": true, "has_wiki": true, "has_pages": false, "has_discussions": false, "forks_count": 0, "mirror_url": null, "archived": true, "disabled": false, "open_issues_count": 0, "license": null, "allow_forking": true, "is_template": false, "web_commit_signoff_required": false, "topics": [], "default_branch": "master", "permissions": {"admin": false, "maintain": false, "push": false, "triage": false, "pull": true}, "network_count": 0, "subscribers_count": 3, "_id": 14655}, {"owner": {"type": "User", "site_admin": false}, "fork": false, "created_at": "2008-05-05T13:52:35Z", "updated_at": "2019-08-13T13:24:04Z", "pushed_at": null, "size": 48, "stargazers_count": 2, "watchers_count": 2, "language": null, "has_issues": true, "has_projects": true, "has_downloads": true, "has_wiki": true, "has_pages": false, "has_discussions": false, "forks_count": 0, "mirror_url": null, "archived": false, "disabled": false, "open_issues_count": 0, "license": null, "allow_forking": true, "is_template": false, "web_commit_signoff_required": false, "topics": [], "default_branch": "master", "permissions": {"admin": false, "maintain": false, "push": false, "triage": false, "pull": true}, "network_count": 0, "subscribers_count": 2, "_id": 14656}, {"owner": {"type": "User", "site_admin": false}, "fork": false, "created_at": "2008-05-05T14:03:31Z", "updated_at": "2019-08-13T13:24:04Z", "pushed_at": "2008-06-12T14:13:02Z", "size": 76, "stargazers_count": 2, "watchers_count": 2, "language": "Perl", "has_issues": true, "has_projects": true, "has_downloads": true, "has_wiki": true, "has_pages": false, "has_discussions": false, "forks_count": 0, "mirror_url": null, "archived": false, "disabled": false, "open_issues_count": 0, "license": null, "allow_forking": true, "is_template": false, "web_commit_signoff_required": false, "topics": [], "default_branch": "master", "permissions": {"admin": false, "maintain": false, "push": false, "triage": false, "pull": true}, "network_count": 0, "subscribers_count": 3, "_id": 14662}, {"owner": {"type": "User", "site_admin": false}, "fork": false, "created_at": "2008-05-05T14:22:02Z", "updated_at": "2019-08-13T13:24:04Z", "pushed_at": null, "size": 48, "stargazers_count": 2, "watchers_count": 2, "language": null, "has_issues": true, "has_projects": true, "has_downloads": true, "has_wiki": true, "has_pages": false, "has_discussions": false, "forks_count": 0, "mirror_url": null, "archived": false, "disabled": false, "open_issues_count": 0, "license": null, "allow_forking": true, "is_template": false, "web_commit_signoff_required": false, "topics": [], "default_branch": "master", "permissions": {"admin": false, "maintain": false, "push": false, "triage": false, "pull": true}, "network_count": 0, "subscribers_count": 2, "_id": 14664}, {"owner": {"type": "User", "site_admin": false}, "fork": true, "created_at": "2008-05-05T14:32:31Z", "updated_at": "2020-07-28T01:30:45Z", "pushed_at": "2008-05-05T14:32:34Z", "size": 94, "stargazers_count": 2, "watchers_count": 2, "language": "JavaScript", "has_issues": true, "has_projects": true, "has_downloads": true, "has_wiki": true, "has_pages": false, "has_discussions": false, "forks_count": 0, "mirror_url": null, "archived": false, "disabled": false, "open_issues_count": 0, "license": null, "allow_forking": true, "is_template": false, "web_commit_signoff_required": false, "topics": [], "default_branch": "master", "permissions": {"admin": false, "maintain": false, "push": false, "triage": false, "pull": true}, "network_count": 31, "subscribers_count": 2, "_id": 14668}, {"owner": {"type": "User", "site_admin": false}, "fork": true, "created_at": "2008-05-05T14:45:57Z", "updated_at": "2019-08-13T13:24:04Z", "pushed_at": "2008-05-06T17:07:04Z", "size": 1256, "stargazers_count": 2, "watchers_count": 2, "language": "Ruby", "has_issues": true, "has_projects": true, "has_downloads": true, "has_wiki": true, "has_pages": false, "has_discussions": false, "forks_count": 0, "mirror_url": null, "archived": false, "disabled": false, "open_issues_count": 0, "license": {"key": "mit", "name": "MIT License", "spdx_id": "MIT", "url": "https://api.github.com/licenses/mit", "node_id": "MDc6TGljZW5zZTEz"}, "allow_forking": true, "is_template": false, "web_commit_signoff_required": false, "topics": [], "default_branch": "master", "permissions": {"admin": false, "maintain": false, "push": false, "triage": false, "pull": true}, "network_count": 510, "subscribers_count": 3, "_id": 14670}, {"owner": {"type": "User", "site_admin": false}, "fork": false, "created_at": "2008-05-05T15:00:18Z", "updated_at": "2019-08-13T13:24:04Z", "pushed_at": "2008-11-24T10:32:20Z", "size": 92, "stargazers_count": 7, "watchers_count": 7, "language": "Ruby", "has_issues": true, "has_projects": true, "has_downloads": true, "has_wiki": true, "has_pages": false, "has_discussions": false, "forks_count": 0, "mirror_url": null, "archived": false, "disabled": false, "open_issues_count": 0, "license": {"key": "mit", "name": "MIT License", "spdx_id": "MIT", "url": "https://api.github.com/licenses/mit", "node_id": "MDc6TGljZW5zZTEz"}, "allow_forking": true, "is_template": false, "web_commit_signoff_required": false, "topics": [], "default_branch": "master", "permissions": {"admin": false, "maintain": false, "push": false, "triage": false, "pull": true}, "network_count": 0, "subscribers_count": 3, "_id": 14671}, {"owner": {"type": "User", "site_admin": false}, "fork": false, "created_at": "2008-05-05T15:18:48Z", "updated_at": "2020-05-06T05:41:42Z", "pushed_at": "2008-05-05T15:35:51Z", "size": 128, "stargazers_count": 5, "watchers_count": 5, "language": null, "has_issues": true, "has_projects": true, "has_downloads": true, "has_wiki": true, "has_pages": false, "has_discussions": false, "forks_count": 0, "mirror_url": null, "archived": false, "disabled": false, "open_issues_count": 0, "license": null, "allow_forking": true, "is_template": false, "web_commit_signoff_required": false, "topics": [], "default_branch": "master", "permissions": {"admin": false, "maintain": false, "push": false, "triage": false, "pull": true}, "network_count": 0, "subscribers_count": 4, "_id": 14677}, {"owner": {"type": "User", "site_admin": false}, "fork": false, "created_at": "2008-05-05T15:40:10Z", "updated_at": "2020-11-10T04:53:55Z", "pushed_at": "2009-07-01T21:54:33Z", "size": 1100, "stargazers_count": 6, "watchers_count": 6, "language": "JavaScript", "has_issues": true, "has_projects": true, "has_downloads": true, "has_wiki": true, "has_pages": false, "has_discussions": false, "forks_count": 0, "mirror_url": null, "archived": false, "disabled": false, "open_issues_count": 0, "license": {"key": "other", "name": "Other", "spdx_id": "NOASSERTION", "url": null, "node_id": "MDc6TGljZW5zZTA="}, "allow_forking": true, "is_template": false, "web_commit_signoff_required": false, "topics": [], "default_branch": "master", "permissions": {"admin": false, "maintain": false, "push": false, "triage": false, "pull": true}, "network_count": 0, "subscribers_count": 3, "_id": 14680}, {"owner": {"type": "User", "site_admin": false}, "fork": false, "created_at": "2008-05-05T16:31:15Z", "updated_at": "2019-08-13T13:24:04Z", "pushed_at": "2009-07-08T19:17:05Z", "size": 80, "stargazers_count": 2, "watchers_count": 2, "language": "Lua", "has_issues": true, "has_projects": true, "has_downloads": true, "has_wiki": true, "has_pages": false, "has_discussions": false, "forks_count": 0, "mirror_url": null, "archived": false, "disabled": false, "open_issues_count": 0, "license": null, "allow_forking": true, "is_template": false, "web_commit_signoff_required": false, "topics": [], "default_branch": "master", "permissions": {"admin": false, "maintain": false, "push": false, "triage": false, "pull": true}, "network_count": 0, "subscribers_count": 3, "_id": 14689}, {"owner": {"type": "User", "site_admin": false}, "fork": false, "created_at": "2008-05-05T17:00:48Z", "updated_at": "2019-08-13T13:24:04Z", "pushed_at": "2008-08-18T15:22:42Z", "size": 117, "stargazers_count": 4, "watchers_count": 4, "language": "PHP", "has_issues": true, "has_projects": true, "has_downloads": true, "has_wiki": true, "has_pages": false, "has_discussions": false, "forks_count": 3, "mirror_url": null, "archived": false, "disabled": false, "open_issues_count": 1, "license": {"key": "mit", "name": "MIT License", "spdx_id": "MIT", "url": "https://api.github.com/licenses/mit", "node_id": "MDc6TGljZW5zZTEz"}, "allow_forking": true, "is_template": false, "web_commit_signoff_required": false, "topics": [], "default_branch": "master", "permissions": {"admin": false, "maintain": false, "push": false, "triage": false, "pull": true}, "network_count": 3, "subscribers_count": 3, "_id": 14695}, {"owner": {"type": "User", "site_admin": false}, "fork": false, "created_at": "2008-05-05T17:07:10Z", "updated_at": "2019-08-13T13:24:05Z", "pushed_at": null, "size": 48, "stargazers_count": 2, "watchers_count": 2, "language": null, "has_issues": true, "has_projects": true, "has_downloads": true, "has_wiki": true, "has_pages": false, "has_discussions": false, "forks_count": 0, "mirror_url": null, "archived": false, "disabled": false, "open_issues_count": 0, "license": null, "allow_forking": true, "is_template": false, "web_commit_signoff_required": false, "topics": [], "default_branch": "master", "permissions": {"admin": false, "maintain": false, "push": false, "triage": false, "pull": true}, "network_count": 0, "subscribers_count": 3, "_id": 14697}, {"owner": {"type": "User", "site_admin": false}, "fork": false, "created_at": "2008-05-05T17:07:25Z", "updated_at": "2019-08-13T13:24:05Z", "pushed_at": "2008-05-05T17:07:28Z", "size": 116, "stargazers_count": 2, "watchers_count": 2, "language": "Ruby", "has_issues": true, "has_projects": true, "has_downloads": true, "has_wiki": true, "has_pages": false, "has_discussions": false, "forks_count": 0, "mirror_url": null, "archived": false, "disabled": false, "open_issues_count": 0, "license": null, "allow_forking": true, "is_template": false, "web_commit_signoff_required": false, "topics": [], "default_branch": "master", "permissions": {"admin": false, "maintain": false, "push": false, "triage": false, "pull": true}, "network_count": 0, "subscribers_count": 2, "_id": 14698}, {"owner": {"type": "User", "site_admin": false}, "fork": false, "created_at": "2008-05-05T17:24:11Z", "updated_at": "2022-11-09T05:29:46Z", "pushed_at": "2022-09-10T18:07:46Z", "size": 51, "stargazers_count": 651, "watchers_count": 651, "language": "Ruby", "has_issues": true, "has_projects": true, "has_downloads": true, "has_wiki": true, "has_pages": false, "has_discussions": false, "forks_count": 131, "mirror_url": null, "archived": false, "disabled": false, "open_issues_count": 19, "license": {"key": "other", "name": "Other", "spdx_id": "NOASSERTION", "url": null, "node_id": "MDc6TGljZW5zZTA="}, "allow_forking": true, "is_template": false, "web_commit_signoff_required": false, "topics": [], "default_branch": "master", "permissions": {"admin": false, "maintain": false, "push": false, "triage": false, "pull": true}, "network_count": 131, "subscribers_count": 20, "_id": 14702}, {"owner": {"type": "User", "site_admin": false}, "fork": true, "created_at": "2008-05-05T17:27:33Z", "updated_at": "2019-08-13T13:24:05Z", "pushed_at": "2009-12-12T18:15:14Z", "size": 85, "stargazers_count": 5, "watchers_count": 5, "language": "Ruby", "has_issues": true, "has_projects": true, "has_downloads": true, "has_wiki": true, "has_pages": false, "has_discussions": false, "forks_count": 2, "mirror_url": null, "archived": false, "disabled": false, "open_issues_count": 0, "license": {"key": "other", "name": "Other", "spdx_id": "NOASSERTION", "url": null, "node_id": "MDc6TGljZW5zZTA="}, "allow_forking": true, "is_template": false, "web_commit_signoff_required": false, "topics": [], "default_branch": "master", "permissions": {"admin": false, "maintain": false, "push": false, "triage": false, "pull": true}, "network_count": 131, "subscribers_count": 3, "_id": 14704}, {"owner": {"type": "User", "site_admin": false}, "fork": true, "created_at": "2008-05-05T17:40:57Z", "updated_at": "2019-08-13T13:24:05Z", "pushed_at": "2008-08-02T22:44:59Z", "size": 193, "stargazers_count": 2, "watchers_count": 2, "language": "Ruby", "has_issues": true, "has_projects": true, "has_downloads": true, "has_wiki": true, "has_pages": false, "has_discussions": false, "forks_count": 0, "mirror_url": null, "archived": false, "disabled": false, "open_issues_count": 0, "license": null, "allow_forking": true, "is_template": false, "web_commit_signoff_required": false, "topics": [], "default_branch": "master", "permissions": {"admin": false, "maintain": false, "push": false, "triage": false, "pull": true}, "network_count": 280, "subscribers_count": 3, "_id": 14707}, {"owner": {"type": "User", "site_admin": false}, "fork": false, "created_at": "2008-05-05T18:00:07Z", "updated_at": "2019-08-13T13:24:05Z", "pushed_at": "2008-05-13T22:00:52Z", "size": 100, "stargazers_count": 3, "watchers_count": 3, "language": "Ruby", "has_issues": true, "has_projects": true, "has_downloads": true, "has_wiki": true, "has_pages": false, "has_discussions": false, "forks_count": 0, "mirror_url": null, "archived": false, "disabled": false, "open_issues_count": 0, "license": null, "allow_forking": true, "is_template": false, "web_commit_signoff_required": false, "topics": [], "default_branch": "master", "permissions": {"admin": false, "maintain": false, "push": false, "triage": false, "pull": true}, "network_count": 0, "subscribers_count": 3, "_id": 14712}, {"owner": {"type": "User", "site_admin": false}, "fork": true, "created_at": "2008-05-05T18:16:37Z", "updated_at": "2019-08-13T13:24:05Z", "pushed_at": "2008-05-05T18:16:40Z", "size": 98, "stargazers_count": 3, "watchers_count": 3, "language": "Ruby", "has_issues": true, "has_projects": true, "has_downloads": true, "has_wiki": true, "has_pages": false, "has_discussions": false, "forks_count": 0, "mirror_url": null, "archived": false, "disabled": false, "open_issues_count": 0, "license": null, "allow_forking": true, "is_template": false, "web_commit_signoff_required": false, "topics": [], "default_branch": "master", "permissions": {"admin": false, "maintain": false, "push": false, "triage": false, "pull": true}, "network_count": 79, "subscribers_count": 3, "_id": 14715}, {"owner": {"type": "User", "site_admin": false}, "fork": false, "created_at": "2008-05-05T18:20:58Z", "updated_at": "2019-08-13T13:24:05Z", "pushed_at": "2016-05-06T12:11:26Z", "size": 111, "stargazers_count": 9, "watchers_count": 9, "language": "C", "has_issues": true, "has_projects": true, "has_downloads": true, "has_wiki": true, "has_pages": false, "has_discussions": false, "forks_count": 0, "mirror_url": null, "archived": false, "disabled": false, "open_issues_count": 0, "license": null, "allow_forking": true, "is_template": false, "web_commit_signoff_required": false, "topics": [], "default_branch": "master", "permissions": {"admin": false, "maintain": false, "push": false, "triage": false, "pull": true}, "network_count": 0, "subscribers_count": 2, "_id": 14717}, {"owner": {"type": "User", "site_admin": false}, "fork": false, "created_at": "2008-05-05T18:28:46Z", "updated_at": "2019-08-13T13:24:05Z", "pushed_at": "2009-01-07T17:48:23Z", "size": 1092, "stargazers_count": 3, "watchers_count": 3, "language": "Ruby", "has_issues": true, "has_projects": true, "has_downloads": true, "has_wiki": true, "has_pages": false, "has_discussions": false, "forks_count": 0, "mirror_url": null, "archived": false, "disabled": false, "open_issues_count": 0, "license": null, "allow_forking": true, "is_template": false, "web_commit_signoff_required": false, "topics": [], "default_branch": "master", "permissions": {"admin": false, "maintain": false, "push": false, "triage": false, "pull": true}, "network_count": 0, "subscribers_count": 3, "_id": 14721}, {"owner": {"type": "User", "site_admin": false}, "fork": false, "created_at": "2008-05-05T18:38:37Z", "updated_at": "2019-08-13T13:24:05Z", "pushed_at": "2010-01-07T13:58:27Z", "size": 152, "stargazers_count": 2, "watchers_count": 2, "language": "TeX", "has_issues": true, "has_projects": true, "has_downloads": true, "has_wiki": true, "has_pages": false, "has_discussions": false, "forks_count": 1, "mirror_url": null, "archived": false, "disabled": false, "open_issues_count": 0, "license": null, "allow_forking": true, "is_template": false, "web_commit_signoff_required": false, "topics": [], "default_branch": "master", "permissions": {"admin": false, "maintain": false, "push": false, "triage": false, "pull": true}, "network_count": 1, "subscribers_count": 3, "_id": 14722}, {"owner": {"type": "User", "site_admin": false}, "fork": false, "created_at": "2008-05-05T18:55:46Z", "updated_at": "2019-08-13T13:24:05Z", "pushed_at": "2011-02-03T16:40:50Z", "size": 120, "stargazers_count": 2, "watchers_count": 2, "language": "Lua", "has_issues": true, "has_projects": true, "has_downloads": true, "has_wiki": true, "has_pages": false, "has_discussions": false, "forks_count": 0, "mirror_url": null, "archived": false, "disabled": false, "open_issues_count": 0, "license": null, "allow_forking": true, "is_template": false, "web_commit_signoff_required": false, "topics": [], "default_branch": "master", "permissions": {"admin": false, "maintain": false, "push": false, "triage": false, "pull": true}, "network_count": 0, "subscribers_count": 3, "_id": 14729}, {"owner": {"type": "User", "site_admin": false}, "fork": false, "created_at": "2008-05-05T19:06:35Z", "updated_at": "2019-08-13T13:24:05Z", "pushed_at": "2010-10-11T13:27:03Z", "size": 810, "stargazers_count": 44, "watchers_count": 44, "language": "Ruby", "has_issues": true, "has_projects": true, "has_downloads": true, "has_wiki": true, "has_pages": false, "has_discussions": false, "forks_count": 35, "mirror_url": null, "archived": false, "disabled": false, "open_issues_count": 0, "license": {"key": "mit", "name": "MIT License", "spdx_id": "MIT", "url": "https://api.github.com/licenses/mit", "node_id": "MDc6TGljZW5zZTEz"}, "allow_forking": true, "is_template": false, "web_commit_signoff_required": false, "topics": [], "default_branch": "master", "permissions": {"admin": false, "maintain": false, "push": false, "triage": false, "pull": true}, "network_count": 35, "subscribers_count": 3, "_id": 14735}, {"owner": {"type": "User", "site_admin": false}, "fork": false, "created_at": "2008-05-05T19:24:16Z", "updated_at": "2019-08-13T13:24:05Z", "pushed_at": "2008-05-05T19:25:29Z", "size": 112, "stargazers_count": 2, "watchers_count": 2, "language": "Objective-C", "has_issues": true, "has_projects": true, "has_downloads": true, "has_wiki": true, "has_pages": false, "has_discussions": false, "forks_count": 0, "mirror_url": null, "archived": false, "disabled": false, "open_issues_count": 0, "license": null, "allow_forking": true, "is_template": false, "web_commit_signoff_required": false, "topics": [], "default_branch": "master", "permissions": {"admin": false, "maintain": false, "push": false, "triage": false, "pull": true}, "network_count": 0, "subscribers_count": 3, "_id": 14738}, {"owner": {"type": "User", "site_admin": false}, "fork": false, "created_at": "2008-05-05T19:29:10Z", "updated_at": "2019-08-13T13:24:05Z", "pushed_at": "2009-07-26T23:15:18Z", "size": 104, "stargazers_count": 2, "watchers_count": 2, "language": "Ruby", "has_issues": true, "has_projects": true, "has_downloads": true, "has_wiki": true, "has_pages": false, "has_discussions": false, "forks_count": 0, "mirror_url": null, "archived": false, "disabled": false, "open_issues_count": 0, "license": null, "allow_forking": true, "is_template": false, "web_commit_signoff_required": false, "topics": [], "default_branch": "master", "permissions": {"admin": false, "maintain": false, "push": false, "triage": false, "pull": true}, "network_count": 0, "subscribers_count": 3, "_id": 14742}, {"owner": {"type": "User", "site_admin": false}, "fork": false, "created_at": "2008-05-05T20:00:24Z", "updated_at": "2022-08-03T07:02:08Z", "pushed_at": "2011-10-06T14:56:49Z", "size": 648, "stargazers_count": 199, "watchers_count": 199, "language": "Ruby", "has_issues": true, "has_projects": true, "has_downloads": false, "has_wiki": true, "has_pages": false, "has_discussions": false, "forks_count": 97, "mirror_url": null, "archived": true, "disabled": false, "open_issues_count": 15, "license": {"key": "mit", "name": "MIT License", "spdx_id": "MIT", "url": "https://api.github.com/licenses/mit", "node_id": "MDc6TGljZW5zZTEz"}, "allow_forking": true, "is_template": false, "web_commit_signoff_required": false, "topics": [], "default_branch": "master", "permissions": {"admin": false, "maintain": false, "push": false, "triage": false, "pull": true}, "network_count": 97, "subscribers_count": 3, "_id": 14753}, {"owner": {"type": "User", "site_admin": false}, "fork": true, "created_at": "2008-05-05T20:11:07Z", "updated_at": "2019-08-13T13:24:05Z", "pushed_at": "2008-05-05T20:11:09Z", "size": 308, "stargazers_count": 2, "watchers_count": 2, "language": "Ruby", "has_issues": true, "has_projects": true, "has_downloads": true, "has_wiki": true, "has_pages": false, "has_discussions": false, "forks_count": 0, "mirror_url": null, "archived": false, "disabled": false, "open_issues_count": 0, "license": null, "allow_forking": true, "is_template": false, "web_commit_signoff_required": false, "topics": [], "default_branch": "master", "permissions": {"admin": false, "maintain": false, "push": false, "triage": false, "pull": true}, "network_count": 20, "subscribers_count": 2, "_id": 14754}, {"owner": {"type": "User", "site_admin": false}, "fork": false, "created_at": "2008-05-05T20:14:40Z", "updated_at": "2019-08-13T13:24:05Z", "pushed_at": "2008-06-11T20:30:18Z", "size": 244, "stargazers_count": 8, "watchers_count": 8, "language": "Ruby", "has_issues": true, "has_projects": true, "has_downloads": true, "has_wiki": true, "has_pages": false, "has_discussions": false, "forks_count": 0, "mirror_url": null, "archived": false, "disabled": false, "open_issues_count": 0, "license": null, "allow_forking": true, "is_template": false, "web_commit_signoff_required": false, "topics": [], "default_branch": "master", "permissions": {"admin": false, "maintain": false, "push": false, "triage": false, "pull": true}, "network_count": 0, "subscribers_count": 3, "_id": 14755}, {"owner": {"type": "User", "site_admin": false}, "fork": false, "created_at": "2008-05-05T20:30:48Z", "updated_at": "2019-08-13T13:24:05Z", "pushed_at": "2008-05-05T20:31:17Z", "size": 104, "stargazers_count": 6, "watchers_count": 6, "language": "Ruby", "has_issues": true, "has_projects": true, "has_downloads": true, "has_wiki": true, "has_pages": false, "has_discussions": false, "forks_count": 0, "mirror_url": null, "archived": false, "disabled": false, "open_issues_count": 0, "license": {"key": "mit", "name": "MIT License", "spdx_id": "MIT", "url": "https://api.github.com/licenses/mit", "node_id": "MDc6TGljZW5zZTEz"}, "allow_forking": true, "is_template": false, "web_commit_signoff_required": false, "topics": [], "default_branch": "master", "permissions": {"admin": false, "maintain": false, "push": false, "triage": false, "pull": true}, "network_count": 0, "subscribers_count": 3, "_id": 14763}, {"owner": {"type": "User", "site_admin": false}, "fork": false, "created_at": "2008-05-05T20:41:58Z", "updated_at": "2019-08-13T13:24:05Z", "pushed_at": null, "size": 48, "stargazers_count": 2, "watchers_count": 2, "language": null, "has_issues": true, "has_projects": true, "has_downloads": true, "has_wiki": true, "has_pages": false, "has_discussions": false, "forks_count": 0, "mirror_url": null, "archived": false, "disabled": false, "open_issues_count": 0, "license": null, "allow_forking": true, "is_template": false, "web_commit_signoff_required": false, "topics": [], "default_branch": "master", "permissions": {"admin": false, "maintain": false, "push": false, "triage": false, "pull": true}, "network_count": 0, "subscribers_count": 2, "_id": 14766}, {"owner": {"type": "User", "site_admin": false}, "fork": false, "created_at": "2008-05-05T20:49:04Z", "updated_at": "2019-08-13T13:24:05Z", "pushed_at": "2008-06-03T19:44:41Z", "size": 196, "stargazers_count": 3, "watchers_count": 3, "language": "C", "has_issues": true, "has_projects": true, "has_downloads": true, "has_wiki": true, "has_pages": false, "has_discussions": false, "forks_count": 0, "mirror_url": null, "archived": false, "disabled": false, "open_issues_count": 0, "license": null, "allow_forking": true, "is_template": false, "web_commit_signoff_required": false, "topics": [], "default_branch": "master", "permissions": {"admin": false, "maintain": false, "push": false, "triage": false, "pull": true}, "network_count": 0, "subscribers_count": 3, "_id": 14768}, {"owner": {"type": "User", "site_admin": false}, "fork": true, "created_at": "2008-05-05T21:03:42Z", "updated_at": "2019-08-13T13:24:05Z", "pushed_at": "2008-07-01T07:31:38Z", "size": 5952, "stargazers_count": 2, "watchers_count": 2, "language": "Ruby", "has_issues": true, "has_projects": true, "has_downloads": true, "has_wiki": true, "has_pages": false, "has_discussions": false, "forks_count": 1, "mirror_url": null, "archived": false, "disabled": false, "open_issues_count": 0, "license": {"key": "other", "name": "Other", "spdx_id": "NOASSERTION", "url": null, "node_id": "MDc6TGljZW5zZTA="}, "allow_forking": true, "is_template": false, "web_commit_signoff_required": false, "topics": [], "default_branch": "master", "permissions": {"admin": false, "maintain": false, "push": false, "triage": false, "pull": true}, "network_count": 570, "subscribers_count": 2, "_id": 14771}, {"owner": {"type": "User", "site_admin": false}, "fork": true, "created_at": "2008-05-05T21:42:23Z", "updated_at": "2019-08-13T13:24:05Z", "pushed_at": "2008-05-05T21:42:26Z", "size": 1294, "stargazers_count": 1, "watchers_count": 1, "language": "Perl", "has_issues": true, "has_projects": true, "has_downloads": true, "has_wiki": true, "has_pages": false, "has_discussions": false, "forks_count": 0, "mirror_url": null, "archived": false, "disabled": false, "open_issues_count": 0, "license": {"key": "other", "name": "Other", "spdx_id": "NOASSERTION", "url": null, "node_id": "MDc6TGljZW5zZTA="}, "allow_forking": true, "is_template": false, "web_commit_signoff_required": false, "topics": [], "default_branch": "master", "permissions": {"admin": false, "maintain": false, "push": false, "triage": false, "pull": true}, "network_count": 14, "subscribers_count": 2, "_id": 14782}, {"owner": {"type": "User", "site_admin": false}, "fork": false, "created_at": "2008-05-05T21:53:04Z", "updated_at": "2019-08-13T13:24:05Z", "pushed_at": "2016-02-16T19:22:04Z", "size": 10, "stargazers_count": 3, "watchers_count": 3, "language": "Ruby", "has_issues": true, "has_projects": true, "has_downloads": true, "has_wiki": true, "has_pages": false, "has_discussions": false, "forks_count": 1, "mirror_url": null, "archived": false, "disabled": false, "open_issues_count": 1, "license": {"key": "mit", "name": "MIT License", "spdx_id": "MIT", "url": "https://api.github.com/licenses/mit", "node_id": "MDc6TGljZW5zZTEz"}, "allow_forking": true, "is_template": false, "web_commit_signoff_required": false, "topics": [], "default_branch": "master", "permissions": {"admin": false, "maintain": false, "push": false, "triage": false, "pull": true}, "network_count": 1, "subscribers_count": 2, "_id": 14784}, {"owner": {"type": "User", "site_admin": false}, "fork": false, "created_at": "2008-05-05T21:59:06Z", "updated_at": "2022-11-12T23:49:50Z", "pushed_at": "2022-06-20T22:49:57Z", "size": 3055, "stargazers_count": 62, "watchers_count": 62, "language": "C", "has_issues": true, "has_projects": true, "has_downloads": true, "has_wiki": true, "has_pages": false, "has_discussions": false, "forks_count": 25, "mirror_url": null, "archived": false, "disabled": false, "open_issues_count": 30, "license": {"key": "gpl-2.0", "name": "GNU General Public License v2.0", "spdx_id": "GPL-2.0", "url": "https://api.github.com/licenses/gpl-2.0", "node_id": "MDc6TGljZW5zZTg="}, "allow_forking": true, "is_template": false, "web_commit_signoff_required": false, "topics": [], "default_branch": "master", "permissions": {"admin": false, "maintain": false, "push": false, "triage": false, "pull": true}, "network_count": 25, "subscribers_count": 8, "_id": 14786}, {"owner": {"type": "User", "site_admin": false}, "fork": false, "created_at": "2008-05-05T22:17:52Z", "updated_at": "2019-08-13T13:24:05Z", "pushed_at": "2008-05-09T23:08:45Z", "size": 112, "stargazers_count": 3, "watchers_count": 3, "language": "C", "has_issues": true, "has_projects": true, "has_downloads": true, "has_wiki": true, "has_pages": false, "has_discussions": false, "forks_count": 0, "mirror_url": null, "archived": false, "disabled": false, "open_issues_count": 0, "license": null, "allow_forking": true, "is_template": false, "web_commit_signoff_required": false, "topics": [], "default_branch": "master", "permissions": {"admin": false, "maintain": false, "push": false, "triage": false, "pull": true}, "network_count": 0, "subscribers_count": 3, "_id": 14790}, {"owner": {"type": "User", "site_admin": false}, "fork": false, "created_at": "2008-05-05T22:32:14Z", "updated_at": "2019-08-13T13:24:05Z", "pushed_at": "2009-05-10T01:38:00Z", "size": 148, "stargazers_count": 49, "watchers_count": 49, "language": "PHP", "has_issues": true, "has_projects": true, "has_downloads": true, "has_wiki": true, "has_pages": false, "has_discussions": false, "forks_count": 18, "mirror_url": null, "archived": false, "disabled": false, "open_issues_count": 2, "license": null, "allow_forking": true, "is_template": false, "web_commit_signoff_required": false, "topics": [], "default_branch": "master", "permissions": {"admin": false, "maintain": false, "push": false, "triage": false, "pull": true}, "network_count": 18, "subscribers_count": 5, "_id": 14793}, {"owner": {"type": "User", "site_admin": false}, "fork": true, "created_at": "2008-05-05T22:38:22Z", "updated_at": "2019-08-13T13:24:05Z", "pushed_at": "2008-05-08T22:02:17Z", "size": 476, "stargazers_count": 6, "watchers_count": 6, "language": "Ruby", "has_issues": true, "has_projects": true, "has_downloads": true, "has_wiki": true, "has_pages": false, "has_discussions": false, "forks_count": 0, "mirror_url": null, "archived": false, "disabled": false, "open_issues_count": 0, "license": null, "allow_forking": true, "is_template": false, "web_commit_signoff_required": false, "topics": [], "default_branch": "master", "permissions": {"admin": false, "maintain": false, "push": false, "triage": false, "pull": true}, "network_count": 114, "subscribers_count": 6, "_id": 14795}, {"owner": {"type": "User", "site_admin": false}, "fork": true, "created_at": "2008-05-05T23:08:25Z", "updated_at": "2020-05-11T21:25:40Z", "pushed_at": "2013-03-04T19:48:53Z", "size": 288, "stargazers_count": 67, "watchers_count": 67, "language": "JavaScript", "has_issues": true, "has_projects": true, "has_downloads": true, "has_wiki": true, "has_pages": true, "has_discussions": false, "forks_count": 24, "mirror_url": null, "archived": true, "disabled": false, "open_issues_count": 1, "license": {"key": "gpl-3.0", "name": "GNU General Public License v3.0", "spdx_id": "GPL-3.0", "url": "https://api.github.com/licenses/gpl-3.0", "node_id": "MDc6TGljZW5zZTk="}, "allow_forking": true, "is_template": false, "web_commit_signoff_required": false, "topics": [], "default_branch": "master", "permissions": {"admin": false, "maintain": false, "push": false, "triage": false, "pull": true}, "network_count": 27, "subscribers_count": 6, "_id": 14802}, {"owner": {"type": "User", "site_admin": false}, "fork": true, "created_at": "2008-05-05T23:12:07Z", "updated_at": "2019-08-13T13:24:06Z", "pushed_at": "2008-05-05T23:12:13Z", "size": 2448, "stargazers_count": 2, "watchers_count": 2, "language": "JavaScript", "has_issues": true, "has_projects": true, "has_downloads": true, "has_wiki": true, "has_pages": false, "has_discussions": false, "forks_count": 0, "mirror_url": null, "archived": false, "disabled": false, "open_issues_count": 0, "license": {"key": "other", "name": "Other", "spdx_id": "NOASSERTION", "url": null, "node_id": "MDc6TGljZW5zZTA="}, "allow_forking": true, "is_template": false, "web_commit_signoff_required": false, "topics": [], "default_branch": "master", "permissions": {"admin": false, "maintain": false, "push": false, "triage": false, "pull": true}, "network_count": 666, "subscribers_count": 2, "_id": 14803}, {"owner": {"type": "User", "site_admin": false}, "fork": true, "created_at": "2008-05-05T23:12:15Z", "updated_at": "2019-08-13T13:24:06Z", "pushed_at": "2008-05-05T23:12:19Z", "size": 1507, "stargazers_count": 3, "watchers_count": 3, "language": "JavaScript", "has_issues": true, "has_projects": true, "has_downloads": true, "has_wiki": true, "has_pages": false, "has_discussions": false, "forks_count": 2, "mirror_url": null, "archived": false, "disabled": false, "open_issues_count": 0, "license": {"key": "mit", "name": "MIT License", "spdx_id": "MIT", "url": "https://api.github.com/licenses/mit", "node_id": "MDc6TGljZW5zZTEz"}, "allow_forking": true, "is_template": false, "web_commit_signoff_required": false, "topics": [], "default_branch": "master", "permissions": {"admin": false, "maintain": false, "push": false, "triage": false, "pull": true}, "network_count": 525, "subscribers_count": 2, "_id": 14804}, {"owner": {"type": "User", "site_admin": false}, "fork": true, "created_at": "2008-05-05T23:12:22Z", "updated_at": "2019-08-13T13:24:06Z", "pushed_at": "2008-05-05T23:12:24Z", "size": 534, "stargazers_count": 2, "watchers_count": 2, "language": "Ruby", "has_issues": true, "has_projects": true, "has_downloads": true, "has_wiki": true, "has_pages": false, "has_discussions": false, "forks_count": 0, "mirror_url": null, "archived": false, "disabled": false, "open_issues_count": 0, "license": {"key": "mit", "name": "MIT License", "spdx_id": "MIT", "url": "https://api.github.com/licenses/mit", "node_id": "MDc6TGljZW5zZTEz"}, "allow_forking": true, "is_template": false, "web_commit_signoff_required": false, "topics": [], "default_branch": "master", "permissions": {"admin": false, "maintain": false, "push": false, "triage": false, "pull": true}, "network_count": 1813, "subscribers_count": 2, "_id": 14805}]