[{"owner": {"type": "User", "site_admin": false}, "fork": true, "created_at": "2008-04-01T15:18:45Z", "updated_at": "2019-08-13T13:22:32Z", "pushed_at": "2008-04-04T13:27:56Z", "size": 1501, "stargazers_count": 3, "watchers_count": 3, "language": "JavaScript", "has_issues": true, "has_projects": true, "has_downloads": true, "has_wiki": true, "has_pages": false, "has_discussions": false, "forks_count": 0, "mirror_url": null, "archived": false, "disabled": false, "open_issues_count": 0, "license": {"key": "mit", "name": "MIT License", "spdx_id": "MIT", "url": "https://api.github.com/licenses/mit", "node_id": "MDc6TGljZW5zZTEz"}, "allow_forking": true, "is_template": false, "web_commit_signoff_required": false, "topics": [], "default_branch": "master", "permissions": {"admin": false, "maintain": false, "push": false, "triage": false, "pull": true}, "network_count": 525, "subscribers_count": 3, "_id": 6870}]