[{"owner": {"type": "User", "site_admin": false}, "fork": false, "created_at": "2008-02-01T04:27:00Z", "updated_at": "2022-11-23T15:23:20Z", "pushed_at": "2016-09-13T15:53:25Z", "size": 2628, "stargazers_count": 436, "watchers_count": 436, "language": "Ruby", "has_issues": false, "has_projects": true, "has_downloads": true, "has_wiki": false, "has_pages": false, "has_discussions": false, "forks_count": 114, "mirror_url": null, "archived": true, "disabled": false, "open_issues_count": 26, "license": {"key": "other", "name": "Other", "spdx_id": "NOASSERTION", "url": null, "node_id": "MDc6TGljZW5zZTA="}, "allow_forking": true, "is_template": false, "web_commit_signoff_required": false, "topics": [], "default_branch": "master", "permissions": {"admin": false, "maintain": false, "push": false, "triage": false, "pull": true}, "network_count": 114, "subscribers_count": 14, "_id": 199}, {"owner": {"type": "User", "site_admin": false}, "fork": false, "created_at": "2008-02-01T16:27:17Z", "updated_at": "2021-07-13T19:20:40Z", "pushed_at": "2009-01-22T14:33:27Z", "size": 6900, "stargazers_count": 18, "watchers_count": 18, "language": "JavaScript", "has_issues": true, "has_projects": true, "has_downloads": true, "has_wiki": true, "has_pages": false, "has_discussions": false, "forks_count": 5, "mirror_url": null, "archived": false, "disabled": false, "open_issues_count": 1, "license": null, "allow_forking": true, "is_template": false, "web_commit_signoff_required": false, "topics": [], "default_branch": "master", "permissions": {"admin": false, "maintain": false, "push": false, "triage": false, "pull": true}, "network_count": 5, "subscribers_count": 5, "_id": 203}, {"owner": {"type": "User", "site_admin": false}, "fork": false, "created_at": "2008-02-01T16:34:14Z", "updated_at": "2022-07-20T19:13:19Z", "pushed_at": "2008-03-26T19:10:50Z", "size": 80, "stargazers_count": 6, "watchers_count": 6, "language": null, "has_issues": true, "has_projects": true, "has_downloads": true, "has_wiki": true, "has_pages": false, "has_discussions": false, "forks_count": 4, "mirror_url": null, "archived": false, "disabled": false, "open_issues_count": 0, "license": null, "allow_forking": true, "is_template": false, "web_commit_signoff_required": false, "topics": [], "default_branch": "master", "permissions": {"admin": false, "maintain": false, "push": false, "triage": false, "pull": true}, "network_count": 4, "subscribers_count": 3, "_id": 204}, {"owner": {"type": "User", "site_admin": false}, "fork": false, "created_at": "2008-02-01T16:36:54Z", "updated_at": "2022-06-01T17:18:50Z", "pushed_at": "2008-03-26T19:10:50Z", "size": 124, "stargazers_count": 13, "watchers_count": 13, "language": "Ruby", "has_issues": true, "has_projects": true, "has_downloads": true, "has_wiki": true, "has_pages": false, "has_discussions": false, "forks_count": 4, "mirror_url": null, "archived": false, "disabled": false, "open_issues_count": 1, "license": {"key": "other", "name": "Other", "spdx_id": "NOASSERTION", "url": null, "node_id": "MDc6TGljZW5zZTA="}, "allow_forking": true, "is_template": false, "web_commit_signoff_required": false, "topics": [], "default_branch": "master", "permissions": {"admin": false, "maintain": false, "push": false, "triage": false, "pull": true}, "network_count": 4, "subscribers_count": 3, "_id": 205}, {"owner": {"type": "User", "site_admin": false}, "fork": false, "created_at": "2008-02-01T16:37:51Z", "updated_at": "2021-07-13T19:20:40Z", "pushed_at": "2008-03-26T19:10:50Z", "size": 276, "stargazers_count": 7, "watchers_count": 7, "language": "Ruby", "has_issues": true, "has_projects": true, "has_downloads": true, "has_wiki": true, "has_pages": false, "has_discussions": false, "forks_count": 3, "mirror_url": null, "archived": false, "disabled": false, "open_issues_count": 1, "license": {"key": "other", "name": "Other", "spdx_id": "NOASSERTION", "url": null, "node_id": "MDc6TGljZW5zZTA="}, "allow_forking": true, "is_template": false, "web_commit_signoff_required": false, "topics": [], "default_branch": "master", "permissions": {"admin": false, "maintain": false, "push": false, "triage": false, "pull": true}, "network_count": 3, "subscribers_count": 4, "_id": 206}, {"owner": {"type": "User", "site_admin": false}, "fork": false, "created_at": "2008-02-01T16:40:04Z", "updated_at": "2021-07-13T19:20:40Z", "pushed_at": "2008-03-26T19:10:51Z", "size": 88, "stargazers_count": 6, "watchers_count": 6, "language": "Ruby", "has_issues": true, "has_projects": true, "has_downloads": true, "has_wiki": true, "has_pages": false, "has_discussions": false, "forks_count": 4, "mirror_url": null, "archived": false, "disabled": false, "open_issues_count": 0, "license": null, "allow_forking": true, "is_template": false, "web_commit_signoff_required": false, "topics": [], "default_branch": "master", "permissions": {"admin": false, "maintain": false, "push": false, "triage": false, "pull": true}, "network_count": 4, "subscribers_count": 3, "_id": 207}, {"owner": {"type": "User", "site_admin": false}, "fork": false, "created_at": "2008-02-01T16:43:31Z", "updated_at": "2021-07-13T19:20:40Z", "pushed_at": "2008-03-26T19:10:51Z", "size": 809, "stargazers_count": 12, "watchers_count": 12, "language": "Ruby", "has_issues": true, "has_projects": true, "has_downloads": true, "has_wiki": true, "has_pages": false, "has_discussions": false, "forks_count": 4, "mirror_url": null, "archived": false, "disabled": false, "open_issues_count": 0, "license": null, "allow_forking": true, "is_template": false, "web_commit_signoff_required": false, "topics": [], "default_branch": "master", "permissions": {"admin": false, "maintain": false, "push": false, "triage": false, "pull": true}, "network_count": 4, "subscribers_count": 4, "_id": 208}]