[{"owner": {"type": "User", "site_admin": false}, "fork": false, "created_at": "2008-05-12T00:38:48Z", "updated_at": "2022-03-19T19:03:08Z", "pushed_at": "2008-05-12T01:03:03Z", "size": 488, "stargazers_count": 6, "watchers_count": 6, "language": "Objective-C", "has_issues": true, "has_projects": true, "has_downloads": true, "has_wiki": true, "has_pages": false, "has_discussions": false, "forks_count": 1, "mirror_url": null, "archived": false, "disabled": false, "open_issues_count": 1, "license": {"key": "gpl-2.0", "name": "GNU General Public License v2.0", "spdx_id": "GPL-2.0", "url": "https://api.github.com/licenses/gpl-2.0", "node_id": "MDc6TGljZW5zZTg="}, "allow_forking": true, "is_template": false, "web_commit_signoff_required": false, "topics": [], "default_branch": "master", "permissions": {"admin": false, "maintain": false, "push": false, "triage": false, "pull": true}, "network_count": 1, "subscribers_count": 5, "_id": 16094}, {"owner": {"type": "User", "site_admin": false}, "fork": false, "created_at": "2008-05-12T01:17:15Z", "updated_at": "2022-11-06T21:38:48Z", "pushed_at": "2022-10-30T19:12:05Z", "size": 122, "stargazers_count": 9, "watchers_count": 9, "language": "Shell", "has_issues": false, "has_projects": false, "has_downloads": true, "has_wiki": false, "has_pages": false, "has_discussions": false, "forks_count": 2, "mirror_url": null, "archived": false, "disabled": false, "open_issues_count": 0, "license": null, "allow_forking": true, "is_template": false, "web_commit_signoff_required": false, "topics": [], "default_branch": "main", "permissions": {"admin": false, "maintain": false, "push": false, "triage": false, "pull": true}, "network_count": 2, "subscribers_count": 3, "_id": 16096}, {"owner": {"type": "User", "site_admin": false}, "fork": false, "created_at": "2008-05-12T02:06:48Z", "updated_at": "2020-04-07T07:56:50Z", "pushed_at": "2008-05-14T22:12:43Z", "size": 548, "stargazers_count": 2, "watchers_count": 2, "language": "C", "has_issues": true, "has_projects": true, "has_downloads": true, "has_wiki": true, "has_pages": false, "has_discussions": false, "forks_count": 4, "mirror_url": null, "archived": false, "disabled": false, "open_issues_count": 0, "license": null, "allow_forking": true, "is_template": false, "web_commit_signoff_required": false, "topics": [], "default_branch": "master", "permissions": {"admin": false, "maintain": false, "push": false, "triage": false, "pull": true}, "network_count": 4, "subscribers_count": 2, "_id": 16104}, {"owner": {"type": "User", "site_admin": false}, "fork": false, "created_at": "2008-05-12T02:45:29Z", "updated_at": "2019-08-13T13:24:23Z", "pushed_at": "2008-05-26T14:19:44Z", "size": 86, "stargazers_count": 5, "watchers_count": 5, "language": "VimL", "has_issues": true, "has_projects": true, "has_downloads": true, "has_wiki": true, "has_pages": false, "has_discussions": false, "forks_count": 2, "mirror_url": null, "archived": false, "disabled": false, "open_issues_count": 0, "license": null, "allow_forking": true, "is_template": false, "web_commit_signoff_required": false, "topics": [], "default_branch": "master", "permissions": {"admin": false, "maintain": false, "push": false, "triage": false, "pull": true}, "network_count": 2, "subscribers_count": 4, "_id": 16113}, {"owner": {"type": "User", "site_admin": false}, "fork": false, "created_at": "2008-05-12T03:05:53Z", "updated_at": "2022-05-19T09:08:10Z", "pushed_at": "2009-05-07T22:04:37Z", "size": 1781, "stargazers_count": 30, "watchers_count": 30, "language": "Erlang", "has_issues": true, "has_projects": true, "has_downloads": true, "has_wiki": true, "has_pages": false, "has_discussions": false, "forks_count": 3, "mirror_url": null, "archived": false, "disabled": false, "open_issues_count": 0, "license": {"key": "gpl-2.0", "name": "GNU General Public License v2.0", "spdx_id": "GPL-2.0", "url": "https://api.github.com/licenses/gpl-2.0", "node_id": "MDc6TGljZW5zZTg="}, "allow_forking": true, "is_template": false, "web_commit_signoff_required": false, "topics": [], "default_branch": "master", "permissions": {"admin": false, "maintain": false, "push": false, "triage": false, "pull": true}, "network_count": 3, "subscribers_count": 3, "_id": 16116}, {"owner": {"type": "User", "site_admin": true}, "fork": false, "created_at": "2008-05-12T03:28:37Z", "updated_at": "2022-10-16T18:14:26Z", "pushed_at": "2008-05-25T14:56:35Z", "size": 108, "stargazers_count": 7, "watchers_count": 7, "language": "Ruby", "has_issues": true, "has_projects": true, "has_downloads": true, "has_wiki": true, "has_pages": false, "has_discussions": false, "forks_count": 1, "mirror_url": null, "archived": false, "disabled": false, "open_issues_count": 0, "license": null, "allow_forking": true, "is_template": false, "web_commit_signoff_required": false, "topics": [], "default_branch": "master", "permissions": {"admin": false, "maintain": false, "push": false, "triage": false, "pull": true}, "network_count": 1, "subscribers_count": 3, "_id": 16120}, {"owner": {"type": "User", "site_admin": false}, "fork": false, "created_at": "2008-05-12T03:59:51Z", "updated_at": "2019-12-01T18:18:24Z", "pushed_at": "2013-07-27T11:42:08Z", "size": 1894, "stargazers_count": 21, "watchers_count": 21, "language": "PHP", "has_issues": true, "has_projects": true, "has_downloads": true, "has_wiki": true, "has_pages": false, "has_discussions": false, "forks_count": 13, "mirror_url": null, "archived": true, "disabled": false, "open_issues_count": 1, "license": null, "allow_forking": true, "is_template": false, "web_commit_signoff_required": false, "topics": [], "default_branch": "master", "permissions": {"admin": false, "maintain": false, "push": false, "triage": false, "pull": true}, "network_count": 13, "subscribers_count": 11, "_id": 16121}, {"owner": {"type": "User", "site_admin": false}, "fork": false, "created_at": "2008-05-12T04:05:16Z", "updated_at": "2019-08-13T13:24:23Z", "pushed_at": "2008-09-07T15:53:34Z", "size": 76, "stargazers_count": 2, "watchers_count": 2, "language": "Shell", "has_issues": true, "has_projects": true, "has_downloads": true, "has_wiki": true, "has_pages": false, "has_discussions": false, "forks_count": 0, "mirror_url": null, "archived": false, "disabled": false, "open_issues_count": 0, "license": null, "allow_forking": true, "is_template": false, "web_commit_signoff_required": false, "topics": [], "default_branch": "master", "permissions": {"admin": false, "maintain": false, "push": false, "triage": false, "pull": true}, "network_count": 0, "subscribers_count": 3, "_id": 16124}, {"owner": {"type": "User", "site_admin": false}, "fork": false, "created_at": "2008-05-12T04:08:11Z", "updated_at": "2019-08-13T13:24:23Z", "pushed_at": "2008-05-12T04:12:36Z", "size": 92, "stargazers_count": 11, "watchers_count": 11, "language": "Ruby", "has_issues": true, "has_projects": true, "has_downloads": true, "has_wiki": true, "has_pages": false, "has_discussions": false, "forks_count": 8, "mirror_url": null, "archived": false, "disabled": false, "open_issues_count": 0, "license": null, "allow_forking": true, "is_template": false, "web_commit_signoff_required": false, "topics": [], "default_branch": "master", "permissions": {"admin": false, "maintain": false, "push": false, "triage": false, "pull": true}, "network_count": 8, "subscribers_count": 1, "_id": 16126}, {"owner": {"type": "User", "site_admin": false}, "fork": false, "created_at": "2008-05-12T04:21:26Z", "updated_at": "2019-08-13T13:24:23Z", "pushed_at": "2008-05-15T00:26:47Z", "size": 112, "stargazers_count": 4, "watchers_count": 4, "language": "Ruby", "has_issues": true, "has_projects": true, "has_downloads": true, "has_wiki": true, "has_pages": false, "has_discussions": false, "forks_count": 0, "mirror_url": null, "archived": false, "disabled": false, "open_issues_count": 0, "license": null, "allow_forking": true, "is_template": false, "web_commit_signoff_required": false, "topics": [], "default_branch": "master", "permissions": {"admin": false, "maintain": false, "push": false, "triage": false, "pull": true}, "network_count": 0, "subscribers_count": 1, "_id": 16128}, {"owner": {"type": "Organization", "site_admin": false}, "fork": false, "created_at": "2008-05-12T05:22:32Z", "updated_at": "2022-11-15T08:43:44Z", "pushed_at": "2022-11-24T01:36:09Z", "size": 120541, "stargazers_count": 14, "watchers_count": 14, "language": "Ruby", "has_issues": true, "has_projects": false, "has_downloads": true, "has_wiki": false, "has_pages": false, "has_discussions": false, "forks_count": 14, "mirror_url": null, "archived": false, "disabled": false, "open_issues_count": 13, "license": null, "allow_forking": true, "is_template": false, "web_commit_signoff_required": false, "topics": ["ruby"], "default_branch": "ro-5-0", "permissions": {"admin": false, "maintain": false, "push": false, "triage": false, "pull": true}, "network_count": 14, "subscribers_count": 7, "_id": 16143}, {"owner": {"type": "User", "site_admin": false}, "fork": false, "created_at": "2008-05-12T06:44:49Z", "updated_at": "2019-08-13T13:24:23Z", "pushed_at": "2020-06-13T18:39:59Z", "size": 179, "stargazers_count": 3, "watchers_count": 3, "language": "Ruby", "has_issues": true, "has_projects": true, "has_downloads": true, "has_wiki": true, "has_pages": false, "has_discussions": false, "forks_count": 2, "mirror_url": null, "archived": false, "disabled": false, "open_issues_count": 0, "license": null, "allow_forking": true, "is_template": false, "web_commit_signoff_required": false, "topics": [], "default_branch": "main", "permissions": {"admin": false, "maintain": false, "push": false, "triage": false, "pull": true}, "network_count": 2, "subscribers_count": 3, "_id": 16152}, {"owner": {"type": "Organization", "site_admin": false}, "fork": false, "created_at": "2008-05-12T07:14:57Z", "updated_at": "2019-08-13T13:24:23Z", "pushed_at": "2012-12-24T08:23:08Z", "size": 228, "stargazers_count": 5, "watchers_count": 5, "language": "Lua", "has_issues": true, "has_projects": true, "has_downloads": true, "has_wiki": true, "has_pages": false, "has_discussions": false, "forks_count": 1, "mirror_url": null, "archived": false, "disabled": false, "open_issues_count": 0, "license": null, "allow_forking": true, "is_template": false, "web_commit_signoff_required": false, "topics": [], "default_branch": "master", "permissions": {"admin": false, "maintain": false, "push": false, "triage": false, "pull": true}, "network_count": 1, "subscribers_count": 5, "_id": 16155}, {"owner": {"type": "User", "site_admin": false}, "fork": false, "created_at": "2008-05-12T07:21:19Z", "updated_at": "2019-08-13T13:24:23Z", "pushed_at": "2008-05-13T03:41:32Z", "size": 116, "stargazers_count": 4, "watchers_count": 4, "language": "C++", "has_issues": true, "has_projects": true, "has_downloads": true, "has_wiki": true, "has_pages": false, "has_discussions": false, "forks_count": 1, "mirror_url": null, "archived": false, "disabled": false, "open_issues_count": 0, "license": null, "allow_forking": true, "is_template": false, "web_commit_signoff_required": false, "topics": [], "default_branch": "master", "permissions": {"admin": false, "maintain": false, "push": false, "triage": false, "pull": true}, "network_count": 1, "subscribers_count": 2, "_id": 16156}, {"owner": {"type": "User", "site_admin": false}, "fork": true, "created_at": "2008-05-12T07:52:38Z", "updated_at": "2019-08-13T13:24:23Z", "pushed_at": "2008-05-12T07:52:39Z", "size": 195, "stargazers_count": 2, "watchers_count": 2, "language": "Ruby", "has_issues": true, "has_projects": true, "has_downloads": true, "has_wiki": true, "has_pages": false, "has_discussions": false, "forks_count": 1, "mirror_url": null, "archived": false, "disabled": false, "open_issues_count": 0, "license": null, "allow_forking": true, "is_template": false, "web_commit_signoff_required": false, "topics": [], "default_branch": "master", "permissions": {"admin": false, "maintain": false, "push": false, "triage": false, "pull": true}, "network_count": 2, "subscribers_count": 2, "_id": 16159}, {"owner": {"type": "User", "site_admin": false}, "fork": false, "created_at": "2008-05-12T08:51:38Z", "updated_at": "2019-08-13T13:24:23Z", "pushed_at": "2009-03-17T06:17:43Z", "size": 88, "stargazers_count": 2, "watchers_count": 2, "language": null, "has_issues": true, "has_projects": true, "has_downloads": true, "has_wiki": true, "has_pages": false, "has_discussions": false, "forks_count": 0, "mirror_url": null, "archived": false, "disabled": false, "open_issues_count": 0, "license": null, "allow_forking": true, "is_template": false, "web_commit_signoff_required": false, "topics": [], "default_branch": "master", "permissions": {"admin": false, "maintain": false, "push": false, "triage": false, "pull": true}, "network_count": 0, "subscribers_count": 3, "_id": 16166}, {"owner": {"type": "User", "site_admin": false}, "fork": false, "created_at": "2008-05-12T09:03:37Z", "updated_at": "2019-08-13T13:24:24Z", "pushed_at": "2008-05-12T09:23:46Z", "size": 152, "stargazers_count": 2, "watchers_count": 2, "language": "Ruby", "has_issues": true, "has_projects": true, "has_downloads": true, "has_wiki": true, "has_pages": false, "has_discussions": false, "forks_count": 0, "mirror_url": null, "archived": false, "disabled": false, "open_issues_count": 0, "license": null, "allow_forking": true, "is_template": false, "web_commit_signoff_required": false, "topics": [], "default_branch": "master", "permissions": {"admin": false, "maintain": false, "push": false, "triage": false, "pull": true}, "network_count": 0, "subscribers_count": 2, "_id": 16168}, {"owner": {"type": "User", "site_admin": false}, "fork": false, "created_at": "2008-05-12T10:11:15Z", "updated_at": "2019-08-13T13:24:24Z", "pushed_at": "2017-10-23T21:34:09Z", "size": 789, "stargazers_count": 6, "watchers_count": 6, "language": "Vim script", "has_issues": true, "has_projects": true, "has_downloads": true, "has_wiki": true, "has_pages": false, "has_discussions": false, "forks_count": 2, "mirror_url": null, "archived": false, "disabled": false, "open_issues_count": 0, "license": null, "allow_forking": true, "is_template": false, "web_commit_signoff_required": false, "topics": [], "default_branch": "master", "permissions": {"admin": false, "maintain": false, "push": false, "triage": false, "pull": true}, "network_count": 2, "subscribers_count": 3, "_id": 16175}, {"owner": {"type": "User", "site_admin": false}, "fork": false, "created_at": "2008-05-12T10:17:07Z", "updated_at": "2019-08-13T13:24:24Z", "pushed_at": "2008-10-04T04:16:28Z", "size": 144, "stargazers_count": 2, "watchers_count": 2, "language": "Perl", "has_issues": true, "has_projects": true, "has_downloads": true, "has_wiki": true, "has_pages": false, "has_discussions": false, "forks_count": 2, "mirror_url": null, "archived": false, "disabled": false, "open_issues_count": 0, "license": {"key": "other", "name": "Other", "spdx_id": "NOASSERTION", "url": null, "node_id": "MDc6TGljZW5zZTA="}, "allow_forking": true, "is_template": false, "web_commit_signoff_required": false, "topics": [], "default_branch": "master", "permissions": {"admin": false, "maintain": false, "push": false, "triage": false, "pull": true}, "network_count": 2, "subscribers_count": 3, "_id": 16177}, {"owner": {"type": "User", "site_admin": false}, "fork": false, "created_at": "2008-05-12T10:45:08Z", "updated_at": "2019-08-13T13:24:24Z", "pushed_at": "2008-05-12T13:28:17Z", "size": 84, "stargazers_count": 2, "watchers_count": 2, "language": null, "has_issues": true, "has_projects": true, "has_downloads": true, "has_wiki": true, "has_pages": false, "has_discussions": false, "forks_count": 0, "mirror_url": null, "archived": false, "disabled": false, "open_issues_count": 0, "license": null, "allow_forking": true, "is_template": false, "web_commit_signoff_required": false, "topics": [], "default_branch": "master", "permissions": {"admin": false, "maintain": false, "push": false, "triage": false, "pull": true}, "network_count": 0, "subscribers_count": 2, "_id": 16180}, {"owner": {"type": "User", "site_admin": false}, "fork": true, "created_at": "2008-05-12T11:11:57Z", "updated_at": "2019-08-13T13:24:24Z", "pushed_at": "2008-05-12T11:11:58Z", "size": 1856, "stargazers_count": 2, "watchers_count": 2, "language": "Ruby", "has_issues": true, "has_projects": true, "has_downloads": true, "has_wiki": true, "has_pages": false, "has_discussions": false, "forks_count": 0, "mirror_url": null, "archived": false, "disabled": false, "open_issues_count": 0, "license": null, "allow_forking": true, "is_template": false, "web_commit_signoff_required": false, "topics": [], "default_branch": "master", "permissions": {"admin": false, "maintain": false, "push": false, "triage": false, "pull": true}, "network_count": 4, "subscribers_count": 3, "_id": 16183}, {"owner": {"type": "User", "site_admin": false}, "fork": false, "created_at": "2008-05-12T11:13:46Z", "updated_at": "2019-08-13T13:24:24Z", "pushed_at": "2009-04-11T10:04:22Z", "size": 248, "stargazers_count": 34, "watchers_count": 34, "language": "Ruby", "has_issues": true, "has_projects": true, "has_downloads": true, "has_wiki": true, "has_pages": false, "has_discussions": false, "forks_count": 3, "mirror_url": null, "archived": false, "disabled": false, "open_issues_count": 0, "license": {"key": "mit", "name": "MIT License", "spdx_id": "MIT", "url": "https://api.github.com/licenses/mit", "node_id": "MDc6TGljZW5zZTEz"}, "allow_forking": true, "is_template": false, "web_commit_signoff_required": false, "topics": [], "default_branch": "master", "permissions": {"admin": false, "maintain": false, "push": false, "triage": false, "pull": true}, "network_count": 3, "subscribers_count": 2, "_id": 16184}, {"owner": {"type": "User", "site_admin": false}, "fork": true, "created_at": "2008-05-12T11:25:33Z", "updated_at": "2019-08-13T13:24:24Z", "pushed_at": "2008-06-01T09:18:41Z", "size": 106, "stargazers_count": 2, "watchers_count": 2, "language": "Ruby", "has_issues": true, "has_projects": true, "has_downloads": true, "has_wiki": true, "has_pages": false, "has_discussions": false, "forks_count": 0, "mirror_url": null, "archived": false, "disabled": false, "open_issues_count": 0, "license": null, "allow_forking": true, "is_template": false, "web_commit_signoff_required": false, "topics": [], "default_branch": "master", "permissions": {"admin": false, "maintain": false, "push": false, "triage": false, "pull": true}, "network_count": 4, "subscribers_count": 3, "_id": 16187}, {"owner": {"type": "User", "site_admin": false}, "fork": false, "created_at": "2008-05-12T11:46:22Z", "updated_at": "2022-05-23T20:00:27Z", "pushed_at": "2008-05-12T11:56:37Z", "size": 72, "stargazers_count": 3, "watchers_count": 3, "language": "Ruby", "has_issues": true, "has_projects": true, "has_downloads": true, "has_wiki": true, "has_pages": false, "has_discussions": false, "forks_count": 0, "mirror_url": null, "archived": false, "disabled": false, "open_issues_count": 0, "license": null, "allow_forking": true, "is_template": false, "web_commit_signoff_required": false, "topics": [], "default_branch": "master", "permissions": {"admin": false, "maintain": false, "push": false, "triage": false, "pull": true}, "network_count": 0, "subscribers_count": 3, "_id": 16192}, {"owner": {"type": "User", "site_admin": false}, "fork": false, "created_at": "2008-05-12T11:50:08Z", "updated_at": "2019-08-13T13:24:24Z", "pushed_at": "2008-05-13T02:15:05Z", "size": 504, "stargazers_count": 4, "watchers_count": 4, "language": "Ruby", "has_issues": true, "has_projects": true, "has_downloads": true, "has_wiki": true, "has_pages": false, "has_discussions": false, "forks_count": 3, "mirror_url": null, "archived": false, "disabled": false, "open_issues_count": 0, "license": null, "allow_forking": true, "is_template": false, "web_commit_signoff_required": false, "topics": [], "default_branch": "master", "permissions": {"admin": false, "maintain": false, "push": false, "triage": false, "pull": true}, "network_count": 3, "subscribers_count": 2, "_id": 16193}, {"owner": {"type": "User", "site_admin": false}, "fork": true, "created_at": "2008-05-12T12:25:27Z", "updated_at": "2019-08-13T13:24:24Z", "pushed_at": "2011-08-19T13:16:33Z", "size": 779, "stargazers_count": 4, "watchers_count": 4, "language": "Ruby", "has_issues": true, "has_projects": true, "has_downloads": true, "has_wiki": true, "has_pages": false, "has_discussions": false, "forks_count": 0, "mirror_url": null, "archived": false, "disabled": false, "open_issues_count": 0, "license": {"key": "mit", "name": "MIT License", "spdx_id": "MIT", "url": "https://api.github.com/licenses/mit", "node_id": "MDc6TGljZW5zZTEz"}, "allow_forking": true, "is_template": false, "web_commit_signoff_required": false, "topics": [], "default_branch": "master", "permissions": {"admin": false, "maintain": false, "push": false, "triage": false, "pull": true}, "network_count": 27, "subscribers_count": 3, "_id": 16197}, {"owner": {"type": "User", "site_admin": false}, "fork": true, "created_at": "2008-05-12T12:39:26Z", "updated_at": "2019-08-13T13:24:24Z", "pushed_at": "2008-05-12T12:39:28Z", "size": 12345, "stargazers_count": 1, "watchers_count": 1, "language": "Ruby", "has_issues": true, "has_projects": true, "has_downloads": true, "has_wiki": true, "has_pages": false, "has_discussions": false, "forks_count": 0, "mirror_url": null, "archived": false, "disabled": false, "open_issues_count": 0, "license": null, "allow_forking": true, "is_template": false, "web_commit_signoff_required": false, "topics": [], "default_branch": "master", "permissions": {"admin": false, "maintain": false, "push": false, "triage": false, "pull": true}, "network_count": 20776, "subscribers_count": 1, "_id": 16199}, {"owner": {"type": "User", "site_admin": false}, "fork": false, "created_at": "2008-05-12T12:58:40Z", "updated_at": "2019-08-13T13:24:24Z", "pushed_at": "2013-02-28T08:08:41Z", "size": 848, "stargazers_count": 6, "watchers_count": 6, "language": "C++", "has_issues": true, "has_projects": true, "has_downloads": true, "has_wiki": true, "has_pages": false, "has_discussions": false, "forks_count": 0, "mirror_url": null, "archived": false, "disabled": false, "open_issues_count": 0, "license": {"key": "other", "name": "Other", "spdx_id": "NOASSERTION", "url": null, "node_id": "MDc6TGljZW5zZTA="}, "allow_forking": true, "is_template": false, "web_commit_signoff_required": false, "topics": [], "default_branch": "master", "permissions": {"admin": false, "maintain": false, "push": false, "triage": false, "pull": true}, "network_count": 0, "subscribers_count": 2, "_id": 16201}, {"owner": {"type": "User", "site_admin": false}, "fork": false, "created_at": "2008-05-12T13:41:46Z", "updated_at": "2019-08-13T13:24:24Z", "pushed_at": "2008-05-14T15:35:59Z", "size": 92, "stargazers_count": 2, "watchers_count": 2, "language": "Ruby", "has_issues": true, "has_projects": true, "has_downloads": true, "has_wiki": true, "has_pages": false, "has_discussions": false, "forks_count": 0, "mirror_url": null, "archived": false, "disabled": false, "open_issues_count": 0, "license": {"key": "mit", "name": "MIT License", "spdx_id": "MIT", "url": "https://api.github.com/licenses/mit", "node_id": "MDc6TGljZW5zZTEz"}, "allow_forking": true, "is_template": false, "web_commit_signoff_required": false, "topics": [], "default_branch": "master", "permissions": {"admin": false, "maintain": false, "push": false, "triage": false, "pull": true}, "network_count": 0, "subscribers_count": 2, "_id": 16211}, {"owner": {"type": "User", "site_admin": false}, "fork": false, "created_at": "2008-05-12T14:23:41Z", "updated_at": "2022-08-13T20:57:40Z", "pushed_at": "2009-02-17T13:16:19Z", "size": 189, "stargazers_count": 20, "watchers_count": 20, "language": "Ruby", "has_issues": true, "has_projects": true, "has_downloads": true, "has_wiki": true, "has_pages": false, "has_discussions": false, "forks_count": 7, "mirror_url": null, "archived": false, "disabled": false, "open_issues_count": 0, "license": {"key": "mit", "name": "MIT License", "spdx_id": "MIT", "url": "https://api.github.com/licenses/mit", "node_id": "MDc6TGljZW5zZTEz"}, "allow_forking": true, "is_template": false, "web_commit_signoff_required": false, "topics": [], "default_branch": "master", "permissions": {"admin": false, "maintain": false, "push": false, "triage": false, "pull": true}, "network_count": 7, "subscribers_count": 4, "_id": 16221}, {"owner": {"type": "User", "site_admin": false}, "fork": false, "created_at": "2008-05-12T14:26:13Z", "updated_at": "2019-08-13T13:24:24Z", "pushed_at": "2008-05-12T14:27:23Z", "size": 76, "stargazers_count": 3, "watchers_count": 3, "language": "Ruby", "has_issues": true, "has_projects": true, "has_downloads": true, "has_wiki": true, "has_pages": false, "has_discussions": false, "forks_count": 0, "mirror_url": null, "archived": false, "disabled": false, "open_issues_count": 0, "license": {"key": "mit", "name": "MIT License", "spdx_id": "MIT", "url": "https://api.github.com/licenses/mit", "node_id": "MDc6TGljZW5zZTEz"}, "allow_forking": true, "is_template": false, "web_commit_signoff_required": false, "topics": [], "default_branch": "master", "permissions": {"admin": false, "maintain": false, "push": false, "triage": false, "pull": true}, "network_count": 0, "subscribers_count": 2, "_id": 16223}, {"owner": {"type": "User", "site_admin": false}, "fork": false, "created_at": "2008-05-12T14:34:50Z", "updated_at": "2020-06-22T23:07:46Z", "pushed_at": "2016-05-19T01:35:20Z", "size": 482, "stargazers_count": 46, "watchers_count": 46, "language": "Ruby", "has_issues": true, "has_projects": true, "has_downloads": true, "has_wiki": true, "has_pages": false, "has_discussions": false, "forks_count": 7, "mirror_url": null, "archived": false, "disabled": false, "open_issues_count": 0, "license": null, "allow_forking": true, "is_template": false, "web_commit_signoff_required": false, "topics": [], "default_branch": "master", "permissions": {"admin": false, "maintain": false, "push": false, "triage": false, "pull": true}, "network_count": 7, "subscribers_count": 6, "_id": 16224}, {"owner": {"type": "User", "site_admin": false}, "fork": false, "created_at": "2008-05-12T15:36:51Z", "updated_at": "2019-08-13T13:24:24Z", "pushed_at": "2008-05-13T17:25:43Z", "size": 76, "stargazers_count": 5, "watchers_count": 5, "language": "Ruby", "has_issues": true, "has_projects": true, "has_downloads": true, "has_wiki": true, "has_pages": false, "has_discussions": false, "forks_count": 1, "mirror_url": null, "archived": false, "disabled": false, "open_issues_count": 0, "license": null, "allow_forking": true, "is_template": false, "web_commit_signoff_required": false, "topics": [], "default_branch": "master", "permissions": {"admin": false, "maintain": false, "push": false, "triage": false, "pull": true}, "network_count": 1, "subscribers_count": 2, "_id": 16241}, {"owner": {"type": "User", "site_admin": false}, "fork": true, "created_at": "2008-05-12T15:44:10Z", "updated_at": "2019-08-13T13:24:24Z", "pushed_at": "2008-09-15T20:05:05Z", "size": 96, "stargazers_count": 5, "watchers_count": 5, "language": "Ruby", "has_issues": true, "has_projects": true, "has_downloads": true, "has_wiki": true, "has_pages": false, "has_discussions": false, "forks_count": 0, "mirror_url": null, "archived": true, "disabled": false, "open_issues_count": 0, "license": null, "allow_forking": true, "is_template": false, "web_commit_signoff_required": false, "topics": [], "default_branch": "master", "permissions": {"admin": false, "maintain": false, "push": false, "triage": false, "pull": true}, "network_count": 11, "subscribers_count": 2, "_id": 16242}, {"owner": {"type": "User", "site_admin": false}, "fork": false, "created_at": "2008-05-12T16:13:09Z", "updated_at": "2021-07-19T14:27:43Z", "pushed_at": "2014-07-21T19:47:40Z", "size": 443, "stargazers_count": 19, "watchers_count": 19, "language": "JavaScript", "has_issues": true, "has_projects": true, "has_downloads": true, "has_wiki": true, "has_pages": false, "has_discussions": false, "forks_count": 5, "mirror_url": null, "archived": false, "disabled": false, "open_issues_count": 0, "license": null, "allow_forking": true, "is_template": false, "web_commit_signoff_required": false, "topics": [], "default_branch": "master", "permissions": {"admin": false, "maintain": false, "push": false, "triage": false, "pull": true}, "network_count": 5, "subscribers_count": 7, "_id": 16254}, {"owner": {"type": "User", "site_admin": false}, "fork": false, "created_at": "2008-05-12T16:32:35Z", "updated_at": "2019-08-13T13:24:24Z", "pushed_at": "2008-08-05T00:14:48Z", "size": 89, "stargazers_count": 15, "watchers_count": 15, "language": "Ruby", "has_issues": true, "has_projects": true, "has_downloads": true, "has_wiki": true, "has_pages": false, "has_discussions": false, "forks_count": 3, "mirror_url": null, "archived": true, "disabled": false, "open_issues_count": 0, "license": {"key": "mit", "name": "MIT License", "spdx_id": "MIT", "url": "https://api.github.com/licenses/mit", "node_id": "MDc6TGljZW5zZTEz"}, "allow_forking": true, "is_template": false, "web_commit_signoff_required": false, "topics": [], "default_branch": "master", "permissions": {"admin": false, "maintain": false, "push": false, "triage": false, "pull": true}, "network_count": 3, "subscribers_count": 2, "_id": 16260}, {"owner": {"type": "User", "site_admin": false}, "fork": false, "created_at": "2008-05-12T16:33:34Z", "updated_at": "2019-08-13T13:24:26Z", "pushed_at": "2008-05-12T16:50:58Z", "size": 84, "stargazers_count": 2, "watchers_count": 2, "language": "Ruby", "has_issues": true, "has_projects": true, "has_downloads": true, "has_wiki": true, "has_pages": false, "has_discussions": false, "forks_count": 1, "mirror_url": null, "archived": false, "disabled": false, "open_issues_count": 0, "license": null, "allow_forking": true, "is_template": false, "web_commit_signoff_required": false, "topics": [], "default_branch": "master", "permissions": {"admin": false, "maintain": false, "push": false, "triage": false, "pull": true}, "network_count": 1, "subscribers_count": 3, "_id": 16261}, {"owner": {"type": "User", "site_admin": false}, "fork": false, "created_at": "2008-05-12T16:57:52Z", "updated_at": "2022-11-23T20:26:57Z", "pushed_at": "2022-11-15T17:19:45Z", "size": 30396, "stargazers_count": 2005, "watchers_count": 2005, "language": "C++", "has_issues": true, "has_projects": true, "has_downloads": true, "has_wiki": true, "has_pages": true, "has_discussions": true, "forks_count": 428, "mirror_url": null, "archived": false, "disabled": false, "open_issues_count": 117, "license": {"key": "gpl-2.0", "name": "GNU General Public License v2.0", "spdx_id": "GPL-2.0", "url": "https://api.github.com/licenses/gpl-2.0", "node_id": "MDc6TGljZW5zZTg="}, "allow_forking": true, "is_template": false, "web_commit_signoff_required": false, "topics": [], "default_branch": "master", "permissions": {"admin": false, "maintain": false, "push": false, "triage": false, "pull": true}, "network_count": 428, "subscribers_count": 131, "_id": 16267}, {"owner": {"type": "User", "site_admin": false}, "fork": false, "created_at": "2008-05-12T17:41:10Z", "updated_at": "2021-11-12T05:36:24Z", "pushed_at": "2008-06-10T20:58:21Z", "size": 8756, "stargazers_count": 8, "watchers_count": 8, "language": "Scheme", "has_issues": true, "has_projects": true, "has_downloads": true, "has_wiki": true, "has_pages": false, "has_discussions": false, "forks_count": 0, "mirror_url": null, "archived": false, "disabled": false, "open_issues_count": 0, "license": null, "allow_forking": true, "is_template": false, "web_commit_signoff_required": false, "topics": [], "default_branch": "master", "permissions": {"admin": false, "maintain": false, "push": false, "triage": false, "pull": true}, "network_count": 0, "subscribers_count": 6, "_id": 16277}, {"owner": {"type": "Organization", "site_admin": false}, "fork": false, "created_at": "2008-05-12T18:09:03Z", "updated_at": "2021-02-11T17:25:41Z", "pushed_at": "2020-04-17T03:23:50Z", "size": 1286, "stargazers_count": 36, "watchers_count": 36, "language": "Nu", "has_issues": true, "has_projects": true, "has_downloads": true, "has_wiki": true, "has_pages": false, "has_discussions": false, "forks_count": 12, "mirror_url": null, "archived": false, "disabled": false, "open_issues_count": 0, "license": {"key": "apache-2.0", "name": "Apache License 2.0", "spdx_id": "Apache-2.0", "url": "https://api.github.com/licenses/apache-2.0", "node_id": "MDc6TGljZW5zZTI="}, "allow_forking": true, "is_template": false, "web_commit_signoff_required": false, "topics": [], "default_branch": "master", "permissions": {"admin": false, "maintain": false, "push": false, "triage": false, "pull": true}, "network_count": 12, "subscribers_count": 9, "_id": 16283}, {"owner": {"type": "User", "site_admin": false}, "fork": true, "created_at": "2008-05-12T18:19:10Z", "updated_at": "2022-10-26T12:14:15Z", "pushed_at": "2018-12-04T22:20:56Z", "size": 41895, "stargazers_count": 1710, "watchers_count": 1710, "language": "Java", "has_issues": false, "has_projects": true, "has_downloads": true, "has_wiki": true, "has_pages": false, "has_discussions": false, "forks_count": 8, "mirror_url": null, "archived": false, "disabled": false, "open_issues_count": 2, "license": {"key": "other", "name": "Other", "spdx_id": "NOASSERTION", "url": null, "node_id": "MDc6TGljZW5zZTA="}, "allow_forking": true, "is_template": false, "web_commit_signoff_required": false, "topics": [], "default_branch": "master", "permissions": {"admin": false, "maintain": false, "push": false, "triage": false, "pull": true}, "network_count": 906, "subscribers_count": 70, "_id": 16287}, {"owner": {"type": "User", "site_admin": false}, "fork": false, "created_at": "2008-05-12T18:46:57Z", "updated_at": "2019-08-13T13:24:26Z", "pushed_at": "2010-08-06T10:47:18Z", "size": 104, "stargazers_count": 2, "watchers_count": 2, "language": "Perl", "has_issues": true, "has_projects": true, "has_downloads": true, "has_wiki": true, "has_pages": false, "has_discussions": false, "forks_count": 0, "mirror_url": null, "archived": false, "disabled": false, "open_issues_count": 0, "license": null, "allow_forking": true, "is_template": false, "web_commit_signoff_required": false, "topics": [], "default_branch": "master", "permissions": {"admin": false, "maintain": false, "push": false, "triage": false, "pull": true}, "network_count": 0, "subscribers_count": 1, "_id": 16294}, {"owner": {"type": "User", "site_admin": false}, "fork": false, "created_at": "2008-05-12T19:14:27Z", "updated_at": "2019-08-13T13:24:26Z", "pushed_at": "2008-05-14T03:03:09Z", "size": 112, "stargazers_count": 6, "watchers_count": 6, "language": "Ruby", "has_issues": true, "has_projects": true, "has_downloads": true, "has_wiki": true, "has_pages": false, "has_discussions": false, "forks_count": 0, "mirror_url": null, "archived": false, "disabled": false, "open_issues_count": 1, "license": {"key": "mit", "name": "MIT License", "spdx_id": "MIT", "url": "https://api.github.com/licenses/mit", "node_id": "MDc6TGljZW5zZTEz"}, "allow_forking": true, "is_template": false, "web_commit_signoff_required": false, "topics": [], "default_branch": "master", "permissions": {"admin": false, "maintain": false, "push": false, "triage": false, "pull": true}, "network_count": 0, "subscribers_count": 3, "_id": 16301}, {"owner": {"type": "User", "site_admin": false}, "fork": false, "created_at": "2008-05-12T19:37:25Z", "updated_at": "2022-10-29T13:59:44Z", "pushed_at": "2016-06-10T15:25:54Z", "size": 230, "stargazers_count": 261, "watchers_count": 261, "language": "Python", "has_issues": true, "has_projects": true, "has_downloads": true, "has_wiki": true, "has_pages": false, "has_discussions": false, "forks_count": 36, "mirror_url": null, "archived": false, "disabled": false, "open_issues_count": 10, "license": {"key": "bsd-3-clause", "name": "BSD 3-Clause \"New\" or \"Revised\" License", "spdx_id": "BSD-3-Clause", "url": "https://api.github.com/licenses/bsd-3-clause", "node_id": "MDc6TGljZW5zZTU="}, "allow_forking": true, "is_template": false, "web_commit_signoff_required": false, "topics": [], "default_branch": "master", "permissions": {"admin": false, "maintain": false, "push": false, "triage": false, "pull": true}, "network_count": 36, "subscribers_count": 11, "_id": 16307}, {"owner": {"type": "Organization", "site_admin": false}, "fork": false, "created_at": "2008-05-12T19:39:49Z", "updated_at": "2022-11-23T21:11:43Z", "pushed_at": "2022-11-13T11:33:40Z", "size": 18719, "stargazers_count": 4400, "watchers_count": 4400, "language": "C++", "has_issues": true, "has_projects": true, "has_downloads": true, "has_wiki": true, "has_pages": false, "has_discussions": false, "forks_count": 464, "mirror_url": null, "archived": false, "disabled": false, "open_issues_count": 729, "license": {"key": "bsd-3-clause", "name": "BSD 3-Clause \"New\" or \"Revised\" License", "spdx_id": "BSD-3-Clause", "url": "https://api.github.com/licenses/bsd-3-clause", "node_id": "MDc6TGljZW5zZTU="}, "allow_forking": true, "is_template": false, "web_commit_signoff_required": false, "topics": ["accounting", "command-line-tool", "ledger", "plaintext-accounting"], "default_branch": "master", "permissions": {"admin": false, "maintain": false, "push": false, "triage": false, "pull": true}, "network_count": 464, "subscribers_count": 114, "_id": 16309}, {"owner": {"type": "User", "site_admin": false}, "fork": false, "created_at": "2008-05-12T19:53:40Z", "updated_at": "2022-01-26T12:45:11Z", "pushed_at": "2022-05-19T11:33:49Z", "size": 45, "stargazers_count": 7, "watchers_count": 7, "language": "Shell", "has_issues": true, "has_projects": true, "has_downloads": true, "has_wiki": true, "has_pages": false, "has_discussions": false, "forks_count": 1, "mirror_url": null, "archived": false, "disabled": false, "open_issues_count": 0, "license": null, "allow_forking": true, "is_template": false, "web_commit_signoff_required": false, "topics": [], "default_branch": "main", "permissions": {"admin": false, "maintain": false, "push": false, "triage": false, "pull": true}, "network_count": 1, "subscribers_count": 2, "_id": 16313}, {"owner": {"type": "User", "site_admin": false}, "fork": false, "created_at": "2008-05-12T19:57:03Z", "updated_at": "2019-08-13T13:24:26Z", "pushed_at": "2009-01-30T16:03:09Z", "size": 120, "stargazers_count": 8, "watchers_count": 8, "language": "Ruby", "has_issues": true, "has_projects": true, "has_downloads": true, "has_wiki": true, "has_pages": false, "has_discussions": false, "forks_count": 0, "mirror_url": null, "archived": false, "disabled": false, "open_issues_count": 0, "license": {"key": "mit", "name": "MIT License", "spdx_id": "MIT", "url": "https://api.github.com/licenses/mit", "node_id": "MDc6TGljZW5zZTEz"}, "allow_forking": true, "is_template": false, "web_commit_signoff_required": false, "topics": [], "default_branch": "master", "permissions": {"admin": false, "maintain": false, "push": false, "triage": false, "pull": true}, "network_count": 0, "subscribers_count": 3, "_id": 16314}, {"owner": {"type": "User", "site_admin": false}, "fork": false, "created_at": "2008-05-12T20:13:03Z", "updated_at": "2019-08-13T13:24:26Z", "pushed_at": "2008-05-14T14:55:53Z", "size": 80, "stargazers_count": 1, "watchers_count": 1, "language": null, "has_issues": true, "has_projects": true, "has_downloads": true, "has_wiki": true, "has_pages": false, "has_discussions": false, "forks_count": 1, "mirror_url": null, "archived": false, "disabled": false, "open_issues_count": 0, "license": null, "allow_forking": true, "is_template": false, "web_commit_signoff_required": false, "topics": [], "default_branch": "master", "permissions": {"admin": false, "maintain": false, "push": false, "triage": false, "pull": true}, "network_count": 1, "subscribers_count": 3, "_id": 16319}, {"owner": {"type": "User", "site_admin": false}, "fork": true, "created_at": "2008-05-12T20:21:17Z", "updated_at": "2019-08-13T13:24:26Z", "pushed_at": "2008-05-12T20:25:45Z", "size": 155, "stargazers_count": 2, "watchers_count": 2, "language": "JavaScript", "has_issues": true, "has_projects": true, "has_downloads": true, "has_wiki": true, "has_pages": false, "has_discussions": false, "forks_count": 0, "mirror_url": null, "archived": false, "disabled": false, "open_issues_count": 0, "license": {"key": "other", "name": "Other", "spdx_id": "NOASSERTION", "url": null, "node_id": "MDc6TGljZW5zZTA="}, "allow_forking": true, "is_template": false, "web_commit_signoff_required": false, "topics": [], "default_branch": "master", "permissions": {"admin": false, "maintain": false, "push": false, "triage": false, "pull": true}, "network_count": 238, "subscribers_count": 3, "_id": 16322}, {"owner": {"type": "User", "site_admin": false}, "fork": true, "created_at": "2008-05-12T20:41:28Z", "updated_at": "2019-08-13T13:24:26Z", "pushed_at": "2010-07-09T19:52:11Z", "size": 294, "stargazers_count": 1, "watchers_count": 1, "language": "Ruby", "has_issues": true, "has_projects": true, "has_downloads": true, "has_wiki": true, "has_pages": false, "has_discussions": false, "forks_count": 0, "mirror_url": null, "archived": true, "disabled": false, "open_issues_count": 0, "license": {"key": "mit", "name": "MIT License", "spdx_id": "MIT", "url": "https://api.github.com/licenses/mit", "node_id": "MDc6TGljZW5zZTEz"}, "allow_forking": true, "is_template": false, "web_commit_signoff_required": false, "topics": [], "default_branch": "master", "permissions": {"admin": false, "maintain": false, "push": false, "triage": false, "pull": true}, "network_count": 1290, "subscribers_count": 2, "_id": 16326}, {"owner": {"type": "User", "site_admin": false}, "fork": false, "created_at": "2008-05-12T21:13:13Z", "updated_at": "2022-03-31T07:07:01Z", "pushed_at": "2010-11-01T17:43:31Z", "size": 165, "stargazers_count": 88, "watchers_count": 88, "language": "Ruby", "has_issues": true, "has_projects": true, "has_downloads": true, "has_wiki": true, "has_pages": false, "has_discussions": false, "forks_count": 18, "mirror_url": null, "archived": false, "disabled": false, "open_issues_count": 0, "license": {"key": "mit", "name": "MIT License", "spdx_id": "MIT", "url": "https://api.github.com/licenses/mit", "node_id": "MDc6TGljZW5zZTEz"}, "allow_forking": true, "is_template": false, "web_commit_signoff_required": false, "topics": [], "default_branch": "master", "permissions": {"admin": false, "maintain": false, "push": false, "triage": false, "pull": true}, "network_count": 18, "subscribers_count": 6, "_id": 16330}, {"owner": {"type": "User", "site_admin": false}, "fork": false, "created_at": "2008-05-12T21:31:57Z", "updated_at": "2019-08-13T13:24:27Z", "pushed_at": "2008-05-12T22:57:06Z", "size": 164, "stargazers_count": 2, "watchers_count": 2, "language": "Ruby", "has_issues": true, "has_projects": true, "has_downloads": true, "has_wiki": true, "has_pages": false, "has_discussions": false, "forks_count": 0, "mirror_url": null, "archived": false, "disabled": false, "open_issues_count": 0, "license": null, "allow_forking": true, "is_template": false, "web_commit_signoff_required": false, "topics": [], "default_branch": "master", "permissions": {"admin": false, "maintain": false, "push": false, "triage": false, "pull": true}, "network_count": 0, "subscribers_count": 2, "_id": 16334}, {"owner": {"type": "User", "site_admin": false}, "fork": true, "created_at": "2008-05-12T21:33:28Z", "updated_at": "2019-08-13T13:24:27Z", "pushed_at": "2008-05-13T02:21:25Z", "size": 95, "stargazers_count": 2, "watchers_count": 2, "language": "Ruby", "has_issues": true, "has_projects": true, "has_downloads": true, "has_wiki": true, "has_pages": false, "has_discussions": false, "forks_count": 0, "mirror_url": null, "archived": false, "disabled": false, "open_issues_count": 0, "license": {"key": "mit", "name": "MIT License", "spdx_id": "MIT", "url": "https://api.github.com/licenses/mit", "node_id": "MDc6TGljZW5zZTEz"}, "allow_forking": true, "is_template": false, "web_commit_signoff_required": false, "topics": [], "default_branch": "master", "permissions": {"admin": false, "maintain": false, "push": false, "triage": false, "pull": true}, "network_count": 3, "subscribers_count": 3, "_id": 16335}, {"owner": {"type": "User", "site_admin": false}, "fork": false, "created_at": "2008-05-12T21:37:58Z", "updated_at": "2019-08-13T13:24:27Z", "pushed_at": "2013-02-10T10:51:50Z", "size": 10436, "stargazers_count": 2, "watchers_count": 2, "language": "Shell", "has_issues": true, "has_projects": true, "has_downloads": true, "has_wiki": true, "has_pages": false, "has_discussions": false, "forks_count": 0, "mirror_url": null, "archived": false, "disabled": false, "open_issues_count": 0, "license": null, "allow_forking": true, "is_template": false, "web_commit_signoff_required": false, "topics": [], "default_branch": "master", "permissions": {"admin": false, "maintain": false, "push": false, "triage": false, "pull": true}, "network_count": 0, "subscribers_count": 3, "_id": 16336}, {"owner": {"type": "User", "site_admin": false}, "fork": true, "created_at": "2008-05-12T21:56:17Z", "updated_at": "2019-08-13T13:24:27Z", "pushed_at": "2008-05-12T21:56:17Z", "size": 573, "stargazers_count": 2, "watchers_count": 2, "language": "Ruby", "has_issues": true, "has_projects": true, "has_downloads": true, "has_wiki": true, "has_pages": false, "has_discussions": false, "forks_count": 0, "mirror_url": null, "archived": false, "disabled": false, "open_issues_count": 0, "license": {"key": "other", "name": "Other", "spdx_id": "NOASSERTION", "url": null, "node_id": "MDc6TGljZW5zZTA="}, "allow_forking": true, "is_template": false, "web_commit_signoff_required": false, "topics": [], "default_branch": "master", "permissions": {"admin": false, "maintain": false, "push": false, "triage": false, "pull": true}, "network_count": 115, "subscribers_count": 3, "_id": 16338}, {"owner": {"type": "User", "site_admin": false}, "fork": false, "created_at": "2008-05-12T22:00:08Z", "updated_at": "2019-08-13T13:24:27Z", "pushed_at": "2008-05-13T20:15:45Z", "size": 86, "stargazers_count": 8, "watchers_count": 8, "language": "Ruby", "has_issues": true, "has_projects": true, "has_downloads": true, "has_wiki": true, "has_pages": false, "has_discussions": false, "forks_count": 2, "mirror_url": null, "archived": false, "disabled": false, "open_issues_count": 0, "license": {"key": "mit", "name": "MIT License", "spdx_id": "MIT", "url": "https://api.github.com/licenses/mit", "node_id": "MDc6TGljZW5zZTEz"}, "allow_forking": true, "is_template": false, "web_commit_signoff_required": false, "topics": [], "default_branch": "master", "permissions": {"admin": false, "maintain": false, "push": false, "triage": false, "pull": true}, "network_count": 2, "subscribers_count": 3, "_id": 16341}, {"owner": {"type": "User", "site_admin": false}, "fork": false, "created_at": "2008-05-12T22:08:08Z", "updated_at": "2019-08-13T13:24:27Z", "pushed_at": "2008-05-13T22:47:42Z", "size": 88, "stargazers_count": 4, "watchers_count": 4, "language": "Ruby", "has_issues": true, "has_projects": true, "has_downloads": true, "has_wiki": true, "has_pages": false, "has_discussions": false, "forks_count": 0, "mirror_url": null, "archived": false, "disabled": false, "open_issues_count": 0, "license": null, "allow_forking": true, "is_template": false, "web_commit_signoff_required": false, "topics": [], "default_branch": "master", "permissions": {"admin": false, "maintain": false, "push": false, "triage": false, "pull": true}, "network_count": 0, "subscribers_count": 3, "_id": 16346}, {"owner": {"type": "User", "site_admin": false}, "fork": false, "created_at": "2008-05-12T22:10:28Z", "updated_at": "2019-08-13T13:24:27Z", "pushed_at": "2011-04-01T21:02:10Z", "size": 524, "stargazers_count": 5, "watchers_count": 5, "language": "Erlang", "has_issues": true, "has_projects": true, "has_downloads": true, "has_wiki": true, "has_pages": false, "has_discussions": false, "forks_count": 0, "mirror_url": null, "archived": false, "disabled": false, "open_issues_count": 8, "license": null, "allow_forking": true, "is_template": false, "web_commit_signoff_required": false, "topics": [], "default_branch": "master", "permissions": {"admin": false, "maintain": false, "push": false, "triage": false, "pull": true}, "network_count": 0, "subscribers_count": 4, "_id": 16348}, {"owner": {"type": "User", "site_admin": false}, "fork": false, "created_at": "2008-05-12T22:55:25Z", "updated_at": "2019-08-13T13:24:27Z", "pushed_at": "2009-04-29T23:48:51Z", "size": 1584, "stargazers_count": 7, "watchers_count": 7, "language": "Python", "has_issues": true, "has_projects": true, "has_downloads": true, "has_wiki": true, "has_pages": false, "has_discussions": false, "forks_count": 0, "mirror_url": null, "archived": false, "disabled": false, "open_issues_count": 0, "license": {"key": "lgpl-3.0", "name": "GNU Lesser General Public License v3.0", "spdx_id": "LGPL-3.0", "url": "https://api.github.com/licenses/lgpl-3.0", "node_id": "MDc6TGljZW5zZTEy"}, "allow_forking": true, "is_template": false, "web_commit_signoff_required": false, "topics": [], "default_branch": "master", "permissions": {"admin": false, "maintain": false, "push": false, "triage": false, "pull": true}, "network_count": 0, "subscribers_count": 7, "_id": 16351}, {"owner": {"type": "User", "site_admin": false}, "fork": false, "created_at": "2008-05-12T23:52:07Z", "updated_at": "2019-08-13T13:24:27Z", "pushed_at": "2008-10-23T17:38:12Z", "size": 86, "stargazers_count": 4, "watchers_count": 4, "language": "Ruby", "has_issues": true, "has_projects": true, "has_downloads": true, "has_wiki": true, "has_pages": false, "has_discussions": false, "forks_count": 1, "mirror_url": null, "archived": false, "disabled": false, "open_issues_count": 0, "license": null, "allow_forking": true, "is_template": false, "web_commit_signoff_required": false, "topics": [], "default_branch": "master", "permissions": {"admin": false, "maintain": false, "push": false, "triage": false, "pull": true}, "network_count": 1, "subscribers_count": 2, "_id": 16357}]