[{"owner": {"type": "User", "site_admin": false}, "fork": true, "created_at": "2008-03-14T20:13:58Z", "updated_at": "2021-07-27T03:29:55Z", "pushed_at": "2008-03-21T04:33:23Z", "size": 957, "stargazers_count": 6, "watchers_count": 6, "language": "Arc", "has_issues": true, "has_projects": true, "has_downloads": true, "has_wiki": true, "has_pages": false, "has_discussions": false, "forks_count": 2, "mirror_url": null, "archived": false, "disabled": false, "open_issues_count": 0, "license": {"key": "other", "name": "Other", "spdx_id": "NOASSERTION", "url": null, "node_id": "MDc6TGljZW5zZTA="}, "allow_forking": true, "is_template": false, "web_commit_signoff_required": false, "topics": [], "default_branch": "master", "permissions": {"admin": false, "maintain": false, "push": false, "triage": false, "pull": true}, "network_count": 164, "subscribers_count": 3, "_id": 4741}]