[{"owner": {"type": "User", "site_admin": false}, "fork": true, "created_at": "2008-01-31T14:11:27Z", "updated_at": "2019-08-13T13:22:21Z", "pushed_at": "2008-04-19T12:05:14Z", "size": 114, "stargazers_count": 5, "watchers_count": 5, "language": null, "has_issues": true, "has_projects": true, "has_downloads": true, "has_wiki": true, "has_pages": false, "has_discussions": false, "forks_count": 2, "mirror_url": null, "archived": false, "disabled": false, "open_issues_count": 0, "license": null, "allow_forking": true, "is_template": false, "web_commit_signoff_required": false, "topics": [], "default_branch": "master", "permissions": {"admin": false, "maintain": false, "push": false, "triage": false, "pull": true}, "network_count": 20, "subscribers_count": 2, "_id": 5707}]