[{"owner": {"type": "User", "site_admin": false}, "fork": true, "created_at": "2008-03-08T01:32:13Z", "updated_at": "2020-01-09T08:20:31Z", "pushed_at": "2008-03-26T21:17:30Z", "size": 104, "stargazers_count": 6, "watchers_count": 6, "language": "Ruby", "has_issues": true, "has_projects": true, "has_downloads": true, "has_wiki": true, "has_pages": false, "has_discussions": false, "forks_count": 1, "mirror_url": null, "archived": false, "disabled": false, "open_issues_count": 0, "license": null, "allow_forking": true, "is_template": false, "web_commit_signoff_required": false, "topics": [], "default_branch": "master", "permissions": {"admin": false, "maintain": false, "push": false, "triage": false, "pull": true}, "network_count": 56, "subscribers_count": 3, "_id": 4711}]