[{"owner": {"type": "User", "site_admin": false}, "fork": false, "created_at": "2008-01-22T01:54:15Z", "updated_at": "2022-01-19T17:53:19Z", "pushed_at": "2009-06-26T19:19:26Z", "size": 131, "stargazers_count": 53, "watchers_count": 53, "language": "Ruby", "has_issues": true, "has_projects": true, "has_downloads": true, "has_wiki": true, "has_pages": false, "has_discussions": false, "forks_count": 19, "mirror_url": null, "archived": false, "disabled": false, "open_issues_count": 2, "license": {"key": "mit", "name": "MIT License", "spdx_id": "MIT", "url": "https://api.github.com/licenses/mit", "node_id": "MDc6TGljZW5zZTEz"}, "allow_forking": true, "is_template": false, "web_commit_signoff_required": false, "topics": [], "default_branch": "master", "permissions": {"admin": false, "maintain": false, "push": false, "triage": false, "pull": true}, "_id": 74}, {"owner": {"type": "User", "site_admin": false}, "fork": false, "created_at": "2008-01-22T07:19:14Z", "updated_at": "2022-05-30T13:36:57Z", "pushed_at": "2008-03-26T19:09:21Z", "size": 117, "stargazers_count": 14, "watchers_count": 14, "language": "Ruby", "has_issues": true, "has_projects": true, "has_downloads": true, "has_wiki": true, "has_pages": false, "has_discussions": false, "forks_count": 9, "mirror_url": null, "archived": false, "disabled": false, "open_issues_count": 0, "license": null, "allow_forking": true, "is_template": false, "web_commit_signoff_required": false, "topics": [], "default_branch": "master", "permissions": {"admin": false, "maintain": false, "push": false, "triage": false, "pull": true}, "_id": 75}]