[{"owner": {"type": "User", "site_admin": false}, "fork": false, "created_at": "2008-04-10T00:08:36Z", "updated_at": "2019-08-13T13:22:46Z", "pushed_at": "2013-06-20T14:55:06Z", "size": 7763, "stargazers_count": 6, "watchers_count": 6, "language": "PHP", "has_issues": true, "has_projects": true, "has_downloads": true, "has_wiki": true, "has_pages": false, "has_discussions": false, "forks_count": 2, "mirror_url": null, "archived": false, "disabled": false, "open_issues_count": 0, "license": null, "allow_forking": true, "is_template": false, "web_commit_signoff_required": false, "topics": [], "default_branch": "master", "permissions": {"admin": false, "maintain": false, "push": false, "triage": false, "pull": true}, "network_count": 2, "subscribers_count": 3, "_id": 8252}, {"owner": {"type": "User", "site_admin": false}, "fork": false, "created_at": "2008-04-10T08:29:49Z", "updated_at": "2019-08-13T13:22:46Z", "pushed_at": "2008-07-27T08:30:32Z", "size": 598, "stargazers_count": 8, "watchers_count": 8, "language": "Ruby", "has_issues": true, "has_projects": true, "has_downloads": true, "has_wiki": true, "has_pages": false, "has_discussions": false, "forks_count": 3, "mirror_url": null, "archived": false, "disabled": false, "open_issues_count": 0, "license": {"key": "other", "name": "Other", "spdx_id": "NOASSERTION", "url": null, "node_id": "MDc6TGljZW5zZTA="}, "allow_forking": true, "is_template": false, "web_commit_signoff_required": false, "topics": [], "default_branch": "master", "permissions": {"admin": false, "maintain": false, "push": false, "triage": false, "pull": true}, "network_count": 3, "subscribers_count": 3, "_id": 8256}, {"owner": {"type": "User", "site_admin": false}, "fork": false, "created_at": "2008-04-10T10:26:19Z", "updated_at": "2022-01-25T11:21:16Z", "pushed_at": "2010-08-11T16:14:47Z", "size": 125, "stargazers_count": 96, "watchers_count": 96, "language": "Ruby", "has_issues": true, "has_projects": true, "has_downloads": true, "has_wiki": true, "has_pages": false, "has_discussions": false, "forks_count": 25, "mirror_url": null, "archived": false, "disabled": false, "open_issues_count": 3, "license": null, "allow_forking": true, "is_template": false, "web_commit_signoff_required": false, "topics": [], "default_branch": "master", "permissions": {"admin": false, "maintain": false, "push": false, "triage": false, "pull": true}, "network_count": 25, "subscribers_count": 3, "_id": 8268}, {"owner": {"type": "User", "site_admin": false}, "fork": true, "created_at": "2008-04-10T11:29:28Z", "updated_at": "2019-08-13T13:22:46Z", "pushed_at": "2008-10-21T06:48:57Z", "size": 4468, "stargazers_count": 9, "watchers_count": 9, "language": "Ruby", "has_issues": true, "has_projects": true, "has_downloads": true, "has_wiki": true, "has_pages": false, "has_discussions": false, "forks_count": 0, "mirror_url": null, "archived": false, "disabled": false, "open_issues_count": 0, "license": {"key": "gpl-2.0", "name": "GNU General Public License v2.0", "spdx_id": "GPL-2.0", "url": "https://api.github.com/licenses/gpl-2.0", "node_id": "MDc6TGljZW5zZTg="}, "allow_forking": true, "is_template": false, "web_commit_signoff_required": false, "topics": [], "default_branch": "master", "permissions": {"admin": false, "maintain": false, "push": false, "triage": false, "pull": true}, "network_count": 14, "subscribers_count": 4, "_id": 8277}, {"owner": {"type": "Organization", "site_admin": false}, "fork": false, "created_at": "2008-04-10T13:01:45Z", "updated_at": "2019-08-13T13:22:46Z", "pushed_at": "2009-04-15T14:24:40Z", "size": 88, "stargazers_count": 4, "watchers_count": 4, "language": "Ruby", "has_issues": true, "has_projects": true, "has_downloads": true, "has_wiki": true, "has_pages": false, "has_discussions": false, "forks_count": 2, "mirror_url": null, "archived": false, "disabled": false, "open_issues_count": 0, "license": {"key": "mit", "name": "MIT License", "spdx_id": "MIT", "url": "https://api.github.com/licenses/mit", "node_id": "MDc6TGljZW5zZTEz"}, "allow_forking": true, "is_template": false, "web_commit_signoff_required": false, "topics": [], "default_branch": "master", "permissions": {"admin": false, "maintain": false, "push": false, "triage": false, "pull": true}, "network_count": 2, "subscribers_count": 2, "_id": 8287}, {"owner": {"type": "User", "site_admin": false}, "fork": false, "created_at": "2008-04-10T05:32:40Z", "updated_at": "2019-08-13T13:22:46Z", "pushed_at": "2009-01-01T18:06:18Z", "size": 92, "stargazers_count": 5, "watchers_count": 5, "language": "Ruby", "has_issues": true, "has_projects": true, "has_downloads": false, "has_wiki": true, "has_pages": false, "has_discussions": false, "forks_count": 1, "mirror_url": null, "archived": false, "disabled": false, "open_issues_count": 0, "license": {"key": "other", "name": "Other", "spdx_id": "NOASSERTION", "url": null, "node_id": "MDc6TGljZW5zZTA="}, "allow_forking": true, "is_template": false, "web_commit_signoff_required": false, "topics": [], "default_branch": "master", "permissions": {"admin": false, "maintain": false, "push": false, "triage": false, "pull": true}, "network_count": 1, "subscribers_count": 3, "_id": 8290}, {"owner": {"type": "User", "site_admin": false}, "fork": false, "created_at": "2008-04-10T13:51:52Z", "updated_at": "2019-08-13T13:22:46Z", "pushed_at": "2008-05-09T10:30:36Z", "size": 1195, "stargazers_count": 15, "watchers_count": 15, "language": "PHP", "has_issues": true, "has_projects": true, "has_downloads": true, "has_wiki": true, "has_pages": false, "has_discussions": false, "forks_count": 5, "mirror_url": null, "archived": false, "disabled": false, "open_issues_count": 0, "license": null, "allow_forking": true, "is_template": false, "web_commit_signoff_required": false, "topics": [], "default_branch": "master", "permissions": {"admin": false, "maintain": false, "push": false, "triage": false, "pull": true}, "network_count": 5, "subscribers_count": 4, "_id": 8293}, {"owner": {"type": "User", "site_admin": false}, "fork": false, "created_at": "2008-04-10T06:14:33Z", "updated_at": "2019-08-13T13:22:47Z", "pushed_at": "2008-04-11T12:43:11Z", "size": 370, "stargazers_count": 3, "watchers_count": 3, "language": "Ruby", "has_issues": true, "has_projects": true, "has_downloads": true, "has_wiki": true, "has_pages": false, "has_discussions": false, "forks_count": 1, "mirror_url": null, "archived": false, "disabled": false, "open_issues_count": 1, "license": {"key": "other", "name": "Other", "spdx_id": "NOASSERTION", "url": null, "node_id": "MDc6TGljZW5zZTA="}, "allow_forking": true, "is_template": false, "web_commit_signoff_required": false, "topics": [], "default_branch": "master", "permissions": {"admin": false, "maintain": false, "push": false, "triage": false, "pull": true}, "network_count": 1, "subscribers_count": 3, "_id": 8299}, {"owner": {"type": "User", "site_admin": false}, "fork": false, "created_at": "2008-04-10T06:29:04Z", "updated_at": "2019-08-13T13:22:47Z", "pushed_at": "2008-04-27T21:53:39Z", "size": 100, "stargazers_count": 4, "watchers_count": 4, "language": "OCaml", "has_issues": true, "has_projects": true, "has_downloads": true, "has_wiki": true, "has_pages": false, "has_discussions": false, "forks_count": 3, "mirror_url": null, "archived": false, "disabled": false, "open_issues_count": 0, "license": null, "allow_forking": true, "is_template": false, "web_commit_signoff_required": false, "topics": [], "default_branch": "master", "permissions": {"admin": false, "maintain": false, "push": false, "triage": false, "pull": true}, "network_count": 3, "subscribers_count": 2, "_id": 8302}, {"owner": {"type": "User", "site_admin": false}, "fork": false, "created_at": "2008-04-10T06:30:04Z", "updated_at": "2019-08-13T13:22:47Z", "pushed_at": "2008-06-25T07:48:22Z", "size": 9301, "stargazers_count": 15, "watchers_count": 15, "language": "Ruby", "has_issues": true, "has_projects": true, "has_downloads": true, "has_wiki": true, "has_pages": false, "has_discussions": false, "forks_count": 3, "mirror_url": null, "archived": false, "disabled": false, "open_issues_count": 0, "license": null, "allow_forking": true, "is_template": false, "web_commit_signoff_required": false, "topics": [], "default_branch": "master", "permissions": {"admin": false, "maintain": false, "push": false, "triage": false, "pull": true}, "network_count": 3, "subscribers_count": 2, "_id": 8303}, {"owner": {"type": "User", "site_admin": false}, "fork": true, "created_at": "2008-04-10T14:45:27Z", "updated_at": "2020-11-13T18:54:12Z", "pushed_at": "2019-01-30T14:10:36Z", "size": 1331, "stargazers_count": 4, "watchers_count": 4, "language": "Ruby", "has_issues": true, "has_projects": true, "has_downloads": true, "has_wiki": true, "has_pages": false, "has_discussions": false, "forks_count": 0, "mirror_url": null, "archived": false, "disabled": false, "open_issues_count": 1, "license": {"key": "bsd-3-clause", "name": "BSD 3-Clause \"New\" or \"Revised\" License", "spdx_id": "BSD-3-Clause", "url": "https://api.github.com/licenses/bsd-3-clause", "node_id": "MDc6TGljZW5zZTU="}, "allow_forking": true, "is_template": false, "web_commit_signoff_required": false, "topics": [], "default_branch": "master", "permissions": {"admin": false, "maintain": false, "push": false, "triage": false, "pull": true}, "network_count": 4884, "subscribers_count": 3, "_id": 8304}, {"owner": {"type": "User", "site_admin": false}, "fork": false, "created_at": "2008-04-10T15:16:31Z", "updated_at": "2019-08-13T13:22:47Z", "pushed_at": "2015-04-04T15:03:54Z", "size": 728, "stargazers_count": 8, "watchers_count": 8, "language": "Ruby", "has_issues": true, "has_projects": true, "has_downloads": true, "has_wiki": true, "has_pages": false, "has_discussions": false, "forks_count": 4, "mirror_url": null, "archived": false, "disabled": false, "open_issues_count": 1, "license": null, "allow_forking": true, "is_template": false, "web_commit_signoff_required": false, "topics": [], "default_branch": "master", "permissions": {"admin": false, "maintain": false, "push": false, "triage": false, "pull": true}, "network_count": 4, "subscribers_count": 3, "_id": 8311}, {"owner": {"type": "User", "site_admin": false}, "fork": false, "created_at": "2008-04-10T17:57:01Z", "updated_at": "2019-08-13T13:22:47Z", "pushed_at": "2008-12-30T14:03:55Z", "size": 168, "stargazers_count": 4, "watchers_count": 4, "language": "Ruby", "has_issues": true, "has_projects": true, "has_downloads": true, "has_wiki": true, "has_pages": false, "has_discussions": false, "forks_count": 0, "mirror_url": null, "archived": false, "disabled": false, "open_issues_count": 0, "license": {"key": "mit", "name": "MIT License", "spdx_id": "MIT", "url": "https://api.github.com/licenses/mit", "node_id": "MDc6TGljZW5zZTEz"}, "allow_forking": true, "is_template": false, "web_commit_signoff_required": false, "topics": [], "default_branch": "master", "permissions": {"admin": false, "maintain": false, "push": false, "triage": false, "pull": true}, "network_count": 0, "subscribers_count": 3, "_id": 8332}, {"owner": {"type": "User", "site_admin": false}, "fork": false, "created_at": "2008-04-10T18:10:30Z", "updated_at": "2021-01-13T19:25:24Z", "pushed_at": "2014-01-20T12:06:27Z", "size": 960, "stargazers_count": 33, "watchers_count": 33, "language": "JavaScript", "has_issues": true, "has_projects": true, "has_downloads": true, "has_wiki": true, "has_pages": false, "has_discussions": false, "forks_count": 2, "mirror_url": null, "archived": false, "disabled": false, "open_issues_count": 2, "license": {"key": "mit", "name": "MIT License", "spdx_id": "MIT", "url": "https://api.github.com/licenses/mit", "node_id": "MDc6TGljZW5zZTEz"}, "allow_forking": true, "is_template": false, "web_commit_signoff_required": false, "topics": [], "default_branch": "master", "permissions": {"admin": false, "maintain": false, "push": false, "triage": false, "pull": true}, "network_count": 2, "subscribers_count": 2, "_id": 8337}, {"owner": {"type": "User", "site_admin": false}, "fork": false, "created_at": "2008-04-10T18:11:11Z", "updated_at": "2022-06-30T13:31:01Z", "pushed_at": "2012-03-18T05:01:42Z", "size": 363, "stargazers_count": 162, "watchers_count": 162, "language": "Python", "has_issues": true, "has_projects": true, "has_downloads": true, "has_wiki": true, "has_pages": false, "has_discussions": false, "forks_count": 33, "mirror_url": null, "archived": false, "disabled": false, "open_issues_count": 5, "license": {"key": "other", "name": "Other", "spdx_id": "NOASSERTION", "url": null, "node_id": "MDc6TGljZW5zZTA="}, "allow_forking": true, "is_template": false, "web_commit_signoff_required": false, "topics": [], "default_branch": "master", "permissions": {"admin": false, "maintain": false, "push": false, "triage": false, "pull": true}, "network_count": 33, "subscribers_count": 9, "_id": 8338}, {"owner": {"type": "User", "site_admin": false}, "fork": false, "created_at": "2008-04-10T18:11:18Z", "updated_at": "2019-08-13T13:22:47Z", "pushed_at": "2008-05-01T01:27:36Z", "size": 2588, "stargazers_count": 3, "watchers_count": 3, "language": null, "has_issues": true, "has_projects": true, "has_downloads": true, "has_wiki": true, "has_pages": false, "has_discussions": false, "forks_count": 0, "mirror_url": null, "archived": false, "disabled": false, "open_issues_count": 0, "license": null, "allow_forking": true, "is_template": false, "web_commit_signoff_required": false, "topics": [], "default_branch": "master", "permissions": {"admin": false, "maintain": false, "push": false, "triage": false, "pull": true}, "network_count": 0, "subscribers_count": 3, "_id": 8339}, {"owner": {"type": "User", "site_admin": false}, "fork": false, "created_at": "2008-04-10T18:45:39Z", "updated_at": "2019-08-13T13:22:47Z", "pushed_at": "2008-04-21T21:18:24Z", "size": 89, "stargazers_count": 12, "watchers_count": 12, "language": "Ruby", "has_issues": true, "has_projects": true, "has_downloads": true, "has_wiki": true, "has_pages": false, "has_discussions": false, "forks_count": 1, "mirror_url": null, "archived": false, "disabled": false, "open_issues_count": 0, "license": null, "allow_forking": true, "is_template": false, "web_commit_signoff_required": false, "topics": [], "default_branch": "master", "permissions": {"admin": false, "maintain": false, "push": false, "triage": false, "pull": true}, "network_count": 1, "subscribers_count": 3, "_id": 8350}, {"owner": {"type": "User", "site_admin": false}, "fork": false, "created_at": "2008-04-10T18:52:44Z", "updated_at": "2022-06-05T17:34:23Z", "pushed_at": "2010-03-24T19:07:54Z", "size": 1736, "stargazers_count": 4, "watchers_count": 4, "language": "PHP", "has_issues": true, "has_projects": true, "has_downloads": true, "has_wiki": true, "has_pages": false, "has_discussions": false, "forks_count": 1, "mirror_url": null, "archived": false, "disabled": false, "open_issues_count": 0, "license": {"key": "other", "name": "Other", "spdx_id": "NOASSERTION", "url": null, "node_id": "MDc6TGljZW5zZTA="}, "allow_forking": true, "is_template": false, "web_commit_signoff_required": false, "topics": [], "default_branch": "master", "permissions": {"admin": false, "maintain": false, "push": false, "triage": false, "pull": true}, "network_count": 1, "subscribers_count": 4, "_id": 8354}, {"owner": {"type": "User", "site_admin": false}, "fork": true, "created_at": "2008-04-10T18:54:49Z", "updated_at": "2019-08-13T13:22:47Z", "pushed_at": "2008-04-11T06:33:47Z", "size": 84, "stargazers_count": 3, "watchers_count": 3, "language": "Ruby", "has_issues": true, "has_projects": true, "has_downloads": true, "has_wiki": true, "has_pages": false, "has_discussions": false, "forks_count": 0, "mirror_url": null, "archived": false, "disabled": false, "open_issues_count": 0, "license": {"key": "mit", "name": "MIT License", "spdx_id": "MIT", "url": "https://api.github.com/licenses/mit", "node_id": "MDc6TGljZW5zZTEz"}, "allow_forking": true, "is_template": false, "web_commit_signoff_required": false, "topics": [], "default_branch": "master", "permissions": {"admin": false, "maintain": false, "push": false, "triage": false, "pull": true}, "network_count": 5, "subscribers_count": 3, "_id": 8357}, {"owner": {"type": "Organization", "site_admin": false}, "fork": false, "created_at": "2008-04-10T18:59:40Z", "updated_at": "2019-08-13T13:22:47Z", "pushed_at": "2008-04-17T04:43:35Z", "size": 84, "stargazers_count": 4, "watchers_count": 4, "language": "Ruby", "has_issues": true, "has_projects": true, "has_downloads": true, "has_wiki": true, "has_pages": false, "has_discussions": false, "forks_count": 0, "mirror_url": null, "archived": false, "disabled": false, "open_issues_count": 0, "license": null, "allow_forking": true, "is_template": false, "web_commit_signoff_required": false, "topics": [], "default_branch": "master", "permissions": {"admin": false, "maintain": false, "push": false, "triage": false, "pull": true}, "network_count": 0, "subscribers_count": 5, "_id": 8360}, {"owner": {"type": "User", "site_admin": false}, "fork": false, "created_at": "2008-04-10T19:03:19Z", "updated_at": "2019-08-13T13:22:47Z", "pushed_at": "2008-04-10T19:26:08Z", "size": 80, "stargazers_count": 3, "watchers_count": 3, "language": null, "has_issues": true, "has_projects": true, "has_downloads": true, "has_wiki": true, "has_pages": false, "has_discussions": false, "forks_count": 0, "mirror_url": null, "archived": false, "disabled": false, "open_issues_count": 0, "license": null, "allow_forking": true, "is_template": false, "web_commit_signoff_required": false, "topics": [], "default_branch": "master", "permissions": {"admin": false, "maintain": false, "push": false, "triage": false, "pull": true}, "network_count": 0, "subscribers_count": 3, "_id": 8364}, {"owner": {"type": "User", "site_admin": false}, "fork": false, "created_at": "2008-04-10T19:17:22Z", "updated_at": "2020-06-25T15:11:49Z", "pushed_at": "2013-09-12T07:18:37Z", "size": 428, "stargazers_count": 68, "watchers_count": 68, "language": "Ruby", "has_issues": true, "has_projects": true, "has_downloads": true, "has_wiki": true, "has_pages": false, "has_discussions": false, "forks_count": 13, "mirror_url": null, "archived": false, "disabled": false, "open_issues_count": 6, "license": {"key": "apache-2.0", "name": "Apache License 2.0", "spdx_id": "Apache-2.0", "url": "https://api.github.com/licenses/apache-2.0", "node_id": "MDc6TGljZW5zZTI="}, "allow_forking": true, "is_template": false, "web_commit_signoff_required": false, "topics": [], "default_branch": "master", "permissions": {"admin": false, "maintain": false, "push": false, "triage": false, "pull": true}, "network_count": 13, "subscribers_count": 8, "_id": 8371}, {"owner": {"type": "User", "site_admin": false}, "fork": true, "created_at": "2008-04-10T19:20:43Z", "updated_at": "2019-08-13T13:22:47Z", "pushed_at": "2008-10-23T20:02:08Z", "size": 9888, "stargazers_count": 11, "watchers_count": 11, "language": "Ruby", "has_issues": true, "has_projects": true, "has_downloads": true, "has_wiki": true, "has_pages": false, "has_discussions": false, "forks_count": 2, "mirror_url": null, "archived": false, "disabled": false, "open_issues_count": 0, "license": {"key": "other", "name": "Other", "spdx_id": "NOASSERTION", "url": null, "node_id": "MDc6TGljZW5zZTA="}, "allow_forking": true, "is_template": false, "web_commit_signoff_required": false, "topics": [], "default_branch": "master", "permissions": {"admin": false, "maintain": false, "push": false, "triage": false, "pull": true}, "network_count": 570, "subscribers_count": 2, "_id": 8372}, {"owner": {"type": "User", "site_admin": false}, "fork": false, "created_at": "2008-04-10T19:25:14Z", "updated_at": "2019-08-13T13:22:47Z", "pushed_at": "2009-10-01T07:26:53Z", "size": 1344, "stargazers_count": 4, "watchers_count": 4, "language": "Ruby", "has_issues": true, "has_projects": true, "has_downloads": true, "has_wiki": true, "has_pages": false, "has_discussions": false, "forks_count": 1, "mirror_url": null, "archived": false, "disabled": false, "open_issues_count": 0, "license": null, "allow_forking": true, "is_template": false, "web_commit_signoff_required": false, "topics": [], "default_branch": "master", "permissions": {"admin": false, "maintain": false, "push": false, "triage": false, "pull": true}, "network_count": 1, "subscribers_count": 2, "_id": 8375}, {"owner": {"type": "User", "site_admin": false}, "fork": false, "created_at": "2008-04-10T19:25:47Z", "updated_at": "2019-08-13T13:22:47Z", "pushed_at": "2008-04-23T01:05:18Z", "size": 987, "stargazers_count": 5, "watchers_count": 5, "language": "Ruby", "has_issues": true, "has_projects": true, "has_downloads": true, "has_wiki": true, "has_pages": false, "has_discussions": false, "forks_count": 0, "mirror_url": null, "archived": false, "disabled": false, "open_issues_count": 1, "license": null, "allow_forking": true, "is_template": false, "web_commit_signoff_required": false, "topics": [], "default_branch": "master", "permissions": {"admin": false, "maintain": false, "push": false, "triage": false, "pull": true}, "network_count": 0, "subscribers_count": 3, "_id": 8376}, {"owner": {"type": "User", "site_admin": false}, "fork": false, "created_at": "2008-04-10T19:52:03Z", "updated_at": "2019-08-13T13:22:47Z", "pushed_at": "2008-04-15T17:04:18Z", "size": 112, "stargazers_count": 2, "watchers_count": 2, "language": "Python", "has_issues": true, "has_projects": true, "has_downloads": true, "has_wiki": true, "has_pages": false, "has_discussions": false, "forks_count": 0, "mirror_url": null, "archived": false, "disabled": false, "open_issues_count": 0, "license": null, "allow_forking": true, "is_template": false, "web_commit_signoff_required": false, "topics": [], "default_branch": "master", "permissions": {"admin": false, "maintain": false, "push": false, "triage": false, "pull": true}, "network_count": 0, "subscribers_count": 2, "_id": 8389}, {"owner": {"type": "User", "site_admin": false}, "fork": true, "created_at": "2008-04-10T19:53:10Z", "updated_at": "2019-08-13T13:22:47Z", "pushed_at": "2008-04-11T18:10:28Z", "size": 84, "stargazers_count": 3, "watchers_count": 3, "language": null, "has_issues": true, "has_projects": true, "has_downloads": true, "has_wiki": true, "has_pages": false, "has_discussions": false, "forks_count": 1, "mirror_url": null, "archived": false, "disabled": false, "open_issues_count": 0, "license": null, "allow_forking": true, "is_template": false, "web_commit_signoff_required": false, "topics": [], "default_branch": "master", "permissions": {"admin": false, "maintain": false, "push": false, "triage": false, "pull": true}, "network_count": 10, "subscribers_count": 3, "_id": 8390}, {"owner": {"type": "Organization", "site_admin": false}, "fork": false, "created_at": "2008-04-10T19:58:20Z", "updated_at": "2022-11-19T05:28:27Z", "pushed_at": "2022-10-11T23:33:19Z", "size": 3509, "stargazers_count": 9064, "watchers_count": 9064, "language": "Ruby", "has_issues": true, "has_projects": false, "has_downloads": true, "has_wiki": true, "has_pages": false, "has_discussions": false, "forks_count": 2415, "mirror_url": null, "archived": false, "disabled": false, "open_issues_count": 54, "license": {"key": "other", "name": "Other", "spdx_id": "NOASSERTION", "url": null, "node_id": "MDc6TGljZW5zZTA="}, "allow_forking": true, "is_template": false, "web_commit_signoff_required": false, "topics": [], "default_branch": "main", "permissions": {"admin": false, "maintain": false, "push": false, "triage": false, "pull": true}, "network_count": 2415, "subscribers_count": 185, "_id": 8393}, {"owner": {"type": "User", "site_admin": false}, "fork": false, "created_at": "2008-04-10T20:30:30Z", "updated_at": "2020-01-19T05:00:47Z", "pushed_at": "2008-04-10T20:31:32Z", "size": 144, "stargazers_count": 3, "watchers_count": 3, "language": "Ruby", "has_issues": true, "has_projects": true, "has_downloads": true, "has_wiki": true, "has_pages": false, "has_discussions": false, "forks_count": 0, "mirror_url": null, "archived": true, "disabled": false, "open_issues_count": 0, "license": null, "allow_forking": true, "is_template": false, "web_commit_signoff_required": false, "topics": [], "default_branch": "master", "permissions": {"admin": false, "maintain": false, "push": false, "triage": false, "pull": true}, "network_count": 0, "subscribers_count": 3, "_id": 8401}, {"owner": {"type": "User", "site_admin": false}, "fork": false, "created_at": "2008-04-10T20:41:24Z", "updated_at": "2019-08-13T13:22:47Z", "pushed_at": "2008-04-10T21:26:01Z", "size": 148, "stargazers_count": 3, "watchers_count": 3, "language": null, "has_issues": true, "has_projects": true, "has_downloads": true, "has_wiki": true, "has_pages": false, "has_discussions": false, "forks_count": 1, "mirror_url": null, "archived": false, "disabled": false, "open_issues_count": 0, "license": null, "allow_forking": true, "is_template": false, "web_commit_signoff_required": false, "topics": [], "default_branch": "master", "permissions": {"admin": false, "maintain": false, "push": false, "triage": false, "pull": true}, "network_count": 1, "subscribers_count": 2, "_id": 8408}, {"owner": {"type": "User", "site_admin": false}, "fork": false, "created_at": "2008-04-10T20:51:40Z", "updated_at": "2021-10-22T16:59:24Z", "pushed_at": "2015-11-13T13:41:38Z", "size": 517, "stargazers_count": 11, "watchers_count": 11, "language": "C", "has_issues": true, "has_projects": true, "has_downloads": true, "has_wiki": true, "has_pages": false, "has_discussions": false, "forks_count": 2, "mirror_url": null, "archived": false, "disabled": false, "open_issues_count": 0, "license": {"key": "gpl-3.0", "name": "GNU General Public License v3.0", "spdx_id": "GPL-3.0", "url": "https://api.github.com/licenses/gpl-3.0", "node_id": "MDc6TGljZW5zZTk="}, "allow_forking": true, "is_template": false, "web_commit_signoff_required": false, "topics": [], "default_branch": "master", "permissions": {"admin": false, "maintain": false, "push": false, "triage": false, "pull": true}, "network_count": 2, "subscribers_count": 3, "_id": 8413}, {"owner": {"type": "User", "site_admin": false}, "fork": false, "created_at": "2008-04-10T21:14:21Z", "updated_at": "2022-10-17T10:39:05Z", "pushed_at": "2015-02-05T23:07:47Z", "size": 10928, "stargazers_count": 381, "watchers_count": 381, "language": "Objective-C", "has_issues": true, "has_projects": true, "has_downloads": true, "has_wiki": true, "has_pages": true, "has_discussions": false, "forks_count": 25, "mirror_url": null, "archived": false, "disabled": false, "open_issues_count": 1, "license": {"key": "other", "name": "Other", "spdx_id": "NOASSERTION", "url": null, "node_id": "MDc6TGljZW5zZTA="}, "allow_forking": true, "is_template": false, "web_commit_signoff_required": false, "topics": [], "default_branch": "master", "permissions": {"admin": false, "maintain": false, "push": false, "triage": false, "pull": true}, "network_count": 25, "subscribers_count": 20, "_id": 8427}, {"owner": {"type": "User", "site_admin": false}, "fork": true, "created_at": "2008-04-10T21:22:47Z", "updated_at": "2019-08-13T13:22:47Z", "pushed_at": "2008-04-10T21:22:49Z", "size": 80, "stargazers_count": 3, "watchers_count": 3, "language": "Python", "has_issues": true, "has_projects": true, "has_downloads": true, "has_wiki": true, "has_pages": false, "has_discussions": false, "forks_count": 0, "mirror_url": null, "archived": false, "disabled": false, "open_issues_count": 0, "license": null, "allow_forking": true, "is_template": false, "web_commit_signoff_required": false, "topics": [], "default_branch": "master", "permissions": {"admin": false, "maintain": false, "push": false, "triage": false, "pull": true}, "network_count": 33, "subscribers_count": 3, "_id": 8432}, {"owner": {"type": "User", "site_admin": false}, "fork": false, "created_at": "2008-04-10T21:27:23Z", "updated_at": "2019-08-13T13:22:47Z", "pushed_at": null, "size": 48, "stargazers_count": 3, "watchers_count": 3, "language": null, "has_issues": true, "has_projects": true, "has_downloads": true, "has_wiki": true, "has_pages": false, "has_discussions": false, "forks_count": 0, "mirror_url": null, "archived": false, "disabled": false, "open_issues_count": 0, "license": null, "allow_forking": true, "is_template": false, "web_commit_signoff_required": false, "topics": [], "default_branch": "master", "permissions": {"admin": false, "maintain": false, "push": false, "triage": false, "pull": true}, "network_count": 0, "subscribers_count": 3, "_id": 8436}, {"owner": {"type": "User", "site_admin": false}, "fork": false, "created_at": "2008-04-10T21:31:40Z", "updated_at": "2019-08-13T13:22:47Z", "pushed_at": null, "size": 48, "stargazers_count": 3, "watchers_count": 3, "language": null, "has_issues": true, "has_projects": true, "has_downloads": true, "has_wiki": true, "has_pages": false, "has_discussions": false, "forks_count": 0, "mirror_url": null, "archived": false, "disabled": false, "open_issues_count": 0, "license": null, "allow_forking": true, "is_template": false, "web_commit_signoff_required": false, "topics": [], "default_branch": "master", "permissions": {"admin": false, "maintain": false, "push": false, "triage": false, "pull": true}, "network_count": 0, "subscribers_count": 3, "_id": 8437}, {"owner": {"type": "User", "site_admin": false}, "fork": false, "created_at": "2008-04-10T22:23:59Z", "updated_at": "2019-08-13T13:22:48Z", "pushed_at": "2010-07-10T20:47:19Z", "size": 5398, "stargazers_count": 6, "watchers_count": 6, "language": "Ruby", "has_issues": true, "has_projects": true, "has_downloads": true, "has_wiki": true, "has_pages": false, "has_discussions": false, "forks_count": 0, "mirror_url": null, "archived": false, "disabled": false, "open_issues_count": 0, "license": {"key": "agpl-3.0", "name": "GNU Affero General Public License v3.0", "spdx_id": "AGPL-3.0", "url": "https://api.github.com/licenses/agpl-3.0", "node_id": "MDc6TGljZW5zZTE="}, "allow_forking": true, "is_template": false, "web_commit_signoff_required": false, "topics": [], "default_branch": "master", "permissions": {"admin": false, "maintain": false, "push": false, "triage": false, "pull": true}, "network_count": 0, "subscribers_count": 2, "_id": 8448}, {"owner": {"type": "User", "site_admin": false}, "fork": false, "created_at": "2008-04-10T22:43:14Z", "updated_at": "2019-08-13T13:22:48Z", "pushed_at": null, "size": 48, "stargazers_count": 4, "watchers_count": 4, "language": null, "has_issues": true, "has_projects": true, "has_downloads": true, "has_wiki": true, "has_pages": false, "has_discussions": false, "forks_count": 0, "mirror_url": null, "archived": false, "disabled": false, "open_issues_count": 0, "license": null, "allow_forking": true, "is_template": false, "web_commit_signoff_required": false, "topics": [], "default_branch": "master", "permissions": {"admin": false, "maintain": false, "push": false, "triage": false, "pull": true}, "network_count": 0, "subscribers_count": 4, "_id": 8454}, {"owner": {"type": "User", "site_admin": false}, "fork": false, "created_at": "2008-04-10T23:06:10Z", "updated_at": "2020-01-07T09:41:43Z", "pushed_at": "2008-06-01T22:02:12Z", "size": 93, "stargazers_count": 21, "watchers_count": 21, "language": "PHP", "has_issues": true, "has_projects": true, "has_downloads": true, "has_wiki": true, "has_pages": false, "has_discussions": false, "forks_count": 3, "mirror_url": null, "archived": false, "disabled": false, "open_issues_count": 0, "license": null, "allow_forking": true, "is_template": false, "web_commit_signoff_required": false, "topics": [], "default_branch": "master", "permissions": {"admin": false, "maintain": false, "push": false, "triage": false, "pull": true}, "network_count": 3, "subscribers_count": 3, "_id": 8461}, {"owner": {"type": "User", "site_admin": false}, "fork": false, "created_at": "2008-04-10T23:11:25Z", "updated_at": "2022-04-27T20:36:03Z", "pushed_at": "2008-12-30T18:45:40Z", "size": 816, "stargazers_count": 12, "watchers_count": 12, "language": "JavaScript", "has_issues": true, "has_projects": true, "has_downloads": true, "has_wiki": true, "has_pages": true, "has_discussions": false, "forks_count": 0, "mirror_url": null, "archived": false, "disabled": false, "open_issues_count": 0, "license": {"key": "mit", "name": "MIT License", "spdx_id": "MIT", "url": "https://api.github.com/licenses/mit", "node_id": "MDc6TGljZW5zZTEz"}, "allow_forking": true, "is_template": false, "web_commit_signoff_required": false, "topics": [], "default_branch": "master", "permissions": {"admin": false, "maintain": false, "push": false, "triage": false, "pull": true}, "network_count": 0, "subscribers_count": 4, "_id": 8463}, {"owner": {"type": "User", "site_admin": false}, "fork": false, "created_at": "2008-04-10T23:15:02Z", "updated_at": "2019-08-13T13:22:48Z", "pushed_at": "2008-11-17T00:08:46Z", "size": 116, "stargazers_count": 10, "watchers_count": 10, "language": "Ruby", "has_issues": true, "has_projects": true, "has_downloads": true, "has_wiki": true, "has_pages": false, "has_discussions": false, "forks_count": 1, "mirror_url": null, "archived": false, "disabled": false, "open_issues_count": 0, "license": null, "allow_forking": true, "is_template": false, "web_commit_signoff_required": false, "topics": [], "default_branch": "master", "permissions": {"admin": false, "maintain": false, "push": false, "triage": false, "pull": true}, "network_count": 1, "subscribers_count": 3, "_id": 8464}, {"owner": {"type": "User", "site_admin": false}, "fork": true, "created_at": "2008-04-10T23:23:48Z", "updated_at": "2019-08-13T13:22:48Z", "pushed_at": "2008-04-10T23:23:49Z", "size": 82, "stargazers_count": 4, "watchers_count": 4, "language": "Ruby", "has_issues": true, "has_projects": true, "has_downloads": true, "has_wiki": true, "has_pages": false, "has_discussions": false, "forks_count": 2, "mirror_url": null, "archived": false, "disabled": false, "open_issues_count": 0, "license": null, "allow_forking": true, "is_template": false, "web_commit_signoff_required": false, "topics": [], "default_branch": "master", "permissions": {"admin": false, "maintain": false, "push": false, "triage": false, "pull": true}, "network_count": 23, "subscribers_count": 2, "_id": 8465}, {"owner": {"type": "User", "site_admin": false}, "fork": false, "created_at": "2008-04-10T23:57:13Z", "updated_at": "2019-08-13T13:22:48Z", "pushed_at": "2008-04-11T00:00:25Z", "size": 104, "stargazers_count": 5, "watchers_count": 5, "language": "Ruby", "has_issues": true, "has_projects": true, "has_downloads": true, "has_wiki": true, "has_pages": false, "has_discussions": false, "forks_count": 0, "mirror_url": null, "archived": false, "disabled": false, "open_issues_count": 0, "license": null, "allow_forking": true, "is_template": false, "web_commit_signoff_required": false, "topics": [], "default_branch": "master", "permissions": {"admin": false, "maintain": false, "push": false, "triage": false, "pull": true}, "network_count": 0, "subscribers_count": 3, "_id": 8469}]