[{"owner": {"type": "User", "site_admin": false}, "fork": false, "created_at": "2008-05-15T00:06:11Z", "updated_at": "2022-08-25T12:12:14Z", "pushed_at": "2022-04-14T15:38:36Z", "size": 12357, "stargazers_count": 4, "watchers_count": 4, "language": "Emacs Lisp", "has_issues": true, "has_projects": true, "has_downloads": true, "has_wiki": true, "has_pages": false, "has_discussions": false, "forks_count": 0, "mirror_url": null, "archived": false, "disabled": false, "open_issues_count": 0, "license": null, "allow_forking": true, "is_template": false, "web_commit_signoff_required": false, "topics": [], "default_branch": "master", "permissions": {"admin": false, "maintain": false, "push": false, "triage": false, "pull": true}, "network_count": 0, "subscribers_count": 3, "_id": 16908}, {"owner": {"type": "User", "site_admin": false}, "fork": false, "created_at": "2008-05-15T00:15:56Z", "updated_at": "2019-08-13T13:24:35Z", "pushed_at": "2008-05-15T00:42:10Z", "size": 208, "stargazers_count": 2, "watchers_count": 2, "language": "Python", "has_issues": true, "has_projects": true, "has_downloads": true, "has_wiki": true, "has_pages": false, "has_discussions": false, "forks_count": 0, "mirror_url": null, "archived": false, "disabled": false, "open_issues_count": 0, "license": null, "allow_forking": true, "is_template": false, "web_commit_signoff_required": false, "topics": [], "default_branch": "master", "permissions": {"admin": false, "maintain": false, "push": false, "triage": false, "pull": true}, "network_count": 0, "subscribers_count": 3, "_id": 16910}, {"owner": {"type": "User", "site_admin": false}, "fork": false, "created_at": "2008-05-15T01:31:48Z", "updated_at": "2022-09-02T20:05:27Z", "pushed_at": "2008-07-02T12:32:32Z", "size": 2348, "stargazers_count": 2, "watchers_count": 2, "language": "Ruby", "has_issues": true, "has_projects": true, "has_downloads": true, "has_wiki": true, "has_pages": false, "has_discussions": false, "forks_count": 1, "mirror_url": null, "archived": false, "disabled": false, "open_issues_count": 0, "license": null, "allow_forking": true, "is_template": false, "web_commit_signoff_required": false, "topics": [], "default_branch": "master", "permissions": {"admin": false, "maintain": false, "push": false, "triage": false, "pull": true}, "network_count": 1, "subscribers_count": 1, "_id": 16916}, {"owner": {"type": "User", "site_admin": false}, "fork": false, "created_at": "2008-05-15T01:52:00Z", "updated_at": "2019-08-13T13:24:35Z", "pushed_at": "2013-03-22T14:03:15Z", "size": 312, "stargazers_count": 12, "watchers_count": 12, "language": "Ruby", "has_issues": true, "has_projects": true, "has_downloads": true, "has_wiki": true, "has_pages": false, "has_discussions": false, "forks_count": 2, "mirror_url": null, "archived": false, "disabled": false, "open_issues_count": 0, "license": null, "allow_forking": true, "is_template": false, "web_commit_signoff_required": false, "topics": [], "default_branch": "master", "permissions": {"admin": false, "maintain": false, "push": false, "triage": false, "pull": true}, "_id": 16921}, {"owner": {"type": "User", "site_admin": false}, "fork": false, "created_at": "2008-05-15T02:08:50Z", "updated_at": "2019-08-13T13:24:35Z", "pushed_at": "2008-07-22T21:48:14Z", "size": 92, "stargazers_count": 2, "watchers_count": 2, "language": "Ruby", "has_issues": true, "has_projects": true, "has_downloads": true, "has_wiki": true, "has_pages": false, "has_discussions": false, "forks_count": 0, "mirror_url": null, "archived": false, "disabled": false, "open_issues_count": 0, "license": null, "allow_forking": true, "is_template": false, "web_commit_signoff_required": false, "topics": [], "default_branch": "master", "permissions": {"admin": false, "maintain": false, "push": false, "triage": false, "pull": true}, "network_count": 0, "subscribers_count": 2, "_id": 16926}, {"owner": {"type": "User", "site_admin": false}, "fork": false, "created_at": "2008-05-15T02:23:09Z", "updated_at": "2019-08-13T13:24:35Z", "pushed_at": "2008-05-21T23:34:02Z", "size": 84, "stargazers_count": 2, "watchers_count": 2, "language": "Ruby", "has_issues": true, "has_projects": true, "has_downloads": true, "has_wiki": true, "has_pages": false, "has_discussions": false, "forks_count": 0, "mirror_url": null, "archived": false, "disabled": false, "open_issues_count": 0, "license": {"key": "mit", "name": "MIT License", "spdx_id": "MIT", "url": "https://api.github.com/licenses/mit", "node_id": "MDc6TGljZW5zZTEz"}, "allow_forking": true, "is_template": false, "web_commit_signoff_required": false, "topics": [], "default_branch": "master", "permissions": {"admin": false, "maintain": false, "push": false, "triage": false, "pull": true}, "network_count": 0, "subscribers_count": 3, "_id": 16929}, {"owner": {"type": "User", "site_admin": false}, "fork": false, "created_at": "2008-05-15T02:27:00Z", "updated_at": "2019-08-13T13:24:35Z", "pushed_at": "2008-05-19T01:07:45Z", "size": 84, "stargazers_count": 4, "watchers_count": 4, "language": "Ruby", "has_issues": true, "has_projects": true, "has_downloads": true, "has_wiki": true, "has_pages": false, "has_discussions": false, "forks_count": 1, "mirror_url": null, "archived": false, "disabled": false, "open_issues_count": 0, "license": {"key": "mit", "name": "MIT License", "spdx_id": "MIT", "url": "https://api.github.com/licenses/mit", "node_id": "MDc6TGljZW5zZTEz"}, "allow_forking": true, "is_template": false, "web_commit_signoff_required": false, "topics": [], "default_branch": "master", "permissions": {"admin": false, "maintain": false, "push": false, "triage": false, "pull": true}, "network_count": 1, "subscribers_count": 3, "_id": 16931}, {"owner": {"type": "User", "site_admin": false}, "fork": true, "created_at": "2008-05-15T02:45:03Z", "updated_at": "2019-10-27T02:52:12Z", "pushed_at": "2008-07-18T19:38:04Z", "size": 105, "stargazers_count": 2, "watchers_count": 2, "language": "Ruby", "has_issues": true, "has_projects": true, "has_downloads": true, "has_wiki": true, "has_pages": false, "has_discussions": false, "forks_count": 0, "mirror_url": null, "archived": true, "disabled": false, "open_issues_count": 0, "license": {"key": "mit", "name": "MIT License", "spdx_id": "MIT", "url": "https://api.github.com/licenses/mit", "node_id": "MDc6TGljZW5zZTEz"}, "allow_forking": true, "is_template": false, "web_commit_signoff_required": false, "topics": [], "default_branch": "master", "permissions": {"admin": false, "maintain": false, "push": false, "triage": false, "pull": true}, "network_count": 18, "subscribers_count": 2, "_id": 16935}, {"owner": {"type": "User", "site_admin": false}, "fork": false, "created_at": "2008-05-15T02:52:47Z", "updated_at": "2019-08-13T13:24:35Z", "pushed_at": "2008-05-15T20:57:45Z", "size": 100, "stargazers_count": 3, "watchers_count": 3, "language": "Ruby", "has_issues": true, "has_projects": true, "has_downloads": true, "has_wiki": true, "has_pages": false, "has_discussions": false, "forks_count": 0, "mirror_url": null, "archived": false, "disabled": false, "open_issues_count": 0, "license": {"key": "mit", "name": "MIT License", "spdx_id": "MIT", "url": "https://api.github.com/licenses/mit", "node_id": "MDc6TGljZW5zZTEz"}, "allow_forking": true, "is_template": false, "web_commit_signoff_required": false, "topics": [], "default_branch": "master", "permissions": {"admin": false, "maintain": false, "push": false, "triage": false, "pull": true}, "network_count": 0, "subscribers_count": 2, "_id": 16939}, {"owner": {"type": "User", "site_admin": false}, "fork": true, "created_at": "2008-05-15T03:12:42Z", "updated_at": "2019-08-13T13:24:36Z", "pushed_at": "2008-06-30T02:13:27Z", "size": 189, "stargazers_count": 10, "watchers_count": 10, "language": "JavaScript", "has_issues": true, "has_projects": true, "has_downloads": true, "has_wiki": true, "has_pages": false, "has_discussions": false, "forks_count": 2, "mirror_url": null, "archived": false, "disabled": false, "open_issues_count": 0, "license": {"key": "other", "name": "Other", "spdx_id": "NOASSERTION", "url": null, "node_id": "MDc6TGljZW5zZTA="}, "allow_forking": true, "is_template": false, "web_commit_signoff_required": false, "topics": [], "default_branch": "master", "permissions": {"admin": false, "maintain": false, "push": false, "triage": false, "pull": true}, "network_count": 238, "subscribers_count": 3, "_id": 16942}, {"owner": {"type": "User", "site_admin": false}, "fork": true, "created_at": "2008-05-15T03:18:10Z", "updated_at": "2019-08-13T13:24:36Z", "pushed_at": "2008-05-15T03:18:15Z", "size": 89, "stargazers_count": 1, "watchers_count": 1, "language": "Ruby", "has_issues": true, "has_projects": true, "has_downloads": true, "has_wiki": true, "has_pages": false, "has_discussions": false, "forks_count": 0, "mirror_url": null, "archived": false, "disabled": false, "open_issues_count": 0, "license": null, "allow_forking": true, "is_template": false, "web_commit_signoff_required": false, "topics": [], "default_branch": "master", "permissions": {"admin": false, "maintain": false, "push": false, "triage": false, "pull": true}, "network_count": 2, "subscribers_count": 3, "_id": 16944}, {"owner": {"type": "User", "site_admin": false}, "fork": true, "created_at": "2008-05-15T04:05:40Z", "updated_at": "2019-08-13T13:24:36Z", "pushed_at": "2008-05-15T09:18:59Z", "size": 113, "stargazers_count": 4, "watchers_count": 4, "language": "Ruby", "has_issues": true, "has_projects": true, "has_downloads": true, "has_wiki": true, "has_pages": false, "has_discussions": false, "forks_count": 0, "mirror_url": null, "archived": false, "disabled": false, "open_issues_count": 0, "license": null, "allow_forking": true, "is_template": false, "web_commit_signoff_required": false, "topics": [], "default_branch": "master", "permissions": {"admin": false, "maintain": false, "push": false, "triage": false, "pull": true}, "network_count": 92, "subscribers_count": 2, "_id": 16953}, {"owner": {"type": "User", "site_admin": false}, "fork": true, "created_at": "2008-05-15T04:32:42Z", "updated_at": "2019-08-13T13:24:36Z", "pushed_at": "2008-05-15T04:32:43Z", "size": 12408, "stargazers_count": 2, "watchers_count": 2, "language": "Ruby", "has_issues": true, "has_projects": true, "has_downloads": true, "has_wiki": true, "has_pages": false, "has_discussions": false, "forks_count": 0, "mirror_url": null, "archived": false, "disabled": false, "open_issues_count": 0, "license": null, "allow_forking": true, "is_template": false, "web_commit_signoff_required": false, "topics": [], "default_branch": "master", "permissions": {"admin": false, "maintain": false, "push": false, "triage": false, "pull": true}, "network_count": 20776, "subscribers_count": 2, "_id": 16956}, {"owner": {"type": "User", "site_admin": false}, "fork": false, "created_at": "2008-05-15T04:44:12Z", "updated_at": "2019-08-13T13:24:36Z", "pushed_at": "2009-09-14T21:29:24Z", "size": 76, "stargazers_count": 2, "watchers_count": 2, "language": "VimL", "has_issues": true, "has_projects": true, "has_downloads": true, "has_wiki": true, "has_pages": false, "has_discussions": false, "forks_count": 0, "mirror_url": null, "archived": false, "disabled": false, "open_issues_count": 0, "license": null, "allow_forking": true, "is_template": false, "web_commit_signoff_required": false, "topics": [], "default_branch": "master", "permissions": {"admin": false, "maintain": false, "push": false, "triage": false, "pull": true}, "network_count": 0, "subscribers_count": 3, "_id": 16958}, {"owner": {"type": "User", "site_admin": false}, "fork": false, "created_at": "2008-05-15T05:03:49Z", "updated_at": "2019-08-13T13:24:36Z", "pushed_at": "2008-05-15T05:04:57Z", "size": 292, "stargazers_count": 2, "watchers_count": 2, "language": "Ruby", "has_issues": true, "has_projects": true, "has_downloads": true, "has_wiki": true, "has_pages": false, "has_discussions": false, "forks_count": 0, "mirror_url": null, "archived": false, "disabled": false, "open_issues_count": 0, "license": null, "allow_forking": true, "is_template": false, "web_commit_signoff_required": false, "topics": [], "default_branch": "master", "permissions": {"admin": false, "maintain": false, "push": false, "triage": false, "pull": true}, "network_count": 0, "subscribers_count": 3, "_id": 16961}, {"owner": {"type": "User", "site_admin": false}, "fork": false, "created_at": "2008-05-15T05:17:55Z", "updated_at": "2019-08-13T13:24:36Z", "pushed_at": "2008-06-27T01:25:24Z", "size": 80, "stargazers_count": 2, "watchers_count": 2, "language": null, "has_issues": true, "has_projects": true, "has_downloads": true, "has_wiki": true, "has_pages": false, "has_discussions": false, "forks_count": 0, "mirror_url": null, "archived": false, "disabled": false, "open_issues_count": 0, "license": null, "allow_forking": true, "is_template": false, "web_commit_signoff_required": false, "topics": [], "default_branch": "master", "permissions": {"admin": false, "maintain": false, "push": false, "triage": false, "pull": true}, "network_count": 0, "subscribers_count": 2, "_id": 16962}, {"owner": {"type": "User", "site_admin": false}, "fork": false, "created_at": "2008-05-15T05:19:54Z", "updated_at": "2019-08-13T13:24:36Z", "pushed_at": "2009-01-06T07:07:54Z", "size": 121, "stargazers_count": 12, "watchers_count": 12, "language": "Ruby", "has_issues": true, "has_projects": true, "has_downloads": true, "has_wiki": true, "has_pages": false, "has_discussions": false, "forks_count": 0, "mirror_url": null, "archived": false, "disabled": false, "open_issues_count": 0, "license": {"key": "mit", "name": "MIT License", "spdx_id": "MIT", "url": "https://api.github.com/licenses/mit", "node_id": "MDc6TGljZW5zZTEz"}, "allow_forking": true, "is_template": false, "web_commit_signoff_required": false, "topics": [], "default_branch": "master", "permissions": {"admin": false, "maintain": false, "push": false, "triage": false, "pull": true}, "_id": 16963}, {"owner": {"type": "User", "site_admin": false}, "fork": false, "created_at": "2008-05-15T05:21:24Z", "updated_at": "2022-04-20T04:34:33Z", "pushed_at": "2009-04-30T05:34:36Z", "size": 282, "stargazers_count": 233, "watchers_count": 233, "language": "Ruby", "has_issues": true, "has_projects": true, "has_downloads": true, "has_wiki": true, "has_pages": false, "has_discussions": false, "forks_count": 26, "mirror_url": null, "archived": false, "disabled": false, "open_issues_count": 6, "license": {"key": "mit", "name": "MIT License", "spdx_id": "MIT", "url": "https://api.github.com/licenses/mit", "node_id": "MDc6TGljZW5zZTEz"}, "allow_forking": true, "is_template": false, "web_commit_signoff_required": false, "topics": [], "default_branch": "master", "permissions": {"admin": false, "maintain": false, "push": false, "triage": false, "pull": true}, "_id": 16966}, {"owner": {"type": "User", "site_admin": false}, "fork": false, "created_at": "2008-05-15T05:35:06Z", "updated_at": "2019-08-13T13:24:36Z", "pushed_at": "2008-06-19T00:51:18Z", "size": 152, "stargazers_count": 2, "watchers_count": 2, "language": "Ruby", "has_issues": true, "has_projects": true, "has_downloads": true, "has_wiki": true, "has_pages": false, "has_discussions": false, "forks_count": 0, "mirror_url": null, "archived": false, "disabled": false, "open_issues_count": 0, "license": {"key": "other", "name": "Other", "spdx_id": "NOASSERTION", "url": null, "node_id": "MDc6TGljZW5zZTA="}, "allow_forking": true, "is_template": false, "web_commit_signoff_required": false, "topics": [], "default_branch": "master", "permissions": {"admin": false, "maintain": false, "push": false, "triage": false, "pull": true}, "network_count": 0, "subscribers_count": 2, "_id": 16970}, {"owner": {"type": "User", "site_admin": false}, "fork": false, "created_at": "2008-05-15T06:08:06Z", "updated_at": "2019-08-13T13:24:36Z", "pushed_at": "2020-10-01T03:26:59Z", "size": 676, "stargazers_count": 3, "watchers_count": 3, "language": "Python", "has_issues": true, "has_projects": true, "has_downloads": true, "has_wiki": true, "has_pages": false, "has_discussions": false, "forks_count": 2, "mirror_url": null, "archived": false, "disabled": false, "open_issues_count": 2, "license": null, "allow_forking": true, "is_template": false, "web_commit_signoff_required": false, "topics": [], "default_branch": "master", "permissions": {"admin": false, "maintain": false, "push": false, "triage": false, "pull": true}, "network_count": 2, "subscribers_count": 3, "_id": 16978}, {"owner": {"type": "User", "site_admin": false}, "fork": false, "created_at": "2008-05-15T06:08:56Z", "updated_at": "2022-09-27T07:05:40Z", "pushed_at": "2013-03-29T02:45:19Z", "size": 2843, "stargazers_count": 505, "watchers_count": 505, "language": "Ruby", "has_issues": true, "has_projects": true, "has_downloads": true, "has_wiki": true, "has_pages": false, "has_discussions": false, "forks_count": 56, "mirror_url": null, "archived": false, "disabled": false, "open_issues_count": 28, "license": {"key": "mit", "name": "MIT License", "spdx_id": "MIT", "url": "https://api.github.com/licenses/mit", "node_id": "MDc6TGljZW5zZTEz"}, "allow_forking": true, "is_template": false, "web_commit_signoff_required": false, "topics": [], "default_branch": "master", "permissions": {"admin": false, "maintain": false, "push": false, "triage": false, "pull": true}, "_id": 16979}, {"owner": {"type": "User", "site_admin": false}, "fork": false, "created_at": "2008-05-15T06:13:32Z", "updated_at": "2019-08-13T13:24:36Z", "pushed_at": "2008-05-15T06:17:18Z", "size": 76, "stargazers_count": 3, "watchers_count": 3, "language": null, "has_issues": true, "has_projects": true, "has_downloads": true, "has_wiki": true, "has_pages": false, "has_discussions": false, "forks_count": 0, "mirror_url": null, "archived": false, "disabled": false, "open_issues_count": 0, "license": null, "allow_forking": true, "is_template": false, "web_commit_signoff_required": false, "topics": [], "default_branch": "master", "permissions": {"admin": false, "maintain": false, "push": false, "triage": false, "pull": true}, "network_count": 0, "subscribers_count": 3, "_id": 16980}, {"owner": {"type": "User", "site_admin": false}, "fork": false, "created_at": "2008-05-15T06:24:35Z", "updated_at": "2020-08-04T14:24:14Z", "pushed_at": "2008-05-20T20:52:45Z", "size": 136, "stargazers_count": 8, "watchers_count": 8, "language": "Ruby", "has_issues": true, "has_projects": true, "has_downloads": true, "has_wiki": true, "has_pages": false, "has_discussions": false, "forks_count": 1, "mirror_url": null, "archived": true, "disabled": false, "open_issues_count": 0, "license": {"key": "mit", "name": "MIT License", "spdx_id": "MIT", "url": "https://api.github.com/licenses/mit", "node_id": "MDc6TGljZW5zZTEz"}, "allow_forking": true, "is_template": false, "web_commit_signoff_required": false, "topics": [], "default_branch": "master", "permissions": {"admin": false, "maintain": false, "push": false, "triage": false, "pull": true}, "_id": 16985}, {"owner": {"type": "User", "site_admin": false}, "fork": false, "created_at": "2008-05-15T06:50:25Z", "updated_at": "2021-12-30T09:50:17Z", "pushed_at": "2021-01-18T23:56:09Z", "size": 608, "stargazers_count": 17, "watchers_count": 17, "language": "C", "has_issues": true, "has_projects": true, "has_downloads": true, "has_wiki": true, "has_pages": false, "has_discussions": false, "forks_count": 8, "mirror_url": null, "archived": false, "disabled": false, "open_issues_count": 2, "license": {"key": "gpl-3.0", "name": "GNU General Public License v3.0", "spdx_id": "GPL-3.0", "url": "https://api.github.com/licenses/gpl-3.0", "node_id": "MDc6TGljZW5zZTk="}, "allow_forking": true, "is_template": false, "web_commit_signoff_required": false, "topics": [], "default_branch": "master", "permissions": {"admin": false, "maintain": false, "push": false, "triage": false, "pull": true}, "_id": 16991}, {"owner": {"type": "User", "site_admin": false}, "fork": false, "created_at": "2008-05-15T07:08:50Z", "updated_at": "2022-11-21T13:56:10Z", "pushed_at": "2022-05-03T04:48:58Z", "size": 2501, "stargazers_count": 1882, "watchers_count": 1882, "language": "Makefile", "has_issues": true, "has_projects": true, "has_downloads": true, "has_wiki": true, "has_pages": false, "has_discussions": false, "forks_count": 690, "mirror_url": null, "archived": false, "disabled": false, "open_issues_count": 12, "license": {"key": "gpl-3.0", "name": "GNU General Public License v3.0", "spdx_id": "GPL-3.0", "url": "https://api.github.com/licenses/gpl-3.0", "node_id": "MDc6TGljZW5zZTk="}, "allow_forking": true, "is_template": false, "web_commit_signoff_required": false, "topics": [], "default_branch": "master", "permissions": {"admin": false, "maintain": false, "push": false, "triage": false, "pull": true}, "_id": 16992}, {"owner": {"type": "User", "site_admin": false}, "fork": false, "created_at": "2008-05-15T07:14:22Z", "updated_at": "2019-08-13T13:24:36Z", "pushed_at": "2008-08-25T23:12:07Z", "size": 84, "stargazers_count": 3, "watchers_count": 3, "language": "Ruby", "has_issues": true, "has_projects": true, "has_downloads": true, "has_wiki": true, "has_pages": false, "has_discussions": false, "forks_count": 1, "mirror_url": null, "archived": true, "disabled": false, "open_issues_count": 0, "license": null, "allow_forking": true, "is_template": false, "web_commit_signoff_required": false, "topics": [], "default_branch": "master", "permissions": {"admin": false, "maintain": false, "push": false, "triage": false, "pull": true}, "network_count": 1, "subscribers_count": 2, "_id": 16993}, {"owner": {"type": "User", "site_admin": false}, "fork": false, "created_at": "2008-05-15T08:24:23Z", "updated_at": "2019-08-13T13:24:36Z", "pushed_at": "2012-02-10T15:09:06Z", "size": 140, "stargazers_count": 4, "watchers_count": 4, "language": "Ruby", "has_issues": true, "has_projects": true, "has_downloads": true, "has_wiki": true, "has_pages": false, "has_discussions": false, "forks_count": 2, "mirror_url": null, "archived": false, "disabled": false, "open_issues_count": 0, "license": {"key": "mit", "name": "MIT License", "spdx_id": "MIT", "url": "https://api.github.com/licenses/mit", "node_id": "MDc6TGljZW5zZTEz"}, "allow_forking": true, "is_template": false, "web_commit_signoff_required": false, "topics": [], "default_branch": "master", "permissions": {"admin": false, "maintain": false, "push": false, "triage": false, "pull": true}, "network_count": 2, "subscribers_count": 3, "_id": 17002}, {"owner": {"type": "User", "site_admin": false}, "fork": true, "created_at": "2008-05-15T08:52:36Z", "updated_at": "2019-08-13T13:24:36Z", "pushed_at": "2008-05-16T06:10:42Z", "size": 192, "stargazers_count": 2, "watchers_count": 2, "language": "Ruby", "has_issues": true, "has_projects": true, "has_downloads": true, "has_wiki": true, "has_pages": false, "has_discussions": false, "forks_count": 0, "mirror_url": null, "archived": false, "disabled": false, "open_issues_count": 0, "license": null, "allow_forking": true, "is_template": false, "web_commit_signoff_required": false, "topics": [], "default_branch": "master", "permissions": {"admin": false, "maintain": false, "push": false, "triage": false, "pull": true}, "network_count": 5, "subscribers_count": 3, "_id": 17005}, {"owner": {"type": "User", "site_admin": false}, "fork": true, "created_at": "2008-05-15T09:43:20Z", "updated_at": "2019-08-13T13:24:38Z", "pushed_at": "2008-05-19T11:09:59Z", "size": 10095, "stargazers_count": 3, "watchers_count": 3, "language": "Ruby", "has_issues": true, "has_projects": true, "has_downloads": true, "has_wiki": true, "has_pages": false, "has_discussions": false, "forks_count": 1, "mirror_url": null, "archived": false, "disabled": false, "open_issues_count": 0, "license": {"key": "apache-2.0", "name": "Apache License 2.0", "spdx_id": "Apache-2.0", "url": "https://api.github.com/licenses/apache-2.0", "node_id": "MDc6TGljZW5zZTI="}, "allow_forking": true, "is_template": false, "web_commit_signoff_required": false, "topics": [], "default_branch": "master", "permissions": {"admin": false, "maintain": false, "push": false, "triage": false, "pull": true}, "network_count": 11, "subscribers_count": 3, "_id": 17015}, {"owner": {"type": "User", "site_admin": false}, "fork": false, "created_at": "2008-05-15T09:43:32Z", "updated_at": "2019-08-13T13:24:38Z", "pushed_at": null, "size": 48, "stargazers_count": 2, "watchers_count": 2, "language": null, "has_issues": true, "has_projects": true, "has_downloads": true, "has_wiki": true, "has_pages": false, "has_discussions": false, "forks_count": 0, "mirror_url": null, "archived": false, "disabled": false, "open_issues_count": 0, "license": null, "allow_forking": true, "is_template": false, "web_commit_signoff_required": false, "topics": [], "default_branch": "master", "permissions": {"admin": false, "maintain": false, "push": false, "triage": false, "pull": true}, "network_count": 0, "subscribers_count": 2, "_id": 17016}, {"owner": {"type": "User", "site_admin": false}, "fork": true, "created_at": "2008-05-15T09:50:54Z", "updated_at": "2019-08-13T13:24:38Z", "pushed_at": "2008-05-15T09:50:57Z", "size": 12408, "stargazers_count": 2, "watchers_count": 2, "language": "Ruby", "has_issues": true, "has_projects": true, "has_downloads": true, "has_wiki": true, "has_pages": false, "has_discussions": false, "forks_count": 0, "mirror_url": null, "archived": false, "disabled": false, "open_issues_count": 0, "license": null, "allow_forking": true, "is_template": false, "web_commit_signoff_required": false, "topics": [], "default_branch": "master", "permissions": {"admin": false, "maintain": false, "push": false, "triage": false, "pull": true}, "network_count": 20776, "subscribers_count": 2, "_id": 17018}, {"owner": {"type": "User", "site_admin": false}, "fork": true, "created_at": "2008-05-15T10:03:11Z", "updated_at": "2019-08-13T13:24:38Z", "pushed_at": "2008-05-15T10:03:14Z", "size": 185, "stargazers_count": 2, "watchers_count": 2, "language": "Ruby", "has_issues": true, "has_projects": true, "has_downloads": true, "has_wiki": true, "has_pages": false, "has_discussions": false, "forks_count": 0, "mirror_url": null, "archived": false, "disabled": false, "open_issues_count": 0, "license": null, "allow_forking": true, "is_template": false, "web_commit_signoff_required": false, "topics": [], "default_branch": "master", "permissions": {"admin": false, "maintain": false, "push": false, "triage": false, "pull": true}, "network_count": 280, "subscribers_count": 2, "_id": 17022}, {"owner": {"type": "User", "site_admin": false}, "fork": false, "created_at": "2008-05-15T10:31:17Z", "updated_at": "2022-06-09T09:51:35Z", "pushed_at": "2021-08-05T06:33:08Z", "size": 4939, "stargazers_count": 4, "watchers_count": 4, "language": "Emacs Lisp", "has_issues": true, "has_projects": true, "has_downloads": true, "has_wiki": true, "has_pages": false, "has_discussions": false, "forks_count": 0, "mirror_url": null, "archived": false, "disabled": false, "open_issues_count": 0, "license": null, "allow_forking": true, "is_template": false, "web_commit_signoff_required": false, "topics": [], "default_branch": "master", "permissions": {"admin": false, "maintain": false, "push": false, "triage": false, "pull": true}, "network_count": 0, "subscribers_count": 3, "_id": 17027}, {"owner": {"type": "User", "site_admin": false}, "fork": false, "created_at": "2008-05-15T10:32:15Z", "updated_at": "2020-09-28T15:14:19Z", "pushed_at": "2015-10-29T14:20:18Z", "size": 245, "stargazers_count": 3, "watchers_count": 3, "language": "Java", "has_issues": true, "has_projects": true, "has_downloads": true, "has_wiki": true, "has_pages": false, "has_discussions": false, "forks_count": 1, "mirror_url": null, "archived": false, "disabled": false, "open_issues_count": 0, "license": null, "allow_forking": true, "is_template": false, "web_commit_signoff_required": false, "topics": [], "default_branch": "master", "permissions": {"admin": false, "maintain": false, "push": false, "triage": false, "pull": true}, "network_count": 1, "subscribers_count": 3, "_id": 17028}, {"owner": {"type": "User", "site_admin": false}, "fork": false, "created_at": "2008-05-15T11:00:07Z", "updated_at": "2019-08-13T13:24:38Z", "pushed_at": "2011-10-27T13:19:17Z", "size": 137, "stargazers_count": 37, "watchers_count": 37, "language": "Ruby", "has_issues": true, "has_projects": true, "has_downloads": true, "has_wiki": true, "has_pages": false, "has_discussions": false, "forks_count": 4, "mirror_url": null, "archived": false, "disabled": false, "open_issues_count": 2, "license": {"key": "mit", "name": "MIT License", "spdx_id": "MIT", "url": "https://api.github.com/licenses/mit", "node_id": "MDc6TGljZW5zZTEz"}, "allow_forking": true, "is_template": false, "web_commit_signoff_required": false, "topics": [], "default_branch": "master", "permissions": {"admin": false, "maintain": false, "push": false, "triage": false, "pull": true}, "_id": 17031}, {"owner": {"type": "User", "site_admin": false}, "fork": false, "created_at": "2008-05-15T11:10:53Z", "updated_at": "2019-08-13T13:24:38Z", "pushed_at": "2008-05-27T19:44:14Z", "size": 716, "stargazers_count": 2, "watchers_count": 2, "language": null, "has_issues": true, "has_projects": true, "has_downloads": true, "has_wiki": true, "has_pages": false, "has_discussions": false, "forks_count": 0, "mirror_url": null, "archived": false, "disabled": false, "open_issues_count": 1, "license": null, "allow_forking": true, "is_template": false, "web_commit_signoff_required": false, "topics": [], "default_branch": "master", "permissions": {"admin": false, "maintain": false, "push": false, "triage": false, "pull": true}, "network_count": 0, "subscribers_count": 3, "_id": 17033}, {"owner": {"type": "User", "site_admin": false}, "fork": false, "created_at": "2008-05-15T13:32:05Z", "updated_at": "2019-08-13T13:24:38Z", "pushed_at": "2008-06-11T11:15:36Z", "size": 80, "stargazers_count": 2, "watchers_count": 2, "language": "Perl", "has_issues": true, "has_projects": true, "has_downloads": true, "has_wiki": true, "has_pages": false, "has_discussions": false, "forks_count": 0, "mirror_url": null, "archived": false, "disabled": false, "open_issues_count": 0, "license": null, "allow_forking": true, "is_template": false, "web_commit_signoff_required": false, "topics": [], "default_branch": "master", "permissions": {"admin": false, "maintain": false, "push": false, "triage": false, "pull": true}, "network_count": 0, "subscribers_count": 3, "_id": 17050}, {"owner": {"type": "User", "site_admin": false}, "fork": true, "created_at": "2008-05-15T13:42:22Z", "updated_at": "2019-08-13T13:24:38Z", "pushed_at": "2008-12-16T14:43:28Z", "size": 125, "stargazers_count": 2, "watchers_count": 2, "language": "Ruby", "has_issues": true, "has_projects": true, "has_downloads": true, "has_wiki": true, "has_pages": false, "has_discussions": false, "forks_count": 0, "mirror_url": null, "archived": false, "disabled": false, "open_issues_count": 0, "license": {"key": "mit", "name": "MIT License", "spdx_id": "MIT", "url": "https://api.github.com/licenses/mit", "node_id": "MDc6TGljZW5zZTEz"}, "allow_forking": true, "is_template": false, "web_commit_signoff_required": false, "topics": [], "default_branch": "master", "permissions": {"admin": false, "maintain": false, "push": false, "triage": false, "pull": true}, "network_count": 5, "subscribers_count": 2, "_id": 17053}, {"owner": {"type": "User", "site_admin": false}, "fork": false, "created_at": "2008-05-15T14:00:09Z", "updated_at": "2019-08-13T13:24:38Z", "pushed_at": "2008-06-04T03:12:21Z", "size": 80, "stargazers_count": 4, "watchers_count": 4, "language": "Ruby", "has_issues": true, "has_projects": true, "has_downloads": true, "has_wiki": true, "has_pages": false, "has_discussions": false, "forks_count": 0, "mirror_url": null, "archived": false, "disabled": false, "open_issues_count": 0, "license": null, "allow_forking": true, "is_template": false, "web_commit_signoff_required": false, "topics": [], "default_branch": "master", "permissions": {"admin": false, "maintain": false, "push": false, "triage": false, "pull": true}, "network_count": 0, "subscribers_count": 5, "_id": 17054}, {"owner": {"type": "User", "site_admin": false}, "fork": false, "created_at": "2008-05-15T14:36:44Z", "updated_at": "2019-08-13T13:24:38Z", "pushed_at": "2008-05-17T10:15:44Z", "size": 84, "stargazers_count": 5, "watchers_count": 5, "language": "Python", "has_issues": false, "has_projects": true, "has_downloads": true, "has_wiki": false, "has_pages": false, "has_discussions": false, "forks_count": 0, "mirror_url": null, "archived": false, "disabled": false, "open_issues_count": 0, "license": null, "allow_forking": true, "is_template": false, "web_commit_signoff_required": false, "topics": [], "default_branch": "master", "permissions": {"admin": false, "maintain": false, "push": false, "triage": false, "pull": true}, "network_count": 0, "subscribers_count": 2, "_id": 17064}, {"owner": {"type": "User", "site_admin": false}, "fork": false, "created_at": "2008-05-15T14:50:47Z", "updated_at": "2019-08-13T13:24:38Z", "pushed_at": null, "size": 48, "stargazers_count": 2, "watchers_count": 2, "language": null, "has_issues": true, "has_projects": true, "has_downloads": true, "has_wiki": true, "has_pages": false, "has_discussions": false, "forks_count": 0, "mirror_url": null, "archived": false, "disabled": false, "open_issues_count": 0, "license": null, "allow_forking": true, "is_template": false, "web_commit_signoff_required": false, "topics": [], "default_branch": "master", "permissions": {"admin": false, "maintain": false, "push": false, "triage": false, "pull": true}, "network_count": 0, "subscribers_count": 2, "_id": 17066}, {"owner": {"type": "User", "site_admin": false}, "fork": false, "created_at": "2008-05-15T15:00:13Z", "updated_at": "2019-08-13T13:24:38Z", "pushed_at": "2008-12-27T20:18:49Z", "size": 84, "stargazers_count": 3, "watchers_count": 3, "language": "Ruby", "has_issues": true, "has_projects": true, "has_downloads": true, "has_wiki": true, "has_pages": false, "has_discussions": false, "forks_count": 0, "mirror_url": null, "archived": false, "disabled": false, "open_issues_count": 0, "license": {"key": "mit", "name": "MIT License", "spdx_id": "MIT", "url": "https://api.github.com/licenses/mit", "node_id": "MDc6TGljZW5zZTEz"}, "allow_forking": true, "is_template": false, "web_commit_signoff_required": false, "topics": [], "default_branch": "master", "permissions": {"admin": false, "maintain": false, "push": false, "triage": false, "pull": true}, "network_count": 0, "subscribers_count": 3, "_id": 17069}, {"owner": {"type": "User", "site_admin": false}, "fork": false, "created_at": "2008-05-15T15:15:27Z", "updated_at": "2019-08-13T13:24:38Z", "pushed_at": "2008-05-27T15:02:43Z", "size": 84, "stargazers_count": 5, "watchers_count": 5, "language": "Ruby", "has_issues": true, "has_projects": true, "has_downloads": true, "has_wiki": true, "has_pages": false, "has_discussions": false, "forks_count": 1, "mirror_url": null, "archived": false, "disabled": false, "open_issues_count": 1, "license": null, "allow_forking": true, "is_template": false, "web_commit_signoff_required": false, "topics": [], "default_branch": "master", "permissions": {"admin": false, "maintain": false, "push": false, "triage": false, "pull": true}, "network_count": 1, "subscribers_count": 2, "_id": 17073}, {"owner": {"type": "Organization", "site_admin": false}, "fork": false, "created_at": "2008-05-15T15:36:53Z", "updated_at": "2020-07-08T11:07:58Z", "pushed_at": "2008-05-15T17:50:34Z", "size": 488, "stargazers_count": 5, "watchers_count": 5, "language": "JavaScript", "has_issues": true, "has_projects": true, "has_downloads": true, "has_wiki": true, "has_pages": false, "has_discussions": false, "forks_count": 0, "mirror_url": null, "archived": false, "disabled": false, "open_issues_count": 0, "license": {"key": "mit", "name": "MIT License", "spdx_id": "MIT", "url": "https://api.github.com/licenses/mit", "node_id": "MDc6TGljZW5zZTEz"}, "allow_forking": true, "is_template": false, "web_commit_signoff_required": false, "topics": [], "default_branch": "master", "permissions": {"admin": false, "maintain": false, "push": false, "triage": false, "pull": true}, "network_count": 0, "subscribers_count": 2, "_id": 17078}, {"owner": {"type": "User", "site_admin": false}, "fork": false, "created_at": "2008-05-15T15:44:05Z", "updated_at": "2019-08-13T13:24:38Z", "pushed_at": "2008-05-15T16:05:09Z", "size": 544, "stargazers_count": 2, "watchers_count": 2, "language": "Ruby", "has_issues": true, "has_projects": true, "has_downloads": true, "has_wiki": true, "has_pages": false, "has_discussions": false, "forks_count": 1, "mirror_url": null, "archived": false, "disabled": false, "open_issues_count": 0, "license": null, "allow_forking": true, "is_template": false, "web_commit_signoff_required": false, "topics": [], "default_branch": "master", "permissions": {"admin": false, "maintain": false, "push": false, "triage": false, "pull": true}, "network_count": 1, "subscribers_count": 3, "_id": 17080}, {"owner": {"type": "User", "site_admin": false}, "fork": false, "created_at": "2008-05-15T16:01:58Z", "updated_at": "2022-03-07T22:36:53Z", "pushed_at": "2010-12-17T20:12:21Z", "size": 113, "stargazers_count": 22, "watchers_count": 22, "language": "Ruby", "has_issues": true, "has_projects": true, "has_downloads": true, "has_wiki": true, "has_pages": false, "has_discussions": false, "forks_count": 4, "mirror_url": null, "archived": true, "disabled": false, "open_issues_count": 0, "license": {"key": "mit", "name": "MIT License", "spdx_id": "MIT", "url": "https://api.github.com/licenses/mit", "node_id": "MDc6TGljZW5zZTEz"}, "allow_forking": true, "is_template": false, "web_commit_signoff_required": false, "topics": [], "default_branch": "master", "permissions": {"admin": false, "maintain": false, "push": false, "triage": false, "pull": true}, "_id": 17083}, {"owner": {"type": "User", "site_admin": false}, "fork": false, "created_at": "2008-05-15T16:38:49Z", "updated_at": "2022-03-07T22:19:50Z", "pushed_at": "2008-05-15T16:40:25Z", "size": 80, "stargazers_count": 6, "watchers_count": 6, "language": "Ruby", "has_issues": true, "has_projects": true, "has_downloads": true, "has_wiki": true, "has_pages": false, "has_discussions": false, "forks_count": 0, "mirror_url": null, "archived": true, "disabled": false, "open_issues_count": 0, "license": {"key": "mit", "name": "MIT License", "spdx_id": "MIT", "url": "https://api.github.com/licenses/mit", "node_id": "MDc6TGljZW5zZTEz"}, "allow_forking": true, "is_template": false, "web_commit_signoff_required": false, "topics": [], "default_branch": "master", "permissions": {"admin": false, "maintain": false, "push": false, "triage": false, "pull": true}, "_id": 17101}, {"owner": {"type": "User", "site_admin": false}, "fork": false, "created_at": "2008-05-15T16:44:13Z", "updated_at": "2019-08-13T13:24:38Z", "pushed_at": "2008-10-22T21:34:18Z", "size": 29767, "stargazers_count": 38, "watchers_count": 38, "language": "C#", "has_issues": true, "has_projects": true, "has_downloads": true, "has_wiki": true, "has_pages": false, "has_discussions": false, "forks_count": 8, "mirror_url": null, "archived": false, "disabled": false, "open_issues_count": 3, "license": {"key": "other", "name": "Other", "spdx_id": "NOASSERTION", "url": null, "node_id": "MDc6TGljZW5zZTA="}, "allow_forking": true, "is_template": false, "web_commit_signoff_required": false, "topics": [], "default_branch": "master", "permissions": {"admin": false, "maintain": false, "push": false, "triage": false, "pull": true}, "_id": 17103}, {"owner": {"type": "User", "site_admin": false}, "fork": false, "created_at": "2008-05-15T17:03:59Z", "updated_at": "2019-08-13T13:24:38Z", "pushed_at": "2008-07-11T18:36:33Z", "size": 728, "stargazers_count": 3, "watchers_count": 3, "language": "Ruby", "has_issues": true, "has_projects": true, "has_downloads": true, "has_wiki": true, "has_pages": false, "has_discussions": false, "forks_count": 0, "mirror_url": null, "archived": false, "disabled": false, "open_issues_count": 0, "license": null, "allow_forking": true, "is_template": false, "web_commit_signoff_required": false, "topics": [], "default_branch": "master", "permissions": {"admin": false, "maintain": false, "push": false, "triage": false, "pull": true}, "network_count": 0, "subscribers_count": 3, "_id": 17105}, {"owner": {"type": "User", "site_admin": false}, "fork": false, "created_at": "2008-05-15T18:24:38Z", "updated_at": "2020-07-04T19:39:06Z", "pushed_at": "2008-09-08T04:19:34Z", "size": 92, "stargazers_count": 6, "watchers_count": 6, "language": "Ruby", "has_issues": true, "has_projects": true, "has_downloads": true, "has_wiki": true, "has_pages": false, "has_discussions": false, "forks_count": 1, "mirror_url": null, "archived": true, "disabled": false, "open_issues_count": 0, "license": {"key": "mit", "name": "MIT License", "spdx_id": "MIT", "url": "https://api.github.com/licenses/mit", "node_id": "MDc6TGljZW5zZTEz"}, "allow_forking": true, "is_template": false, "web_commit_signoff_required": false, "topics": [], "default_branch": "master", "permissions": {"admin": false, "maintain": false, "push": false, "triage": false, "pull": true}, "_id": 17119}, {"owner": {"type": "User", "site_admin": false}, "fork": false, "created_at": "2008-05-15T18:51:07Z", "updated_at": "2022-11-08T03:05:00Z", "pushed_at": "2021-11-18T11:16:02Z", "size": 33579, "stargazers_count": 433, "watchers_count": 433, "language": "C", "has_issues": true, "has_projects": true, "has_downloads": true, "has_wiki": true, "has_pages": false, "has_discussions": false, "forks_count": 340, "mirror_url": null, "archived": false, "disabled": false, "open_issues_count": 7, "license": {"key": "gpl-3.0", "name": "GNU General Public License v3.0", "spdx_id": "GPL-3.0", "url": "https://api.github.com/licenses/gpl-3.0", "node_id": "MDc6TGljZW5zZTk="}, "allow_forking": true, "is_template": false, "web_commit_signoff_required": false, "topics": [], "default_branch": "master", "permissions": {"admin": false, "maintain": false, "push": false, "triage": false, "pull": true}, "_id": 17127}, {"owner": {"type": "User", "site_admin": false}, "fork": false, "created_at": "2008-05-15T19:22:02Z", "updated_at": "2019-08-13T13:24:39Z", "pushed_at": "2019-12-13T18:22:35Z", "size": 222, "stargazers_count": 27, "watchers_count": 27, "language": "Ruby", "has_issues": true, "has_projects": true, "has_downloads": true, "has_wiki": true, "has_pages": false, "has_discussions": false, "forks_count": 2, "mirror_url": null, "archived": false, "disabled": false, "open_issues_count": 0, "license": null, "allow_forking": true, "is_template": false, "web_commit_signoff_required": false, "topics": [], "default_branch": "master", "permissions": {"admin": false, "maintain": false, "push": false, "triage": false, "pull": true}, "_id": 17133}, {"owner": {"type": "User", "site_admin": false}, "fork": false, "created_at": "2008-05-15T19:35:40Z", "updated_at": "2022-02-11T07:59:05Z", "pushed_at": "2008-05-18T13:03:54Z", "size": 92, "stargazers_count": 18, "watchers_count": 18, "language": "Ruby", "has_issues": true, "has_projects": true, "has_downloads": true, "has_wiki": true, "has_pages": false, "has_discussions": false, "forks_count": 0, "mirror_url": null, "archived": true, "disabled": false, "open_issues_count": 0, "license": {"key": "lgpl-3.0", "name": "GNU Lesser General Public License v3.0", "spdx_id": "LGPL-3.0", "url": "https://api.github.com/licenses/lgpl-3.0", "node_id": "MDc6TGljZW5zZTEy"}, "allow_forking": true, "is_template": false, "web_commit_signoff_required": false, "topics": [], "default_branch": "master", "permissions": {"admin": false, "maintain": false, "push": false, "triage": false, "pull": true}, "_id": 17136}, {"owner": {"type": "User", "site_admin": false}, "fork": true, "created_at": "2008-05-15T19:39:22Z", "updated_at": "2019-08-13T13:24:39Z", "pushed_at": "2009-09-24T10:06:41Z", "size": 1073, "stargazers_count": 2, "watchers_count": 2, "language": "Ruby", "has_issues": true, "has_projects": true, "has_downloads": true, "has_wiki": true, "has_pages": false, "has_discussions": false, "forks_count": 0, "mirror_url": null, "archived": false, "disabled": false, "open_issues_count": 0, "license": {"key": "other", "name": "Other", "spdx_id": "NOASSERTION", "url": null, "node_id": "MDc6TGljZW5zZTA="}, "allow_forking": true, "is_template": false, "web_commit_signoff_required": false, "topics": [], "default_branch": "master", "permissions": {"admin": false, "maintain": false, "push": false, "triage": false, "pull": true}, "network_count": 2415, "subscribers_count": 3, "_id": 17139}, {"owner": {"type": "User", "site_admin": false}, "fork": false, "created_at": "2008-05-15T20:10:21Z", "updated_at": "2019-08-13T13:24:39Z", "pushed_at": "2008-05-22T21:45:07Z", "size": 236, "stargazers_count": 6, "watchers_count": 6, "language": "Python", "has_issues": true, "has_projects": true, "has_downloads": true, "has_wiki": true, "has_pages": false, "has_discussions": false, "forks_count": 0, "mirror_url": null, "archived": false, "disabled": false, "open_issues_count": 0, "license": null, "allow_forking": true, "is_template": false, "web_commit_signoff_required": false, "topics": [], "default_branch": "master", "permissions": {"admin": false, "maintain": false, "push": false, "triage": false, "pull": true}, "_id": 17142}, {"owner": {"type": "User", "site_admin": false}, "fork": false, "created_at": "2008-05-15T20:20:15Z", "updated_at": "2020-01-21T19:12:34Z", "pushed_at": "2010-08-25T11:44:14Z", "size": 187, "stargazers_count": 24, "watchers_count": 24, "language": "Ruby", "has_issues": true, "has_projects": true, "has_downloads": true, "has_wiki": true, "has_pages": false, "has_discussions": false, "forks_count": 9, "mirror_url": null, "archived": true, "disabled": false, "open_issues_count": 0, "license": {"key": "other", "name": "Other", "spdx_id": "NOASSERTION", "url": null, "node_id": "MDc6TGljZW5zZTA="}, "allow_forking": true, "is_template": false, "web_commit_signoff_required": false, "topics": [], "default_branch": "master", "permissions": {"admin": false, "maintain": false, "push": false, "triage": false, "pull": true}, "_id": 17143}, {"owner": {"type": "User", "site_admin": false}, "fork": true, "created_at": "2008-05-15T20:21:01Z", "updated_at": "2019-08-13T13:24:39Z", "pushed_at": "2008-05-15T20:32:18Z", "size": 101, "stargazers_count": 2, "watchers_count": 2, "language": "Ruby", "has_issues": true, "has_projects": true, "has_downloads": true, "has_wiki": true, "has_pages": false, "has_discussions": false, "forks_count": 0, "mirror_url": null, "archived": false, "disabled": false, "open_issues_count": 0, "license": {"key": "mit", "name": "MIT License", "spdx_id": "MIT", "url": "https://api.github.com/licenses/mit", "node_id": "MDc6TGljZW5zZTEz"}, "allow_forking": true, "is_template": false, "web_commit_signoff_required": false, "topics": [], "default_branch": "master", "permissions": {"admin": false, "maintain": false, "push": false, "triage": false, "pull": true}, "network_count": 2, "subscribers_count": 2, "_id": 17144}, {"owner": {"type": "User", "site_admin": false}, "fork": false, "created_at": "2008-05-15T20:22:30Z", "updated_at": "2020-08-13T19:53:05Z", "pushed_at": "2009-03-07T21:55:23Z", "size": 285, "stargazers_count": 39, "watchers_count": 39, "language": "Python", "has_issues": true, "has_projects": true, "has_downloads": true, "has_wiki": true, "has_pages": false, "has_discussions": false, "forks_count": 4, "mirror_url": null, "archived": false, "disabled": false, "open_issues_count": 0, "license": null, "allow_forking": true, "is_template": false, "web_commit_signoff_required": false, "topics": [], "default_branch": "master", "permissions": {"admin": false, "maintain": false, "push": false, "triage": false, "pull": true}, "_id": 17146}, {"owner": {"type": "User", "site_admin": false}, "fork": true, "created_at": "2008-05-15T20:28:40Z", "updated_at": "2019-08-13T13:24:39Z", "pushed_at": "2008-05-15T20:28:40Z", "size": 6208, "stargazers_count": 2, "watchers_count": 2, "language": "Ruby", "has_issues": true, "has_projects": true, "has_downloads": true, "has_wiki": true, "has_pages": false, "has_discussions": false, "forks_count": 0, "mirror_url": null, "archived": false, "disabled": false, "open_issues_count": 0, "license": null, "allow_forking": true, "is_template": false, "web_commit_signoff_required": false, "topics": [], "default_branch": "master", "permissions": {"admin": false, "maintain": false, "push": false, "triage": false, "pull": true}, "network_count": 0, "subscribers_count": 1, "_id": 17148}, {"owner": {"type": "User", "site_admin": false}, "fork": false, "created_at": "2008-05-15T20:36:07Z", "updated_at": "2019-08-13T13:24:39Z", "pushed_at": "2008-05-15T20:39:13Z", "size": 100, "stargazers_count": 2, "watchers_count": 2, "language": "Ruby", "has_issues": true, "has_projects": true, "has_downloads": true, "has_wiki": true, "has_pages": false, "has_discussions": false, "forks_count": 9, "mirror_url": null, "archived": false, "disabled": false, "open_issues_count": 0, "license": {"key": "mit", "name": "MIT License", "spdx_id": "MIT", "url": "https://api.github.com/licenses/mit", "node_id": "MDc6TGljZW5zZTEz"}, "allow_forking": true, "is_template": false, "web_commit_signoff_required": false, "topics": [], "default_branch": "master", "permissions": {"admin": false, "maintain": false, "push": false, "triage": false, "pull": true}, "network_count": 9, "subscribers_count": 3, "_id": 17151}, {"owner": {"type": "User", "site_admin": false}, "fork": false, "created_at": "2008-05-15T20:45:57Z", "updated_at": "2019-08-13T13:24:39Z", "pushed_at": "2011-09-26T18:35:23Z", "size": 383, "stargazers_count": 45, "watchers_count": 45, "language": "Ruby", "has_issues": true, "has_projects": true, "has_downloads": true, "has_wiki": true, "has_pages": false, "has_discussions": false, "forks_count": 32, "mirror_url": null, "archived": false, "disabled": false, "open_issues_count": 2, "license": null, "allow_forking": true, "is_template": false, "web_commit_signoff_required": false, "topics": [], "default_branch": "master", "permissions": {"admin": false, "maintain": false, "push": false, "triage": false, "pull": true}, "_id": 17156}, {"owner": {"type": "User", "site_admin": false}, "fork": false, "created_at": "2008-05-15T21:04:58Z", "updated_at": "2019-08-22T09:19:06Z", "pushed_at": "2009-03-29T00:29:15Z", "size": 328, "stargazers_count": 71, "watchers_count": 71, "language": "Ruby", "has_issues": false, "has_projects": true, "has_downloads": true, "has_wiki": false, "has_pages": false, "has_discussions": false, "forks_count": 11, "mirror_url": null, "archived": false, "disabled": false, "open_issues_count": 0, "license": {"key": "gpl-3.0", "name": "GNU General Public License v3.0", "spdx_id": "GPL-3.0", "url": "https://api.github.com/licenses/gpl-3.0", "node_id": "MDc6TGljZW5zZTk="}, "allow_forking": true, "is_template": false, "web_commit_signoff_required": false, "topics": [], "default_branch": "master", "permissions": {"admin": false, "maintain": false, "push": false, "triage": false, "pull": true}, "_id": 17165}, {"owner": {"type": "User", "site_admin": false}, "fork": false, "created_at": "2008-05-15T21:12:32Z", "updated_at": "2019-08-13T13:24:39Z", "pushed_at": "2010-11-13T23:28:11Z", "size": 2228, "stargazers_count": 2, "watchers_count": 2, "language": "JavaScript", "has_issues": false, "has_projects": true, "has_downloads": true, "has_wiki": false, "has_pages": false, "has_discussions": false, "forks_count": 0, "mirror_url": null, "archived": false, "disabled": false, "open_issues_count": 0, "license": null, "allow_forking": true, "is_template": false, "web_commit_signoff_required": false, "topics": [], "default_branch": "master", "permissions": {"admin": false, "maintain": false, "push": false, "triage": false, "pull": true}, "network_count": 0, "subscribers_count": 0, "_id": 17171}, {"owner": {"type": "User", "site_admin": false}, "fork": false, "created_at": "2008-05-15T21:18:57Z", "updated_at": "2022-03-29T21:48:25Z", "pushed_at": "2022-06-17T22:13:01Z", "size": 4825, "stargazers_count": 26, "watchers_count": 26, "language": "Ruby", "has_issues": true, "has_projects": true, "has_downloads": true, "has_wiki": true, "has_pages": false, "has_discussions": false, "forks_count": 2, "mirror_url": null, "archived": false, "disabled": false, "open_issues_count": 1, "license": null, "allow_forking": true, "is_template": false, "web_commit_signoff_required": false, "topics": [], "default_branch": "master", "permissions": {"admin": false, "maintain": false, "push": false, "triage": false, "pull": true}, "_id": 17175}, {"owner": {"type": "User", "site_admin": false}, "fork": false, "created_at": "2008-05-15T21:30:49Z", "updated_at": "2021-04-26T09:40:27Z", "pushed_at": "2014-04-14T17:43:23Z", "size": 1379, "stargazers_count": 2, "watchers_count": 2, "language": "C", "has_issues": true, "has_projects": true, "has_downloads": true, "has_wiki": true, "has_pages": true, "has_discussions": false, "forks_count": 0, "mirror_url": null, "archived": false, "disabled": false, "open_issues_count": 0, "license": {"key": "gpl-3.0", "name": "GNU General Public License v3.0", "spdx_id": "GPL-3.0", "url": "https://api.github.com/licenses/gpl-3.0", "node_id": "MDc6TGljZW5zZTk="}, "allow_forking": true, "is_template": false, "web_commit_signoff_required": false, "topics": [], "default_branch": "master", "permissions": {"admin": false, "maintain": false, "push": false, "triage": false, "pull": true}, "network_count": 0, "subscribers_count": 1, "_id": 17181}, {"owner": {"type": "User", "site_admin": false}, "fork": false, "created_at": "2008-05-15T21:31:32Z", "updated_at": "2022-01-04T07:53:18Z", "pushed_at": "2008-05-16T15:34:29Z", "size": 93, "stargazers_count": 15, "watchers_count": 15, "language": "Python", "has_issues": true, "has_projects": true, "has_downloads": true, "has_wiki": true, "has_pages": false, "has_discussions": false, "forks_count": 3, "mirror_url": null, "archived": true, "disabled": false, "open_issues_count": 0, "license": null, "allow_forking": true, "is_template": false, "web_commit_signoff_required": false, "topics": [], "default_branch": "master", "permissions": {"admin": false, "maintain": false, "push": false, "triage": false, "pull": true}, "_id": 17182}, {"owner": {"type": "User", "site_admin": false}, "fork": false, "created_at": "2008-05-15T21:46:33Z", "updated_at": "2019-08-13T13:24:39Z", "pushed_at": "2008-05-15T21:46:51Z", "size": 108, "stargazers_count": 4, "watchers_count": 4, "language": "Ruby", "has_issues": true, "has_projects": true, "has_downloads": true, "has_wiki": true, "has_pages": false, "has_discussions": false, "forks_count": 0, "mirror_url": null, "archived": false, "disabled": false, "open_issues_count": 0, "license": null, "allow_forking": true, "is_template": false, "web_commit_signoff_required": false, "topics": [], "default_branch": "master", "permissions": {"admin": false, "maintain": false, "push": false, "triage": false, "pull": true}, "network_count": 0, "subscribers_count": 3, "_id": 17186}, {"owner": {"type": "User", "site_admin": false}, "fork": false, "created_at": "2008-05-15T22:05:23Z", "updated_at": "2019-08-13T13:24:39Z", "pushed_at": "2009-06-07T21:08:46Z", "size": 118, "stargazers_count": 5, "watchers_count": 5, "language": "JavaScript", "has_issues": true, "has_projects": true, "has_downloads": true, "has_wiki": true, "has_pages": false, "has_discussions": false, "forks_count": 2, "mirror_url": null, "archived": false, "disabled": false, "open_issues_count": 0, "license": null, "allow_forking": true, "is_template": false, "web_commit_signoff_required": false, "topics": [], "default_branch": "master", "permissions": {"admin": false, "maintain": false, "push": false, "triage": false, "pull": true}, "network_count": 2, "subscribers_count": 3, "_id": 17192}, {"owner": {"type": "User", "site_admin": false}, "fork": true, "created_at": "2008-05-15T22:41:56Z", "updated_at": "2019-08-13T13:24:39Z", "pushed_at": "2008-07-11T16:57:30Z", "size": 89, "stargazers_count": 2, "watchers_count": 2, "language": "Ruby", "has_issues": true, "has_projects": true, "has_downloads": true, "has_wiki": true, "has_pages": false, "has_discussions": false, "forks_count": 1, "mirror_url": null, "archived": false, "disabled": false, "open_issues_count": 0, "license": {"key": "bsd-3-clause", "name": "BSD 3-Clause \"New\" or \"Revised\" License", "spdx_id": "BSD-3-Clause", "url": "https://api.github.com/licenses/bsd-3-clause", "node_id": "MDc6TGljZW5zZTU="}, "allow_forking": true, "is_template": false, "web_commit_signoff_required": false, "topics": [], "default_branch": "master", "permissions": {"admin": false, "maintain": false, "push": false, "triage": false, "pull": true}, "network_count": 228, "subscribers_count": 2, "_id": 17202}, {"owner": {"type": "User", "site_admin": false}, "fork": false, "created_at": "2008-05-15T22:48:33Z", "updated_at": "2019-08-13T13:24:39Z", "pushed_at": "2008-05-17T16:07:32Z", "size": 104, "stargazers_count": 1, "watchers_count": 1, "language": "Python", "has_issues": true, "has_projects": true, "has_downloads": true, "has_wiki": true, "has_pages": false, "has_discussions": false, "forks_count": 1, "mirror_url": null, "archived": true, "disabled": false, "open_issues_count": 0, "license": {"key": "gpl-3.0", "name": "GNU General Public License v3.0", "spdx_id": "GPL-3.0", "url": "https://api.github.com/licenses/gpl-3.0", "node_id": "MDc6TGljZW5zZTk="}, "allow_forking": true, "is_template": false, "web_commit_signoff_required": false, "topics": [], "default_branch": "master", "permissions": {"admin": false, "maintain": false, "push": false, "triage": false, "pull": true}, "network_count": 1, "subscribers_count": 2, "_id": 17204}, {"owner": {"type": "User", "site_admin": false}, "fork": false, "created_at": "2008-05-15T23:19:10Z", "updated_at": "2019-08-13T13:24:39Z", "pushed_at": null, "size": 48, "stargazers_count": 2, "watchers_count": 2, "language": null, "has_issues": true, "has_projects": true, "has_downloads": true, "has_wiki": true, "has_pages": false, "has_discussions": false, "forks_count": 0, "mirror_url": null, "archived": false, "disabled": false, "open_issues_count": 0, "license": null, "allow_forking": true, "is_template": false, "web_commit_signoff_required": false, "topics": [], "default_branch": "master", "permissions": {"admin": false, "maintain": false, "push": false, "triage": false, "pull": true}, "network_count": 0, "subscribers_count": 2, "_id": 17209}, {"owner": {"type": "Organization", "site_admin": false}, "fork": true, "created_at": "2008-05-15T23:26:42Z", "updated_at": "2019-08-13T13:24:39Z", "pushed_at": "2008-05-16T00:15:33Z", "size": 9003, "stargazers_count": 1, "watchers_count": 1, "language": "Ruby", "has_issues": true, "has_projects": true, "has_downloads": true, "has_wiki": true, "has_pages": false, "has_discussions": false, "forks_count": 0, "mirror_url": null, "archived": false, "disabled": false, "open_issues_count": 0, "license": null, "allow_forking": true, "is_template": false, "web_commit_signoff_required": false, "topics": [], "default_branch": "master", "permissions": {"admin": false, "maintain": false, "push": false, "triage": false, "pull": true}, "network_count": 910, "subscribers_count": 3, "_id": 17211}, {"owner": {"type": "User", "site_admin": false}, "fork": true, "created_at": "2008-05-15T23:45:34Z", "updated_at": "2019-08-13T13:24:39Z", "pushed_at": "2008-05-16T05:31:45Z", "size": 10097, "stargazers_count": 2, "watchers_count": 2, "language": "Ruby", "has_issues": true, "has_projects": true, "has_downloads": true, "has_wiki": true, "has_pages": false, "has_discussions": false, "forks_count": 0, "mirror_url": null, "archived": false, "disabled": false, "open_issues_count": 0, "license": {"key": "apache-2.0", "name": "Apache License 2.0", "spdx_id": "Apache-2.0", "url": "https://api.github.com/licenses/apache-2.0", "node_id": "MDc6TGljZW5zZTI="}, "allow_forking": true, "is_template": false, "web_commit_signoff_required": false, "topics": [], "default_branch": "master", "permissions": {"admin": false, "maintain": false, "push": false, "triage": false, "pull": true}, "network_count": 11, "subscribers_count": 3, "_id": 17218}, {"owner": {"type": "User", "site_admin": false}, "fork": false, "created_at": "2008-05-15T23:54:04Z", "updated_at": "2019-08-13T13:24:39Z", "pushed_at": "2009-11-17T16:52:32Z", "size": 28184, "stargazers_count": 2, "watchers_count": 2, "language": "Shell", "has_issues": true, "has_projects": true, "has_downloads": true, "has_wiki": true, "has_pages": false, "has_discussions": false, "forks_count": 0, "mirror_url": null, "archived": false, "disabled": false, "open_issues_count": 0, "license": null, "allow_forking": true, "is_template": false, "web_commit_signoff_required": false, "topics": [], "default_branch": "master", "permissions": {"admin": false, "maintain": false, "push": false, "triage": false, "pull": true}, "network_count": 0, "subscribers_count": 2, "_id": 17221}]