[{"owner": {"type": "User", "site_admin": false}, "fork": true, "created_at": "2008-03-16T21:42:29Z", "updated_at": "2019-08-13T13:22:06Z", "pushed_at": "2008-03-17T15:33:39Z", "size": 82, "stargazers_count": 3, "watchers_count": 3, "language": "JavaScript", "has_issues": true, "has_projects": true, "has_downloads": true, "has_wiki": true, "has_pages": false, "has_discussions": false, "forks_count": 0, "mirror_url": null, "archived": false, "disabled": false, "open_issues_count": 0, "license": null, "allow_forking": true, "is_template": false, "web_commit_signoff_required": false, "topics": [], "default_branch": "master", "permissions": {"admin": false, "maintain": false, "push": false, "triage": false, "pull": true}, "network_count": 3, "subscribers_count": 3, "_id": 4213}]