[{"owner": {"type": "User", "site_admin": false}, "fork": false, "created_at": "2008-04-24T00:41:40Z", "updated_at": "2020-05-21T17:42:03Z", "pushed_at": "2011-04-09T08:41:37Z", "size": 87, "stargazers_count": 10, "watchers_count": 10, "language": "Ruby", "has_issues": true, "has_projects": true, "has_downloads": true, "has_wiki": true, "has_pages": false, "has_discussions": false, "forks_count": 2, "mirror_url": null, "archived": false, "disabled": false, "open_issues_count": 1, "license": null, "allow_forking": true, "is_template": false, "web_commit_signoff_required": false, "topics": [], "default_branch": "master", "permissions": {"admin": false, "maintain": false, "push": false, "triage": false, "pull": true}, "network_count": 2, "subscribers_count": 4, "_id": 12157}, {"owner": {"type": "User", "site_admin": false}, "fork": true, "created_at": "2008-04-24T02:27:14Z", "updated_at": "2019-08-13T13:23:31Z", "pushed_at": "2008-04-24T08:32:20Z", "size": 4585, "stargazers_count": 4, "watchers_count": 4, "language": "Ruby", "has_issues": true, "has_projects": true, "has_downloads": true, "has_wiki": true, "has_pages": false, "has_discussions": false, "forks_count": 1, "mirror_url": null, "archived": false, "disabled": false, "open_issues_count": 0, "license": {"key": "other", "name": "Other", "spdx_id": "NOASSERTION", "url": null, "node_id": "MDc6TGljZW5zZTA="}, "allow_forking": true, "is_template": false, "web_commit_signoff_required": false, "topics": [], "default_branch": "master", "permissions": {"admin": false, "maintain": false, "push": false, "triage": false, "pull": true}, "network_count": 3, "subscribers_count": 3, "_id": 12170}, {"owner": {"type": "User", "site_admin": false}, "fork": false, "created_at": "2008-04-24T02:48:58Z", "updated_at": "2019-08-13T13:23:31Z", "pushed_at": "2008-04-28T08:10:44Z", "size": 88, "stargazers_count": 2, "watchers_count": 2, "language": "Perl", "has_issues": true, "has_projects": true, "has_downloads": true, "has_wiki": true, "has_pages": false, "has_discussions": false, "forks_count": 0, "mirror_url": null, "archived": false, "disabled": false, "open_issues_count": 0, "license": {"key": "other", "name": "Other", "spdx_id": "NOASSERTION", "url": null, "node_id": "MDc6TGljZW5zZTA="}, "allow_forking": true, "is_template": false, "web_commit_signoff_required": false, "topics": [], "default_branch": "master", "permissions": {"admin": false, "maintain": false, "push": false, "triage": false, "pull": true}, "network_count": 0, "subscribers_count": 3, "_id": 12173}, {"owner": {"type": "User", "site_admin": false}, "fork": false, "created_at": "2008-04-24T02:50:26Z", "updated_at": "2019-08-13T13:23:31Z", "pushed_at": "2008-04-24T02:52:31Z", "size": 204, "stargazers_count": 4, "watchers_count": 4, "language": "Ruby", "has_issues": true, "has_projects": true, "has_downloads": true, "has_wiki": true, "has_pages": false, "has_discussions": false, "forks_count": 1, "mirror_url": null, "archived": false, "disabled": false, "open_issues_count": 0, "license": null, "allow_forking": true, "is_template": false, "web_commit_signoff_required": false, "topics": [], "default_branch": "master", "permissions": {"admin": false, "maintain": false, "push": false, "triage": false, "pull": true}, "network_count": 1, "subscribers_count": 3, "_id": 12174}, {"owner": {"type": "User", "site_admin": false}, "fork": true, "created_at": "2008-04-24T02:53:04Z", "updated_at": "2019-08-13T13:23:31Z", "pushed_at": "2008-12-02T22:23:20Z", "size": 2367, "stargazers_count": 2, "watchers_count": 2, "language": "Ruby", "has_issues": true, "has_projects": true, "has_downloads": true, "has_wiki": true, "has_pages": false, "has_discussions": false, "forks_count": 0, "mirror_url": null, "archived": false, "disabled": false, "open_issues_count": 0, "license": null, "allow_forking": true, "is_template": false, "web_commit_signoff_required": false, "topics": [], "default_branch": "master", "permissions": {"admin": false, "maintain": false, "push": false, "triage": false, "pull": true}, "network_count": 2, "subscribers_count": 4, "_id": 12175}, {"owner": {"type": "User", "site_admin": false}, "fork": false, "created_at": "2008-04-24T03:00:11Z", "updated_at": "2019-08-13T13:23:31Z", "pushed_at": "2008-04-26T15:38:28Z", "size": 82, "stargazers_count": 2, "watchers_count": 2, "language": "Ruby", "has_issues": true, "has_projects": true, "has_downloads": true, "has_wiki": true, "has_pages": false, "has_discussions": false, "forks_count": 1, "mirror_url": null, "archived": false, "disabled": false, "open_issues_count": 0, "license": {"key": "mit", "name": "MIT License", "spdx_id": "MIT", "url": "https://api.github.com/licenses/mit", "node_id": "MDc6TGljZW5zZTEz"}, "allow_forking": true, "is_template": false, "web_commit_signoff_required": false, "topics": [], "default_branch": "master", "permissions": {"admin": false, "maintain": false, "push": false, "triage": false, "pull": true}, "network_count": 1, "subscribers_count": 1, "_id": 12177}, {"owner": {"type": "User", "site_admin": false}, "fork": true, "created_at": "2008-04-24T03:10:15Z", "updated_at": "2019-08-13T13:23:32Z", "pushed_at": "2008-04-24T03:17:22Z", "size": 912, "stargazers_count": 2, "watchers_count": 2, "language": "Ruby", "has_issues": true, "has_projects": true, "has_downloads": true, "has_wiki": true, "has_pages": false, "has_discussions": false, "forks_count": 0, "mirror_url": null, "archived": false, "disabled": false, "open_issues_count": 0, "license": null, "allow_forking": true, "is_template": false, "web_commit_signoff_required": false, "topics": [], "default_branch": "master", "permissions": {"admin": false, "maintain": false, "push": false, "triage": false, "pull": true}, "network_count": 514, "subscribers_count": 3, "_id": 12179}, {"owner": {"type": "User", "site_admin": false}, "fork": true, "created_at": "2008-04-24T03:11:43Z", "updated_at": "2019-08-13T13:23:32Z", "pushed_at": "2008-04-24T03:11:45Z", "size": 155, "stargazers_count": 2, "watchers_count": 2, "language": "Ruby", "has_issues": true, "has_projects": true, "has_downloads": true, "has_wiki": true, "has_pages": false, "has_discussions": false, "forks_count": 0, "mirror_url": null, "archived": false, "disabled": false, "open_issues_count": 0, "license": {"key": "mit", "name": "MIT License", "spdx_id": "MIT", "url": "https://api.github.com/licenses/mit", "node_id": "MDc6TGljZW5zZTEz"}, "allow_forking": true, "is_template": false, "web_commit_signoff_required": false, "topics": [], "default_branch": "master", "permissions": {"admin": false, "maintain": false, "push": false, "triage": false, "pull": true}, "network_count": 46, "subscribers_count": 3, "_id": 12180}, {"owner": {"type": "User", "site_admin": false}, "fork": true, "created_at": "2008-04-24T03:47:53Z", "updated_at": "2019-08-13T13:23:32Z", "pushed_at": "2008-04-24T04:08:07Z", "size": 85, "stargazers_count": 2, "watchers_count": 2, "language": "Ruby", "has_issues": true, "has_projects": true, "has_downloads": true, "has_wiki": true, "has_pages": false, "has_discussions": false, "forks_count": 1, "mirror_url": null, "archived": false, "disabled": false, "open_issues_count": 0, "license": {"key": "mit", "name": "MIT License", "spdx_id": "MIT", "url": "https://api.github.com/licenses/mit", "node_id": "MDc6TGljZW5zZTEz"}, "allow_forking": true, "is_template": false, "web_commit_signoff_required": false, "topics": [], "default_branch": "master", "permissions": {"admin": false, "maintain": false, "push": false, "triage": false, "pull": true}, "network_count": 78, "subscribers_count": 3, "_id": 12183}, {"owner": {"type": "User", "site_admin": false}, "fork": true, "created_at": "2008-04-24T04:14:24Z", "updated_at": "2019-08-13T13:23:32Z", "pushed_at": "2008-04-24T04:14:28Z", "size": 112, "stargazers_count": 2, "watchers_count": 2, "language": "Ruby", "has_issues": true, "has_projects": true, "has_downloads": true, "has_wiki": true, "has_pages": false, "has_discussions": false, "forks_count": 0, "mirror_url": null, "archived": false, "disabled": false, "open_issues_count": 0, "license": null, "allow_forking": true, "is_template": false, "web_commit_signoff_required": false, "topics": [], "default_branch": "master", "permissions": {"admin": false, "maintain": false, "push": false, "triage": false, "pull": true}, "network_count": 17, "subscribers_count": 3, "_id": 12186}, {"owner": {"type": "User", "site_admin": false}, "fork": false, "created_at": "2008-04-24T05:54:53Z", "updated_at": "2019-08-13T13:23:32Z", "pushed_at": "2008-04-24T05:58:40Z", "size": 88, "stargazers_count": 2, "watchers_count": 2, "language": "C#", "has_issues": true, "has_projects": true, "has_downloads": true, "has_wiki": true, "has_pages": false, "has_discussions": false, "forks_count": 1, "mirror_url": null, "archived": false, "disabled": false, "open_issues_count": 0, "license": null, "allow_forking": true, "is_template": false, "web_commit_signoff_required": false, "topics": [], "default_branch": "master", "permissions": {"admin": false, "maintain": false, "push": false, "triage": false, "pull": true}, "network_count": 1, "subscribers_count": 3, "_id": 12199}, {"owner": {"type": "User", "site_admin": false}, "fork": false, "created_at": "2008-04-24T06:21:53Z", "updated_at": "2019-08-13T13:23:32Z", "pushed_at": "2009-01-22T23:15:25Z", "size": 263, "stargazers_count": 8, "watchers_count": 8, "language": "Ruby", "has_issues": true, "has_projects": true, "has_downloads": true, "has_wiki": true, "has_pages": false, "has_discussions": false, "forks_count": 1, "mirror_url": null, "archived": false, "disabled": false, "open_issues_count": 0, "license": {"key": "bsd-3-clause", "name": "BSD 3-Clause \"New\" or \"Revised\" License", "spdx_id": "BSD-3-Clause", "url": "https://api.github.com/licenses/bsd-3-clause", "node_id": "MDc6TGljZW5zZTU="}, "allow_forking": true, "is_template": false, "web_commit_signoff_required": false, "topics": [], "default_branch": "master", "permissions": {"admin": false, "maintain": false, "push": false, "triage": false, "pull": true}, "network_count": 1, "subscribers_count": 3, "_id": 12203}, {"owner": {"type": "User", "site_admin": false}, "fork": true, "created_at": "2008-04-24T07:40:00Z", "updated_at": "2019-08-13T13:23:32Z", "pushed_at": "2008-04-26T09:05:32Z", "size": 1283, "stargazers_count": 2, "watchers_count": 2, "language": "Ruby", "has_issues": true, "has_projects": true, "has_downloads": true, "has_wiki": true, "has_pages": false, "has_discussions": false, "forks_count": 1, "mirror_url": null, "archived": false, "disabled": false, "open_issues_count": 0, "license": {"key": "mit", "name": "MIT License", "spdx_id": "MIT", "url": "https://api.github.com/licenses/mit", "node_id": "MDc6TGljZW5zZTEz"}, "allow_forking": true, "is_template": false, "web_commit_signoff_required": false, "topics": [], "default_branch": "master", "permissions": {"admin": false, "maintain": false, "push": false, "triage": false, "pull": true}, "network_count": 29, "subscribers_count": 3, "_id": 12212}, {"owner": {"type": "User", "site_admin": false}, "fork": true, "created_at": "2008-04-24T08:32:57Z", "updated_at": "2019-08-13T13:23:32Z", "pushed_at": "2008-04-24T08:32:58Z", "size": 98, "stargazers_count": 3, "watchers_count": 3, "language": "Ruby", "has_issues": true, "has_projects": true, "has_downloads": true, "has_wiki": true, "has_pages": false, "has_discussions": false, "forks_count": 0, "mirror_url": null, "archived": false, "disabled": false, "open_issues_count": 0, "license": null, "allow_forking": true, "is_template": false, "web_commit_signoff_required": false, "topics": [], "default_branch": "master", "permissions": {"admin": false, "maintain": false, "push": false, "triage": false, "pull": true}, "network_count": 79, "subscribers_count": 2, "_id": 12215}, {"owner": {"type": "User", "site_admin": false}, "fork": false, "created_at": "2008-04-24T09:20:22Z", "updated_at": "2019-08-13T13:23:32Z", "pushed_at": "2010-06-28T17:22:05Z", "size": 525, "stargazers_count": 30, "watchers_count": 30, "language": "Ruby", "has_issues": true, "has_projects": true, "has_downloads": true, "has_wiki": true, "has_pages": true, "has_discussions": false, "forks_count": 5, "mirror_url": null, "archived": false, "disabled": false, "open_issues_count": 0, "license": {"key": "mit", "name": "MIT License", "spdx_id": "MIT", "url": "https://api.github.com/licenses/mit", "node_id": "MDc6TGljZW5zZTEz"}, "allow_forking": true, "is_template": false, "web_commit_signoff_required": false, "topics": [], "default_branch": "master", "permissions": {"admin": false, "maintain": false, "push": false, "triage": false, "pull": true}, "network_count": 5, "subscribers_count": 2, "_id": 12217}, {"owner": {"type": "User", "site_admin": false}, "fork": false, "created_at": "2008-04-24T09:34:31Z", "updated_at": "2021-01-13T19:25:26Z", "pushed_at": "2008-04-24T09:36:14Z", "size": 374, "stargazers_count": 8, "watchers_count": 8, "language": "Objective-C", "has_issues": true, "has_projects": true, "has_downloads": true, "has_wiki": true, "has_pages": false, "has_discussions": false, "forks_count": 4, "mirror_url": null, "archived": false, "disabled": false, "open_issues_count": 0, "license": null, "allow_forking": true, "is_template": false, "web_commit_signoff_required": false, "topics": [], "default_branch": "master", "permissions": {"admin": false, "maintain": false, "push": false, "triage": false, "pull": true}, "network_count": 4, "subscribers_count": 4, "_id": 12220}, {"owner": {"type": "User", "site_admin": false}, "fork": false, "created_at": "2008-04-24T11:25:03Z", "updated_at": "2019-08-13T13:23:32Z", "pushed_at": "2009-07-12T21:15:21Z", "size": 112, "stargazers_count": 5, "watchers_count": 5, "language": "Ruby", "has_issues": true, "has_projects": true, "has_downloads": true, "has_wiki": true, "has_pages": false, "has_discussions": false, "forks_count": 2, "mirror_url": null, "archived": false, "disabled": false, "open_issues_count": 0, "license": {"key": "other", "name": "Other", "spdx_id": "NOASSERTION", "url": null, "node_id": "MDc6TGljZW5zZTA="}, "allow_forking": true, "is_template": false, "web_commit_signoff_required": false, "topics": [], "default_branch": "master", "permissions": {"admin": false, "maintain": false, "push": false, "triage": false, "pull": true}, "network_count": 2, "subscribers_count": 3, "_id": 12228}, {"owner": {"type": "User", "site_admin": false}, "fork": false, "created_at": "2008-04-24T11:34:29Z", "updated_at": "2021-05-18T17:54:55Z", "pushed_at": "2012-05-25T21:15:08Z", "size": 2369, "stargazers_count": 6, "watchers_count": 6, "language": "JavaScript", "has_issues": true, "has_projects": true, "has_downloads": true, "has_wiki": true, "has_pages": false, "has_discussions": false, "forks_count": 3, "mirror_url": null, "archived": false, "disabled": false, "open_issues_count": 0, "license": null, "allow_forking": true, "is_template": false, "web_commit_signoff_required": false, "topics": ["google-appengine", "javascript", "python"], "default_branch": "master", "permissions": {"admin": false, "maintain": false, "push": false, "triage": false, "pull": true}, "network_count": 3, "subscribers_count": 4, "_id": 12229}, {"owner": {"type": "User", "site_admin": false}, "fork": false, "created_at": "2008-04-24T12:08:45Z", "updated_at": "2022-06-03T10:09:01Z", "pushed_at": "2010-10-01T01:19:12Z", "size": 825, "stargazers_count": 30, "watchers_count": 30, "language": "C", "has_issues": true, "has_projects": true, "has_downloads": true, "has_wiki": true, "has_pages": false, "has_discussions": false, "forks_count": 17, "mirror_url": null, "archived": false, "disabled": false, "open_issues_count": 0, "license": {"key": "lgpl-2.1", "name": "GNU Lesser General Public License v2.1", "spdx_id": "LGPL-2.1", "url": "https://api.github.com/licenses/lgpl-2.1", "node_id": "MDc6TGljZW5zZTEx"}, "allow_forking": true, "is_template": false, "web_commit_signoff_required": false, "topics": [], "default_branch": "master", "permissions": {"admin": false, "maintain": false, "push": false, "triage": false, "pull": true}, "network_count": 17, "subscribers_count": 5, "_id": 12234}, {"owner": {"type": "User", "site_admin": false}, "fork": false, "created_at": "2008-04-24T12:36:15Z", "updated_at": "2022-08-23T08:47:54Z", "pushed_at": "2012-10-13T08:38:17Z", "size": 2149, "stargazers_count": 40, "watchers_count": 40, "language": "C", "has_issues": true, "has_projects": true, "has_downloads": true, "has_wiki": true, "has_pages": false, "has_discussions": false, "forks_count": 12, "mirror_url": null, "archived": false, "disabled": false, "open_issues_count": 3, "license": {"key": "gpl-2.0", "name": "GNU General Public License v2.0", "spdx_id": "GPL-2.0", "url": "https://api.github.com/licenses/gpl-2.0", "node_id": "MDc6TGljZW5zZTg="}, "allow_forking": true, "is_template": false, "web_commit_signoff_required": false, "topics": [], "default_branch": "master", "permissions": {"admin": false, "maintain": false, "push": false, "triage": false, "pull": true}, "network_count": 12, "subscribers_count": 7, "_id": 12237}, {"owner": {"type": "User", "site_admin": false}, "fork": true, "created_at": "2008-04-24T13:12:47Z", "updated_at": "2019-08-13T13:23:32Z", "pushed_at": "2008-04-24T13:12:52Z", "size": 755, "stargazers_count": 2, "watchers_count": 2, "language": "Ruby", "has_issues": true, "has_projects": true, "has_downloads": true, "has_wiki": true, "has_pages": false, "has_discussions": false, "forks_count": 0, "mirror_url": null, "archived": false, "disabled": false, "open_issues_count": 0, "license": {"key": "mit", "name": "MIT License", "spdx_id": "MIT", "url": "https://api.github.com/licenses/mit", "node_id": "MDc6TGljZW5zZTEz"}, "allow_forking": true, "is_template": false, "web_commit_signoff_required": false, "topics": [], "default_branch": "master", "permissions": {"admin": false, "maintain": false, "push": false, "triage": false, "pull": true}, "network_count": 165, "subscribers_count": 3, "_id": 12240}, {"owner": {"type": "User", "site_admin": false}, "fork": true, "created_at": "2008-04-24T13:54:34Z", "updated_at": "2019-08-13T13:23:32Z", "pushed_at": "2008-04-25T10:34:47Z", "size": 2731, "stargazers_count": 2, "watchers_count": 2, "language": "Ruby", "has_issues": true, "has_projects": true, "has_downloads": true, "has_wiki": true, "has_pages": false, "has_discussions": false, "forks_count": 0, "mirror_url": null, "archived": false, "disabled": false, "open_issues_count": 0, "license": {"key": "mit", "name": "MIT License", "spdx_id": "MIT", "url": "https://api.github.com/licenses/mit", "node_id": "MDc6TGljZW5zZTEz"}, "allow_forking": true, "is_template": false, "web_commit_signoff_required": false, "topics": [], "default_branch": "master", "permissions": {"admin": false, "maintain": false, "push": false, "triage": false, "pull": true}, "network_count": 112, "subscribers_count": 3, "_id": 12248}, {"owner": {"type": "User", "site_admin": false}, "fork": false, "created_at": "2008-04-24T14:25:18Z", "updated_at": "2019-08-13T13:23:32Z", "pushed_at": "2008-04-24T14:30:30Z", "size": 480, "stargazers_count": 2, "watchers_count": 2, "language": "Lua", "has_issues": true, "has_projects": true, "has_downloads": true, "has_wiki": true, "has_pages": false, "has_discussions": false, "forks_count": 1, "mirror_url": null, "archived": false, "disabled": false, "open_issues_count": 0, "license": null, "allow_forking": true, "is_template": false, "web_commit_signoff_required": false, "topics": [], "default_branch": "master", "permissions": {"admin": false, "maintain": false, "push": false, "triage": false, "pull": true}, "network_count": 1, "subscribers_count": 2, "_id": 12253}, {"owner": {"type": "User", "site_admin": false}, "fork": false, "created_at": "2008-04-24T15:04:53Z", "updated_at": "2019-08-13T13:23:32Z", "pushed_at": "2008-06-13T18:53:42Z", "size": 191, "stargazers_count": 14, "watchers_count": 14, "language": "JavaScript", "has_issues": true, "has_projects": true, "has_downloads": true, "has_wiki": true, "has_pages": false, "has_discussions": false, "forks_count": 5, "mirror_url": null, "archived": false, "disabled": false, "open_issues_count": 0, "license": null, "allow_forking": true, "is_template": false, "web_commit_signoff_required": false, "topics": [], "default_branch": "master", "permissions": {"admin": false, "maintain": false, "push": false, "triage": false, "pull": true}, "network_count": 5, "subscribers_count": 3, "_id": 12261}, {"owner": {"type": "User", "site_admin": false}, "fork": false, "created_at": "2008-04-24T15:26:17Z", "updated_at": "2021-05-29T22:25:04Z", "pushed_at": "2008-04-30T23:30:48Z", "size": 231, "stargazers_count": 20, "watchers_count": 20, "language": null, "has_issues": true, "has_projects": true, "has_downloads": true, "has_wiki": true, "has_pages": false, "has_discussions": false, "forks_count": 2, "mirror_url": null, "archived": false, "disabled": false, "open_issues_count": 0, "license": {"key": "bsd-2-clause", "name": "BSD 2-Clause \"Simplified\" License", "spdx_id": "BSD-2-Clause", "url": "https://api.github.com/licenses/bsd-2-clause", "node_id": "MDc6TGljZW5zZTQ="}, "allow_forking": true, "is_template": false, "web_commit_signoff_required": false, "topics": [], "default_branch": "master", "permissions": {"admin": false, "maintain": false, "push": false, "triage": false, "pull": true}, "network_count": 2, "subscribers_count": 3, "_id": 12264}, {"owner": {"type": "User", "site_admin": false}, "fork": false, "created_at": "2008-04-24T15:32:53Z", "updated_at": "2022-03-07T10:09:56Z", "pushed_at": "2008-06-17T12:37:57Z", "size": 175, "stargazers_count": 11, "watchers_count": 11, "language": "C", "has_issues": true, "has_projects": true, "has_downloads": true, "has_wiki": true, "has_pages": false, "has_discussions": false, "forks_count": 3, "mirror_url": null, "archived": false, "disabled": false, "open_issues_count": 0, "license": null, "allow_forking": true, "is_template": false, "web_commit_signoff_required": false, "topics": [], "default_branch": "master", "permissions": {"admin": false, "maintain": false, "push": false, "triage": false, "pull": true}, "network_count": 3, "subscribers_count": 3, "_id": 12268}, {"owner": {"type": "User", "site_admin": false}, "fork": false, "created_at": "2008-04-24T16:17:06Z", "updated_at": "2019-08-13T13:23:32Z", "pushed_at": "2014-05-03T19:00:14Z", "size": 99996, "stargazers_count": 10, "watchers_count": 10, "language": "C", "has_issues": true, "has_projects": true, "has_downloads": true, "has_wiki": true, "has_pages": false, "has_discussions": false, "forks_count": 3, "mirror_url": null, "archived": false, "disabled": false, "open_issues_count": 0, "license": {"key": "mit", "name": "MIT License", "spdx_id": "MIT", "url": "https://api.github.com/licenses/mit", "node_id": "MDc6TGljZW5zZTEz"}, "allow_forking": true, "is_template": false, "web_commit_signoff_required": false, "topics": [], "default_branch": "master", "permissions": {"admin": false, "maintain": false, "push": false, "triage": false, "pull": true}, "network_count": 3, "subscribers_count": 3, "_id": 12274}, {"owner": {"type": "User", "site_admin": false}, "fork": false, "created_at": "2008-04-24T16:39:00Z", "updated_at": "2021-04-03T22:50:09Z", "pushed_at": "2008-06-06T16:47:35Z", "size": 111, "stargazers_count": 31, "watchers_count": 31, "language": "Ruby", "has_issues": true, "has_projects": true, "has_downloads": true, "has_wiki": true, "has_pages": false, "has_discussions": false, "forks_count": 7, "mirror_url": null, "archived": false, "disabled": false, "open_issues_count": 0, "license": {"key": "mit", "name": "MIT License", "spdx_id": "MIT", "url": "https://api.github.com/licenses/mit", "node_id": "MDc6TGljZW5zZTEz"}, "allow_forking": true, "is_template": false, "web_commit_signoff_required": false, "topics": [], "default_branch": "master", "permissions": {"admin": false, "maintain": false, "push": false, "triage": false, "pull": true}, "network_count": 7, "subscribers_count": 2, "_id": 12283}, {"owner": {"type": "User", "site_admin": false}, "fork": false, "created_at": "2008-04-24T17:35:11Z", "updated_at": "2019-08-13T13:23:33Z", "pushed_at": "2008-08-31T17:25:09Z", "size": 644, "stargazers_count": 4, "watchers_count": 4, "language": "Ruby", "has_issues": true, "has_projects": true, "has_downloads": true, "has_wiki": true, "has_pages": false, "has_discussions": false, "forks_count": 1, "mirror_url": null, "archived": false, "disabled": false, "open_issues_count": 0, "license": null, "allow_forking": true, "is_template": false, "web_commit_signoff_required": false, "topics": [], "default_branch": "master", "permissions": {"admin": false, "maintain": false, "push": false, "triage": false, "pull": true}, "network_count": 1, "subscribers_count": 3, "_id": 12296}, {"owner": {"type": "User", "site_admin": false}, "fork": false, "created_at": "2008-04-24T17:52:50Z", "updated_at": "2019-08-13T13:23:33Z", "pushed_at": "2011-09-08T14:45:01Z", "size": 144, "stargazers_count": 34, "watchers_count": 34, "language": "Ruby", "has_issues": true, "has_projects": true, "has_downloads": true, "has_wiki": true, "has_pages": false, "has_discussions": false, "forks_count": 5, "mirror_url": null, "archived": false, "disabled": false, "open_issues_count": 1, "license": {"key": "other", "name": "Other", "spdx_id": "NOASSERTION", "url": null, "node_id": "MDc6TGljZW5zZTA="}, "allow_forking": true, "is_template": false, "web_commit_signoff_required": false, "topics": [], "default_branch": "master", "permissions": {"admin": false, "maintain": false, "push": false, "triage": false, "pull": true}, "network_count": 5, "subscribers_count": 4, "_id": 12300}, {"owner": {"type": "User", "site_admin": false}, "fork": false, "created_at": "2008-04-24T19:01:04Z", "updated_at": "2022-09-28T13:16:27Z", "pushed_at": "2008-04-26T06:37:55Z", "size": 120, "stargazers_count": 9, "watchers_count": 9, "language": "C++", "has_issues": true, "has_projects": true, "has_downloads": true, "has_wiki": true, "has_pages": false, "has_discussions": false, "forks_count": 0, "mirror_url": null, "archived": false, "disabled": false, "open_issues_count": 0, "license": null, "allow_forking": true, "is_template": false, "web_commit_signoff_required": false, "topics": [], "default_branch": "master", "permissions": {"admin": false, "maintain": false, "push": false, "triage": false, "pull": true}, "network_count": 0, "subscribers_count": 3, "_id": 12316}, {"owner": {"type": "Organization", "site_admin": false}, "fork": false, "created_at": "2008-04-24T19:14:08Z", "updated_at": "2019-08-13T13:23:33Z", "pushed_at": "2008-06-16T18:01:53Z", "size": 80, "stargazers_count": 3, "watchers_count": 3, "language": "Ruby", "has_issues": true, "has_projects": true, "has_downloads": true, "has_wiki": true, "has_pages": false, "has_discussions": false, "forks_count": 0, "mirror_url": null, "archived": false, "disabled": false, "open_issues_count": 0, "license": null, "allow_forking": true, "is_template": false, "web_commit_signoff_required": false, "topics": [], "default_branch": "master", "permissions": {"admin": false, "maintain": false, "push": false, "triage": false, "pull": true}, "network_count": 0, "subscribers_count": 7, "_id": 12318}, {"owner": {"type": "User", "site_admin": false}, "fork": false, "created_at": "2008-04-24T19:36:21Z", "updated_at": "2022-11-15T10:45:51Z", "pushed_at": "2021-01-26T23:21:56Z", "size": 61, "stargazers_count": 141, "watchers_count": 141, "language": "Ruby", "has_issues": true, "has_projects": true, "has_downloads": true, "has_wiki": true, "has_pages": false, "has_discussions": false, "forks_count": 29, "mirror_url": null, "archived": false, "disabled": false, "open_issues_count": 1, "license": {"key": "other", "name": "Other", "spdx_id": "NOASSERTION", "url": null, "node_id": "MDc6TGljZW5zZTA="}, "allow_forking": true, "is_template": false, "web_commit_signoff_required": false, "topics": [], "default_branch": "master", "permissions": {"admin": false, "maintain": false, "push": false, "triage": false, "pull": true}, "network_count": 29, "subscribers_count": 6, "_id": 12321}, {"owner": {"type": "User", "site_admin": false}, "fork": false, "created_at": "2008-04-24T19:59:27Z", "updated_at": "2022-03-29T21:49:00Z", "pushed_at": "2009-07-09T00:33:47Z", "size": 7614, "stargazers_count": 66, "watchers_count": 66, "language": "Ruby", "has_issues": true, "has_projects": true, "has_downloads": true, "has_wiki": true, "has_pages": false, "has_discussions": false, "forks_count": 15, "mirror_url": null, "archived": false, "disabled": false, "open_issues_count": 0, "license": null, "allow_forking": true, "is_template": false, "web_commit_signoff_required": false, "topics": [], "default_branch": "master", "permissions": {"admin": false, "maintain": false, "push": false, "triage": false, "pull": true}, "network_count": 15, "subscribers_count": 5, "_id": 12322}, {"owner": {"type": "User", "site_admin": false}, "fork": true, "created_at": "2008-04-24T21:32:13Z", "updated_at": "2019-08-13T13:23:33Z", "pushed_at": "2008-06-23T17:49:20Z", "size": 99, "stargazers_count": 2, "watchers_count": 2, "language": "Ruby", "has_issues": true, "has_projects": true, "has_downloads": true, "has_wiki": true, "has_pages": false, "has_discussions": false, "forks_count": 0, "mirror_url": null, "archived": false, "disabled": false, "open_issues_count": 0, "license": {"key": "mit", "name": "MIT License", "spdx_id": "MIT", "url": "https://api.github.com/licenses/mit", "node_id": "MDc6TGljZW5zZTEz"}, "allow_forking": true, "is_template": false, "web_commit_signoff_required": false, "topics": [], "default_branch": "master", "permissions": {"admin": false, "maintain": false, "push": false, "triage": false, "pull": true}, "network_count": 79, "subscribers_count": 2, "_id": 12336}, {"owner": {"type": "User", "site_admin": false}, "fork": false, "created_at": "2008-04-24T21:49:45Z", "updated_at": "2021-10-09T17:01:58Z", "pushed_at": "2010-07-09T16:13:16Z", "size": 352, "stargazers_count": 18, "watchers_count": 18, "language": "Ruby", "has_issues": true, "has_projects": true, "has_downloads": true, "has_wiki": true, "has_pages": false, "has_discussions": false, "forks_count": 1, "mirror_url": null, "archived": false, "disabled": false, "open_issues_count": 0, "license": {"key": "other", "name": "Other", "spdx_id": "NOASSERTION", "url": null, "node_id": "MDc6TGljZW5zZTA="}, "allow_forking": true, "is_template": false, "web_commit_signoff_required": false, "topics": [], "default_branch": "master", "permissions": {"admin": false, "maintain": false, "push": false, "triage": false, "pull": true}, "network_count": 1, "subscribers_count": 6, "_id": 12339}, {"owner": {"type": "User", "site_admin": false}, "fork": false, "created_at": "2008-04-24T22:11:47Z", "updated_at": "2019-08-13T13:23:33Z", "pushed_at": "2008-05-02T07:50:01Z", "size": 80, "stargazers_count": 2, "watchers_count": 2, "language": "Ruby", "has_issues": true, "has_projects": true, "has_downloads": true, "has_wiki": true, "has_pages": false, "has_discussions": false, "forks_count": 0, "mirror_url": null, "archived": false, "disabled": false, "open_issues_count": 0, "license": null, "allow_forking": true, "is_template": false, "web_commit_signoff_required": false, "topics": [], "default_branch": "master", "permissions": {"admin": false, "maintain": false, "push": false, "triage": false, "pull": true}, "network_count": 0, "subscribers_count": 3, "_id": 12342}, {"owner": {"type": "User", "site_admin": false}, "fork": false, "created_at": "2008-04-24T23:43:00Z", "updated_at": "2019-08-13T13:23:33Z", "pushed_at": "2008-04-24T23:48:20Z", "size": 116, "stargazers_count": 3, "watchers_count": 3, "language": "Perl", "has_issues": true, "has_projects": true, "has_downloads": true, "has_wiki": true, "has_pages": false, "has_discussions": false, "forks_count": 1, "mirror_url": null, "archived": false, "disabled": false, "open_issues_count": 0, "license": null, "allow_forking": true, "is_template": false, "web_commit_signoff_required": false, "topics": [], "default_branch": "master", "permissions": {"admin": false, "maintain": false, "push": false, "triage": false, "pull": true}, "network_count": 1, "subscribers_count": 3, "_id": 12361}]