[{"owner": {"type": "User", "site_admin": false}, "fork": false, "created_at": "2008-02-04T05:28:02Z", "updated_at": "2021-09-15T08:29:53Z", "pushed_at": "2009-03-21T08:02:25Z", "size": 107, "stargazers_count": 16, "watchers_count": 16, "language": null, "has_issues": true, "has_projects": true, "has_downloads": true, "has_wiki": true, "has_pages": false, "has_discussions": false, "forks_count": 6, "mirror_url": null, "archived": false, "disabled": false, "open_issues_count": 0, "license": null, "allow_forking": true, "is_template": false, "web_commit_signoff_required": false, "topics": [], "default_branch": "master", "permissions": {"admin": false, "maintain": false, "push": false, "triage": false, "pull": true}, "network_count": 6, "subscribers_count": 2, "_id": 267}, {"owner": {"type": "Organization", "site_admin": false}, "fork": false, "created_at": "2008-02-04T11:37:14Z", "updated_at": "2022-03-08T23:34:53Z", "pushed_at": "2014-10-15T19:04:14Z", "size": 1112, "stargazers_count": 116, "watchers_count": 116, "language": "Ruby", "has_issues": true, "has_projects": true, "has_downloads": true, "has_wiki": true, "has_pages": false, "has_discussions": false, "forks_count": 53, "mirror_url": null, "archived": false, "disabled": false, "open_issues_count": 4, "license": null, "allow_forking": true, "is_template": false, "web_commit_signoff_required": false, "topics": [], "default_branch": "master", "permissions": {"admin": false, "maintain": false, "push": false, "triage": false, "pull": true}, "network_count": 53, "subscribers_count": 105, "_id": 273}, {"owner": {"type": "User", "site_admin": false}, "fork": false, "created_at": "2008-02-04T12:17:55Z", "updated_at": "2022-08-08T09:17:44Z", "pushed_at": "2017-01-07T13:53:28Z", "size": 96, "stargazers_count": 69, "watchers_count": 69, "language": "Emacs Lisp", "has_issues": true, "has_projects": true, "has_downloads": true, "has_wiki": true, "has_pages": false, "has_discussions": false, "forks_count": 14, "mirror_url": null, "archived": false, "disabled": false, "open_issues_count": 1, "license": null, "allow_forking": true, "is_template": false, "web_commit_signoff_required": false, "topics": [], "default_branch": "master", "permissions": {"admin": false, "maintain": false, "push": false, "triage": false, "pull": true}, "network_count": 14, "subscribers_count": 7, "_id": 279}]