[{"owner": {"type": "User", "site_admin": false}, "fork": true, "created_at": "2008-03-27T02:15:03Z", "updated_at": "2019-08-13T13:22:32Z", "pushed_at": "2008-04-04T13:27:01Z", "size": 2380, "stargazers_count": 3, "watchers_count": 3, "language": "JavaScript", "has_issues": true, "has_projects": true, "has_downloads": true, "has_wiki": true, "has_pages": false, "has_discussions": false, "forks_count": 2, "mirror_url": null, "archived": false, "disabled": false, "open_issues_count": 0, "license": {"key": "other", "name": "Other", "spdx_id": "NOASSERTION", "url": null, "node_id": "MDc6TGljZW5zZTA="}, "allow_forking": true, "is_template": false, "web_commit_signoff_required": false, "topics": [], "default_branch": "master", "permissions": {"admin": false, "maintain": false, "push": false, "triage": false, "pull": true}, "network_count": 666, "subscribers_count": 3, "_id": 6869}]