[{"owner": {"type": "User", "site_admin": false}, "fork": true, "created_at": "2008-02-02T11:28:47Z", "updated_at": "2019-08-13T13:22:17Z", "pushed_at": "2008-04-01T10:09:14Z", "size": 6050, "stargazers_count": 3, "watchers_count": 3, "language": "Ruby", "has_issues": true, "has_projects": true, "has_downloads": true, "has_wiki": true, "has_pages": false, "has_discussions": false, "forks_count": 0, "mirror_url": null, "archived": false, "disabled": false, "open_issues_count": 0, "license": null, "allow_forking": true, "is_template": false, "web_commit_signoff_required": false, "topics": [], "default_branch": "master", "permissions": {"admin": false, "maintain": false, "push": false, "triage": false, "pull": true}, "network_count": 75, "subscribers_count": 3, "_id": 5249}]