[{"owner": {"type": "User", "site_admin": false}, "fork": false, "created_at": "2008-01-17T00:40:56Z", "updated_at": "2022-06-01T16:21:43Z", "pushed_at": "2008-03-26T19:09:11Z", "size": 86, "stargazers_count": 33, "watchers_count": 33, "language": "Ruby", "has_issues": true, "has_projects": true, "has_downloads": true, "has_wiki": true, "has_pages": false, "has_discussions": false, "forks_count": 13, "mirror_url": null, "archived": false, "disabled": false, "open_issues_count": 1, "license": null, "allow_forking": true, "is_template": false, "web_commit_signoff_required": false, "topics": [], "default_branch": "master", "permissions": {"admin": false, "maintain": false, "push": false, "triage": false, "pull": true}, "_id": 61}, {"owner": {"type": "User", "site_admin": false}, "fork": false, "created_at": "2008-01-17T08:01:31Z", "updated_at": "2022-11-14T15:21:43Z", "pushed_at": "2008-11-01T02:05:21Z", "size": 192, "stargazers_count": 72, "watchers_count": 72, "language": "Ruby", "has_issues": true, "has_projects": true, "has_downloads": true, "has_wiki": true, "has_pages": false, "has_discussions": false, "forks_count": 10, "mirror_url": null, "archived": false, "disabled": false, "open_issues_count": 0, "license": {"key": "mit", "name": "MIT License", "spdx_id": "MIT", "url": "https://api.github.com/licenses/mit", "node_id": "MDc6TGljZW5zZTEz"}, "allow_forking": true, "is_template": false, "web_commit_signoff_required": false, "topics": [], "default_branch": "master", "permissions": {"admin": false, "maintain": false, "push": false, "triage": false, "pull": true}, "_id": 63}]