[{"owner": {"type": "User", "site_admin": false}, "fork": true, "created_at": "2008-04-18T00:07:07Z", "updated_at": "2019-08-13T13:23:14Z", "pushed_at": "2008-04-18T00:07:11Z", "size": 11800, "stargazers_count": 3, "watchers_count": 3, "language": "Ruby", "has_issues": true, "has_projects": true, "has_downloads": true, "has_wiki": true, "has_pages": false, "has_discussions": false, "forks_count": 0, "mirror_url": null, "archived": false, "disabled": false, "open_issues_count": 0, "license": null, "allow_forking": true, "is_template": false, "web_commit_signoff_required": false, "topics": [], "default_branch": "master", "permissions": {"admin": false, "maintain": false, "push": false, "triage": false, "pull": true}, "network_count": 20776, "subscribers_count": 3, "_id": 10750}, {"owner": {"type": "User", "site_admin": false}, "fork": false, "created_at": "2008-04-18T00:07:54Z", "updated_at": "2019-12-20T19:10:49Z", "pushed_at": "2008-06-01T06:56:31Z", "size": 1883, "stargazers_count": 4, "watchers_count": 4, "language": "Ruby", "has_issues": true, "has_projects": true, "has_downloads": true, "has_wiki": true, "has_pages": false, "has_discussions": false, "forks_count": 1, "mirror_url": null, "archived": true, "disabled": false, "open_issues_count": 0, "license": null, "allow_forking": true, "is_template": false, "web_commit_signoff_required": false, "topics": [], "default_branch": "master", "permissions": {"admin": false, "maintain": false, "push": false, "triage": false, "pull": true}, "network_count": 1, "subscribers_count": 2, "_id": 10751}, {"owner": {"type": "User", "site_admin": false}, "fork": false, "created_at": "2008-04-18T00:12:15Z", "updated_at": "2019-12-20T19:11:24Z", "pushed_at": "2008-04-18T00:12:30Z", "size": 81, "stargazers_count": 5, "watchers_count": 5, "language": "Io", "has_issues": true, "has_projects": true, "has_downloads": true, "has_wiki": true, "has_pages": false, "has_discussions": false, "forks_count": 0, "mirror_url": null, "archived": true, "disabled": false, "open_issues_count": 0, "license": null, "allow_forking": true, "is_template": false, "web_commit_signoff_required": false, "topics": [], "default_branch": "master", "permissions": {"admin": false, "maintain": false, "push": false, "triage": false, "pull": true}, "network_count": 0, "subscribers_count": 2, "_id": 10752}, {"owner": {"type": "User", "site_admin": false}, "fork": false, "created_at": "2008-04-18T01:13:39Z", "updated_at": "2019-08-13T13:23:14Z", "pushed_at": "2009-01-09T23:03:29Z", "size": 180, "stargazers_count": 3, "watchers_count": 3, "language": "Scheme", "has_issues": true, "has_projects": true, "has_downloads": true, "has_wiki": true, "has_pages": false, "has_discussions": false, "forks_count": 0, "mirror_url": null, "archived": false, "disabled": false, "open_issues_count": 0, "license": null, "allow_forking": true, "is_template": false, "web_commit_signoff_required": false, "topics": [], "default_branch": "master", "permissions": {"admin": false, "maintain": false, "push": false, "triage": false, "pull": true}, "network_count": 0, "subscribers_count": 3, "_id": 10758}, {"owner": {"type": "User", "site_admin": false}, "fork": false, "created_at": "2008-04-18T01:22:59Z", "updated_at": "2019-08-13T13:23:14Z", "pushed_at": "2016-09-15T18:27:06Z", "size": 903, "stargazers_count": 4, "watchers_count": 4, "language": "C++", "has_issues": true, "has_projects": true, "has_downloads": true, "has_wiki": true, "has_pages": false, "has_discussions": false, "forks_count": 0, "mirror_url": null, "archived": false, "disabled": false, "open_issues_count": 3, "license": null, "allow_forking": true, "is_template": false, "web_commit_signoff_required": false, "topics": [], "default_branch": "master", "permissions": {"admin": false, "maintain": false, "push": false, "triage": false, "pull": true}, "network_count": 0, "subscribers_count": 4, "_id": 10759}, {"owner": {"type": "User", "site_admin": false}, "fork": false, "created_at": "2008-04-18T01:27:45Z", "updated_at": "2021-05-30T18:14:18Z", "pushed_at": "2015-10-12T22:20:28Z", "size": 332, "stargazers_count": 38, "watchers_count": 38, "language": "C", "has_issues": true, "has_projects": true, "has_downloads": true, "has_wiki": true, "has_pages": true, "has_discussions": false, "forks_count": 7, "mirror_url": null, "archived": false, "disabled": false, "open_issues_count": 0, "license": {"key": "other", "name": "Other", "spdx_id": "NOASSERTION", "url": null, "node_id": "MDc6TGljZW5zZTA="}, "allow_forking": true, "is_template": false, "web_commit_signoff_required": false, "topics": [], "default_branch": "master", "permissions": {"admin": false, "maintain": false, "push": false, "triage": false, "pull": true}, "network_count": 7, "subscribers_count": 7, "_id": 10761}, {"owner": {"type": "Organization", "site_admin": false}, "fork": false, "created_at": "2008-04-18T01:42:09Z", "updated_at": "2022-03-26T21:59:58Z", "pushed_at": "2009-10-21T05:38:15Z", "size": 235, "stargazers_count": 14, "watchers_count": 14, "language": "Ruby", "has_issues": true, "has_projects": true, "has_downloads": false, "has_wiki": false, "has_pages": true, "has_discussions": false, "forks_count": 6, "mirror_url": null, "archived": false, "disabled": false, "open_issues_count": 0, "license": {"key": "mit", "name": "MIT License", "spdx_id": "MIT", "url": "https://api.github.com/licenses/mit", "node_id": "MDc6TGljZW5zZTEz"}, "allow_forking": true, "is_template": false, "web_commit_signoff_required": false, "topics": [], "default_branch": "master", "permissions": {"admin": false, "maintain": false, "push": false, "triage": false, "pull": true}, "network_count": 6, "subscribers_count": 28, "_id": 10765}, {"owner": {"type": "User", "site_admin": false}, "fork": false, "created_at": "2008-04-18T01:45:34Z", "updated_at": "2019-08-13T13:23:14Z", "pushed_at": "2008-05-24T22:02:26Z", "size": 2188, "stargazers_count": 3, "watchers_count": 3, "language": "JavaScript", "has_issues": true, "has_projects": true, "has_downloads": true, "has_wiki": true, "has_pages": false, "has_discussions": false, "forks_count": 0, "mirror_url": null, "archived": false, "disabled": false, "open_issues_count": 0, "license": null, "allow_forking": true, "is_template": false, "web_commit_signoff_required": false, "topics": [], "default_branch": "master", "permissions": {"admin": false, "maintain": false, "push": false, "triage": false, "pull": true}, "network_count": 0, "subscribers_count": 2, "_id": 10766}, {"owner": {"type": "User", "site_admin": false}, "fork": true, "created_at": "2008-04-18T03:27:58Z", "updated_at": "2019-08-13T13:23:14Z", "pushed_at": "2008-04-18T03:27:58Z", "size": 1110, "stargazers_count": 10, "watchers_count": 10, "language": "Ruby", "has_issues": true, "has_projects": true, "has_downloads": true, "has_wiki": true, "has_pages": false, "has_discussions": false, "forks_count": 4, "mirror_url": null, "archived": false, "disabled": false, "open_issues_count": 0, "license": {"key": "mit", "name": "MIT License", "spdx_id": "MIT", "url": "https://api.github.com/licenses/mit", "node_id": "MDc6TGljZW5zZTEz"}, "allow_forking": true, "is_template": false, "web_commit_signoff_required": false, "topics": [], "default_branch": "master", "permissions": {"admin": false, "maintain": false, "push": false, "triage": false, "pull": true}, "network_count": 29, "subscribers_count": 2, "_id": 10792}, {"owner": {"type": "User", "site_admin": false}, "fork": false, "created_at": "2008-04-18T03:37:12Z", "updated_at": "2019-08-13T13:23:14Z", "pushed_at": "2008-10-29T16:06:02Z", "size": 168, "stargazers_count": 42, "watchers_count": 42, "language": "Ruby", "has_issues": true, "has_projects": true, "has_downloads": true, "has_wiki": true, "has_pages": false, "has_discussions": false, "forks_count": 4, "mirror_url": null, "archived": false, "disabled": false, "open_issues_count": 0, "license": {"key": "mit", "name": "MIT License", "spdx_id": "MIT", "url": "https://api.github.com/licenses/mit", "node_id": "MDc6TGljZW5zZTEz"}, "allow_forking": true, "is_template": false, "web_commit_signoff_required": false, "topics": [], "default_branch": "master", "permissions": {"admin": false, "maintain": false, "push": false, "triage": false, "pull": true}, "network_count": 4, "subscribers_count": 2, "_id": 10793}, {"owner": {"type": "User", "site_admin": false}, "fork": false, "created_at": "2008-04-18T04:12:41Z", "updated_at": "2019-08-13T13:23:14Z", "pushed_at": "2010-06-23T17:23:58Z", "size": 1196, "stargazers_count": 15, "watchers_count": 15, "language": "JavaScript", "has_issues": true, "has_projects": true, "has_downloads": true, "has_wiki": true, "has_pages": false, "has_discussions": false, "forks_count": 1, "mirror_url": null, "archived": false, "disabled": false, "open_issues_count": 1, "license": {"key": "apache-2.0", "name": "Apache License 2.0", "spdx_id": "Apache-2.0", "url": "https://api.github.com/licenses/apache-2.0", "node_id": "MDc6TGljZW5zZTI="}, "allow_forking": true, "is_template": false, "web_commit_signoff_required": false, "topics": [], "default_branch": "master", "permissions": {"admin": false, "maintain": false, "push": false, "triage": false, "pull": true}, "network_count": 1, "subscribers_count": 3, "_id": 10798}, {"owner": {"type": "User", "site_admin": false}, "fork": true, "created_at": "2008-04-18T04:22:50Z", "updated_at": "2019-08-13T13:23:14Z", "pushed_at": "2008-04-23T11:39:52Z", "size": 119, "stargazers_count": 3, "watchers_count": 3, "language": "Ruby", "has_issues": true, "has_projects": true, "has_downloads": true, "has_wiki": true, "has_pages": false, "has_discussions": false, "forks_count": 0, "mirror_url": null, "archived": false, "disabled": false, "open_issues_count": 0, "license": null, "allow_forking": true, "is_template": false, "web_commit_signoff_required": false, "topics": [], "default_branch": "master", "permissions": {"admin": false, "maintain": false, "push": false, "triage": false, "pull": true}, "network_count": 17, "subscribers_count": 3, "_id": 10799}, {"owner": {"type": "User", "site_admin": false}, "fork": false, "created_at": "2008-04-18T04:30:58Z", "updated_at": "2019-08-13T13:23:14Z", "pushed_at": "2008-04-22T08:54:10Z", "size": 91, "stargazers_count": 4, "watchers_count": 4, "language": "Ruby", "has_issues": true, "has_projects": true, "has_downloads": true, "has_wiki": true, "has_pages": false, "has_discussions": false, "forks_count": 2, "mirror_url": null, "archived": false, "disabled": false, "open_issues_count": 0, "license": {"key": "mit", "name": "MIT License", "spdx_id": "MIT", "url": "https://api.github.com/licenses/mit", "node_id": "MDc6TGljZW5zZTEz"}, "allow_forking": true, "is_template": false, "web_commit_signoff_required": false, "topics": [], "default_branch": "master", "permissions": {"admin": false, "maintain": false, "push": false, "triage": false, "pull": true}, "network_count": 2, "subscribers_count": 2, "_id": 10801}, {"owner": {"type": "User", "site_admin": false}, "fork": false, "created_at": "2008-04-18T04:58:20Z", "updated_at": "2022-10-23T19:20:49Z", "pushed_at": "2019-06-03T16:08:17Z", "size": 4, "stargazers_count": 11, "watchers_count": 11, "language": "Emacs Lisp", "has_issues": true, "has_projects": true, "has_downloads": true, "has_wiki": true, "has_pages": false, "has_discussions": false, "forks_count": 6, "mirror_url": null, "archived": false, "disabled": false, "open_issues_count": 0, "license": null, "allow_forking": true, "is_template": false, "web_commit_signoff_required": false, "topics": [], "default_branch": "master", "permissions": {"admin": false, "maintain": false, "push": false, "triage": false, "pull": true}, "network_count": 6, "subscribers_count": 3, "_id": 10807}, {"owner": {"type": "User", "site_admin": false}, "fork": false, "created_at": "2008-04-18T05:08:40Z", "updated_at": "2022-10-23T19:19:14Z", "pushed_at": "2020-06-17T02:18:36Z", "size": 20, "stargazers_count": 52, "watchers_count": 52, "language": "Emacs Lisp", "has_issues": true, "has_projects": true, "has_downloads": true, "has_wiki": true, "has_pages": false, "has_discussions": false, "forks_count": 17, "mirror_url": null, "archived": false, "disabled": false, "open_issues_count": 0, "license": null, "allow_forking": true, "is_template": false, "web_commit_signoff_required": false, "topics": ["emacs", "emacs-lisp"], "default_branch": "master", "permissions": {"admin": false, "maintain": false, "push": false, "triage": false, "pull": true}, "network_count": 17, "subscribers_count": 4, "_id": 10809}, {"owner": {"type": "Organization", "site_admin": false}, "fork": false, "created_at": "2008-04-18T06:25:36Z", "updated_at": "2019-08-13T13:23:14Z", "pushed_at": "2009-04-22T07:25:50Z", "size": 160, "stargazers_count": 3, "watchers_count": 3, "language": "Lua", "has_issues": true, "has_projects": true, "has_downloads": true, "has_wiki": true, "has_pages": false, "has_discussions": false, "forks_count": 8, "mirror_url": null, "archived": false, "disabled": false, "open_issues_count": 0, "license": null, "allow_forking": true, "is_template": false, "web_commit_signoff_required": false, "topics": [], "default_branch": "master", "permissions": {"admin": false, "maintain": false, "push": false, "triage": false, "pull": true}, "network_count": 8, "subscribers_count": 3, "_id": 10820}, {"owner": {"type": "User", "site_admin": false}, "fork": false, "created_at": "2008-04-18T06:28:48Z", "updated_at": "2019-08-13T13:23:15Z", "pushed_at": "2008-04-18T06:52:32Z", "size": 82, "stargazers_count": 13, "watchers_count": 13, "language": "Ruby", "has_issues": true, "has_projects": true, "has_downloads": true, "has_wiki": true, "has_pages": false, "has_discussions": false, "forks_count": 1, "mirror_url": null, "archived": false, "disabled": false, "open_issues_count": 0, "license": null, "allow_forking": true, "is_template": false, "web_commit_signoff_required": false, "topics": [], "default_branch": "master", "permissions": {"admin": false, "maintain": false, "push": false, "triage": false, "pull": true}, "network_count": 1, "subscribers_count": 2, "_id": 10822}, {"owner": {"type": "User", "site_admin": false}, "fork": false, "created_at": "2008-04-18T07:03:05Z", "updated_at": "2021-03-04T18:02:25Z", "pushed_at": "2008-04-18T07:04:10Z", "size": 193, "stargazers_count": 5, "watchers_count": 5, "language": "Makefile", "has_issues": true, "has_projects": true, "has_downloads": true, "has_wiki": true, "has_pages": false, "has_discussions": false, "forks_count": 3, "mirror_url": null, "archived": false, "disabled": false, "open_issues_count": 0, "license": null, "allow_forking": true, "is_template": false, "web_commit_signoff_required": false, "topics": [], "default_branch": "master", "permissions": {"admin": false, "maintain": false, "push": false, "triage": false, "pull": true}, "network_count": 3, "subscribers_count": 2, "_id": 10824}, {"owner": {"type": "User", "site_admin": false}, "fork": false, "created_at": "2008-04-18T07:16:03Z", "updated_at": "2019-08-13T13:23:15Z", "pushed_at": "2008-07-25T23:12:44Z", "size": 108, "stargazers_count": 8, "watchers_count": 8, "language": "Ruby", "has_issues": true, "has_projects": true, "has_downloads": true, "has_wiki": true, "has_pages": false, "has_discussions": false, "forks_count": 4, "mirror_url": null, "archived": false, "disabled": false, "open_issues_count": 0, "license": null, "allow_forking": true, "is_template": false, "web_commit_signoff_required": false, "topics": [], "default_branch": "master", "permissions": {"admin": false, "maintain": false, "push": false, "triage": false, "pull": true}, "network_count": 4, "subscribers_count": 3, "_id": 10825}, {"owner": {"type": "User", "site_admin": false}, "fork": false, "created_at": "2008-04-18T07:31:27Z", "updated_at": "2019-08-13T13:23:15Z", "pushed_at": "2008-11-03T02:25:26Z", "size": 96, "stargazers_count": 5, "watchers_count": 5, "language": "Ruby", "has_issues": true, "has_projects": true, "has_downloads": true, "has_wiki": true, "has_pages": false, "has_discussions": false, "forks_count": 1, "mirror_url": null, "archived": false, "disabled": false, "open_issues_count": 0, "license": null, "allow_forking": true, "is_template": false, "web_commit_signoff_required": false, "topics": [], "default_branch": "master", "permissions": {"admin": false, "maintain": false, "push": false, "triage": false, "pull": true}, "network_count": 1, "subscribers_count": 1, "_id": 10828}, {"owner": {"type": "User", "site_admin": false}, "fork": false, "created_at": "2008-04-18T11:30:49Z", "updated_at": "2020-02-15T08:31:34Z", "pushed_at": "2009-03-09T07:45:28Z", "size": 1272, "stargazers_count": 8, "watchers_count": 8, "language": "Ruby", "has_issues": true, "has_projects": true, "has_downloads": true, "has_wiki": true, "has_pages": false, "has_discussions": false, "forks_count": 6, "mirror_url": null, "archived": true, "disabled": false, "open_issues_count": 0, "license": null, "allow_forking": true, "is_template": false, "web_commit_signoff_required": false, "topics": [], "default_branch": "master", "permissions": {"admin": false, "maintain": false, "push": false, "triage": false, "pull": true}, "network_count": 6, "subscribers_count": 1, "_id": 10850}, {"owner": {"type": "User", "site_admin": false}, "fork": false, "created_at": "2008-04-18T11:45:00Z", "updated_at": "2019-08-13T13:23:15Z", "pushed_at": "2008-04-21T15:46:16Z", "size": 84, "stargazers_count": 3, "watchers_count": 3, "language": "Ruby", "has_issues": true, "has_projects": true, "has_downloads": true, "has_wiki": true, "has_pages": false, "has_discussions": false, "forks_count": 0, "mirror_url": null, "archived": false, "disabled": false, "open_issues_count": 0, "license": null, "allow_forking": true, "is_template": false, "web_commit_signoff_required": false, "topics": [], "default_branch": "master", "permissions": {"admin": false, "maintain": false, "push": false, "triage": false, "pull": true}, "network_count": 0, "subscribers_count": 2, "_id": 10851}, {"owner": {"type": "User", "site_admin": false}, "fork": false, "created_at": "2008-04-18T11:46:23Z", "updated_at": "2019-08-13T13:23:15Z", "pushed_at": "2008-12-13T12:41:41Z", "size": 1172, "stargazers_count": 10, "watchers_count": 10, "language": "JavaScript", "has_issues": true, "has_projects": true, "has_downloads": true, "has_wiki": true, "has_pages": false, "has_discussions": false, "forks_count": 3, "mirror_url": null, "archived": false, "disabled": false, "open_issues_count": 0, "license": null, "allow_forking": true, "is_template": false, "web_commit_signoff_required": false, "topics": [], "default_branch": "master", "permissions": {"admin": false, "maintain": false, "push": false, "triage": false, "pull": true}, "network_count": 3, "subscribers_count": 2, "_id": 10852}, {"owner": {"type": "User", "site_admin": false}, "fork": false, "created_at": "2008-04-18T13:16:06Z", "updated_at": "2022-11-22T21:46:48Z", "pushed_at": "2022-11-15T22:25:14Z", "size": 3856, "stargazers_count": 5929, "watchers_count": 5929, "language": "Ruby", "has_issues": true, "has_projects": true, "has_downloads": true, "has_wiki": true, "has_pages": true, "has_discussions": false, "forks_count": 596, "mirror_url": null, "archived": false, "disabled": false, "open_issues_count": 16, "license": {"key": "mit", "name": "MIT License", "spdx_id": "MIT", "url": "https://api.github.com/licenses/mit", "node_id": "MDc6TGljZW5zZTEz"}, "allow_forking": true, "is_template": false, "web_commit_signoff_required": false, "topics": ["friendly-url", "plugin", "rails", "ruby", "slug"], "default_branch": "master", "permissions": {"admin": false, "maintain": false, "push": false, "triage": false, "pull": true}, "network_count": 596, "subscribers_count": 68, "_id": 10865}, {"owner": {"type": "User", "site_admin": false}, "fork": false, "created_at": "2008-04-18T13:19:53Z", "updated_at": "2022-07-11T20:38:14Z", "pushed_at": "2015-12-25T11:30:54Z", "size": 75, "stargazers_count": 109, "watchers_count": 109, "language": "Ruby", "has_issues": true, "has_projects": true, "has_downloads": true, "has_wiki": true, "has_pages": false, "has_discussions": false, "forks_count": 13, "mirror_url": null, "archived": false, "disabled": false, "open_issues_count": 0, "license": {"key": "isc", "name": "ISC License", "spdx_id": "ISC", "url": "https://api.github.com/licenses/isc", "node_id": "MDc6TGljZW5zZTEw"}, "allow_forking": true, "is_template": false, "web_commit_signoff_required": false, "topics": [], "default_branch": "master", "permissions": {"admin": false, "maintain": false, "push": false, "triage": false, "pull": true}, "network_count": 13, "subscribers_count": 6, "_id": 10866}, {"owner": {"type": "User", "site_admin": false}, "fork": false, "created_at": "2008-04-18T14:28:44Z", "updated_at": "2019-08-13T13:23:15Z", "pushed_at": "2008-08-01T03:40:20Z", "size": 3629, "stargazers_count": 4, "watchers_count": 4, "language": "Ruby", "has_issues": true, "has_projects": true, "has_downloads": true, "has_wiki": true, "has_pages": false, "has_discussions": false, "forks_count": 1, "mirror_url": null, "archived": false, "disabled": false, "open_issues_count": 0, "license": null, "allow_forking": true, "is_template": false, "web_commit_signoff_required": false, "topics": [], "default_branch": "master", "permissions": {"admin": false, "maintain": false, "push": false, "triage": false, "pull": true}, "network_count": 1, "subscribers_count": 2, "_id": 10878}, {"owner": {"type": "User", "site_admin": false}, "fork": false, "created_at": "2008-04-18T14:32:25Z", "updated_at": "2021-03-11T22:16:44Z", "pushed_at": "2008-04-27T14:02:16Z", "size": 7904, "stargazers_count": 5, "watchers_count": 5, "language": "JavaScript", "has_issues": true, "has_projects": true, "has_downloads": true, "has_wiki": true, "has_pages": false, "has_discussions": false, "forks_count": 0, "mirror_url": null, "archived": true, "disabled": false, "open_issues_count": 0, "license": null, "allow_forking": true, "is_template": false, "web_commit_signoff_required": false, "topics": [], "default_branch": "master", "permissions": {"admin": false, "maintain": false, "push": false, "triage": false, "pull": true}, "network_count": 0, "subscribers_count": 3, "_id": 10881}, {"owner": {"type": "User", "site_admin": false}, "fork": false, "created_at": "2008-04-18T15:19:54Z", "updated_at": "2021-11-20T03:11:29Z", "pushed_at": "2022-05-31T15:43:25Z", "size": 7015, "stargazers_count": 23, "watchers_count": 23, "language": "Shell", "has_issues": false, "has_projects": true, "has_downloads": true, "has_wiki": false, "has_pages": false, "has_discussions": false, "forks_count": 1, "mirror_url": null, "archived": false, "disabled": false, "open_issues_count": 0, "license": {"key": "wtfpl", "name": "Do What The F*ck You Want To Public License", "spdx_id": "WTFPL", "url": "https://api.github.com/licenses/wtfpl", "node_id": "MDc6TGljZW5zZTE4"}, "allow_forking": true, "is_template": false, "web_commit_signoff_required": false, "topics": [], "default_branch": "master", "permissions": {"admin": false, "maintain": false, "push": false, "triage": false, "pull": true}, "network_count": 1, "subscribers_count": 3, "_id": 10891}, {"owner": {"type": "User", "site_admin": false}, "fork": false, "created_at": "2008-04-18T16:26:25Z", "updated_at": "2019-08-13T13:23:15Z", "pushed_at": "2009-03-12T16:39:11Z", "size": 34638, "stargazers_count": 19, "watchers_count": 19, "language": "JavaScript", "has_issues": true, "has_projects": true, "has_downloads": true, "has_wiki": true, "has_pages": false, "has_discussions": false, "forks_count": 3, "mirror_url": null, "archived": false, "disabled": false, "open_issues_count": 0, "license": null, "allow_forking": true, "is_template": false, "web_commit_signoff_required": false, "topics": [], "default_branch": "master", "permissions": {"admin": false, "maintain": false, "push": false, "triage": false, "pull": true}, "network_count": 3, "subscribers_count": 3, "_id": 10903}, {"owner": {"type": "User", "site_admin": false}, "fork": false, "created_at": "2008-04-18T16:49:50Z", "updated_at": "2019-08-13T13:23:15Z", "pushed_at": "2016-11-24T14:43:57Z", "size": 81, "stargazers_count": 4, "watchers_count": 4, "language": "Python", "has_issues": true, "has_projects": true, "has_downloads": true, "has_wiki": true, "has_pages": false, "has_discussions": false, "forks_count": 1, "mirror_url": null, "archived": false, "disabled": false, "open_issues_count": 0, "license": {"key": "mit", "name": "MIT License", "spdx_id": "MIT", "url": "https://api.github.com/licenses/mit", "node_id": "MDc6TGljZW5zZTEz"}, "allow_forking": true, "is_template": false, "web_commit_signoff_required": false, "topics": [], "default_branch": "master", "permissions": {"admin": false, "maintain": false, "push": false, "triage": false, "pull": true}, "network_count": 1, "subscribers_count": 2, "_id": 10908}, {"owner": {"type": "Organization", "site_admin": false}, "fork": false, "created_at": "2008-04-18T16:55:10Z", "updated_at": "2022-11-14T06:28:53Z", "pushed_at": "2022-06-09T17:32:25Z", "size": 2466, "stargazers_count": 4242, "watchers_count": 4242, "language": "Ruby", "has_issues": true, "has_projects": true, "has_downloads": true, "has_wiki": true, "has_pages": false, "has_discussions": true, "forks_count": 475, "mirror_url": null, "archived": false, "disabled": false, "open_issues_count": 4, "license": {"key": "mit", "name": "MIT License", "spdx_id": "MIT", "url": "https://api.github.com/licenses/mit", "node_id": "MDc6TGljZW5zZTEz"}, "allow_forking": true, "is_template": false, "web_commit_signoff_required": false, "topics": ["ruby", "scraping", "web"], "default_branch": "main", "permissions": {"admin": false, "maintain": false, "push": false, "triage": false, "pull": true}, "network_count": 475, "subscribers_count": 86, "_id": 10910}, {"owner": {"type": "User", "site_admin": false}, "fork": true, "created_at": "2008-04-18T17:21:30Z", "updated_at": "2019-08-13T13:23:15Z", "pushed_at": "2009-02-11T06:43:02Z", "size": 165, "stargazers_count": 7, "watchers_count": 7, "language": "Ruby", "has_issues": true, "has_projects": true, "has_downloads": true, "has_wiki": true, "has_pages": false, "has_discussions": false, "forks_count": 2, "mirror_url": null, "archived": false, "disabled": false, "open_issues_count": 0, "license": {"key": "mit", "name": "MIT License", "spdx_id": "MIT", "url": "https://api.github.com/licenses/mit", "node_id": "MDc6TGljZW5zZTEz"}, "allow_forking": true, "is_template": false, "web_commit_signoff_required": false, "topics": [], "default_branch": "master", "permissions": {"admin": false, "maintain": false, "push": false, "triage": false, "pull": true}, "network_count": 11, "subscribers_count": 3, "_id": 10916}, {"owner": {"type": "User", "site_admin": false}, "fork": false, "created_at": "2008-04-18T17:44:51Z", "updated_at": "2019-08-13T13:23:15Z", "pushed_at": "2009-08-07T15:45:41Z", "size": 2322, "stargazers_count": 122, "watchers_count": 122, "language": "Ruby", "has_issues": true, "has_projects": true, "has_downloads": true, "has_wiki": true, "has_pages": false, "has_discussions": false, "forks_count": 22, "mirror_url": null, "archived": false, "disabled": false, "open_issues_count": 0, "license": null, "allow_forking": true, "is_template": false, "web_commit_signoff_required": false, "topics": [], "default_branch": "master", "permissions": {"admin": false, "maintain": false, "push": false, "triage": false, "pull": true}, "network_count": 22, "subscribers_count": 7, "_id": 10923}, {"owner": {"type": "User", "site_admin": false}, "fork": true, "created_at": "2008-04-18T18:04:05Z", "updated_at": "2019-08-13T13:23:15Z", "pushed_at": "2008-04-19T22:08:38Z", "size": 3323, "stargazers_count": 3, "watchers_count": 3, "language": "Ruby", "has_issues": true, "has_projects": true, "has_downloads": true, "has_wiki": true, "has_pages": false, "has_discussions": false, "forks_count": 0, "mirror_url": null, "archived": false, "disabled": false, "open_issues_count": 0, "license": {"key": "mit", "name": "MIT License", "spdx_id": "MIT", "url": "https://api.github.com/licenses/mit", "node_id": "MDc6TGljZW5zZTEz"}, "allow_forking": true, "is_template": false, "web_commit_signoff_required": false, "topics": [], "default_branch": "master", "permissions": {"admin": false, "maintain": false, "push": false, "triage": false, "pull": true}, "network_count": 14, "subscribers_count": 3, "_id": 10926}, {"owner": {"type": "User", "site_admin": false}, "fork": false, "created_at": "2008-04-18T18:10:15Z", "updated_at": "2019-08-13T13:23:15Z", "pushed_at": "2008-04-30T02:26:30Z", "size": 80, "stargazers_count": 7, "watchers_count": 7, "language": null, "has_issues": true, "has_projects": true, "has_downloads": true, "has_wiki": true, "has_pages": false, "has_discussions": false, "forks_count": 0, "mirror_url": null, "archived": false, "disabled": false, "open_issues_count": 0, "license": null, "allow_forking": true, "is_template": false, "web_commit_signoff_required": false, "topics": [], "default_branch": "master", "permissions": {"admin": false, "maintain": false, "push": false, "triage": false, "pull": true}, "network_count": 0, "subscribers_count": 2, "_id": 10932}, {"owner": {"type": "User", "site_admin": false}, "fork": false, "created_at": "2008-04-18T18:54:21Z", "updated_at": "2019-08-13T13:23:15Z", "pushed_at": "2008-04-21T18:50:02Z", "size": 432, "stargazers_count": 6, "watchers_count": 6, "language": "JavaScript", "has_issues": true, "has_projects": true, "has_downloads": true, "has_wiki": true, "has_pages": false, "has_discussions": false, "forks_count": 0, "mirror_url": null, "archived": false, "disabled": false, "open_issues_count": 0, "license": null, "allow_forking": true, "is_template": false, "web_commit_signoff_required": false, "topics": [], "default_branch": "master", "permissions": {"admin": false, "maintain": false, "push": false, "triage": false, "pull": true}, "network_count": 0, "subscribers_count": 3, "_id": 10938}, {"owner": {"type": "User", "site_admin": false}, "fork": false, "created_at": "2008-04-18T19:12:25Z", "updated_at": "2019-08-13T13:23:16Z", "pushed_at": "2008-04-18T19:17:14Z", "size": 80, "stargazers_count": 3, "watchers_count": 3, "language": null, "has_issues": true, "has_projects": true, "has_downloads": true, "has_wiki": true, "has_pages": false, "has_discussions": false, "forks_count": 1, "mirror_url": null, "archived": false, "disabled": false, "open_issues_count": 0, "license": null, "allow_forking": true, "is_template": false, "web_commit_signoff_required": false, "topics": [], "default_branch": "master", "permissions": {"admin": false, "maintain": false, "push": false, "triage": false, "pull": true}, "network_count": 1, "subscribers_count": 2, "_id": 10944}, {"owner": {"type": "User", "site_admin": false}, "fork": false, "created_at": "2008-04-18T19:38:27Z", "updated_at": "2019-08-13T13:23:16Z", "pushed_at": "2008-07-24T19:00:48Z", "size": 3293, "stargazers_count": 10, "watchers_count": 10, "language": "Ruby", "has_issues": true, "has_projects": true, "has_downloads": true, "has_wiki": true, "has_pages": false, "has_discussions": false, "forks_count": 3, "mirror_url": null, "archived": false, "disabled": false, "open_issues_count": 0, "license": null, "allow_forking": true, "is_template": false, "web_commit_signoff_required": false, "topics": [], "default_branch": "master", "permissions": {"admin": false, "maintain": false, "push": false, "triage": false, "pull": true}, "network_count": 3, "subscribers_count": 3, "_id": 10951}, {"owner": {"type": "Organization", "site_admin": false}, "fork": false, "created_at": "2008-04-18T20:01:36Z", "updated_at": "2020-12-07T16:23:46Z", "pushed_at": "2016-10-31T05:02:09Z", "size": 219, "stargazers_count": 19, "watchers_count": 19, "language": "Lua", "has_issues": true, "has_projects": true, "has_downloads": true, "has_wiki": true, "has_pages": false, "has_discussions": false, "forks_count": 26, "mirror_url": null, "archived": false, "disabled": false, "open_issues_count": 2, "license": null, "allow_forking": true, "is_template": false, "web_commit_signoff_required": false, "topics": [], "default_branch": "master", "permissions": {"admin": false, "maintain": false, "push": false, "triage": false, "pull": true}, "network_count": 26, "subscribers_count": 8, "_id": 10954}, {"owner": {"type": "User", "site_admin": false}, "fork": true, "created_at": "2008-04-18T20:07:59Z", "updated_at": "2019-08-13T13:23:16Z", "pushed_at": "2008-04-29T16:10:35Z", "size": 526, "stargazers_count": 3, "watchers_count": 3, "language": "Ruby", "has_issues": true, "has_projects": true, "has_downloads": true, "has_wiki": true, "has_pages": false, "has_discussions": false, "forks_count": 0, "mirror_url": null, "archived": false, "disabled": false, "open_issues_count": 0, "license": {"key": "other", "name": "Other", "spdx_id": "NOASSERTION", "url": null, "node_id": "MDc6TGljZW5zZTA="}, "allow_forking": true, "is_template": false, "web_commit_signoff_required": false, "topics": [], "default_branch": "master", "permissions": {"admin": false, "maintain": false, "push": false, "triage": false, "pull": true}, "network_count": 2415, "subscribers_count": 3, "_id": 10956}, {"owner": {"type": "User", "site_admin": false}, "fork": true, "created_at": "2008-04-18T20:18:44Z", "updated_at": "2019-08-13T13:23:16Z", "pushed_at": "2009-02-07T02:45:13Z", "size": 10913, "stargazers_count": 5, "watchers_count": 5, "language": "Ruby", "has_issues": true, "has_projects": true, "has_downloads": true, "has_wiki": true, "has_pages": false, "has_discussions": false, "forks_count": 1, "mirror_url": null, "archived": false, "disabled": false, "open_issues_count": 0, "license": {"key": "other", "name": "Other", "spdx_id": "NOASSERTION", "url": null, "node_id": "MDc6TGljZW5zZTA="}, "allow_forking": true, "is_template": false, "web_commit_signoff_required": false, "topics": [], "default_branch": "master", "permissions": {"admin": false, "maintain": false, "push": false, "triage": false, "pull": true}, "network_count": 570, "subscribers_count": 3, "_id": 10961}, {"owner": {"type": "User", "site_admin": false}, "fork": false, "created_at": "2008-04-18T20:34:23Z", "updated_at": "2019-08-13T13:23:16Z", "pushed_at": "2008-04-18T20:36:08Z", "size": 2312, "stargazers_count": 5, "watchers_count": 5, "language": null, "has_issues": true, "has_projects": true, "has_downloads": true, "has_wiki": true, "has_pages": false, "has_discussions": false, "forks_count": 1, "mirror_url": null, "archived": false, "disabled": false, "open_issues_count": 0, "license": null, "allow_forking": true, "is_template": false, "web_commit_signoff_required": false, "topics": [], "default_branch": "master", "permissions": {"admin": false, "maintain": false, "push": false, "triage": false, "pull": true}, "network_count": 1, "subscribers_count": 3, "_id": 10964}, {"owner": {"type": "User", "site_admin": false}, "fork": true, "created_at": "2008-04-18T20:52:25Z", "updated_at": "2019-08-13T13:23:16Z", "pushed_at": "2008-04-18T20:58:14Z", "size": 125, "stargazers_count": 3, "watchers_count": 3, "language": "Ruby", "has_issues": true, "has_projects": true, "has_downloads": true, "has_wiki": true, "has_pages": false, "has_discussions": false, "forks_count": 0, "mirror_url": null, "archived": false, "disabled": false, "open_issues_count": 0, "license": {"key": "mit", "name": "MIT License", "spdx_id": "MIT", "url": "https://api.github.com/licenses/mit", "node_id": "MDc6TGljZW5zZTEz"}, "allow_forking": true, "is_template": false, "web_commit_signoff_required": false, "topics": [], "default_branch": "master", "permissions": {"admin": false, "maintain": false, "push": false, "triage": false, "pull": true}, "network_count": 8, "subscribers_count": 2, "_id": 10981}, {"owner": {"type": "User", "site_admin": false}, "fork": false, "created_at": "2008-04-18T20:56:06Z", "updated_at": "2022-11-07T12:21:12Z", "pushed_at": "2015-11-15T00:09:16Z", "size": 695, "stargazers_count": 175, "watchers_count": 175, "language": "Ruby", "has_issues": true, "has_projects": true, "has_downloads": true, "has_wiki": true, "has_pages": false, "has_discussions": false, "forks_count": 23, "mirror_url": null, "archived": true, "disabled": false, "open_issues_count": 0, "license": {"key": "mit", "name": "MIT License", "spdx_id": "MIT", "url": "https://api.github.com/licenses/mit", "node_id": "MDc6TGljZW5zZTEz"}, "allow_forking": true, "is_template": false, "web_commit_signoff_required": false, "topics": [], "default_branch": "master", "permissions": {"admin": false, "maintain": false, "push": false, "triage": false, "pull": true}, "network_count": 23, "subscribers_count": 3, "_id": 10985}, {"owner": {"type": "User", "site_admin": false}, "fork": false, "created_at": "2008-04-18T21:12:50Z", "updated_at": "2019-08-13T13:23:16Z", "pushed_at": "2010-09-20T18:39:42Z", "size": 226, "stargazers_count": 21, "watchers_count": 21, "language": "Python", "has_issues": true, "has_projects": true, "has_downloads": true, "has_wiki": true, "has_pages": false, "has_discussions": false, "forks_count": 5, "mirror_url": null, "archived": false, "disabled": false, "open_issues_count": 0, "license": {"key": "mit", "name": "MIT License", "spdx_id": "MIT", "url": "https://api.github.com/licenses/mit", "node_id": "MDc6TGljZW5zZTEz"}, "allow_forking": true, "is_template": false, "web_commit_signoff_required": false, "topics": [], "default_branch": "master", "permissions": {"admin": false, "maintain": false, "push": false, "triage": false, "pull": true}, "network_count": 5, "subscribers_count": 3, "_id": 10992}, {"owner": {"type": "User", "site_admin": false}, "fork": false, "created_at": "2008-04-18T21:18:34Z", "updated_at": "2019-08-13T13:23:16Z", "pushed_at": "2008-04-24T22:12:53Z", "size": 9636, "stargazers_count": 5, "watchers_count": 5, "language": "Ruby", "has_issues": true, "has_projects": true, "has_downloads": true, "has_wiki": true, "has_pages": false, "has_discussions": false, "forks_count": 0, "mirror_url": null, "archived": false, "disabled": false, "open_issues_count": 0, "license": {"key": "mit", "name": "MIT License", "spdx_id": "MIT", "url": "https://api.github.com/licenses/mit", "node_id": "MDc6TGljZW5zZTEz"}, "allow_forking": true, "is_template": false, "web_commit_signoff_required": false, "topics": [], "default_branch": "master", "permissions": {"admin": false, "maintain": false, "push": false, "triage": false, "pull": true}, "network_count": 0, "subscribers_count": 2, "_id": 10993}, {"owner": {"type": "User", "site_admin": false}, "fork": false, "created_at": "2008-04-18T21:19:00Z", "updated_at": "2019-08-13T13:23:16Z", "pushed_at": "2008-06-21T23:02:09Z", "size": 105, "stargazers_count": 5, "watchers_count": 5, "language": "Ruby", "has_issues": true, "has_projects": true, "has_downloads": true, "has_wiki": true, "has_pages": false, "has_discussions": false, "forks_count": 1, "mirror_url": null, "archived": false, "disabled": false, "open_issues_count": 0, "license": null, "allow_forking": true, "is_template": false, "web_commit_signoff_required": false, "topics": [], "default_branch": "master", "permissions": {"admin": false, "maintain": false, "push": false, "triage": false, "pull": true}, "network_count": 1, "subscribers_count": 3, "_id": 10994}, {"owner": {"type": "Organization", "site_admin": false}, "fork": false, "created_at": "2008-04-18T21:22:58Z", "updated_at": "2022-05-12T21:53:40Z", "pushed_at": "2016-09-13T09:50:41Z", "size": 172, "stargazers_count": 13, "watchers_count": 13, "language": "Lua", "has_issues": true, "has_projects": true, "has_downloads": true, "has_wiki": true, "has_pages": false, "has_discussions": false, "forks_count": 8, "mirror_url": null, "archived": false, "disabled": false, "open_issues_count": 4, "license": null, "allow_forking": true, "is_template": false, "web_commit_signoff_required": false, "topics": [], "default_branch": "master", "permissions": {"admin": false, "maintain": false, "push": false, "triage": false, "pull": true}, "network_count": 8, "subscribers_count": 4, "_id": 10995}, {"owner": {"type": "User", "site_admin": false}, "fork": false, "created_at": "2008-04-18T21:30:16Z", "updated_at": "2019-08-13T13:23:17Z", "pushed_at": "2008-04-23T21:06:46Z", "size": 84, "stargazers_count": 4, "watchers_count": 4, "language": "Ruby", "has_issues": true, "has_projects": true, "has_downloads": true, "has_wiki": true, "has_pages": false, "has_discussions": false, "forks_count": 0, "mirror_url": null, "archived": false, "disabled": false, "open_issues_count": 0, "license": {"key": "mit", "name": "MIT License", "spdx_id": "MIT", "url": "https://api.github.com/licenses/mit", "node_id": "MDc6TGljZW5zZTEz"}, "allow_forking": true, "is_template": false, "web_commit_signoff_required": false, "topics": [], "default_branch": "master", "permissions": {"admin": false, "maintain": false, "push": false, "triage": false, "pull": true}, "network_count": 0, "subscribers_count": 2, "_id": 10997}, {"owner": {"type": "User", "site_admin": false}, "fork": true, "created_at": "2008-04-18T21:32:54Z", "updated_at": "2019-08-13T13:23:17Z", "pushed_at": "2008-05-28T16:50:19Z", "size": 8891, "stargazers_count": 6, "watchers_count": 6, "language": "Ruby", "has_issues": true, "has_projects": true, "has_downloads": true, "has_wiki": true, "has_pages": false, "has_discussions": false, "forks_count": 1, "mirror_url": null, "archived": false, "disabled": false, "open_issues_count": 0, "license": {"key": "mit", "name": "MIT License", "spdx_id": "MIT", "url": "https://api.github.com/licenses/mit", "node_id": "MDc6TGljZW5zZTEz"}, "allow_forking": true, "is_template": false, "web_commit_signoff_required": false, "topics": [], "default_branch": "master", "permissions": {"admin": false, "maintain": false, "push": false, "triage": false, "pull": true}, "network_count": 3, "subscribers_count": 4, "_id": 10998}, {"owner": {"type": "User", "site_admin": false}, "fork": false, "created_at": "2008-04-18T21:54:10Z", "updated_at": "2019-08-13T13:23:17Z", "pushed_at": "2008-04-18T22:04:59Z", "size": 76, "stargazers_count": 5, "watchers_count": 5, "language": "Ruby", "has_issues": true, "has_projects": true, "has_downloads": true, "has_wiki": true, "has_pages": false, "has_discussions": false, "forks_count": 0, "mirror_url": null, "archived": false, "disabled": false, "open_issues_count": 0, "license": null, "allow_forking": true, "is_template": false, "web_commit_signoff_required": false, "topics": [], "default_branch": "master", "permissions": {"admin": false, "maintain": false, "push": false, "triage": false, "pull": true}, "network_count": 0, "subscribers_count": 3, "_id": 11006}, {"owner": {"type": "User", "site_admin": false}, "fork": true, "created_at": "2008-04-18T23:14:24Z", "updated_at": "2022-06-17T14:29:31Z", "pushed_at": "2021-06-03T07:47:38Z", "size": 2796, "stargazers_count": 163, "watchers_count": 163, "language": "Ruby", "has_issues": true, "has_projects": true, "has_downloads": true, "has_wiki": true, "has_pages": true, "has_discussions": false, "forks_count": 73, "mirror_url": null, "archived": false, "disabled": false, "open_issues_count": 3, "license": {"key": "mit", "name": "MIT License", "spdx_id": "MIT", "url": "https://api.github.com/licenses/mit", "node_id": "MDc6TGljZW5zZTEz"}, "allow_forking": true, "is_template": false, "web_commit_signoff_required": false, "topics": [], "default_branch": "master", "permissions": {"admin": false, "maintain": false, "push": false, "triage": false, "pull": true}, "network_count": 541, "subscribers_count": 3, "_id": 11018}]