[{"owner": {"type": "User", "site_admin": false}, "fork": false, "created_at": "2008-05-08T00:09:32Z", "updated_at": "2019-08-13T13:24:11Z", "pushed_at": null, "size": 48, "stargazers_count": 3, "watchers_count": 3, "language": null, "has_issues": true, "has_projects": true, "has_downloads": true, "has_wiki": true, "has_pages": false, "has_discussions": false, "forks_count": 0, "mirror_url": null, "archived": false, "disabled": false, "open_issues_count": 0, "license": null, "allow_forking": true, "is_template": false, "web_commit_signoff_required": false, "topics": [], "default_branch": "master", "permissions": {"admin": false, "maintain": false, "push": false, "triage": false, "pull": true}, "network_count": 0, "subscribers_count": 2, "_id": 15298}, {"owner": {"type": "User", "site_admin": false}, "fork": false, "created_at": "2008-05-08T01:08:45Z", "updated_at": "2019-08-13T13:24:11Z", "pushed_at": "2008-06-15T06:03:14Z", "size": 128, "stargazers_count": 3, "watchers_count": 3, "language": "Ruby", "has_issues": true, "has_projects": true, "has_downloads": true, "has_wiki": true, "has_pages": false, "has_discussions": false, "forks_count": 1, "mirror_url": null, "archived": false, "disabled": false, "open_issues_count": 0, "license": {"key": "mit", "name": "MIT License", "spdx_id": "MIT", "url": "https://api.github.com/licenses/mit", "node_id": "MDc6TGljZW5zZTEz"}, "allow_forking": true, "is_template": false, "web_commit_signoff_required": false, "topics": [], "default_branch": "master", "permissions": {"admin": false, "maintain": false, "push": false, "triage": false, "pull": true}, "network_count": 1, "subscribers_count": 3, "_id": 15303}, {"owner": {"type": "User", "site_admin": false}, "fork": false, "created_at": "2008-05-08T01:25:28Z", "updated_at": "2019-08-13T13:24:11Z", "pushed_at": "2012-08-08T23:24:05Z", "size": 236, "stargazers_count": 4, "watchers_count": 4, "language": "Ruby", "has_issues": true, "has_projects": true, "has_downloads": true, "has_wiki": true, "has_pages": false, "has_discussions": false, "forks_count": 0, "mirror_url": null, "archived": false, "disabled": false, "open_issues_count": 0, "license": null, "allow_forking": true, "is_template": false, "web_commit_signoff_required": false, "topics": [], "default_branch": "master", "permissions": {"admin": false, "maintain": false, "push": false, "triage": false, "pull": true}, "network_count": 0, "subscribers_count": 2, "_id": 15304}, {"owner": {"type": "User", "site_admin": false}, "fork": false, "created_at": "2008-05-08T01:28:49Z", "updated_at": "2019-11-12T12:36:22Z", "pushed_at": "2008-05-08T01:30:30Z", "size": 76, "stargazers_count": 6, "watchers_count": 6, "language": null, "has_issues": true, "has_projects": true, "has_downloads": true, "has_wiki": true, "has_pages": false, "has_discussions": false, "forks_count": 0, "mirror_url": null, "archived": false, "disabled": false, "open_issues_count": 0, "license": {"key": "mit", "name": "MIT License", "spdx_id": "MIT", "url": "https://api.github.com/licenses/mit", "node_id": "MDc6TGljZW5zZTEz"}, "allow_forking": true, "is_template": false, "web_commit_signoff_required": false, "topics": [], "default_branch": "master", "permissions": {"admin": false, "maintain": false, "push": false, "triage": false, "pull": true}, "network_count": 0, "subscribers_count": 3, "_id": 15307}, {"owner": {"type": "User", "site_admin": false}, "fork": false, "created_at": "2008-05-08T01:31:51Z", "updated_at": "2019-08-13T13:24:11Z", "pushed_at": null, "size": 48, "stargazers_count": 1, "watchers_count": 1, "language": null, "has_issues": true, "has_projects": true, "has_downloads": true, "has_wiki": true, "has_pages": false, "has_discussions": false, "forks_count": 0, "mirror_url": null, "archived": false, "disabled": false, "open_issues_count": 0, "license": null, "allow_forking": true, "is_template": false, "web_commit_signoff_required": false, "topics": [], "default_branch": "master", "permissions": {"admin": false, "maintain": false, "push": false, "triage": false, "pull": true}, "network_count": 0, "subscribers_count": 3, "_id": 15308}, {"owner": {"type": "User", "site_admin": false}, "fork": true, "created_at": "2008-05-08T02:07:55Z", "updated_at": "2019-08-13T13:24:11Z", "pushed_at": "2008-05-08T02:12:51Z", "size": 82, "stargazers_count": 1, "watchers_count": 1, "language": "Ruby", "has_issues": true, "has_projects": true, "has_downloads": true, "has_wiki": true, "has_pages": false, "has_discussions": false, "forks_count": 0, "mirror_url": null, "archived": false, "disabled": false, "open_issues_count": 0, "license": null, "allow_forking": true, "is_template": false, "web_commit_signoff_required": false, "topics": [], "default_branch": "master", "permissions": {"admin": false, "maintain": false, "push": false, "triage": false, "pull": true}, "network_count": 9, "subscribers_count": 3, "_id": 15312}, {"owner": {"type": "User", "site_admin": false}, "fork": false, "created_at": "2008-05-08T02:24:17Z", "updated_at": "2019-08-13T13:24:11Z", "pushed_at": "2008-05-23T02:06:27Z", "size": 276, "stargazers_count": 2, "watchers_count": 2, "language": "Ruby", "has_issues": true, "has_projects": true, "has_downloads": true, "has_wiki": true, "has_pages": false, "has_discussions": false, "forks_count": 0, "mirror_url": null, "archived": false, "disabled": false, "open_issues_count": 0, "license": {"key": "mit", "name": "MIT License", "spdx_id": "MIT", "url": "https://api.github.com/licenses/mit", "node_id": "MDc6TGljZW5zZTEz"}, "allow_forking": true, "is_template": false, "web_commit_signoff_required": false, "topics": [], "default_branch": "master", "permissions": {"admin": false, "maintain": false, "push": false, "triage": false, "pull": true}, "network_count": 0, "subscribers_count": 3, "_id": 15314}, {"owner": {"type": "User", "site_admin": false}, "fork": true, "created_at": "2008-05-08T02:26:36Z", "updated_at": "2019-08-13T13:24:11Z", "pushed_at": "2008-05-08T02:26:38Z", "size": 105, "stargazers_count": 4, "watchers_count": 4, "language": "Ruby", "has_issues": true, "has_projects": true, "has_downloads": true, "has_wiki": true, "has_pages": false, "has_discussions": false, "forks_count": 0, "mirror_url": null, "archived": false, "disabled": false, "open_issues_count": 0, "license": {"key": "mit", "name": "MIT License", "spdx_id": "MIT", "url": "https://api.github.com/licenses/mit", "node_id": "MDc6TGljZW5zZTEz"}, "allow_forking": true, "is_template": false, "web_commit_signoff_required": false, "topics": [], "default_branch": "master", "permissions": {"admin": false, "maintain": false, "push": false, "triage": false, "pull": true}, "network_count": 11, "subscribers_count": 3, "_id": 15316}, {"owner": {"type": "User", "site_admin": false}, "fork": false, "created_at": "2008-05-08T02:44:19Z", "updated_at": "2022-03-28T15:04:47Z", "pushed_at": "2012-01-10T15:45:17Z", "size": 188, "stargazers_count": 60, "watchers_count": 60, "language": "Ruby", "has_issues": false, "has_projects": true, "has_downloads": true, "has_wiki": true, "has_pages": false, "has_discussions": false, "forks_count": 30, "mirror_url": null, "archived": false, "disabled": false, "open_issues_count": 2, "license": {"key": "other", "name": "Other", "spdx_id": "NOASSERTION", "url": null, "node_id": "MDc6TGljZW5zZTA="}, "allow_forking": true, "is_template": false, "web_commit_signoff_required": false, "topics": [], "default_branch": "master", "permissions": {"admin": false, "maintain": false, "push": false, "triage": false, "pull": true}, "network_count": 30, "subscribers_count": 4, "_id": 15320}, {"owner": {"type": "User", "site_admin": false}, "fork": false, "created_at": "2008-05-08T02:54:49Z", "updated_at": "2019-08-13T13:24:12Z", "pushed_at": "2010-05-15T12:06:51Z", "size": 43611, "stargazers_count": 8, "watchers_count": 8, "language": "Objective-C", "has_issues": true, "has_projects": true, "has_downloads": true, "has_wiki": true, "has_pages": false, "has_discussions": false, "forks_count": 2, "mirror_url": null, "archived": false, "disabled": false, "open_issues_count": 1, "license": null, "allow_forking": true, "is_template": false, "web_commit_signoff_required": false, "topics": [], "default_branch": "master", "permissions": {"admin": false, "maintain": false, "push": false, "triage": false, "pull": true}, "network_count": 2, "subscribers_count": 4, "_id": 15323}, {"owner": {"type": "User", "site_admin": false}, "fork": false, "created_at": "2008-05-08T03:02:45Z", "updated_at": "2019-08-13T13:24:12Z", "pushed_at": "2008-05-09T12:32:42Z", "size": 354, "stargazers_count": 2, "watchers_count": 2, "language": "Ruby", "has_issues": true, "has_projects": true, "has_downloads": true, "has_wiki": true, "has_pages": false, "has_discussions": false, "forks_count": 2, "mirror_url": null, "archived": false, "disabled": false, "open_issues_count": 0, "license": null, "allow_forking": true, "is_template": false, "web_commit_signoff_required": false, "topics": [], "default_branch": "master", "permissions": {"admin": false, "maintain": false, "push": false, "triage": false, "pull": true}, "network_count": 2, "subscribers_count": 3, "_id": 15325}, {"owner": {"type": "User", "site_admin": false}, "fork": false, "created_at": "2008-05-08T03:02:53Z", "updated_at": "2019-08-13T13:24:12Z", "pushed_at": "2009-08-25T15:12:45Z", "size": 148, "stargazers_count": 2, "watchers_count": 2, "language": "JavaScript", "has_issues": true, "has_projects": true, "has_downloads": true, "has_wiki": true, "has_pages": false, "has_discussions": false, "forks_count": 0, "mirror_url": null, "archived": false, "disabled": false, "open_issues_count": 0, "license": null, "allow_forking": true, "is_template": false, "web_commit_signoff_required": false, "topics": [], "default_branch": "master", "permissions": {"admin": false, "maintain": false, "push": false, "triage": false, "pull": true}, "network_count": 0, "subscribers_count": 3, "_id": 15326}, {"owner": {"type": "User", "site_admin": false}, "fork": false, "created_at": "2008-05-08T03:07:01Z", "updated_at": "2019-10-17T17:09:04Z", "pushed_at": "2008-06-05T05:55:19Z", "size": 116, "stargazers_count": 22, "watchers_count": 22, "language": "Ruby", "has_issues": true, "has_projects": true, "has_downloads": true, "has_wiki": true, "has_pages": false, "has_discussions": false, "forks_count": 1, "mirror_url": null, "archived": false, "disabled": false, "open_issues_count": 0, "license": {"key": "mit", "name": "MIT License", "spdx_id": "MIT", "url": "https://api.github.com/licenses/mit", "node_id": "MDc6TGljZW5zZTEz"}, "allow_forking": true, "is_template": false, "web_commit_signoff_required": false, "topics": [], "default_branch": "master", "permissions": {"admin": false, "maintain": false, "push": false, "triage": false, "pull": true}, "network_count": 1, "subscribers_count": 3, "_id": 15327}, {"owner": {"type": "User", "site_admin": false}, "fork": false, "created_at": "2008-05-08T03:39:06Z", "updated_at": "2019-08-13T13:24:12Z", "pushed_at": "2008-05-15T20:39:22Z", "size": 88, "stargazers_count": 3, "watchers_count": 3, "language": "Ruby", "has_issues": true, "has_projects": true, "has_downloads": true, "has_wiki": true, "has_pages": false, "has_discussions": false, "forks_count": 0, "mirror_url": null, "archived": false, "disabled": false, "open_issues_count": 0, "license": {"key": "mit", "name": "MIT License", "spdx_id": "MIT", "url": "https://api.github.com/licenses/mit", "node_id": "MDc6TGljZW5zZTEz"}, "allow_forking": true, "is_template": false, "web_commit_signoff_required": false, "topics": [], "default_branch": "master", "permissions": {"admin": false, "maintain": false, "push": false, "triage": false, "pull": true}, "network_count": 0, "subscribers_count": 2, "_id": 15330}, {"owner": {"type": "User", "site_admin": false}, "fork": true, "created_at": "2008-05-08T03:51:03Z", "updated_at": "2019-08-13T13:24:12Z", "pushed_at": "2008-08-27T13:33:20Z", "size": 82, "stargazers_count": 4, "watchers_count": 4, "language": "JavaScript", "has_issues": true, "has_projects": true, "has_downloads": true, "has_wiki": true, "has_pages": false, "has_discussions": false, "forks_count": 0, "mirror_url": null, "archived": false, "disabled": false, "open_issues_count": 0, "license": null, "allow_forking": true, "is_template": false, "web_commit_signoff_required": false, "topics": [], "default_branch": "master", "permissions": {"admin": false, "maintain": false, "push": false, "triage": false, "pull": true}, "network_count": 4, "subscribers_count": 3, "_id": 15334}, {"owner": {"type": "User", "site_admin": false}, "fork": false, "created_at": "2008-05-08T05:36:33Z", "updated_at": "2019-08-13T13:24:12Z", "pushed_at": "2010-03-13T12:53:44Z", "size": 7772, "stargazers_count": 8, "watchers_count": 8, "language": "OCaml", "has_issues": true, "has_projects": true, "has_downloads": true, "has_wiki": true, "has_pages": false, "has_discussions": false, "forks_count": 0, "mirror_url": null, "archived": false, "disabled": false, "open_issues_count": 0, "license": null, "allow_forking": true, "is_template": false, "web_commit_signoff_required": false, "topics": [], "default_branch": "master", "permissions": {"admin": false, "maintain": false, "push": false, "triage": false, "pull": true}, "network_count": 0, "subscribers_count": 1, "_id": 15342}, {"owner": {"type": "User", "site_admin": false}, "fork": false, "created_at": "2008-05-08T06:43:13Z", "updated_at": "2019-08-13T13:24:12Z", "pushed_at": "2008-05-08T06:51:11Z", "size": 130, "stargazers_count": 2, "watchers_count": 2, "language": "Ruby", "has_issues": true, "has_projects": true, "has_downloads": true, "has_wiki": true, "has_pages": false, "has_discussions": false, "forks_count": 0, "mirror_url": null, "archived": false, "disabled": false, "open_issues_count": 0, "license": null, "allow_forking": true, "is_template": false, "web_commit_signoff_required": false, "topics": [], "default_branch": "master", "permissions": {"admin": false, "maintain": false, "push": false, "triage": false, "pull": true}, "network_count": 0, "subscribers_count": 3, "_id": 15351}, {"owner": {"type": "User", "site_admin": false}, "fork": false, "created_at": "2008-05-08T07:04:05Z", "updated_at": "2019-08-13T13:24:12Z", "pushed_at": "2013-03-06T09:02:41Z", "size": 284, "stargazers_count": 5, "watchers_count": 5, "language": "JavaScript", "has_issues": true, "has_projects": true, "has_downloads": true, "has_wiki": true, "has_pages": false, "has_discussions": false, "forks_count": 0, "mirror_url": null, "archived": false, "disabled": false, "open_issues_count": 0, "license": null, "allow_forking": true, "is_template": false, "web_commit_signoff_required": false, "topics": [], "default_branch": "master", "permissions": {"admin": false, "maintain": false, "push": false, "triage": false, "pull": true}, "network_count": 0, "subscribers_count": 3, "_id": 15352}, {"owner": {"type": "User", "site_admin": false}, "fork": true, "created_at": "2008-05-08T07:55:56Z", "updated_at": "2019-08-13T13:24:12Z", "pushed_at": "2008-05-08T07:55:57Z", "size": 12182, "stargazers_count": 2, "watchers_count": 2, "language": "Ruby", "has_issues": true, "has_projects": true, "has_downloads": true, "has_wiki": true, "has_pages": false, "has_discussions": false, "forks_count": 0, "mirror_url": null, "archived": false, "disabled": false, "open_issues_count": 0, "license": null, "allow_forking": true, "is_template": false, "web_commit_signoff_required": false, "topics": [], "default_branch": "master", "permissions": {"admin": false, "maintain": false, "push": false, "triage": false, "pull": true}, "network_count": 20776, "subscribers_count": 2, "_id": 15358}, {"owner": {"type": "User", "site_admin": false}, "fork": false, "created_at": "2008-05-08T09:43:13Z", "updated_at": "2019-08-13T13:24:12Z", "pushed_at": "2009-01-16T11:31:11Z", "size": 110, "stargazers_count": 11, "watchers_count": 11, "language": "Ruby", "has_issues": true, "has_projects": true, "has_downloads": true, "has_wiki": true, "has_pages": false, "has_discussions": false, "forks_count": 2, "mirror_url": null, "archived": false, "disabled": false, "open_issues_count": 0, "license": null, "allow_forking": true, "is_template": false, "web_commit_signoff_required": false, "topics": [], "default_branch": "master", "permissions": {"admin": false, "maintain": false, "push": false, "triage": false, "pull": true}, "network_count": 2, "subscribers_count": 2, "_id": 15372}, {"owner": {"type": "User", "site_admin": false}, "fork": true, "created_at": "2008-05-08T11:02:09Z", "updated_at": "2019-08-13T13:24:12Z", "pushed_at": "2008-05-08T11:04:40Z", "size": 10095, "stargazers_count": 2, "watchers_count": 2, "language": "Ruby", "has_issues": true, "has_projects": true, "has_downloads": true, "has_wiki": true, "has_pages": false, "has_discussions": false, "forks_count": 0, "mirror_url": null, "archived": false, "disabled": false, "open_issues_count": 0, "license": {"key": "apache-2.0", "name": "Apache License 2.0", "spdx_id": "Apache-2.0", "url": "https://api.github.com/licenses/apache-2.0", "node_id": "MDc6TGljZW5zZTI="}, "allow_forking": true, "is_template": false, "web_commit_signoff_required": false, "topics": [], "default_branch": "master", "permissions": {"admin": false, "maintain": false, "push": false, "triage": false, "pull": true}, "network_count": 11, "subscribers_count": 3, "_id": 15391}, {"owner": {"type": "User", "site_admin": false}, "fork": false, "created_at": "2008-05-08T11:19:01Z", "updated_at": "2019-08-13T13:24:12Z", "pushed_at": "2009-02-17T09:44:47Z", "size": 129, "stargazers_count": 4, "watchers_count": 4, "language": "Perl", "has_issues": true, "has_projects": true, "has_downloads": true, "has_wiki": true, "has_pages": false, "has_discussions": false, "forks_count": 2, "mirror_url": null, "archived": false, "disabled": false, "open_issues_count": 0, "license": {"key": "other", "name": "Other", "spdx_id": "NOASSERTION", "url": null, "node_id": "MDc6TGljZW5zZTA="}, "allow_forking": true, "is_template": false, "web_commit_signoff_required": false, "topics": [], "default_branch": "master", "permissions": {"admin": false, "maintain": false, "push": false, "triage": false, "pull": true}, "network_count": 2, "subscribers_count": 3, "_id": 15393}, {"owner": {"type": "User", "site_admin": false}, "fork": true, "created_at": "2008-05-08T11:53:26Z", "updated_at": "2019-08-13T13:24:12Z", "pushed_at": "2008-05-08T11:58:07Z", "size": 11436, "stargazers_count": 2, "watchers_count": 2, "language": "PHP", "has_issues": true, "has_projects": true, "has_downloads": true, "has_wiki": true, "has_pages": false, "has_discussions": false, "forks_count": 1, "mirror_url": null, "archived": false, "disabled": false, "open_issues_count": 0, "license": {"key": "gpl-2.0", "name": "GNU General Public License v2.0", "spdx_id": "GPL-2.0", "url": "https://api.github.com/licenses/gpl-2.0", "node_id": "MDc6TGljZW5zZTg="}, "allow_forking": true, "is_template": false, "web_commit_signoff_required": false, "topics": [], "default_branch": "master", "permissions": {"admin": false, "maintain": false, "push": false, "triage": false, "pull": true}, "network_count": 4, "subscribers_count": 2, "_id": 15399}, {"owner": {"type": "Organization", "site_admin": false}, "fork": false, "created_at": "2008-05-08T12:05:38Z", "updated_at": "2022-10-14T22:09:32Z", "pushed_at": "2012-01-18T07:55:25Z", "size": 11773, "stargazers_count": 595, "watchers_count": 595, "language": "Ruby", "has_issues": true, "has_projects": true, "has_downloads": true, "has_wiki": true, "has_pages": false, "has_discussions": false, "forks_count": 41, "mirror_url": null, "archived": true, "disabled": false, "open_issues_count": 21, "license": {"key": "other", "name": "Other", "spdx_id": "NOASSERTION", "url": null, "node_id": "MDc6TGljZW5zZTA="}, "allow_forking": true, "is_template": false, "web_commit_signoff_required": false, "topics": [], "default_branch": "master", "permissions": {"admin": false, "maintain": false, "push": false, "triage": false, "pull": true}, "network_count": 41, "subscribers_count": 6, "_id": 15402}, {"owner": {"type": "User", "site_admin": false}, "fork": true, "created_at": "2008-05-08T12:06:04Z", "updated_at": "2019-08-13T13:24:12Z", "pushed_at": "2008-05-08T12:06:09Z", "size": 97, "stargazers_count": 2, "watchers_count": 2, "language": "Perl", "has_issues": true, "has_projects": true, "has_downloads": true, "has_wiki": true, "has_pages": false, "has_discussions": false, "forks_count": 0, "mirror_url": null, "archived": false, "disabled": false, "open_issues_count": 0, "license": {"key": "other", "name": "Other", "spdx_id": "NOASSERTION", "url": null, "node_id": "MDc6TGljZW5zZTA="}, "allow_forking": true, "is_template": false, "web_commit_signoff_required": false, "topics": [], "default_branch": "master", "permissions": {"admin": false, "maintain": false, "push": false, "triage": false, "pull": true}, "network_count": 2, "subscribers_count": 3, "_id": 15403}, {"owner": {"type": "User", "site_admin": false}, "fork": false, "created_at": "2008-05-08T12:56:58Z", "updated_at": "2019-08-13T13:24:12Z", "pushed_at": "2008-07-20T20:40:10Z", "size": 136, "stargazers_count": 3, "watchers_count": 3, "language": "Emacs Lisp", "has_issues": true, "has_projects": true, "has_downloads": true, "has_wiki": true, "has_pages": false, "has_discussions": false, "forks_count": 0, "mirror_url": null, "archived": false, "disabled": false, "open_issues_count": 0, "license": null, "allow_forking": true, "is_template": false, "web_commit_signoff_required": false, "topics": [], "default_branch": "master", "permissions": {"admin": false, "maintain": false, "push": false, "triage": false, "pull": true}, "network_count": 0, "subscribers_count": 3, "_id": 15409}, {"owner": {"type": "User", "site_admin": false}, "fork": false, "created_at": "2008-05-08T14:30:07Z", "updated_at": "2022-11-06T09:59:14Z", "pushed_at": "2022-03-24T09:38:32Z", "size": 29374, "stargazers_count": 232, "watchers_count": 232, "language": "C", "has_issues": true, "has_projects": true, "has_downloads": true, "has_wiki": true, "has_pages": false, "has_discussions": false, "forks_count": 56, "mirror_url": null, "archived": false, "disabled": false, "open_issues_count": 53, "license": {"key": "gpl-2.0", "name": "GNU General Public License v2.0", "spdx_id": "GPL-2.0", "url": "https://api.github.com/licenses/gpl-2.0", "node_id": "MDc6TGljZW5zZTg="}, "allow_forking": true, "is_template": false, "web_commit_signoff_required": false, "topics": [], "default_branch": "master", "permissions": {"admin": false, "maintain": false, "push": false, "triage": false, "pull": true}, "network_count": 56, "subscribers_count": 15, "_id": 15422}, {"owner": {"type": "Organization", "site_admin": false}, "fork": false, "created_at": "2008-05-08T15:27:26Z", "updated_at": "2022-11-24T01:11:20Z", "pushed_at": "2022-11-23T17:18:07Z", "size": 5487, "stargazers_count": 9906, "watchers_count": 9906, "language": "Ruby", "has_issues": true, "has_projects": true, "has_downloads": true, "has_wiki": true, "has_pages": true, "has_discussions": false, "forks_count": 1290, "mirror_url": null, "archived": false, "disabled": false, "open_issues_count": 285, "license": {"key": "mit", "name": "MIT License", "spdx_id": "MIT", "url": "https://api.github.com/licenses/mit", "node_id": "MDc6TGljZW5zZTEz"}, "allow_forking": true, "is_template": false, "web_commit_signoff_required": false, "topics": [], "default_branch": "master", "permissions": {"admin": false, "maintain": false, "push": false, "triage": false, "pull": true}, "network_count": 1290, "subscribers_count": 752, "_id": 15435}, {"owner": {"type": "User", "site_admin": false}, "fork": true, "created_at": "2008-05-08T15:57:32Z", "updated_at": "2019-08-13T13:24:12Z", "pushed_at": "2008-05-08T20:01:53Z", "size": 92, "stargazers_count": 6, "watchers_count": 6, "language": "Ruby", "has_issues": true, "has_projects": true, "has_downloads": true, "has_wiki": true, "has_pages": false, "has_discussions": false, "forks_count": 1, "mirror_url": null, "archived": false, "disabled": false, "open_issues_count": 0, "license": {"key": "other", "name": "Other", "spdx_id": "NOASSERTION", "url": null, "node_id": "MDc6TGljZW5zZTA="}, "allow_forking": true, "is_template": false, "web_commit_signoff_required": false, "topics": [], "default_branch": "master", "permissions": {"admin": false, "maintain": false, "push": false, "triage": false, "pull": true}, "network_count": 16, "subscribers_count": 4, "_id": 15436}, {"owner": {"type": "User", "site_admin": false}, "fork": false, "created_at": "2008-05-08T16:20:49Z", "updated_at": "2022-05-09T20:14:27Z", "pushed_at": "2008-12-05T01:30:53Z", "size": 1327, "stargazers_count": 13, "watchers_count": 13, "language": "PHP", "has_issues": true, "has_projects": true, "has_downloads": true, "has_wiki": true, "has_pages": false, "has_discussions": false, "forks_count": 1, "mirror_url": null, "archived": false, "disabled": false, "open_issues_count": 0, "license": {"key": "mit", "name": "MIT License", "spdx_id": "MIT", "url": "https://api.github.com/licenses/mit", "node_id": "MDc6TGljZW5zZTEz"}, "allow_forking": true, "is_template": false, "web_commit_signoff_required": false, "topics": [], "default_branch": "master", "permissions": {"admin": false, "maintain": false, "push": false, "triage": false, "pull": true}, "network_count": 1, "subscribers_count": 4, "_id": 15440}, {"owner": {"type": "User", "site_admin": false}, "fork": false, "created_at": "2008-05-08T16:46:41Z", "updated_at": "2022-10-07T17:37:23Z", "pushed_at": "2008-12-19T16:03:26Z", "size": 45948, "stargazers_count": 18, "watchers_count": 18, "language": "Perl", "has_issues": true, "has_projects": true, "has_downloads": true, "has_wiki": true, "has_pages": false, "has_discussions": false, "forks_count": 7, "mirror_url": null, "archived": false, "disabled": false, "open_issues_count": 0, "license": {"key": "gpl-2.0", "name": "GNU General Public License v2.0", "spdx_id": "GPL-2.0", "url": "https://api.github.com/licenses/gpl-2.0", "node_id": "MDc6TGljZW5zZTg="}, "allow_forking": true, "is_template": false, "web_commit_signoff_required": false, "topics": [], "default_branch": "master", "permissions": {"admin": false, "maintain": false, "push": false, "triage": false, "pull": true}, "network_count": 7, "subscribers_count": 3, "_id": 15443}, {"owner": {"type": "User", "site_admin": false}, "fork": false, "created_at": "2008-05-08T16:54:18Z", "updated_at": "2019-09-30T02:47:31Z", "pushed_at": "2008-05-16T16:41:01Z", "size": 80, "stargazers_count": 3, "watchers_count": 3, "language": "Common Lisp", "has_issues": true, "has_projects": true, "has_downloads": true, "has_wiki": true, "has_pages": false, "has_discussions": false, "forks_count": 0, "mirror_url": null, "archived": false, "disabled": false, "open_issues_count": 0, "license": null, "allow_forking": true, "is_template": false, "web_commit_signoff_required": false, "topics": [], "default_branch": "master", "permissions": {"admin": false, "maintain": false, "push": false, "triage": false, "pull": true}, "network_count": 0, "subscribers_count": 3, "_id": 15444}, {"owner": {"type": "User", "site_admin": false}, "fork": false, "created_at": "2008-05-08T17:03:56Z", "updated_at": "2019-08-13T13:24:13Z", "pushed_at": "2008-05-09T13:26:29Z", "size": 80, "stargazers_count": 4, "watchers_count": 4, "language": "Ruby", "has_issues": true, "has_projects": true, "has_downloads": true, "has_wiki": true, "has_pages": false, "has_discussions": false, "forks_count": 0, "mirror_url": null, "archived": false, "disabled": false, "open_issues_count": 0, "license": null, "allow_forking": true, "is_template": false, "web_commit_signoff_required": false, "topics": [], "default_branch": "master", "permissions": {"admin": false, "maintain": false, "push": false, "triage": false, "pull": true}, "network_count": 0, "subscribers_count": 2, "_id": 15445}, {"owner": {"type": "User", "site_admin": false}, "fork": false, "created_at": "2008-05-08T17:13:41Z", "updated_at": "2022-10-11T05:17:38Z", "pushed_at": "2008-11-13T02:04:34Z", "size": 146, "stargazers_count": 153, "watchers_count": 153, "language": "Ruby", "has_issues": true, "has_projects": true, "has_downloads": true, "has_wiki": true, "has_pages": false, "has_discussions": false, "forks_count": 31, "mirror_url": null, "archived": true, "disabled": false, "open_issues_count": 0, "license": {"key": "mit", "name": "MIT License", "spdx_id": "MIT", "url": "https://api.github.com/licenses/mit", "node_id": "MDc6TGljZW5zZTEz"}, "allow_forking": true, "is_template": false, "web_commit_signoff_required": false, "topics": [], "default_branch": "master", "permissions": {"admin": false, "maintain": false, "push": false, "triage": false, "pull": true}, "network_count": 31, "subscribers_count": 5, "_id": 15448}, {"owner": {"type": "User", "site_admin": false}, "fork": false, "created_at": "2008-05-08T17:23:25Z", "updated_at": "2019-08-13T13:24:13Z", "pushed_at": "2010-04-06T06:57:29Z", "size": 140, "stargazers_count": 3, "watchers_count": 3, "language": "Python", "has_issues": true, "has_projects": true, "has_downloads": true, "has_wiki": true, "has_pages": false, "has_discussions": false, "forks_count": 0, "mirror_url": null, "archived": false, "disabled": false, "open_issues_count": 0, "license": null, "allow_forking": true, "is_template": false, "web_commit_signoff_required": false, "topics": [], "default_branch": "master", "permissions": {"admin": false, "maintain": false, "push": false, "triage": false, "pull": true}, "network_count": 0, "subscribers_count": 3, "_id": 15450}, {"owner": {"type": "User", "site_admin": false}, "fork": false, "created_at": "2008-05-08T17:43:14Z", "updated_at": "2021-05-21T13:43:54Z", "pushed_at": "2008-05-13T05:36:25Z", "size": 88, "stargazers_count": 6, "watchers_count": 6, "language": "Python", "has_issues": true, "has_projects": true, "has_downloads": true, "has_wiki": true, "has_pages": false, "has_discussions": false, "forks_count": 2, "mirror_url": null, "archived": false, "disabled": false, "open_issues_count": 0, "license": null, "allow_forking": true, "is_template": false, "web_commit_signoff_required": false, "topics": [], "default_branch": "master", "permissions": {"admin": false, "maintain": false, "push": false, "triage": false, "pull": true}, "network_count": 2, "subscribers_count": 2, "_id": 15453}, {"owner": {"type": "User", "site_admin": false}, "fork": true, "created_at": "2008-05-08T18:45:38Z", "updated_at": "2019-08-13T13:24:13Z", "pushed_at": "2008-05-08T18:45:40Z", "size": 80, "stargazers_count": 2, "watchers_count": 2, "language": null, "has_issues": true, "has_projects": true, "has_downloads": true, "has_wiki": true, "has_pages": false, "has_discussions": false, "forks_count": 0, "mirror_url": null, "archived": false, "disabled": false, "open_issues_count": 0, "license": null, "allow_forking": true, "is_template": false, "web_commit_signoff_required": false, "topics": [], "default_branch": "master", "permissions": {"admin": false, "maintain": false, "push": false, "triage": false, "pull": true}, "network_count": 2, "subscribers_count": 2, "_id": 15460}, {"owner": {"type": "User", "site_admin": false}, "fork": false, "created_at": "2008-05-08T18:50:01Z", "updated_at": "2019-08-13T13:24:13Z", "pushed_at": "2022-07-21T22:16:36Z", "size": 810, "stargazers_count": 34, "watchers_count": 34, "language": "Ruby", "has_issues": true, "has_projects": true, "has_downloads": true, "has_wiki": true, "has_pages": false, "has_discussions": false, "forks_count": 5, "mirror_url": null, "archived": false, "disabled": false, "open_issues_count": 5, "license": {"key": "mit", "name": "MIT License", "spdx_id": "MIT", "url": "https://api.github.com/licenses/mit", "node_id": "MDc6TGljZW5zZTEz"}, "allow_forking": true, "is_template": false, "web_commit_signoff_required": false, "topics": [], "default_branch": "master", "permissions": {"admin": false, "maintain": false, "push": false, "triage": false, "pull": true}, "network_count": 5, "subscribers_count": 4, "_id": 15464}, {"owner": {"type": "Organization", "site_admin": false}, "fork": false, "created_at": "2008-05-08T18:50:47Z", "updated_at": "2019-08-13T13:24:13Z", "pushed_at": "2008-06-13T19:16:15Z", "size": 129, "stargazers_count": 4, "watchers_count": 4, "language": "Ruby", "has_issues": true, "has_projects": true, "has_downloads": true, "has_wiki": true, "has_pages": false, "has_discussions": false, "forks_count": 2, "mirror_url": null, "archived": false, "disabled": false, "open_issues_count": 0, "license": {"key": "mit", "name": "MIT License", "spdx_id": "MIT", "url": "https://api.github.com/licenses/mit", "node_id": "MDc6TGljZW5zZTEz"}, "allow_forking": true, "is_template": false, "web_commit_signoff_required": false, "topics": [], "default_branch": "master", "permissions": {"admin": false, "maintain": false, "push": false, "triage": false, "pull": true}, "network_count": 2, "subscribers_count": 7, "_id": 15465}, {"owner": {"type": "User", "site_admin": false}, "fork": false, "created_at": "2008-05-08T19:05:48Z", "updated_at": "2019-08-13T13:24:13Z", "pushed_at": "2008-06-07T00:05:39Z", "size": 100, "stargazers_count": 12, "watchers_count": 12, "language": "Ruby", "has_issues": true, "has_projects": true, "has_downloads": true, "has_wiki": true, "has_pages": false, "has_discussions": false, "forks_count": 0, "mirror_url": null, "archived": false, "disabled": false, "open_issues_count": 0, "license": {"key": "mit", "name": "MIT License", "spdx_id": "MIT", "url": "https://api.github.com/licenses/mit", "node_id": "MDc6TGljZW5zZTEz"}, "allow_forking": true, "is_template": false, "web_commit_signoff_required": false, "topics": [], "default_branch": "master", "permissions": {"admin": false, "maintain": false, "push": false, "triage": false, "pull": true}, "network_count": 0, "subscribers_count": 3, "_id": 15469}, {"owner": {"type": "User", "site_admin": false}, "fork": false, "created_at": "2008-05-08T19:13:20Z", "updated_at": "2019-08-13T13:24:13Z", "pushed_at": "2008-05-08T19:15:29Z", "size": 228, "stargazers_count": 3, "watchers_count": 3, "language": "Ruby", "has_issues": true, "has_projects": true, "has_downloads": true, "has_wiki": true, "has_pages": false, "has_discussions": false, "forks_count": 0, "mirror_url": null, "archived": false, "disabled": false, "open_issues_count": 0, "license": null, "allow_forking": true, "is_template": false, "web_commit_signoff_required": false, "topics": [], "default_branch": "master", "permissions": {"admin": false, "maintain": false, "push": false, "triage": false, "pull": true}, "network_count": 0, "subscribers_count": 3, "_id": 15471}, {"owner": {"type": "User", "site_admin": false}, "fork": false, "created_at": "2008-05-08T19:44:02Z", "updated_at": "2022-09-29T03:36:11Z", "pushed_at": "2022-08-07T15:25:25Z", "size": 8832, "stargazers_count": 114, "watchers_count": 114, "language": "Emacs Lisp", "has_issues": true, "has_projects": true, "has_downloads": true, "has_wiki": true, "has_pages": false, "has_discussions": false, "forks_count": 20, "mirror_url": null, "archived": false, "disabled": false, "open_issues_count": 13, "license": {"key": "gpl-3.0", "name": "GNU General Public License v3.0", "spdx_id": "GPL-3.0", "url": "https://api.github.com/licenses/gpl-3.0", "node_id": "MDc6TGljZW5zZTk="}, "allow_forking": true, "is_template": false, "web_commit_signoff_required": false, "topics": [], "default_branch": "master", "permissions": {"admin": false, "maintain": false, "push": false, "triage": false, "pull": true}, "network_count": 20, "subscribers_count": 10, "_id": 15478}, {"owner": {"type": "User", "site_admin": false}, "fork": false, "created_at": "2008-05-08T20:00:27Z", "updated_at": "2022-10-14T00:57:20Z", "pushed_at": "2010-05-13T10:51:10Z", "size": 158, "stargazers_count": 20, "watchers_count": 20, "language": "Ruby", "has_issues": true, "has_projects": true, "has_downloads": true, "has_wiki": true, "has_pages": false, "has_discussions": false, "forks_count": 3, "mirror_url": null, "archived": false, "disabled": false, "open_issues_count": 2, "license": {"key": "gpl-2.0", "name": "GNU General Public License v2.0", "spdx_id": "GPL-2.0", "url": "https://api.github.com/licenses/gpl-2.0", "node_id": "MDc6TGljZW5zZTg="}, "allow_forking": true, "is_template": false, "web_commit_signoff_required": false, "topics": [], "default_branch": "master", "permissions": {"admin": false, "maintain": false, "push": false, "triage": false, "pull": true}, "network_count": 3, "subscribers_count": 3, "_id": 15485}, {"owner": {"type": "User", "site_admin": false}, "fork": false, "created_at": "2008-05-08T22:57:42Z", "updated_at": "2020-02-23T16:42:57Z", "pushed_at": "2011-07-18T11:57:09Z", "size": 184, "stargazers_count": 74, "watchers_count": 74, "language": "Ruby", "has_issues": true, "has_projects": true, "has_downloads": true, "has_wiki": true, "has_pages": false, "has_discussions": false, "forks_count": 39, "mirror_url": null, "archived": false, "disabled": false, "open_issues_count": 13, "license": null, "allow_forking": true, "is_template": false, "web_commit_signoff_required": false, "topics": [], "default_branch": "master", "permissions": {"admin": false, "maintain": false, "push": false, "triage": false, "pull": true}, "network_count": 39, "subscribers_count": 3, "_id": 15520}, {"owner": {"type": "User", "site_admin": false}, "fork": false, "created_at": "2008-05-08T23:05:11Z", "updated_at": "2022-01-16T04:30:05Z", "pushed_at": "2008-05-08T23:07:02Z", "size": 76, "stargazers_count": 5, "watchers_count": 5, "language": "Ruby", "has_issues": true, "has_projects": true, "has_downloads": true, "has_wiki": true, "has_pages": false, "has_discussions": false, "forks_count": 2, "mirror_url": null, "archived": false, "disabled": false, "open_issues_count": 0, "license": null, "allow_forking": true, "is_template": false, "web_commit_signoff_required": false, "topics": [], "default_branch": "master", "permissions": {"admin": false, "maintain": false, "push": false, "triage": false, "pull": true}, "network_count": 2, "subscribers_count": 4, "_id": 15521}, {"owner": {"type": "User", "site_admin": false}, "fork": true, "created_at": "2008-05-08T23:26:57Z", "updated_at": "2019-08-13T13:24:15Z", "pushed_at": "2008-05-08T23:27:01Z", "size": 12182, "stargazers_count": 2, "watchers_count": 2, "language": "Ruby", "has_issues": true, "has_projects": true, "has_downloads": true, "has_wiki": true, "has_pages": false, "has_discussions": false, "forks_count": 0, "mirror_url": null, "archived": false, "disabled": false, "open_issues_count": 0, "license": null, "allow_forking": true, "is_template": false, "web_commit_signoff_required": false, "topics": [], "default_branch": "master", "permissions": {"admin": false, "maintain": false, "push": false, "triage": false, "pull": true}, "network_count": 20776, "subscribers_count": 3, "_id": 15524}]