[{"owner": {"type": "User", "site_admin": false}, "fork": true, "created_at": "2008-01-14T14:44:23Z", "updated_at": "2019-08-13T13:22:31Z", "pushed_at": "2008-04-03T20:03:33Z", "size": 185, "stargazers_count": 3, "watchers_count": 3, "language": "Ruby", "has_issues": true, "has_projects": true, "has_downloads": true, "has_wiki": true, "has_pages": false, "has_discussions": false, "forks_count": 1, "mirror_url": null, "archived": false, "disabled": false, "open_issues_count": 0, "license": null, "allow_forking": true, "is_template": false, "web_commit_signoff_required": false, "topics": [], "default_branch": "master", "permissions": {"admin": false, "maintain": false, "push": false, "triage": false, "pull": true}, "network_count": 280, "subscribers_count": 3, "_id": 6610}]