[{"owner": {"type": "User", "site_admin": false}, "fork": false, "created_at": "2008-03-11T19:44:26Z", "updated_at": "2019-08-13T13:21:58Z", "pushed_at": "2010-05-28T22:40:34Z", "size": 124, "stargazers_count": 7, "watchers_count": 7, "language": "Parrot", "has_issues": true, "has_projects": true, "has_downloads": true, "has_wiki": true, "has_pages": false, "has_discussions": false, "forks_count": 1, "mirror_url": null, "archived": false, "disabled": false, "open_issues_count": 0, "license": null, "allow_forking": true, "is_template": false, "web_commit_signoff_required": false, "topics": [], "default_branch": "master", "permissions": {"admin": false, "maintain": false, "push": false, "triage": false, "pull": true}, "network_count": 1, "subscribers_count": 3, "_id": 3523}, {"owner": {"type": "User", "site_admin": false}, "fork": false, "created_at": "2008-03-11T20:18:22Z", "updated_at": "2022-01-15T15:18:06Z", "pushed_at": "2011-06-22T05:41:55Z", "size": 250, "stargazers_count": 58, "watchers_count": 58, "language": "Ruby", "has_issues": true, "has_projects": true, "has_downloads": true, "has_wiki": true, "has_pages": false, "has_discussions": false, "forks_count": 8, "mirror_url": null, "archived": false, "disabled": false, "open_issues_count": 1, "license": {"key": "mit", "name": "MIT License", "spdx_id": "MIT", "url": "https://api.github.com/licenses/mit", "node_id": "MDc6TGljZW5zZTEz"}, "allow_forking": true, "is_template": false, "web_commit_signoff_required": false, "topics": [], "default_branch": "master", "permissions": {"admin": false, "maintain": false, "push": false, "triage": false, "pull": true}, "network_count": 8, "subscribers_count": 3, "_id": 3527}, {"owner": {"type": "User", "site_admin": true}, "fork": false, "created_at": "2008-03-11T21:28:38Z", "updated_at": "2019-08-13T13:21:58Z", "pushed_at": "2008-03-29T20:42:23Z", "size": 84, "stargazers_count": 5, "watchers_count": 5, "language": "Nu", "has_issues": true, "has_projects": true, "has_downloads": true, "has_wiki": true, "has_pages": false, "has_discussions": false, "forks_count": 3, "mirror_url": null, "archived": false, "disabled": false, "open_issues_count": 0, "license": null, "allow_forking": true, "is_template": false, "web_commit_signoff_required": false, "topics": [], "default_branch": "master", "permissions": {"admin": false, "maintain": false, "push": false, "triage": false, "pull": true}, "network_count": 3, "subscribers_count": 3, "_id": 3539}, {"owner": {"type": "User", "site_admin": false}, "fork": false, "created_at": "2008-03-11T22:06:00Z", "updated_at": "2022-11-17T20:34:25Z", "pushed_at": "2022-11-20T20:37:53Z", "size": 432098, "stargazers_count": 1280, "watchers_count": 1280, "language": "Ruby", "has_issues": true, "has_projects": true, "has_downloads": true, "has_wiki": true, "has_pages": false, "has_discussions": false, "forks_count": 240, "mirror_url": null, "archived": false, "disabled": false, "open_issues_count": 19, "license": {"key": "mit", "name": "MIT License", "spdx_id": "MIT", "url": "https://api.github.com/licenses/mit", "node_id": "MDc6TGljZW5zZTEz"}, "allow_forking": true, "is_template": false, "web_commit_signoff_required": false, "topics": [], "default_branch": "master", "permissions": {"admin": false, "maintain": false, "push": false, "triage": false, "pull": true}, "network_count": 240, "subscribers_count": 25, "_id": 3542}, {"owner": {"type": "User", "site_admin": false}, "fork": false, "created_at": "2008-03-11T22:34:07Z", "updated_at": "2022-06-07T16:45:51Z", "pushed_at": "2018-10-30T14:34:19Z", "size": 192, "stargazers_count": 158, "watchers_count": 158, "language": "Ruby", "has_issues": true, "has_projects": true, "has_downloads": true, "has_wiki": true, "has_pages": false, "has_discussions": false, "forks_count": 23, "mirror_url": null, "archived": false, "disabled": false, "open_issues_count": 11, "license": {"key": "mit", "name": "MIT License", "spdx_id": "MIT", "url": "https://api.github.com/licenses/mit", "node_id": "MDc6TGljZW5zZTEz"}, "allow_forking": true, "is_template": false, "web_commit_signoff_required": false, "topics": [], "default_branch": "master", "permissions": {"admin": false, "maintain": false, "push": false, "triage": false, "pull": true}, "network_count": 23, "subscribers_count": 4, "_id": 3544}, {"owner": {"type": "User", "site_admin": false}, "fork": false, "created_at": "2008-03-11T22:36:30Z", "updated_at": "2019-08-13T13:21:58Z", "pushed_at": "2008-03-26T20:18:20Z", "size": 96, "stargazers_count": 3, "watchers_count": 3, "language": "C", "has_issues": true, "has_projects": true, "has_downloads": true, "has_wiki": true, "has_pages": false, "has_discussions": false, "forks_count": 2, "mirror_url": null, "archived": false, "disabled": false, "open_issues_count": 0, "license": {"key": "gpl-2.0", "name": "GNU General Public License v2.0", "spdx_id": "GPL-2.0", "url": "https://api.github.com/licenses/gpl-2.0", "node_id": "MDc6TGljZW5zZTg="}, "allow_forking": true, "is_template": false, "web_commit_signoff_required": false, "topics": [], "default_branch": "master", "permissions": {"admin": false, "maintain": false, "push": false, "triage": false, "pull": true}, "network_count": 2, "subscribers_count": 4, "_id": 3546}, {"owner": {"type": "User", "site_admin": false}, "fork": false, "created_at": "2008-03-11T23:38:04Z", "updated_at": "2022-03-29T21:49:43Z", "pushed_at": "2009-07-06T22:52:54Z", "size": 340, "stargazers_count": 27, "watchers_count": 27, "language": "Ruby", "has_issues": true, "has_projects": true, "has_downloads": true, "has_wiki": true, "has_pages": false, "has_discussions": false, "forks_count": 3, "mirror_url": null, "archived": false, "disabled": false, "open_issues_count": 0, "license": {"key": "other", "name": "Other", "spdx_id": "NOASSERTION", "url": null, "node_id": "MDc6TGljZW5zZTA="}, "allow_forking": true, "is_template": false, "web_commit_signoff_required": false, "topics": [], "default_branch": "master", "permissions": {"admin": false, "maintain": false, "push": false, "triage": false, "pull": true}, "network_count": 3, "subscribers_count": 5, "_id": 3555}]