[{"owner": {"type": "User", "site_admin": false}, "fork": false, "created_at": "2008-04-15T00:01:45Z", "updated_at": "2021-04-05T14:19:24Z", "pushed_at": "2021-04-05T14:16:38Z", "size": 697, "stargazers_count": 13, "watchers_count": 13, "language": "Ruby", "has_issues": true, "has_projects": true, "has_downloads": true, "has_wiki": true, "has_pages": true, "has_discussions": false, "forks_count": 5, "mirror_url": null, "archived": true, "disabled": false, "open_issues_count": 1, "license": {"key": "agpl-3.0", "name": "GNU Affero General Public License v3.0", "spdx_id": "AGPL-3.0", "url": "https://api.github.com/licenses/agpl-3.0", "node_id": "MDc6TGljZW5zZTE="}, "allow_forking": true, "is_template": false, "web_commit_signoff_required": false, "topics": [], "default_branch": "master", "permissions": {"admin": false, "maintain": false, "push": false, "triage": false, "pull": true}, "network_count": 5, "subscribers_count": 5, "_id": 9838}, {"owner": {"type": "User", "site_admin": false}, "fork": false, "created_at": "2008-04-15T00:46:41Z", "updated_at": "2022-11-21T22:34:50Z", "pushed_at": "2022-02-06T04:10:57Z", "size": 2472, "stargazers_count": 137, "watchers_count": 137, "language": "Ruby", "has_issues": true, "has_projects": true, "has_downloads": true, "has_wiki": true, "has_pages": false, "has_discussions": false, "forks_count": 67, "mirror_url": null, "archived": false, "disabled": false, "open_issues_count": 1, "license": {"key": "mit", "name": "MIT License", "spdx_id": "MIT", "url": "https://api.github.com/licenses/mit", "node_id": "MDc6TGljZW5zZTEz"}, "allow_forking": true, "is_template": false, "web_commit_signoff_required": false, "topics": ["full-text-search", "ruby", "search", "sphinx"], "default_branch": "develop", "permissions": {"admin": false, "maintain": false, "push": false, "triage": false, "pull": true}, "network_count": 67, "subscribers_count": 4, "_id": 9851}, {"owner": {"type": "User", "site_admin": false}, "fork": false, "created_at": "2008-04-15T01:50:14Z", "updated_at": "2022-08-23T17:02:05Z", "pushed_at": "2016-08-19T03:15:18Z", "size": 138, "stargazers_count": 4, "watchers_count": 4, "language": "Python", "has_issues": true, "has_projects": true, "has_downloads": true, "has_wiki": true, "has_pages": false, "has_discussions": false, "forks_count": 2, "mirror_url": null, "archived": false, "disabled": false, "open_issues_count": 0, "license": {"key": "gpl-2.0", "name": "GNU General Public License v2.0", "spdx_id": "GPL-2.0", "url": "https://api.github.com/licenses/gpl-2.0", "node_id": "MDc6TGljZW5zZTg="}, "allow_forking": true, "is_template": false, "web_commit_signoff_required": false, "topics": [], "default_branch": "master", "permissions": {"admin": false, "maintain": false, "push": false, "triage": false, "pull": true}, "network_count": 2, "subscribers_count": 2, "_id": 9869}, {"owner": {"type": "User", "site_admin": false}, "fork": true, "created_at": "2008-04-15T02:17:17Z", "updated_at": "2022-01-20T15:11:03Z", "pushed_at": "2008-04-19T12:18:31Z", "size": 596, "stargazers_count": 3, "watchers_count": 3, "language": "VimL", "has_issues": true, "has_projects": true, "has_downloads": true, "has_wiki": true, "has_pages": false, "has_discussions": false, "forks_count": 1, "mirror_url": null, "archived": false, "disabled": false, "open_issues_count": 0, "license": null, "allow_forking": true, "is_template": false, "web_commit_signoff_required": false, "topics": [], "default_branch": "master", "permissions": {"admin": false, "maintain": false, "push": false, "triage": false, "pull": true}, "network_count": 487, "subscribers_count": 3, "_id": 9875}, {"owner": {"type": "Organization", "site_admin": false}, "fork": false, "created_at": "2008-04-15T02:56:52Z", "updated_at": "2020-04-03T18:15:42Z", "pushed_at": "2011-10-05T03:33:41Z", "size": 2444, "stargazers_count": 106, "watchers_count": 106, "language": "Ruby", "has_issues": true, "has_projects": true, "has_downloads": true, "has_wiki": true, "has_pages": false, "has_discussions": false, "forks_count": 19, "mirror_url": null, "archived": false, "disabled": false, "open_issues_count": 1, "license": {"key": "mit", "name": "MIT License", "spdx_id": "MIT", "url": "https://api.github.com/licenses/mit", "node_id": "MDc6TGljZW5zZTEz"}, "allow_forking": true, "is_template": false, "web_commit_signoff_required": false, "topics": [], "default_branch": "master", "permissions": {"admin": false, "maintain": false, "push": false, "triage": false, "pull": true}, "network_count": 19, "subscribers_count": 10, "_id": 9880}, {"owner": {"type": "User", "site_admin": false}, "fork": false, "created_at": "2008-04-15T04:04:23Z", "updated_at": "2019-08-13T13:23:03Z", "pushed_at": null, "size": 48, "stargazers_count": 3, "watchers_count": 3, "language": null, "has_issues": true, "has_projects": true, "has_downloads": true, "has_wiki": true, "has_pages": false, "has_discussions": false, "forks_count": 0, "mirror_url": null, "archived": false, "disabled": false, "open_issues_count": 0, "license": null, "allow_forking": true, "is_template": false, "web_commit_signoff_required": false, "topics": [], "default_branch": "master", "permissions": {"admin": false, "maintain": false, "push": false, "triage": false, "pull": true}, "network_count": 0, "subscribers_count": 3, "_id": 9897}, {"owner": {"type": "User", "site_admin": false}, "fork": true, "created_at": "2008-04-15T04:48:21Z", "updated_at": "2019-08-13T13:23:03Z", "pushed_at": "2008-04-15T06:21:20Z", "size": 82, "stargazers_count": 4, "watchers_count": 4, "language": "Ruby", "has_issues": true, "has_projects": true, "has_downloads": true, "has_wiki": true, "has_pages": false, "has_discussions": false, "forks_count": 0, "mirror_url": null, "archived": false, "disabled": false, "open_issues_count": 0, "license": {"key": "mit", "name": "MIT License", "spdx_id": "MIT", "url": "https://api.github.com/licenses/mit", "node_id": "MDc6TGljZW5zZTEz"}, "allow_forking": true, "is_template": false, "web_commit_signoff_required": false, "topics": [], "default_branch": "master", "permissions": {"admin": false, "maintain": false, "push": false, "triage": false, "pull": true}, "network_count": 3, "subscribers_count": 2, "_id": 9908}, {"owner": {"type": "User", "site_admin": false}, "fork": false, "created_at": "2008-04-15T05:20:36Z", "updated_at": "2019-08-13T13:23:03Z", "pushed_at": "2008-09-21T21:34:20Z", "size": 288, "stargazers_count": 5, "watchers_count": 5, "language": "JavaScript", "has_issues": true, "has_projects": true, "has_downloads": true, "has_wiki": true, "has_pages": false, "has_discussions": false, "forks_count": 0, "mirror_url": null, "archived": false, "disabled": false, "open_issues_count": 0, "license": {"key": "gpl-2.0", "name": "GNU General Public License v2.0", "spdx_id": "GPL-2.0", "url": "https://api.github.com/licenses/gpl-2.0", "node_id": "MDc6TGljZW5zZTg="}, "allow_forking": true, "is_template": false, "web_commit_signoff_required": false, "topics": [], "default_branch": "master", "permissions": {"admin": false, "maintain": false, "push": false, "triage": false, "pull": true}, "network_count": 0, "subscribers_count": 2, "_id": 9915}, {"owner": {"type": "User", "site_admin": false}, "fork": false, "created_at": "2008-04-15T05:46:14Z", "updated_at": "2019-08-13T13:23:03Z", "pushed_at": "2011-11-27T19:02:42Z", "size": 117, "stargazers_count": 3, "watchers_count": 3, "language": "Ruby", "has_issues": true, "has_projects": true, "has_downloads": true, "has_wiki": true, "has_pages": false, "has_discussions": false, "forks_count": 0, "mirror_url": null, "archived": false, "disabled": false, "open_issues_count": 0, "license": null, "allow_forking": true, "is_template": false, "web_commit_signoff_required": false, "topics": [], "default_branch": "master", "permissions": {"admin": false, "maintain": false, "push": false, "triage": false, "pull": true}, "network_count": 0, "subscribers_count": 3, "_id": 9920}, {"owner": {"type": "User", "site_admin": false}, "fork": false, "created_at": "2008-04-15T05:46:53Z", "updated_at": "2020-12-12T17:30:34Z", "pushed_at": "2016-02-24T19:55:11Z", "size": 200, "stargazers_count": 19, "watchers_count": 19, "language": "C", "has_issues": true, "has_projects": true, "has_downloads": true, "has_wiki": true, "has_pages": false, "has_discussions": false, "forks_count": 6, "mirror_url": null, "archived": false, "disabled": false, "open_issues_count": 1, "license": {"key": "gpl-2.0", "name": "GNU General Public License v2.0", "spdx_id": "GPL-2.0", "url": "https://api.github.com/licenses/gpl-2.0", "node_id": "MDc6TGljZW5zZTg="}, "allow_forking": true, "is_template": false, "web_commit_signoff_required": false, "topics": [], "default_branch": "master", "permissions": {"admin": false, "maintain": false, "push": false, "triage": false, "pull": true}, "network_count": 6, "subscribers_count": 3, "_id": 9921}, {"owner": {"type": "Organization", "site_admin": false}, "fork": false, "created_at": "2008-04-15T06:14:06Z", "updated_at": "2020-04-03T18:15:42Z", "pushed_at": "2008-04-17T03:30:31Z", "size": 116, "stargazers_count": 15, "watchers_count": 15, "language": "Ruby", "has_issues": true, "has_projects": true, "has_downloads": true, "has_wiki": true, "has_pages": false, "has_discussions": false, "forks_count": 5, "mirror_url": null, "archived": false, "disabled": false, "open_issues_count": 0, "license": {"key": "mit", "name": "MIT License", "spdx_id": "MIT", "url": "https://api.github.com/licenses/mit", "node_id": "MDc6TGljZW5zZTEz"}, "allow_forking": true, "is_template": false, "web_commit_signoff_required": false, "topics": [], "default_branch": "master", "permissions": {"admin": false, "maintain": false, "push": false, "triage": false, "pull": true}, "network_count": 5, "subscribers_count": 7, "_id": 9929}, {"owner": {"type": "Organization", "site_admin": false}, "fork": false, "created_at": "2008-04-15T06:16:07Z", "updated_at": "2019-08-13T13:23:03Z", "pushed_at": "2012-06-04T19:29:17Z", "size": 825, "stargazers_count": 9, "watchers_count": 9, "language": "Ruby", "has_issues": true, "has_projects": true, "has_downloads": true, "has_wiki": true, "has_pages": false, "has_discussions": false, "forks_count": 3, "mirror_url": null, "archived": false, "disabled": false, "open_issues_count": 0, "license": {"key": "mit", "name": "MIT License", "spdx_id": "MIT", "url": "https://api.github.com/licenses/mit", "node_id": "MDc6TGljZW5zZTEz"}, "allow_forking": true, "is_template": false, "web_commit_signoff_required": false, "topics": [], "default_branch": "master", "permissions": {"admin": false, "maintain": false, "push": false, "triage": false, "pull": true}, "network_count": 3, "subscribers_count": 7, "_id": 9931}, {"owner": {"type": "User", "site_admin": false}, "fork": false, "created_at": "2008-04-15T06:19:09Z", "updated_at": "2019-08-13T13:23:03Z", "pushed_at": "2008-04-28T00:48:18Z", "size": 168, "stargazers_count": 4, "watchers_count": 4, "language": "JavaScript", "has_issues": true, "has_projects": true, "has_downloads": true, "has_wiki": true, "has_pages": false, "has_discussions": false, "forks_count": 0, "mirror_url": null, "archived": false, "disabled": false, "open_issues_count": 0, "license": null, "allow_forking": true, "is_template": false, "web_commit_signoff_required": false, "topics": [], "default_branch": "master", "permissions": {"admin": false, "maintain": false, "push": false, "triage": false, "pull": true}, "network_count": 0, "subscribers_count": 3, "_id": 9932}, {"owner": {"type": "Organization", "site_admin": false}, "fork": false, "created_at": "2008-04-15T06:21:44Z", "updated_at": "2019-08-13T13:23:03Z", "pushed_at": "2011-12-07T04:56:03Z", "size": 420, "stargazers_count": 9, "watchers_count": 9, "language": "Ruby", "has_issues": true, "has_projects": true, "has_downloads": true, "has_wiki": true, "has_pages": false, "has_discussions": false, "forks_count": 5, "mirror_url": null, "archived": false, "disabled": false, "open_issues_count": 1, "license": null, "allow_forking": true, "is_template": false, "web_commit_signoff_required": false, "topics": [], "default_branch": "master", "permissions": {"admin": false, "maintain": false, "push": false, "triage": false, "pull": true}, "network_count": 5, "subscribers_count": 7, "_id": 9933}, {"owner": {"type": "User", "site_admin": false}, "fork": false, "created_at": "2008-04-15T07:00:59Z", "updated_at": "2019-08-13T13:23:03Z", "pushed_at": "2020-10-01T08:32:53Z", "size": 76, "stargazers_count": 3, "watchers_count": 3, "language": "Python", "has_issues": true, "has_projects": true, "has_downloads": true, "has_wiki": true, "has_pages": false, "has_discussions": false, "forks_count": 2, "mirror_url": null, "archived": false, "disabled": false, "open_issues_count": 1, "license": null, "allow_forking": true, "is_template": false, "web_commit_signoff_required": false, "topics": [], "default_branch": "master", "permissions": {"admin": false, "maintain": false, "push": false, "triage": false, "pull": true}, "network_count": 2, "subscribers_count": 2, "_id": 9937}, {"owner": {"type": "User", "site_admin": false}, "fork": false, "created_at": "2008-04-15T08:11:53Z", "updated_at": "2019-08-13T13:23:03Z", "pushed_at": "2008-05-15T10:12:43Z", "size": 787, "stargazers_count": 6, "watchers_count": 6, "language": "Ruby", "has_issues": true, "has_projects": true, "has_downloads": true, "has_wiki": true, "has_pages": false, "has_discussions": false, "forks_count": 1, "mirror_url": null, "archived": false, "disabled": false, "open_issues_count": 0, "license": null, "allow_forking": true, "is_template": false, "web_commit_signoff_required": false, "topics": [], "default_branch": "master", "permissions": {"admin": false, "maintain": false, "push": false, "triage": false, "pull": true}, "network_count": 1, "subscribers_count": 3, "_id": 9941}, {"owner": {"type": "User", "site_admin": false}, "fork": false, "created_at": "2008-04-15T08:14:06Z", "updated_at": "2019-08-13T13:23:03Z", "pushed_at": "2008-04-15T12:08:05Z", "size": 80, "stargazers_count": 3, "watchers_count": 3, "language": "Python", "has_issues": true, "has_projects": true, "has_downloads": true, "has_wiki": true, "has_pages": false, "has_discussions": false, "forks_count": 2, "mirror_url": null, "archived": false, "disabled": false, "open_issues_count": 0, "license": null, "allow_forking": true, "is_template": false, "web_commit_signoff_required": false, "topics": [], "default_branch": "master", "permissions": {"admin": false, "maintain": false, "push": false, "triage": false, "pull": true}, "network_count": 2, "subscribers_count": 3, "_id": 9943}, {"owner": {"type": "User", "site_admin": false}, "fork": false, "created_at": "2008-04-15T08:18:42Z", "updated_at": "2019-08-13T13:23:03Z", "pushed_at": "2008-04-27T00:13:47Z", "size": 87, "stargazers_count": 21, "watchers_count": 21, "language": "Ruby", "has_issues": true, "has_projects": true, "has_downloads": true, "has_wiki": true, "has_pages": false, "has_discussions": false, "forks_count": 2, "mirror_url": null, "archived": false, "disabled": false, "open_issues_count": 0, "license": null, "allow_forking": true, "is_template": false, "web_commit_signoff_required": false, "topics": [], "default_branch": "master", "permissions": {"admin": false, "maintain": false, "push": false, "triage": false, "pull": true}, "network_count": 2, "subscribers_count": 3, "_id": 9944}, {"owner": {"type": "User", "site_admin": false}, "fork": false, "created_at": "2008-04-15T08:26:32Z", "updated_at": "2019-08-13T13:23:03Z", "pushed_at": "2008-04-16T07:37:33Z", "size": 84, "stargazers_count": 3, "watchers_count": 3, "language": "C++", "has_issues": true, "has_projects": true, "has_downloads": true, "has_wiki": true, "has_pages": false, "has_discussions": false, "forks_count": 1, "mirror_url": null, "archived": false, "disabled": false, "open_issues_count": 0, "license": null, "allow_forking": true, "is_template": false, "web_commit_signoff_required": false, "topics": [], "default_branch": "master", "permissions": {"admin": false, "maintain": false, "push": false, "triage": false, "pull": true}, "network_count": 1, "subscribers_count": 3, "_id": 9945}, {"owner": {"type": "User", "site_admin": false}, "fork": false, "created_at": "2008-04-15T08:36:57Z", "updated_at": "2019-08-13T13:23:03Z", "pushed_at": "2008-04-15T08:37:28Z", "size": 80, "stargazers_count": 3, "watchers_count": 3, "language": "Python", "has_issues": true, "has_projects": true, "has_downloads": true, "has_wiki": true, "has_pages": false, "has_discussions": false, "forks_count": 0, "mirror_url": null, "archived": false, "disabled": false, "open_issues_count": 0, "license": null, "allow_forking": true, "is_template": false, "web_commit_signoff_required": false, "topics": [], "default_branch": "master", "permissions": {"admin": false, "maintain": false, "push": false, "triage": false, "pull": true}, "network_count": 0, "subscribers_count": 3, "_id": 9947}, {"owner": {"type": "User", "site_admin": false}, "fork": false, "created_at": "2008-04-15T08:42:26Z", "updated_at": "2019-08-13T13:23:03Z", "pushed_at": "2008-04-15T08:43:16Z", "size": 84, "stargazers_count": 3, "watchers_count": 3, "language": "Python", "has_issues": true, "has_projects": true, "has_downloads": true, "has_wiki": true, "has_pages": false, "has_discussions": false, "forks_count": 0, "mirror_url": null, "archived": false, "disabled": false, "open_issues_count": 0, "license": null, "allow_forking": true, "is_template": false, "web_commit_signoff_required": false, "topics": [], "default_branch": "master", "permissions": {"admin": false, "maintain": false, "push": false, "triage": false, "pull": true}, "network_count": 0, "subscribers_count": 2, "_id": 9949}, {"owner": {"type": "User", "site_admin": false}, "fork": false, "created_at": "2008-04-15T09:01:57Z", "updated_at": "2019-08-13T13:23:03Z", "pushed_at": "2016-12-04T12:30:01Z", "size": 8, "stargazers_count": 2, "watchers_count": 2, "language": "PHP", "has_issues": true, "has_projects": true, "has_downloads": true, "has_wiki": true, "has_pages": false, "has_discussions": false, "forks_count": 0, "mirror_url": null, "archived": false, "disabled": false, "open_issues_count": 1, "license": null, "allow_forking": true, "is_template": false, "web_commit_signoff_required": false, "topics": [], "default_branch": "master", "permissions": {"admin": false, "maintain": false, "push": false, "triage": false, "pull": true}, "network_count": 0, "subscribers_count": 2, "_id": 9953}, {"owner": {"type": "User", "site_admin": false}, "fork": true, "created_at": "2008-04-15T09:24:13Z", "updated_at": "2019-08-13T13:23:03Z", "pushed_at": "2008-05-27T09:28:41Z", "size": 569, "stargazers_count": 3, "watchers_count": 3, "language": "Ruby", "has_issues": true, "has_projects": true, "has_downloads": true, "has_wiki": true, "has_pages": false, "has_discussions": false, "forks_count": 1, "mirror_url": null, "archived": false, "disabled": false, "open_issues_count": 0, "license": {"key": "other", "name": "Other", "spdx_id": "NOASSERTION", "url": null, "node_id": "MDc6TGljZW5zZTA="}, "allow_forking": true, "is_template": false, "web_commit_signoff_required": false, "topics": [], "default_branch": "master", "permissions": {"admin": false, "maintain": false, "push": false, "triage": false, "pull": true}, "network_count": 115, "subscribers_count": 2, "_id": 9955}, {"owner": {"type": "User", "site_admin": false}, "fork": false, "created_at": "2008-04-15T09:35:50Z", "updated_at": "2019-08-13T13:23:03Z", "pushed_at": "2017-03-07T13:41:34Z", "size": 80, "stargazers_count": 5, "watchers_count": 5, "language": "PHP", "has_issues": true, "has_projects": true, "has_downloads": true, "has_wiki": true, "has_pages": false, "has_discussions": false, "forks_count": 2, "mirror_url": null, "archived": false, "disabled": false, "open_issues_count": 1, "license": null, "allow_forking": true, "is_template": false, "web_commit_signoff_required": false, "topics": [], "default_branch": "master", "permissions": {"admin": false, "maintain": false, "push": false, "triage": false, "pull": true}, "network_count": 2, "subscribers_count": 3, "_id": 9956}, {"owner": {"type": "User", "site_admin": false}, "fork": false, "created_at": "2008-04-15T10:04:35Z", "updated_at": "2022-04-09T17:00:11Z", "pushed_at": "2008-04-15T10:59:24Z", "size": 108, "stargazers_count": 35, "watchers_count": 35, "language": "PHP", "has_issues": true, "has_projects": true, "has_downloads": true, "has_wiki": true, "has_pages": false, "has_discussions": false, "forks_count": 3, "mirror_url": null, "archived": false, "disabled": false, "open_issues_count": 0, "license": null, "allow_forking": true, "is_template": false, "web_commit_signoff_required": false, "topics": [], "default_branch": "master", "permissions": {"admin": false, "maintain": false, "push": false, "triage": false, "pull": true}, "network_count": 3, "subscribers_count": 5, "_id": 9961}, {"owner": {"type": "User", "site_admin": false}, "fork": false, "created_at": "2008-04-15T10:44:34Z", "updated_at": "2022-01-06T10:22:45Z", "pushed_at": "2009-01-09T21:16:06Z", "size": 189, "stargazers_count": 50, "watchers_count": 50, "language": "Ruby", "has_issues": true, "has_projects": true, "has_downloads": true, "has_wiki": true, "has_pages": true, "has_discussions": false, "forks_count": 7, "mirror_url": null, "archived": false, "disabled": false, "open_issues_count": 0, "license": null, "allow_forking": true, "is_template": false, "web_commit_signoff_required": false, "topics": [], "default_branch": "master", "permissions": {"admin": false, "maintain": false, "push": false, "triage": false, "pull": true}, "network_count": 7, "subscribers_count": 4, "_id": 9969}, {"owner": {"type": "User", "site_admin": false}, "fork": false, "created_at": "2008-04-15T10:49:38Z", "updated_at": "2019-08-13T13:23:03Z", "pushed_at": "2008-05-23T06:31:30Z", "size": 17912, "stargazers_count": 5, "watchers_count": 5, "language": "JavaScript", "has_issues": true, "has_projects": true, "has_downloads": true, "has_wiki": true, "has_pages": false, "has_discussions": false, "forks_count": 1, "mirror_url": null, "archived": false, "disabled": false, "open_issues_count": 0, "license": {"key": "other", "name": "Other", "spdx_id": "NOASSERTION", "url": null, "node_id": "MDc6TGljZW5zZTA="}, "allow_forking": true, "is_template": false, "web_commit_signoff_required": false, "topics": [], "default_branch": "master", "permissions": {"admin": false, "maintain": false, "push": false, "triage": false, "pull": true}, "network_count": 1, "subscribers_count": 3, "_id": 9970}, {"owner": {"type": "User", "site_admin": false}, "fork": false, "created_at": "2008-04-15T10:55:30Z", "updated_at": "2019-08-13T13:23:03Z", "pushed_at": "2015-04-30T19:12:15Z", "size": 1824, "stargazers_count": 8, "watchers_count": 8, "language": "Emacs Lisp", "has_issues": true, "has_projects": true, "has_downloads": true, "has_wiki": true, "has_pages": false, "has_discussions": false, "forks_count": 2, "mirror_url": null, "archived": false, "disabled": false, "open_issues_count": 1, "license": null, "allow_forking": true, "is_template": false, "web_commit_signoff_required": false, "topics": [], "default_branch": "master", "permissions": {"admin": false, "maintain": false, "push": false, "triage": false, "pull": true}, "network_count": 2, "subscribers_count": 4, "_id": 9971}, {"owner": {"type": "User", "site_admin": false}, "fork": false, "created_at": "2008-04-15T11:31:13Z", "updated_at": "2021-01-31T13:25:43Z", "pushed_at": "2008-05-18T21:41:35Z", "size": 540, "stargazers_count": 3, "watchers_count": 3, "language": "Ruby", "has_issues": true, "has_projects": true, "has_downloads": true, "has_wiki": true, "has_pages": false, "has_discussions": false, "forks_count": 0, "mirror_url": null, "archived": true, "disabled": false, "open_issues_count": 0, "license": null, "allow_forking": true, "is_template": false, "web_commit_signoff_required": false, "topics": [], "default_branch": "master", "permissions": {"admin": false, "maintain": false, "push": false, "triage": false, "pull": true}, "network_count": 0, "subscribers_count": 2, "_id": 9975}, {"owner": {"type": "User", "site_admin": false}, "fork": true, "created_at": "2008-04-15T11:34:33Z", "updated_at": "2019-08-13T13:23:04Z", "pushed_at": "2008-11-04T22:17:54Z", "size": 11795, "stargazers_count": 3, "watchers_count": 3, "language": "Ruby", "has_issues": true, "has_projects": true, "has_downloads": true, "has_wiki": true, "has_pages": false, "has_discussions": false, "forks_count": 0, "mirror_url": null, "archived": false, "disabled": false, "open_issues_count": 0, "license": null, "allow_forking": true, "is_template": false, "web_commit_signoff_required": false, "topics": [], "default_branch": "master", "permissions": {"admin": false, "maintain": false, "push": false, "triage": false, "pull": true}, "network_count": 20776, "subscribers_count": 3, "_id": 9976}, {"owner": {"type": "Organization", "site_admin": false}, "fork": false, "created_at": "2008-04-15T11:58:38Z", "updated_at": "2022-01-24T15:25:00Z", "pushed_at": "2022-08-08T13:14:38Z", "size": 1719, "stargazers_count": 12, "watchers_count": 12, "language": "Ruby", "has_issues": true, "has_projects": true, "has_downloads": true, "has_wiki": true, "has_pages": false, "has_discussions": false, "forks_count": 19, "mirror_url": null, "archived": false, "disabled": false, "open_issues_count": 5, "license": null, "allow_forking": true, "is_template": false, "web_commit_signoff_required": false, "topics": [], "default_branch": "master", "permissions": {"admin": false, "maintain": false, "push": false, "triage": false, "pull": true}, "network_count": 19, "subscribers_count": 13, "_id": 9980}, {"owner": {"type": "User", "site_admin": false}, "fork": true, "created_at": "2008-04-15T12:08:49Z", "updated_at": "2019-08-13T13:23:04Z", "pushed_at": "2008-11-26T16:22:49Z", "size": 1166, "stargazers_count": 3, "watchers_count": 3, "language": "Ruby", "has_issues": true, "has_projects": true, "has_downloads": true, "has_wiki": true, "has_pages": false, "has_discussions": false, "forks_count": 0, "mirror_url": null, "archived": false, "disabled": false, "open_issues_count": 0, "license": null, "allow_forking": true, "is_template": false, "web_commit_signoff_required": false, "topics": [], "default_branch": "master", "permissions": {"admin": false, "maintain": false, "push": false, "triage": false, "pull": true}, "network_count": 1, "subscribers_count": 4, "_id": 9982}, {"owner": {"type": "User", "site_admin": false}, "fork": true, "created_at": "2008-04-15T12:48:48Z", "updated_at": "2019-08-13T13:23:04Z", "pushed_at": "2008-04-16T10:58:28Z", "size": 6012, "stargazers_count": 3, "watchers_count": 3, "language": "Ruby", "has_issues": true, "has_projects": true, "has_downloads": true, "has_wiki": true, "has_pages": false, "has_discussions": false, "forks_count": 1, "mirror_url": null, "archived": false, "disabled": false, "open_issues_count": 0, "license": null, "allow_forking": true, "is_template": false, "web_commit_signoff_required": false, "topics": [], "default_branch": "master", "permissions": {"admin": false, "maintain": false, "push": false, "triage": false, "pull": true}, "network_count": 75, "subscribers_count": 2, "_id": 9990}, {"owner": {"type": "User", "site_admin": false}, "fork": false, "created_at": "2008-04-15T13:08:09Z", "updated_at": "2020-09-17T04:48:01Z", "pushed_at": "2008-04-23T01:50:21Z", "size": 499, "stargazers_count": 8, "watchers_count": 8, "language": "JavaScript", "has_issues": true, "has_projects": true, "has_downloads": true, "has_wiki": true, "has_pages": false, "has_discussions": false, "forks_count": 5, "mirror_url": null, "archived": false, "disabled": false, "open_issues_count": 0, "license": {"key": "mit", "name": "MIT License", "spdx_id": "MIT", "url": "https://api.github.com/licenses/mit", "node_id": "MDc6TGljZW5zZTEz"}, "allow_forking": true, "is_template": false, "web_commit_signoff_required": false, "topics": [], "default_branch": "master", "permissions": {"admin": false, "maintain": false, "push": false, "triage": false, "pull": true}, "network_count": 5, "subscribers_count": 3, "_id": 9995}, {"owner": {"type": "User", "site_admin": false}, "fork": false, "created_at": "2008-04-15T13:30:02Z", "updated_at": "2019-08-13T13:23:04Z", "pushed_at": "2011-08-31T14:48:46Z", "size": 676, "stargazers_count": 3, "watchers_count": 3, "language": "C++", "has_issues": true, "has_projects": true, "has_downloads": true, "has_wiki": true, "has_pages": false, "has_discussions": false, "forks_count": 1, "mirror_url": null, "archived": false, "disabled": false, "open_issues_count": 0, "license": {"key": "apache-2.0", "name": "Apache License 2.0", "spdx_id": "Apache-2.0", "url": "https://api.github.com/licenses/apache-2.0", "node_id": "MDc6TGljZW5zZTI="}, "allow_forking": true, "is_template": false, "web_commit_signoff_required": false, "topics": [], "default_branch": "master", "permissions": {"admin": false, "maintain": false, "push": false, "triage": false, "pull": true}, "network_count": 1, "subscribers_count": 3, "_id": 9998}, {"owner": {"type": "User", "site_admin": false}, "fork": true, "created_at": "2008-04-15T14:03:36Z", "updated_at": "2019-08-13T13:23:04Z", "pushed_at": "2008-04-15T14:03:39Z", "size": 5380, "stargazers_count": 3, "watchers_count": 3, "language": "Ruby", "has_issues": true, "has_projects": true, "has_downloads": true, "has_wiki": true, "has_pages": false, "has_discussions": false, "forks_count": 2, "mirror_url": null, "archived": false, "disabled": false, "open_issues_count": 0, "license": {"key": "other", "name": "Other", "spdx_id": "NOASSERTION", "url": null, "node_id": "MDc6TGljZW5zZTA="}, "allow_forking": true, "is_template": false, "web_commit_signoff_required": false, "topics": [], "default_branch": "master", "permissions": {"admin": false, "maintain": false, "push": false, "triage": false, "pull": true}, "network_count": 570, "subscribers_count": 3, "_id": 10005}, {"owner": {"type": "User", "site_admin": false}, "fork": false, "created_at": "2008-04-15T14:32:53Z", "updated_at": "2021-09-06T09:54:15Z", "pushed_at": null, "size": 56, "stargazers_count": 4, "watchers_count": 4, "language": null, "has_issues": true, "has_projects": true, "has_downloads": true, "has_wiki": true, "has_pages": false, "has_discussions": false, "forks_count": 0, "mirror_url": null, "archived": false, "disabled": false, "open_issues_count": 0, "license": null, "allow_forking": true, "is_template": false, "web_commit_signoff_required": false, "topics": [], "default_branch": "master", "permissions": {"admin": false, "maintain": false, "push": false, "triage": false, "pull": true}, "network_count": 0, "subscribers_count": 3, "_id": 10013}, {"owner": {"type": "User", "site_admin": false}, "fork": false, "created_at": "2008-04-15T14:51:05Z", "updated_at": "2019-08-13T13:23:04Z", "pushed_at": "2008-06-12T19:28:21Z", "size": 84, "stargazers_count": 8, "watchers_count": 8, "language": "Ruby", "has_issues": true, "has_projects": true, "has_downloads": true, "has_wiki": true, "has_pages": false, "has_discussions": false, "forks_count": 2, "mirror_url": null, "archived": false, "disabled": false, "open_issues_count": 0, "license": {"key": "mit", "name": "MIT License", "spdx_id": "MIT", "url": "https://api.github.com/licenses/mit", "node_id": "MDc6TGljZW5zZTEz"}, "allow_forking": true, "is_template": false, "web_commit_signoff_required": false, "topics": [], "default_branch": "master", "permissions": {"admin": false, "maintain": false, "push": false, "triage": false, "pull": true}, "network_count": 2, "subscribers_count": 3, "_id": 10021}, {"owner": {"type": "User", "site_admin": false}, "fork": false, "created_at": "2008-04-15T15:08:48Z", "updated_at": "2019-08-13T13:23:04Z", "pushed_at": "2008-04-15T15:19:18Z", "size": 349, "stargazers_count": 5, "watchers_count": 5, "language": "Visual Basic", "has_issues": true, "has_projects": true, "has_downloads": true, "has_wiki": true, "has_pages": false, "has_discussions": false, "forks_count": 3, "mirror_url": null, "archived": false, "disabled": false, "open_issues_count": 0, "license": null, "allow_forking": true, "is_template": false, "web_commit_signoff_required": false, "topics": [], "default_branch": "master", "permissions": {"admin": false, "maintain": false, "push": false, "triage": false, "pull": true}, "network_count": 3, "subscribers_count": 2, "_id": 10024}, {"owner": {"type": "User", "site_admin": false}, "fork": false, "created_at": "2008-04-15T15:42:23Z", "updated_at": "2021-02-02T23:07:57Z", "pushed_at": "2008-11-18T13:05:36Z", "size": 6185, "stargazers_count": 9, "watchers_count": 9, "language": "Ruby", "has_issues": true, "has_projects": true, "has_downloads": true, "has_wiki": true, "has_pages": false, "has_discussions": false, "forks_count": 8, "mirror_url": null, "archived": false, "disabled": false, "open_issues_count": 0, "license": null, "allow_forking": true, "is_template": false, "web_commit_signoff_required": false, "topics": [], "default_branch": "master", "permissions": {"admin": false, "maintain": false, "push": false, "triage": false, "pull": true}, "network_count": 8, "subscribers_count": 4, "_id": 10030}, {"owner": {"type": "User", "site_admin": false}, "fork": false, "created_at": "2008-04-15T16:19:40Z", "updated_at": "2019-08-13T13:23:04Z", "pushed_at": "2008-04-28T21:22:14Z", "size": 76, "stargazers_count": 3, "watchers_count": 3, "language": "Perl", "has_issues": true, "has_projects": true, "has_downloads": true, "has_wiki": true, "has_pages": false, "has_discussions": false, "forks_count": 2, "mirror_url": null, "archived": false, "disabled": false, "open_issues_count": 0, "license": null, "allow_forking": true, "is_template": false, "web_commit_signoff_required": false, "topics": [], "default_branch": "master", "permissions": {"admin": false, "maintain": false, "push": false, "triage": false, "pull": true}, "network_count": 2, "subscribers_count": 2, "_id": 10040}, {"owner": {"type": "User", "site_admin": false}, "fork": false, "created_at": "2008-04-15T16:20:54Z", "updated_at": "2019-08-13T13:23:04Z", "pushed_at": "2008-04-16T06:36:48Z", "size": 112, "stargazers_count": 3, "watchers_count": 3, "language": "Ruby", "has_issues": true, "has_projects": true, "has_downloads": true, "has_wiki": true, "has_pages": false, "has_discussions": false, "forks_count": 2, "mirror_url": null, "archived": false, "disabled": false, "open_issues_count": 0, "license": {"key": "other", "name": "Other", "spdx_id": "NOASSERTION", "url": null, "node_id": "MDc6TGljZW5zZTA="}, "allow_forking": true, "is_template": false, "web_commit_signoff_required": false, "topics": [], "default_branch": "master", "permissions": {"admin": false, "maintain": false, "push": false, "triage": false, "pull": true}, "network_count": 2, "subscribers_count": 3, "_id": 10041}, {"owner": {"type": "User", "site_admin": false}, "fork": false, "created_at": "2008-04-15T16:23:57Z", "updated_at": "2020-05-28T15:29:17Z", "pushed_at": "2022-07-22T01:17:20Z", "size": 217, "stargazers_count": 7, "watchers_count": 7, "language": "Ruby", "has_issues": true, "has_projects": true, "has_downloads": true, "has_wiki": true, "has_pages": false, "has_discussions": false, "forks_count": 4, "mirror_url": null, "archived": false, "disabled": false, "open_issues_count": 1, "license": {"key": "mit", "name": "MIT License", "spdx_id": "MIT", "url": "https://api.github.com/licenses/mit", "node_id": "MDc6TGljZW5zZTEz"}, "allow_forking": true, "is_template": false, "web_commit_signoff_required": false, "topics": [], "default_branch": "master", "permissions": {"admin": false, "maintain": false, "push": false, "triage": false, "pull": true}, "network_count": 4, "subscribers_count": 2, "_id": 10042}, {"owner": {"type": "User", "site_admin": false}, "fork": false, "created_at": "2008-04-15T16:25:59Z", "updated_at": "2019-08-13T13:23:05Z", "pushed_at": "2009-01-15T17:13:48Z", "size": 148, "stargazers_count": 6, "watchers_count": 6, "language": "JavaScript", "has_issues": true, "has_projects": true, "has_downloads": true, "has_wiki": true, "has_pages": false, "has_discussions": false, "forks_count": 3, "mirror_url": null, "archived": false, "disabled": false, "open_issues_count": 0, "license": null, "allow_forking": true, "is_template": false, "web_commit_signoff_required": false, "topics": [], "default_branch": "master", "permissions": {"admin": false, "maintain": false, "push": false, "triage": false, "pull": true}, "network_count": 3, "subscribers_count": 3, "_id": 10043}, {"owner": {"type": "User", "site_admin": false}, "fork": false, "created_at": "2008-04-15T16:26:36Z", "updated_at": "2019-08-13T13:23:05Z", "pushed_at": "2008-04-15T16:26:37Z", "size": 160, "stargazers_count": 3, "watchers_count": 3, "language": "Ruby", "has_issues": true, "has_projects": true, "has_downloads": true, "has_wiki": true, "has_pages": false, "has_discussions": false, "forks_count": 29, "mirror_url": null, "archived": false, "disabled": false, "open_issues_count": 0, "license": {"key": "other", "name": "Other", "spdx_id": "NOASSERTION", "url": null, "node_id": "MDc6TGljZW5zZTA="}, "allow_forking": true, "is_template": false, "web_commit_signoff_required": false, "topics": [], "default_branch": "master", "permissions": {"admin": false, "maintain": false, "push": false, "triage": false, "pull": true}, "network_count": 29, "subscribers_count": 2, "_id": 10044}, {"owner": {"type": "User", "site_admin": false}, "fork": true, "created_at": "2008-04-15T16:30:35Z", "updated_at": "2022-07-31T11:17:16Z", "pushed_at": "2008-10-21T14:44:26Z", "size": 306, "stargazers_count": 4, "watchers_count": 4, "language": "Ruby", "has_issues": true, "has_projects": true, "has_downloads": true, "has_wiki": true, "has_pages": false, "has_discussions": false, "forks_count": 1, "mirror_url": null, "archived": false, "disabled": false, "open_issues_count": 0, "license": null, "allow_forking": true, "is_template": false, "web_commit_signoff_required": false, "topics": [], "default_branch": "master", "permissions": {"admin": false, "maintain": false, "push": false, "triage": false, "pull": true}, "network_count": 323, "subscribers_count": 3, "_id": 10046}, {"owner": {"type": "Organization", "site_admin": false}, "fork": false, "created_at": "2008-04-15T16:40:15Z", "updated_at": "2019-08-13T13:23:05Z", "pushed_at": null, "size": 48, "stargazers_count": 4, "watchers_count": 4, "language": null, "has_issues": true, "has_projects": true, "has_downloads": true, "has_wiki": true, "has_pages": false, "has_discussions": false, "forks_count": 0, "mirror_url": null, "archived": false, "disabled": false, "open_issues_count": 0, "license": null, "allow_forking": true, "is_template": false, "web_commit_signoff_required": false, "topics": [], "default_branch": "master", "permissions": {"admin": false, "maintain": false, "push": false, "triage": false, "pull": true}, "network_count": 0, "subscribers_count": 2, "_id": 10047}, {"owner": {"type": "Organization", "site_admin": false}, "fork": false, "created_at": "2008-04-15T17:37:03Z", "updated_at": "2019-10-01T04:22:52Z", "pushed_at": "2011-06-09T19:11:09Z", "size": 417, "stargazers_count": 30, "watchers_count": 30, "language": "Ruby", "has_issues": false, "has_projects": true, "has_downloads": true, "has_wiki": false, "has_pages": false, "has_discussions": false, "forks_count": 7, "mirror_url": null, "archived": true, "disabled": false, "open_issues_count": 0, "license": {"key": "mit", "name": "MIT License", "spdx_id": "MIT", "url": "https://api.github.com/licenses/mit", "node_id": "MDc6TGljZW5zZTEz"}, "allow_forking": true, "is_template": false, "web_commit_signoff_required": false, "topics": [], "default_branch": "master", "permissions": {"admin": false, "maintain": false, "push": false, "triage": false, "pull": true}, "network_count": 7, "subscribers_count": 46, "_id": 10058}, {"owner": {"type": "User", "site_admin": false}, "fork": false, "created_at": "2008-04-15T17:43:50Z", "updated_at": "2019-08-13T13:23:06Z", "pushed_at": "2008-10-29T19:40:10Z", "size": 103, "stargazers_count": 15, "watchers_count": 15, "language": "C", "has_issues": true, "has_projects": true, "has_downloads": true, "has_wiki": true, "has_pages": false, "has_discussions": false, "forks_count": 6, "mirror_url": null, "archived": false, "disabled": false, "open_issues_count": 0, "license": {"key": "lgpl-2.1", "name": "GNU Lesser General Public License v2.1", "spdx_id": "LGPL-2.1", "url": "https://api.github.com/licenses/lgpl-2.1", "node_id": "MDc6TGljZW5zZTEx"}, "allow_forking": true, "is_template": false, "web_commit_signoff_required": false, "topics": [], "default_branch": "master", "permissions": {"admin": false, "maintain": false, "push": false, "triage": false, "pull": true}, "network_count": 6, "subscribers_count": 3, "_id": 10060}, {"owner": {"type": "User", "site_admin": false}, "fork": true, "created_at": "2008-04-15T17:51:22Z", "updated_at": "2019-08-13T13:23:06Z", "pushed_at": "2008-04-18T22:08:19Z", "size": 149, "stargazers_count": 3, "watchers_count": 3, "language": "Ruby", "has_issues": true, "has_projects": true, "has_downloads": true, "has_wiki": true, "has_pages": false, "has_discussions": false, "forks_count": 1, "mirror_url": null, "archived": false, "disabled": false, "open_issues_count": 0, "license": {"key": "mit", "name": "MIT License", "spdx_id": "MIT", "url": "https://api.github.com/licenses/mit", "node_id": "MDc6TGljZW5zZTEz"}, "allow_forking": true, "is_template": false, "web_commit_signoff_required": false, "topics": [], "default_branch": "master", "permissions": {"admin": false, "maintain": false, "push": false, "triage": false, "pull": true}, "network_count": 11, "subscribers_count": 2, "_id": 10064}, {"owner": {"type": "User", "site_admin": false}, "fork": false, "created_at": "2008-04-15T18:14:56Z", "updated_at": "2019-08-13T13:23:06Z", "pushed_at": "2009-08-23T17:10:49Z", "size": 308, "stargazers_count": 9, "watchers_count": 9, "language": "Ruby", "has_issues": true, "has_projects": true, "has_downloads": true, "has_wiki": true, "has_pages": false, "has_discussions": false, "forks_count": 1, "mirror_url": null, "archived": false, "disabled": false, "open_issues_count": 0, "license": null, "allow_forking": true, "is_template": false, "web_commit_signoff_required": false, "topics": [], "default_branch": "master", "permissions": {"admin": false, "maintain": false, "push": false, "triage": false, "pull": true}, "network_count": 1, "subscribers_count": 3, "_id": 10068}, {"owner": {"type": "User", "site_admin": false}, "fork": false, "created_at": "2008-04-15T18:31:52Z", "updated_at": "2019-08-13T13:23:06Z", "pushed_at": null, "size": 48, "stargazers_count": 4, "watchers_count": 4, "language": null, "has_issues": true, "has_projects": true, "has_downloads": true, "has_wiki": true, "has_pages": false, "has_discussions": false, "forks_count": 0, "mirror_url": null, "archived": false, "disabled": false, "open_issues_count": 0, "license": null, "allow_forking": true, "is_template": false, "web_commit_signoff_required": false, "topics": [], "default_branch": "master", "permissions": {"admin": false, "maintain": false, "push": false, "triage": false, "pull": true}, "network_count": 0, "subscribers_count": 3, "_id": 10072}, {"owner": {"type": "User", "site_admin": false}, "fork": true, "created_at": "2008-04-15T19:15:53Z", "updated_at": "2019-08-13T13:23:06Z", "pushed_at": "2008-06-25T13:56:18Z", "size": 480, "stargazers_count": 4, "watchers_count": 4, "language": "Ruby", "has_issues": true, "has_projects": true, "has_downloads": true, "has_wiki": true, "has_pages": false, "has_discussions": false, "forks_count": 2, "mirror_url": null, "archived": false, "disabled": false, "open_issues_count": 0, "license": null, "allow_forking": true, "is_template": false, "web_commit_signoff_required": false, "topics": [], "default_branch": "master", "permissions": {"admin": false, "maintain": false, "push": false, "triage": false, "pull": true}, "network_count": 6, "subscribers_count": 3, "_id": 10079}, {"owner": {"type": "User", "site_admin": false}, "fork": true, "created_at": "2008-04-15T19:41:38Z", "updated_at": "2019-08-13T13:23:06Z", "pushed_at": "2008-04-15T19:41:39Z", "size": 699, "stargazers_count": 3, "watchers_count": 3, "language": "Ruby", "has_issues": true, "has_projects": true, "has_downloads": true, "has_wiki": true, "has_pages": false, "has_discussions": false, "forks_count": 0, "mirror_url": null, "archived": false, "disabled": false, "open_issues_count": 0, "license": {"key": "mit", "name": "MIT License", "spdx_id": "MIT", "url": "https://api.github.com/licenses/mit", "node_id": "MDc6TGljZW5zZTEz"}, "allow_forking": true, "is_template": false, "web_commit_signoff_required": false, "topics": [], "default_branch": "master", "permissions": {"admin": false, "maintain": false, "push": false, "triage": false, "pull": true}, "network_count": 61, "subscribers_count": 3, "_id": 10084}, {"owner": {"type": "User", "site_admin": false}, "fork": false, "created_at": "2008-04-15T19:44:57Z", "updated_at": "2019-08-13T13:23:06Z", "pushed_at": "2009-04-26T02:03:45Z", "size": 1208, "stargazers_count": 3, "watchers_count": 3, "language": "C++", "has_issues": true, "has_projects": true, "has_downloads": true, "has_wiki": true, "has_pages": false, "has_discussions": false, "forks_count": 1, "mirror_url": null, "archived": false, "disabled": false, "open_issues_count": 0, "license": {"key": "lgpl-2.1", "name": "GNU Lesser General Public License v2.1", "spdx_id": "LGPL-2.1", "url": "https://api.github.com/licenses/lgpl-2.1", "node_id": "MDc6TGljZW5zZTEx"}, "allow_forking": true, "is_template": false, "web_commit_signoff_required": false, "topics": [], "default_branch": "master", "permissions": {"admin": false, "maintain": false, "push": false, "triage": false, "pull": true}, "network_count": 1, "subscribers_count": 3, "_id": 10085}, {"owner": {"type": "User", "site_admin": false}, "fork": false, "created_at": "2008-04-15T20:07:25Z", "updated_at": "2019-08-13T13:23:06Z", "pushed_at": "2008-04-15T21:37:59Z", "size": 656, "stargazers_count": 4, "watchers_count": 4, "language": "JavaScript", "has_issues": true, "has_projects": true, "has_downloads": true, "has_wiki": true, "has_pages": false, "has_discussions": false, "forks_count": 1, "mirror_url": null, "archived": false, "disabled": false, "open_issues_count": 0, "license": null, "allow_forking": true, "is_template": false, "web_commit_signoff_required": false, "topics": [], "default_branch": "master", "permissions": {"admin": false, "maintain": false, "push": false, "triage": false, "pull": true}, "network_count": 1, "subscribers_count": 4, "_id": 10092}, {"owner": {"type": "User", "site_admin": false}, "fork": true, "created_at": "2008-04-15T20:38:56Z", "updated_at": "2019-08-13T13:23:06Z", "pushed_at": "2008-09-14T14:23:33Z", "size": 248, "stargazers_count": 5, "watchers_count": 5, "language": "JavaScript", "has_issues": true, "has_projects": true, "has_downloads": true, "has_wiki": true, "has_pages": false, "has_discussions": false, "forks_count": 2, "mirror_url": null, "archived": false, "disabled": false, "open_issues_count": 0, "license": {"key": "mit", "name": "MIT License", "spdx_id": "MIT", "url": "https://api.github.com/licenses/mit", "node_id": "MDc6TGljZW5zZTEz"}, "allow_forking": true, "is_template": false, "web_commit_signoff_required": false, "topics": [], "default_branch": "master", "permissions": {"admin": false, "maintain": false, "push": false, "triage": false, "pull": true}, "network_count": 8, "subscribers_count": 3, "_id": 10103}, {"owner": {"type": "User", "site_admin": false}, "fork": false, "created_at": "2008-04-15T21:05:27Z", "updated_at": "2019-08-13T13:23:06Z", "pushed_at": "2008-05-05T21:58:32Z", "size": 1156, "stargazers_count": 3, "watchers_count": 3, "language": "Python", "has_issues": true, "has_projects": true, "has_downloads": true, "has_wiki": true, "has_pages": false, "has_discussions": false, "forks_count": 1, "mirror_url": null, "archived": false, "disabled": false, "open_issues_count": 0, "license": {"key": "other", "name": "Other", "spdx_id": "NOASSERTION", "url": null, "node_id": "MDc6TGljZW5zZTA="}, "allow_forking": true, "is_template": false, "web_commit_signoff_required": false, "topics": [], "default_branch": "master", "permissions": {"admin": false, "maintain": false, "push": false, "triage": false, "pull": true}, "network_count": 1, "subscribers_count": 3, "_id": 10112}, {"owner": {"type": "User", "site_admin": false}, "fork": false, "created_at": "2008-04-15T21:22:10Z", "updated_at": "2019-08-13T13:23:06Z", "pushed_at": "2008-04-18T05:47:28Z", "size": 83, "stargazers_count": 5, "watchers_count": 5, "language": "Ruby", "has_issues": true, "has_projects": true, "has_downloads": true, "has_wiki": true, "has_pages": false, "has_discussions": false, "forks_count": 1, "mirror_url": null, "archived": false, "disabled": false, "open_issues_count": 0, "license": null, "allow_forking": true, "is_template": false, "web_commit_signoff_required": false, "topics": [], "default_branch": "master", "permissions": {"admin": false, "maintain": false, "push": false, "triage": false, "pull": true}, "network_count": 1, "subscribers_count": 3, "_id": 10116}, {"owner": {"type": "User", "site_admin": false}, "fork": false, "created_at": "2008-04-15T21:49:10Z", "updated_at": "2019-08-13T13:23:06Z", "pushed_at": "2008-04-15T21:49:51Z", "size": 1064, "stargazers_count": 3, "watchers_count": 3, "language": "Ruby", "has_issues": true, "has_projects": true, "has_downloads": true, "has_wiki": true, "has_pages": false, "has_discussions": false, "forks_count": 0, "mirror_url": null, "archived": false, "disabled": false, "open_issues_count": 0, "license": null, "allow_forking": true, "is_template": false, "web_commit_signoff_required": false, "topics": [], "default_branch": "master", "permissions": {"admin": false, "maintain": false, "push": false, "triage": false, "pull": true}, "network_count": 0, "subscribers_count": 2, "_id": 10127}, {"owner": {"type": "User", "site_admin": false}, "fork": true, "created_at": "2008-04-15T21:57:30Z", "updated_at": "2019-08-13T13:23:06Z", "pushed_at": "2008-04-30T00:34:54Z", "size": 91, "stargazers_count": 3, "watchers_count": 3, "language": "Java", "has_issues": true, "has_projects": true, "has_downloads": true, "has_wiki": true, "has_pages": false, "has_discussions": false, "forks_count": 0, "mirror_url": null, "archived": false, "disabled": false, "open_issues_count": 0, "license": null, "allow_forking": true, "is_template": false, "web_commit_signoff_required": false, "topics": [], "default_branch": "master", "permissions": {"admin": false, "maintain": false, "push": false, "triage": false, "pull": true}, "network_count": 12, "subscribers_count": 3, "_id": 10130}, {"owner": {"type": "User", "site_admin": false}, "fork": false, "created_at": "2008-04-15T22:48:58Z", "updated_at": "2019-08-13T13:23:06Z", "pushed_at": "2008-11-24T22:52:37Z", "size": 3856, "stargazers_count": 28, "watchers_count": 28, "language": "JavaScript", "has_issues": true, "has_projects": true, "has_downloads": true, "has_wiki": true, "has_pages": false, "has_discussions": false, "forks_count": 1, "mirror_url": null, "archived": false, "disabled": false, "open_issues_count": 0, "license": {"key": "mit", "name": "MIT License", "spdx_id": "MIT", "url": "https://api.github.com/licenses/mit", "node_id": "MDc6TGljZW5zZTEz"}, "allow_forking": true, "is_template": false, "web_commit_signoff_required": false, "topics": [], "default_branch": "master", "permissions": {"admin": false, "maintain": false, "push": false, "triage": false, "pull": true}, "network_count": 1, "subscribers_count": 3, "_id": 10142}, {"owner": {"type": "User", "site_admin": false}, "fork": false, "created_at": "2008-04-15T22:52:12Z", "updated_at": "2019-08-13T13:23:06Z", "pushed_at": "2008-04-15T23:26:51Z", "size": 298, "stargazers_count": 3, "watchers_count": 3, "language": "Ruby", "has_issues": true, "has_projects": true, "has_downloads": true, "has_wiki": true, "has_pages": false, "has_discussions": false, "forks_count": 11, "mirror_url": null, "archived": false, "disabled": false, "open_issues_count": 0, "license": null, "allow_forking": true, "is_template": false, "web_commit_signoff_required": false, "topics": [], "default_branch": "master", "permissions": {"admin": false, "maintain": false, "push": false, "triage": false, "pull": true}, "network_count": 11, "subscribers_count": 3, "_id": 10143}, {"owner": {"type": "User", "site_admin": false}, "fork": false, "created_at": "2008-04-15T23:27:42Z", "updated_at": "2019-11-20T08:15:35Z", "pushed_at": "2008-08-01T01:06:31Z", "size": 84, "stargazers_count": 12, "watchers_count": 12, "language": null, "has_issues": true, "has_projects": true, "has_downloads": true, "has_wiki": true, "has_pages": false, "has_discussions": false, "forks_count": 0, "mirror_url": null, "archived": false, "disabled": false, "open_issues_count": 0, "license": null, "allow_forking": true, "is_template": false, "web_commit_signoff_required": false, "topics": [], "default_branch": "master", "permissions": {"admin": false, "maintain": false, "push": false, "triage": false, "pull": true}, "network_count": 0, "subscribers_count": 3, "_id": 10151}]