[{"owner": {"type": "User", "site_admin": false}, "fork": false, "created_at": "2008-04-19T00:54:40Z", "updated_at": "2019-08-13T13:23:17Z", "pushed_at": "2008-04-19T00:56:14Z", "size": 548, "stargazers_count": 4, "watchers_count": 4, "language": "Ruby", "has_issues": true, "has_projects": true, "has_downloads": true, "has_wiki": true, "has_pages": false, "has_discussions": false, "forks_count": 0, "mirror_url": null, "archived": false, "disabled": false, "open_issues_count": 0, "license": null, "allow_forking": true, "is_template": false, "web_commit_signoff_required": false, "topics": [], "default_branch": "master", "permissions": {"admin": false, "maintain": false, "push": false, "triage": false, "pull": true}, "network_count": 0, "subscribers_count": 3, "_id": 11046}, {"owner": {"type": "User", "site_admin": false}, "fork": false, "created_at": "2008-04-19T01:00:48Z", "updated_at": "2019-08-13T13:23:17Z", "pushed_at": "2008-04-19T01:06:42Z", "size": 85, "stargazers_count": 6, "watchers_count": 6, "language": "Ruby", "has_issues": true, "has_projects": true, "has_downloads": true, "has_wiki": true, "has_pages": false, "has_discussions": false, "forks_count": 2, "mirror_url": null, "archived": false, "disabled": false, "open_issues_count": 0, "license": null, "allow_forking": true, "is_template": false, "web_commit_signoff_required": false, "topics": [], "default_branch": "master", "permissions": {"admin": false, "maintain": false, "push": false, "triage": false, "pull": true}, "network_count": 2, "subscribers_count": 3, "_id": 11047}, {"owner": {"type": "User", "site_admin": false}, "fork": false, "created_at": "2008-04-19T01:09:04Z", "updated_at": "2019-08-13T13:23:18Z", "pushed_at": "2008-04-19T01:09:52Z", "size": 76, "stargazers_count": 4, "watchers_count": 4, "language": "Ruby", "has_issues": true, "has_projects": true, "has_downloads": true, "has_wiki": true, "has_pages": false, "has_discussions": false, "forks_count": 0, "mirror_url": null, "archived": false, "disabled": false, "open_issues_count": 0, "license": null, "allow_forking": true, "is_template": false, "web_commit_signoff_required": false, "topics": [], "default_branch": "master", "permissions": {"admin": false, "maintain": false, "push": false, "triage": false, "pull": true}, "network_count": 0, "subscribers_count": 3, "_id": 11050}, {"owner": {"type": "User", "site_admin": false}, "fork": false, "created_at": "2008-04-19T01:11:05Z", "updated_at": "2019-08-13T13:23:18Z", "pushed_at": "2008-04-19T01:11:41Z", "size": 76, "stargazers_count": 4, "watchers_count": 4, "language": "Ruby", "has_issues": true, "has_projects": true, "has_downloads": true, "has_wiki": true, "has_pages": false, "has_discussions": false, "forks_count": 0, "mirror_url": null, "archived": false, "disabled": false, "open_issues_count": 0, "license": null, "allow_forking": true, "is_template": false, "web_commit_signoff_required": false, "topics": [], "default_branch": "master", "permissions": {"admin": false, "maintain": false, "push": false, "triage": false, "pull": true}, "network_count": 0, "subscribers_count": 3, "_id": 11052}, {"owner": {"type": "User", "site_admin": false}, "fork": false, "created_at": "2008-04-19T01:12:45Z", "updated_at": "2019-08-13T13:23:18Z", "pushed_at": "2008-04-19T01:13:14Z", "size": 84, "stargazers_count": 5, "watchers_count": 5, "language": "Ruby", "has_issues": true, "has_projects": true, "has_downloads": true, "has_wiki": true, "has_pages": false, "has_discussions": false, "forks_count": 0, "mirror_url": null, "archived": false, "disabled": false, "open_issues_count": 1, "license": null, "allow_forking": true, "is_template": false, "web_commit_signoff_required": false, "topics": [], "default_branch": "master", "permissions": {"admin": false, "maintain": false, "push": false, "triage": false, "pull": true}, "network_count": 0, "subscribers_count": 3, "_id": 11053}, {"owner": {"type": "User", "site_admin": false}, "fork": true, "created_at": "2008-04-19T04:42:00Z", "updated_at": "2019-08-13T13:23:18Z", "pushed_at": "2008-04-19T04:42:05Z", "size": 569, "stargazers_count": 4, "watchers_count": 4, "language": "Ruby", "has_issues": true, "has_projects": true, "has_downloads": true, "has_wiki": true, "has_pages": false, "has_discussions": false, "forks_count": 1, "mirror_url": null, "archived": false, "disabled": false, "open_issues_count": 0, "license": {"key": "other", "name": "Other", "spdx_id": "NOASSERTION", "url": null, "node_id": "MDc6TGljZW5zZTA="}, "allow_forking": true, "is_template": false, "web_commit_signoff_required": false, "topics": [], "default_branch": "master", "permissions": {"admin": false, "maintain": false, "push": false, "triage": false, "pull": true}, "network_count": 115, "subscribers_count": 3, "_id": 11078}, {"owner": {"type": "Organization", "site_admin": false}, "fork": false, "created_at": "2008-04-19T04:48:58Z", "updated_at": "2019-08-13T13:23:19Z", "pushed_at": "2021-10-05T16:11:48Z", "size": 73, "stargazers_count": 10, "watchers_count": 10, "language": "Python", "has_issues": true, "has_projects": true, "has_downloads": true, "has_wiki": true, "has_pages": false, "has_discussions": false, "forks_count": 2, "mirror_url": null, "archived": false, "disabled": false, "open_issues_count": 0, "license": null, "allow_forking": true, "is_template": false, "web_commit_signoff_required": false, "topics": [], "default_branch": "master", "permissions": {"admin": false, "maintain": false, "push": false, "triage": false, "pull": true}, "network_count": 2, "subscribers_count": 3, "_id": 11080}, {"owner": {"type": "Organization", "site_admin": false}, "fork": false, "created_at": "2008-04-19T04:55:21Z", "updated_at": "2019-08-13T13:23:19Z", "pushed_at": "2021-10-01T05:52:10Z", "size": 97, "stargazers_count": 18, "watchers_count": 18, "language": "Python", "has_issues": true, "has_projects": true, "has_downloads": true, "has_wiki": true, "has_pages": false, "has_discussions": false, "forks_count": 3, "mirror_url": null, "archived": false, "disabled": false, "open_issues_count": 1, "license": null, "allow_forking": true, "is_template": false, "web_commit_signoff_required": false, "topics": [], "default_branch": "master", "permissions": {"admin": false, "maintain": false, "push": false, "triage": false, "pull": true}, "network_count": 3, "subscribers_count": 3, "_id": 11081}, {"owner": {"type": "User", "site_admin": false}, "fork": true, "created_at": "2008-04-19T06:07:58Z", "updated_at": "2019-08-13T13:23:19Z", "pushed_at": "2008-04-19T06:08:00Z", "size": 12845, "stargazers_count": 3, "watchers_count": 3, "language": "Ruby", "has_issues": true, "has_projects": true, "has_downloads": true, "has_wiki": true, "has_pages": false, "has_discussions": false, "forks_count": 0, "mirror_url": null, "archived": false, "disabled": false, "open_issues_count": 0, "license": {"key": "mit", "name": "MIT License", "spdx_id": "MIT", "url": "https://api.github.com/licenses/mit", "node_id": "MDc6TGljZW5zZTEz"}, "allow_forking": true, "is_template": false, "web_commit_signoff_required": false, "topics": [], "default_branch": "master", "permissions": {"admin": false, "maintain": false, "push": false, "triage": false, "pull": true}, "network_count": 183, "subscribers_count": 3, "_id": 11091}, {"owner": {"type": "User", "site_admin": false}, "fork": false, "created_at": "2008-04-19T07:49:59Z", "updated_at": "2019-12-20T19:11:17Z", "pushed_at": "2008-04-24T18:59:59Z", "size": 752, "stargazers_count": 3, "watchers_count": 3, "language": null, "has_issues": true, "has_projects": true, "has_downloads": true, "has_wiki": true, "has_pages": false, "has_discussions": false, "forks_count": 0, "mirror_url": null, "archived": true, "disabled": false, "open_issues_count": 0, "license": null, "allow_forking": true, "is_template": false, "web_commit_signoff_required": false, "topics": [], "default_branch": "master", "permissions": {"admin": false, "maintain": false, "push": false, "triage": false, "pull": true}, "network_count": 0, "subscribers_count": 2, "_id": 11098}, {"owner": {"type": "User", "site_admin": false}, "fork": false, "created_at": "2008-04-19T07:52:05Z", "updated_at": "2019-08-13T13:23:19Z", "pushed_at": "2022-06-21T00:52:31Z", "size": 1462, "stargazers_count": 10, "watchers_count": 10, "language": "Java", "has_issues": true, "has_projects": true, "has_downloads": true, "has_wiki": true, "has_pages": false, "has_discussions": false, "forks_count": 0, "mirror_url": null, "archived": false, "disabled": false, "open_issues_count": 13, "license": null, "allow_forking": true, "is_template": false, "web_commit_signoff_required": false, "topics": [], "default_branch": "master", "permissions": {"admin": false, "maintain": false, "push": false, "triage": false, "pull": true}, "network_count": 0, "subscribers_count": 3, "_id": 11099}, {"owner": {"type": "User", "site_admin": false}, "fork": false, "created_at": "2008-04-19T08:57:38Z", "updated_at": "2022-09-11T11:32:15Z", "pushed_at": "2021-05-06T20:30:21Z", "size": 1119, "stargazers_count": 517, "watchers_count": 517, "language": "JavaScript", "has_issues": true, "has_projects": true, "has_downloads": true, "has_wiki": true, "has_pages": false, "has_discussions": false, "forks_count": 76, "mirror_url": null, "archived": false, "disabled": false, "open_issues_count": 6, "license": {"key": "mit", "name": "MIT License", "spdx_id": "MIT", "url": "https://api.github.com/licenses/mit", "node_id": "MDc6TGljZW5zZTEz"}, "allow_forking": true, "is_template": false, "web_commit_signoff_required": false, "topics": [], "default_branch": "development", "permissions": {"admin": false, "maintain": false, "push": false, "triage": false, "pull": true}, "network_count": 76, "subscribers_count": 23, "_id": 11104}, {"owner": {"type": "User", "site_admin": false}, "fork": false, "created_at": "2008-04-19T09:52:47Z", "updated_at": "2019-08-13T13:23:19Z", "pushed_at": "2008-08-21T09:55:59Z", "size": 1733, "stargazers_count": 53, "watchers_count": 53, "language": "Ruby", "has_issues": true, "has_projects": true, "has_downloads": true, "has_wiki": true, "has_pages": false, "has_discussions": false, "forks_count": 6, "mirror_url": null, "archived": false, "disabled": false, "open_issues_count": 0, "license": {"key": "mit", "name": "MIT License", "spdx_id": "MIT", "url": "https://api.github.com/licenses/mit", "node_id": "MDc6TGljZW5zZTEz"}, "allow_forking": true, "is_template": false, "web_commit_signoff_required": false, "topics": [], "default_branch": "master", "permissions": {"admin": false, "maintain": false, "push": false, "triage": false, "pull": true}, "network_count": 6, "subscribers_count": 4, "_id": 11107}, {"owner": {"type": "User", "site_admin": false}, "fork": false, "created_at": "2008-04-19T10:23:28Z", "updated_at": "2020-02-25T08:30:17Z", "pushed_at": "2009-02-02T22:20:43Z", "size": 3008, "stargazers_count": 9, "watchers_count": 9, "language": "Perl", "has_issues": true, "has_projects": true, "has_downloads": true, "has_wiki": true, "has_pages": false, "has_discussions": false, "forks_count": 0, "mirror_url": null, "archived": true, "disabled": false, "open_issues_count": 1, "license": null, "allow_forking": true, "is_template": false, "web_commit_signoff_required": false, "topics": [], "default_branch": "master", "permissions": {"admin": false, "maintain": false, "push": false, "triage": false, "pull": true}, "network_count": 0, "subscribers_count": 3, "_id": 11108}, {"owner": {"type": "User", "site_admin": false}, "fork": false, "created_at": "2008-04-19T12:03:38Z", "updated_at": "2022-06-15T13:36:07Z", "pushed_at": "2011-05-11T00:36:56Z", "size": 199, "stargazers_count": 103, "watchers_count": 103, "language": "Ruby", "has_issues": true, "has_projects": true, "has_downloads": true, "has_wiki": true, "has_pages": false, "has_discussions": false, "forks_count": 19, "mirror_url": null, "archived": true, "disabled": false, "open_issues_count": 1, "license": null, "allow_forking": true, "is_template": false, "web_commit_signoff_required": false, "topics": [], "default_branch": "master", "permissions": {"admin": false, "maintain": false, "push": false, "triage": false, "pull": true}, "network_count": 19, "subscribers_count": 4, "_id": 11115}, {"owner": {"type": "User", "site_admin": false}, "fork": false, "created_at": "2008-04-19T12:09:54Z", "updated_at": "2019-08-13T13:23:19Z", "pushed_at": "2008-04-19T12:35:22Z", "size": 4356, "stargazers_count": 6, "watchers_count": 6, "language": "Ruby", "has_issues": true, "has_projects": true, "has_downloads": true, "has_wiki": true, "has_pages": false, "has_discussions": false, "forks_count": 2, "mirror_url": null, "archived": false, "disabled": false, "open_issues_count": 0, "license": null, "allow_forking": true, "is_template": false, "web_commit_signoff_required": false, "topics": [], "default_branch": "master", "permissions": {"admin": false, "maintain": false, "push": false, "triage": false, "pull": true}, "network_count": 2, "subscribers_count": 3, "_id": 11116}, {"owner": {"type": "User", "site_admin": false}, "fork": false, "created_at": "2008-04-19T12:44:02Z", "updated_at": "2019-08-13T13:23:19Z", "pushed_at": "2008-05-18T20:20:12Z", "size": 2552, "stargazers_count": 2, "watchers_count": 2, "language": "Ruby", "has_issues": false, "has_projects": true, "has_downloads": true, "has_wiki": false, "has_pages": false, "has_discussions": false, "forks_count": 0, "mirror_url": null, "archived": true, "disabled": false, "open_issues_count": 0, "license": null, "allow_forking": true, "is_template": false, "web_commit_signoff_required": false, "topics": [], "default_branch": "master", "permissions": {"admin": false, "maintain": false, "push": false, "triage": false, "pull": true}, "network_count": 0, "subscribers_count": 2, "_id": 11119}, {"owner": {"type": "User", "site_admin": false}, "fork": false, "created_at": "2008-04-19T12:52:03Z", "updated_at": "2020-07-01T20:26:20Z", "pushed_at": "2008-12-27T03:54:47Z", "size": 95, "stargazers_count": 14, "watchers_count": 14, "language": "Ruby", "has_issues": true, "has_projects": true, "has_downloads": true, "has_wiki": true, "has_pages": false, "has_discussions": false, "forks_count": 2, "mirror_url": null, "archived": false, "disabled": false, "open_issues_count": 0, "license": {"key": "mit", "name": "MIT License", "spdx_id": "MIT", "url": "https://api.github.com/licenses/mit", "node_id": "MDc6TGljZW5zZTEz"}, "allow_forking": true, "is_template": false, "web_commit_signoff_required": false, "topics": [], "default_branch": "master", "permissions": {"admin": false, "maintain": false, "push": false, "triage": false, "pull": true}, "network_count": 2, "subscribers_count": 2, "_id": 11120}, {"owner": {"type": "User", "site_admin": false}, "fork": false, "created_at": "2008-04-19T14:49:12Z", "updated_at": "2022-02-01T09:59:59Z", "pushed_at": "2022-05-12T03:35:04Z", "size": 735, "stargazers_count": 135, "watchers_count": 135, "language": "Ruby", "has_issues": true, "has_projects": true, "has_downloads": true, "has_wiki": true, "has_pages": false, "has_discussions": false, "forks_count": 58, "mirror_url": null, "archived": false, "disabled": false, "open_issues_count": 8, "license": {"key": "mit", "name": "MIT License", "spdx_id": "MIT", "url": "https://api.github.com/licenses/mit", "node_id": "MDc6TGljZW5zZTEz"}, "allow_forking": true, "is_template": false, "web_commit_signoff_required": false, "topics": [], "default_branch": "master", "permissions": {"admin": false, "maintain": false, "push": false, "triage": false, "pull": true}, "network_count": 58, "subscribers_count": 23, "_id": 11137}, {"owner": {"type": "User", "site_admin": false}, "fork": false, "created_at": "2008-04-19T15:05:34Z", "updated_at": "2019-08-13T13:23:19Z", "pushed_at": "2008-12-29T06:19:36Z", "size": 653, "stargazers_count": 17, "watchers_count": 17, "language": "Ruby", "has_issues": true, "has_projects": true, "has_downloads": true, "has_wiki": true, "has_pages": false, "has_discussions": false, "forks_count": 10, "mirror_url": null, "archived": false, "disabled": false, "open_issues_count": 0, "license": {"key": "mit", "name": "MIT License", "spdx_id": "MIT", "url": "https://api.github.com/licenses/mit", "node_id": "MDc6TGljZW5zZTEz"}, "allow_forking": true, "is_template": false, "web_commit_signoff_required": false, "topics": [], "default_branch": "master", "permissions": {"admin": false, "maintain": false, "push": false, "triage": false, "pull": true}, "network_count": 10, "subscribers_count": 3, "_id": 11141}, {"owner": {"type": "User", "site_admin": false}, "fork": true, "created_at": "2008-04-19T15:29:13Z", "updated_at": "2019-08-13T13:23:19Z", "pushed_at": "2015-01-13T21:18:52Z", "size": 469, "stargazers_count": 5, "watchers_count": 5, "language": "Ruby", "has_issues": false, "has_projects": true, "has_downloads": true, "has_wiki": false, "has_pages": false, "has_discussions": false, "forks_count": 0, "mirror_url": null, "archived": false, "disabled": false, "open_issues_count": 0, "license": {"key": "mit", "name": "MIT License", "spdx_id": "MIT", "url": "https://api.github.com/licenses/mit", "node_id": "MDc6TGljZW5zZTEz"}, "allow_forking": true, "is_template": false, "web_commit_signoff_required": false, "topics": [], "default_branch": "master", "permissions": {"admin": false, "maintain": false, "push": false, "triage": false, "pull": true}, "network_count": 45, "subscribers_count": 2, "_id": 11146}, {"owner": {"type": "User", "site_admin": false}, "fork": false, "created_at": "2008-04-19T17:43:59Z", "updated_at": "2019-08-13T13:23:19Z", "pushed_at": "2008-04-20T19:38:24Z", "size": 184, "stargazers_count": 3, "watchers_count": 3, "language": "C", "has_issues": true, "has_projects": true, "has_downloads": true, "has_wiki": true, "has_pages": false, "has_discussions": false, "forks_count": 0, "mirror_url": null, "archived": false, "disabled": false, "open_issues_count": 0, "license": null, "allow_forking": true, "is_template": false, "web_commit_signoff_required": false, "topics": [], "default_branch": "master", "permissions": {"admin": false, "maintain": false, "push": false, "triage": false, "pull": true}, "network_count": 0, "subscribers_count": 3, "_id": 11167}, {"owner": {"type": "User", "site_admin": false}, "fork": false, "created_at": "2008-04-19T18:01:29Z", "updated_at": "2019-08-13T13:23:19Z", "pushed_at": "2008-11-03T15:38:17Z", "size": 204, "stargazers_count": 5, "watchers_count": 5, "language": "JavaScript", "has_issues": true, "has_projects": true, "has_downloads": true, "has_wiki": true, "has_pages": false, "has_discussions": false, "forks_count": 0, "mirror_url": null, "archived": false, "disabled": false, "open_issues_count": 0, "license": null, "allow_forking": true, "is_template": false, "web_commit_signoff_required": false, "topics": [], "default_branch": "master", "permissions": {"admin": false, "maintain": false, "push": false, "triage": false, "pull": true}, "network_count": 0, "subscribers_count": 3, "_id": 11170}, {"owner": {"type": "User", "site_admin": false}, "fork": false, "created_at": "2008-04-19T18:04:48Z", "updated_at": "2019-08-13T13:23:19Z", "pushed_at": "2008-04-19T18:32:25Z", "size": 176, "stargazers_count": 13, "watchers_count": 13, "language": "Ruby", "has_issues": true, "has_projects": true, "has_downloads": true, "has_wiki": true, "has_pages": false, "has_discussions": false, "forks_count": 2, "mirror_url": null, "archived": false, "disabled": false, "open_issues_count": 0, "license": null, "allow_forking": true, "is_template": false, "web_commit_signoff_required": false, "topics": [], "default_branch": "master", "permissions": {"admin": false, "maintain": false, "push": false, "triage": false, "pull": true}, "network_count": 2, "subscribers_count": 3, "_id": 11173}, {"owner": {"type": "User", "site_admin": false}, "fork": false, "created_at": "2008-04-19T18:05:14Z", "updated_at": "2021-10-21T20:53:10Z", "pushed_at": "2008-10-29T22:15:11Z", "size": 133, "stargazers_count": 12, "watchers_count": 12, "language": "Perl", "has_issues": true, "has_projects": true, "has_downloads": true, "has_wiki": true, "has_pages": false, "has_discussions": false, "forks_count": 2, "mirror_url": null, "archived": false, "disabled": false, "open_issues_count": 0, "license": null, "allow_forking": true, "is_template": false, "web_commit_signoff_required": false, "topics": [], "default_branch": "master", "permissions": {"admin": false, "maintain": false, "push": false, "triage": false, "pull": true}, "network_count": 2, "subscribers_count": 4, "_id": 11174}, {"owner": {"type": "User", "site_admin": false}, "fork": false, "created_at": "2008-04-19T18:34:46Z", "updated_at": "2019-08-13T13:23:19Z", "pushed_at": "2010-04-14T13:25:18Z", "size": 99, "stargazers_count": 18, "watchers_count": 18, "language": "Ruby", "has_issues": true, "has_projects": true, "has_downloads": true, "has_wiki": true, "has_pages": false, "has_discussions": false, "forks_count": 3, "mirror_url": null, "archived": false, "disabled": false, "open_issues_count": 0, "license": {"key": "mit", "name": "MIT License", "spdx_id": "MIT", "url": "https://api.github.com/licenses/mit", "node_id": "MDc6TGljZW5zZTEz"}, "allow_forking": true, "is_template": false, "web_commit_signoff_required": false, "topics": [], "default_branch": "master", "permissions": {"admin": false, "maintain": false, "push": false, "triage": false, "pull": true}, "network_count": 3, "subscribers_count": 3, "_id": 11180}, {"owner": {"type": "User", "site_admin": false}, "fork": true, "created_at": "2008-04-19T18:37:02Z", "updated_at": "2022-10-04T09:59:10Z", "pushed_at": "2010-03-04T22:11:02Z", "size": 1877, "stargazers_count": 13, "watchers_count": 13, "language": "Ruby", "has_issues": false, "has_projects": true, "has_downloads": false, "has_wiki": false, "has_pages": false, "has_discussions": false, "forks_count": 1, "mirror_url": null, "archived": false, "disabled": false, "open_issues_count": 0, "license": {"key": "mit", "name": "MIT License", "spdx_id": "MIT", "url": "https://api.github.com/licenses/mit", "node_id": "MDc6TGljZW5zZTEz"}, "allow_forking": true, "is_template": false, "web_commit_signoff_required": false, "topics": [], "default_branch": "master", "permissions": {"admin": false, "maintain": false, "push": false, "triage": false, "pull": true}, "network_count": 2084, "subscribers_count": 4, "_id": 11181}, {"owner": {"type": "User", "site_admin": false}, "fork": false, "created_at": "2008-04-19T21:13:48Z", "updated_at": "2019-08-13T13:23:19Z", "pushed_at": "2008-04-20T22:28:55Z", "size": 91, "stargazers_count": 5, "watchers_count": 5, "language": null, "has_issues": true, "has_projects": true, "has_downloads": true, "has_wiki": true, "has_pages": false, "has_discussions": false, "forks_count": 2, "mirror_url": null, "archived": false, "disabled": false, "open_issues_count": 0, "license": null, "allow_forking": true, "is_template": false, "web_commit_signoff_required": false, "topics": [], "default_branch": "master", "permissions": {"admin": false, "maintain": false, "push": false, "triage": false, "pull": true}, "network_count": 2, "subscribers_count": 3, "_id": 11210}, {"owner": {"type": "User", "site_admin": false}, "fork": true, "created_at": "2008-04-19T21:48:58Z", "updated_at": "2019-08-13T13:23:19Z", "pushed_at": "2008-04-19T21:49:02Z", "size": 130, "stargazers_count": 12, "watchers_count": 12, "language": "Ruby", "has_issues": true, "has_projects": true, "has_downloads": true, "has_wiki": true, "has_pages": false, "has_discussions": false, "forks_count": 0, "mirror_url": null, "archived": false, "disabled": false, "open_issues_count": 0, "license": {"key": "mit", "name": "MIT License", "spdx_id": "MIT", "url": "https://api.github.com/licenses/mit", "node_id": "MDc6TGljZW5zZTEz"}, "allow_forking": true, "is_template": false, "web_commit_signoff_required": false, "topics": [], "default_branch": "master", "permissions": {"admin": false, "maintain": false, "push": false, "triage": false, "pull": true}, "network_count": 23, "subscribers_count": 4, "_id": 11213}, {"owner": {"type": "User", "site_admin": false}, "fork": false, "created_at": "2008-04-19T21:49:29Z", "updated_at": "2020-04-21T00:54:07Z", "pushed_at": "2011-01-15T21:50:33Z", "size": 7954, "stargazers_count": 8, "watchers_count": 8, "language": "PHP", "has_issues": true, "has_projects": true, "has_downloads": true, "has_wiki": true, "has_pages": true, "has_discussions": false, "forks_count": 2, "mirror_url": null, "archived": true, "disabled": false, "open_issues_count": 0, "license": null, "allow_forking": true, "is_template": false, "web_commit_signoff_required": false, "topics": [], "default_branch": "master", "permissions": {"admin": false, "maintain": false, "push": false, "triage": false, "pull": true}, "network_count": 2, "subscribers_count": 4, "_id": 11214}, {"owner": {"type": "User", "site_admin": false}, "fork": false, "created_at": "2008-04-19T22:02:43Z", "updated_at": "2019-08-13T13:23:19Z", "pushed_at": "2020-11-07T23:23:00Z", "size": 178, "stargazers_count": 3, "watchers_count": 3, "language": null, "has_issues": true, "has_projects": true, "has_downloads": true, "has_wiki": true, "has_pages": false, "has_discussions": false, "forks_count": 0, "mirror_url": null, "archived": false, "disabled": false, "open_issues_count": 0, "license": null, "allow_forking": true, "is_template": false, "web_commit_signoff_required": false, "topics": [], "default_branch": "main", "permissions": {"admin": false, "maintain": false, "push": false, "triage": false, "pull": true}, "network_count": 0, "subscribers_count": 3, "_id": 11215}, {"owner": {"type": "User", "site_admin": false}, "fork": true, "created_at": "2008-04-19T22:24:09Z", "updated_at": "2019-08-13T13:23:19Z", "pushed_at": "2008-05-19T18:46:53Z", "size": 421, "stargazers_count": 3, "watchers_count": 3, "language": "Ruby", "has_issues": true, "has_projects": true, "has_downloads": true, "has_wiki": true, "has_pages": false, "has_discussions": false, "forks_count": 1, "mirror_url": null, "archived": false, "disabled": false, "open_issues_count": 0, "license": {"key": "other", "name": "Other", "spdx_id": "NOASSERTION", "url": null, "node_id": "MDc6TGljZW5zZTA="}, "allow_forking": true, "is_template": false, "web_commit_signoff_required": false, "topics": [], "default_branch": "master", "permissions": {"admin": false, "maintain": false, "push": false, "triage": false, "pull": true}, "network_count": 35, "subscribers_count": 3, "_id": 11218}, {"owner": {"type": "User", "site_admin": false}, "fork": false, "created_at": "2008-04-19T22:40:27Z", "updated_at": "2019-08-13T13:23:20Z", "pushed_at": "2008-04-22T01:00:22Z", "size": 92, "stargazers_count": 3, "watchers_count": 3, "language": null, "has_issues": true, "has_projects": true, "has_downloads": true, "has_wiki": true, "has_pages": false, "has_discussions": false, "forks_count": 0, "mirror_url": null, "archived": false, "disabled": false, "open_issues_count": 0, "license": {"key": "mit", "name": "MIT License", "spdx_id": "MIT", "url": "https://api.github.com/licenses/mit", "node_id": "MDc6TGljZW5zZTEz"}, "allow_forking": true, "is_template": false, "web_commit_signoff_required": false, "topics": [], "default_branch": "master", "permissions": {"admin": false, "maintain": false, "push": false, "triage": false, "pull": true}, "network_count": 0, "subscribers_count": 3, "_id": 11223}, {"owner": {"type": "User", "site_admin": false}, "fork": true, "created_at": "2008-04-19T23:26:57Z", "updated_at": "2019-08-13T13:23:20Z", "pushed_at": "2010-02-26T15:26:39Z", "size": 4789, "stargazers_count": 3, "watchers_count": 3, "language": "Ruby", "has_issues": true, "has_projects": true, "has_downloads": true, "has_wiki": true, "has_pages": false, "has_discussions": false, "forks_count": 0, "mirror_url": null, "archived": false, "disabled": false, "open_issues_count": 0, "license": {"key": "mit", "name": "MIT License", "spdx_id": "MIT", "url": "https://api.github.com/licenses/mit", "node_id": "MDc6TGljZW5zZTEz"}, "allow_forking": true, "is_template": false, "web_commit_signoff_required": false, "topics": [], "default_branch": "master", "permissions": {"admin": false, "maintain": false, "push": false, "triage": false, "pull": true}, "network_count": 112, "subscribers_count": 3, "_id": 11230}]