[{"owner": {"type": "User", "site_admin": false}, "fork": false, "created_at": "2008-04-12T00:07:37Z", "updated_at": "2021-06-20T02:08:57Z", "pushed_at": "2016-11-03T20:29:06Z", "size": 4947, "stargazers_count": 4, "watchers_count": 4, "language": "Ruby", "has_issues": true, "has_projects": true, "has_downloads": true, "has_wiki": true, "has_pages": false, "has_discussions": false, "forks_count": 1, "mirror_url": null, "archived": false, "disabled": false, "open_issues_count": 0, "license": null, "allow_forking": true, "is_template": false, "web_commit_signoff_required": false, "topics": [], "default_branch": "master", "permissions": {"admin": false, "maintain": false, "push": false, "triage": false, "pull": true}, "network_count": 1, "subscribers_count": 4, "_id": 8987}, {"owner": {"type": "User", "site_admin": false}, "fork": true, "created_at": "2008-04-12T01:23:09Z", "updated_at": "2019-08-13T13:22:53Z", "pushed_at": "2008-04-12T06:28:00Z", "size": 66135, "stargazers_count": 3, "watchers_count": 3, "language": "Ruby", "has_issues": true, "has_projects": true, "has_downloads": true, "has_wiki": true, "has_pages": false, "has_discussions": false, "forks_count": 1, "mirror_url": null, "archived": false, "disabled": false, "open_issues_count": 0, "license": {"key": "bsd-3-clause", "name": "BSD 3-Clause \"New\" or \"Revised\" License", "spdx_id": "BSD-3-Clause", "url": "https://api.github.com/licenses/bsd-3-clause", "node_id": "MDc6TGljZW5zZTU="}, "allow_forking": true, "is_template": false, "web_commit_signoff_required": false, "topics": [], "default_branch": "master", "permissions": {"admin": false, "maintain": false, "push": false, "triage": false, "pull": true}, "network_count": 604, "subscribers_count": 3, "_id": 9007}, {"owner": {"type": "User", "site_admin": false}, "fork": false, "created_at": "2008-04-12T02:11:43Z", "updated_at": "2019-08-13T13:22:53Z", "pushed_at": "2008-04-19T23:07:47Z", "size": 100, "stargazers_count": 3, "watchers_count": 3, "language": "Ruby", "has_issues": true, "has_projects": true, "has_downloads": true, "has_wiki": true, "has_pages": false, "has_discussions": false, "forks_count": 0, "mirror_url": null, "archived": false, "disabled": false, "open_issues_count": 0, "license": {"key": "mit", "name": "MIT License", "spdx_id": "MIT", "url": "https://api.github.com/licenses/mit", "node_id": "MDc6TGljZW5zZTEz"}, "allow_forking": true, "is_template": false, "web_commit_signoff_required": false, "topics": [], "default_branch": "master", "permissions": {"admin": false, "maintain": false, "push": false, "triage": false, "pull": true}, "network_count": 0, "subscribers_count": 3, "_id": 9024}, {"owner": {"type": "User", "site_admin": false}, "fork": false, "created_at": "2008-04-12T02:42:09Z", "updated_at": "2019-08-13T13:22:53Z", "pushed_at": "2008-11-05T05:11:49Z", "size": 118, "stargazers_count": 37, "watchers_count": 37, "language": "Emacs Lisp", "has_issues": true, "has_projects": true, "has_downloads": true, "has_wiki": true, "has_pages": false, "has_discussions": false, "forks_count": 4, "mirror_url": null, "archived": false, "disabled": false, "open_issues_count": 0, "license": null, "allow_forking": true, "is_template": false, "web_commit_signoff_required": false, "topics": [], "default_branch": "master", "permissions": {"admin": false, "maintain": false, "push": false, "triage": false, "pull": true}, "network_count": 4, "subscribers_count": 2, "_id": 9029}, {"owner": {"type": "User", "site_admin": false}, "fork": false, "created_at": "2008-04-12T03:48:04Z", "updated_at": "2019-08-13T13:22:53Z", "pushed_at": "2009-04-10T02:20:48Z", "size": 208, "stargazers_count": 7, "watchers_count": 7, "language": "VimL", "has_issues": true, "has_projects": true, "has_downloads": true, "has_wiki": true, "has_pages": false, "has_discussions": false, "forks_count": 1, "mirror_url": null, "archived": false, "disabled": false, "open_issues_count": 0, "license": {"key": "other", "name": "Other", "spdx_id": "NOASSERTION", "url": null, "node_id": "MDc6TGljZW5zZTA="}, "allow_forking": true, "is_template": false, "web_commit_signoff_required": false, "topics": [], "default_branch": "master", "permissions": {"admin": false, "maintain": false, "push": false, "triage": false, "pull": true}, "network_count": 1, "subscribers_count": 4, "_id": 9035}, {"owner": {"type": "User", "site_admin": false}, "fork": false, "created_at": "2008-04-12T04:50:00Z", "updated_at": "2022-11-18T21:15:10Z", "pushed_at": "2008-07-24T17:32:14Z", "size": 82, "stargazers_count": 8, "watchers_count": 8, "language": "Ruby", "has_issues": true, "has_projects": true, "has_downloads": true, "has_wiki": true, "has_pages": false, "has_discussions": false, "forks_count": 2, "mirror_url": null, "archived": true, "disabled": false, "open_issues_count": 1, "license": null, "allow_forking": true, "is_template": false, "web_commit_signoff_required": false, "topics": [], "default_branch": "master", "permissions": {"admin": false, "maintain": false, "push": false, "triage": false, "pull": true}, "network_count": 2, "subscribers_count": 3, "_id": 9051}, {"owner": {"type": "User", "site_admin": false}, "fork": false, "created_at": "2008-04-12T05:33:09Z", "updated_at": "2022-06-15T13:36:05Z", "pushed_at": "2010-01-22T11:35:11Z", "size": 133, "stargazers_count": 70, "watchers_count": 70, "language": "C", "has_issues": false, "has_projects": true, "has_downloads": false, "has_wiki": false, "has_pages": false, "has_discussions": false, "forks_count": 9, "mirror_url": null, "archived": false, "disabled": false, "open_issues_count": 0, "license": {"key": "lgpl-2.1", "name": "GNU Lesser General Public License v2.1", "spdx_id": "LGPL-2.1", "url": "https://api.github.com/licenses/lgpl-2.1", "node_id": "MDc6TGljZW5zZTEx"}, "allow_forking": true, "is_template": false, "web_commit_signoff_required": false, "topics": [], "default_branch": "master", "permissions": {"admin": false, "maintain": false, "push": false, "triage": false, "pull": true}, "network_count": 9, "subscribers_count": 3, "_id": 9055}, {"owner": {"type": "User", "site_admin": false}, "fork": false, "created_at": "2008-04-12T05:39:08Z", "updated_at": "2019-08-13T13:22:53Z", "pushed_at": "2008-04-20T06:33:28Z", "size": 80, "stargazers_count": 3, "watchers_count": 3, "language": "Ruby", "has_issues": true, "has_projects": true, "has_downloads": true, "has_wiki": true, "has_pages": false, "has_discussions": false, "forks_count": 0, "mirror_url": null, "archived": false, "disabled": false, "open_issues_count": 0, "license": null, "allow_forking": true, "is_template": false, "web_commit_signoff_required": false, "topics": [], "default_branch": "master", "permissions": {"admin": false, "maintain": false, "push": false, "triage": false, "pull": true}, "network_count": 0, "subscribers_count": 3, "_id": 9058}, {"owner": {"type": "User", "site_admin": false}, "fork": false, "created_at": "2008-04-12T05:55:06Z", "updated_at": "2019-08-13T13:22:53Z", "pushed_at": "2016-11-21T16:06:56Z", "size": 6395, "stargazers_count": 7, "watchers_count": 7, "language": "Ruby", "has_issues": true, "has_projects": true, "has_downloads": true, "has_wiki": true, "has_pages": false, "has_discussions": false, "forks_count": 0, "mirror_url": null, "archived": false, "disabled": false, "open_issues_count": 0, "license": {"key": "other", "name": "Other", "spdx_id": "NOASSERTION", "url": null, "node_id": "MDc6TGljZW5zZTA="}, "allow_forking": true, "is_template": false, "web_commit_signoff_required": false, "topics": [], "default_branch": "master", "permissions": {"admin": false, "maintain": false, "push": false, "triage": false, "pull": true}, "network_count": 0, "subscribers_count": 3, "_id": 9060}, {"owner": {"type": "User", "site_admin": false}, "fork": false, "created_at": "2008-04-12T06:23:36Z", "updated_at": "2019-08-13T13:22:53Z", "pushed_at": "2008-04-12T06:23:38Z", "size": 108, "stargazers_count": 2, "watchers_count": 2, "language": "Python", "has_issues": true, "has_projects": true, "has_downloads": true, "has_wiki": true, "has_pages": false, "has_discussions": false, "forks_count": 1, "mirror_url": null, "archived": false, "disabled": false, "open_issues_count": 0, "license": null, "allow_forking": true, "is_template": false, "web_commit_signoff_required": false, "topics": [], "default_branch": "master", "permissions": {"admin": false, "maintain": false, "push": false, "triage": false, "pull": true}, "network_count": 1, "subscribers_count": 3, "_id": 9065}, {"owner": {"type": "User", "site_admin": false}, "fork": false, "created_at": "2008-04-12T06:44:15Z", "updated_at": "2019-08-13T13:22:53Z", "pushed_at": "2015-11-16T15:39:39Z", "size": 948, "stargazers_count": 3, "watchers_count": 3, "language": "Ruby", "has_issues": true, "has_projects": true, "has_downloads": true, "has_wiki": true, "has_pages": false, "has_discussions": false, "forks_count": 0, "mirror_url": null, "archived": false, "disabled": false, "open_issues_count": 0, "license": null, "allow_forking": true, "is_template": false, "web_commit_signoff_required": false, "topics": [], "default_branch": "master", "permissions": {"admin": false, "maintain": false, "push": false, "triage": false, "pull": true}, "network_count": 0, "subscribers_count": 3, "_id": 9068}, {"owner": {"type": "User", "site_admin": false}, "fork": false, "created_at": "2008-04-12T07:04:29Z", "updated_at": "2019-08-13T13:22:53Z", "pushed_at": "2008-12-12T10:32:49Z", "size": 120, "stargazers_count": 4, "watchers_count": 4, "language": "Shell", "has_issues": true, "has_projects": true, "has_downloads": true, "has_wiki": true, "has_pages": false, "has_discussions": false, "forks_count": 0, "mirror_url": null, "archived": false, "disabled": false, "open_issues_count": 0, "license": null, "allow_forking": true, "is_template": false, "web_commit_signoff_required": false, "topics": [], "default_branch": "master", "permissions": {"admin": false, "maintain": false, "push": false, "triage": false, "pull": true}, "network_count": 0, "subscribers_count": 3, "_id": 9069}, {"owner": {"type": "User", "site_admin": false}, "fork": false, "created_at": "2008-04-12T07:19:12Z", "updated_at": "2021-06-15T15:24:29Z", "pushed_at": "2011-01-04T22:25:33Z", "size": 149, "stargazers_count": 8, "watchers_count": 8, "language": "Ruby", "has_issues": true, "has_projects": true, "has_downloads": true, "has_wiki": true, "has_pages": false, "has_discussions": false, "forks_count": 3, "mirror_url": null, "archived": true, "disabled": false, "open_issues_count": 1, "license": null, "allow_forking": true, "is_template": false, "web_commit_signoff_required": false, "topics": [], "default_branch": "master", "permissions": {"admin": false, "maintain": false, "push": false, "triage": false, "pull": true}, "network_count": 3, "subscribers_count": 3, "_id": 9070}, {"owner": {"type": "User", "site_admin": false}, "fork": false, "created_at": "2008-04-12T10:06:28Z", "updated_at": "2019-08-13T13:22:53Z", "pushed_at": "2008-04-12T10:41:05Z", "size": 88, "stargazers_count": 5, "watchers_count": 5, "language": "Java", "has_issues": true, "has_projects": true, "has_downloads": true, "has_wiki": true, "has_pages": false, "has_discussions": false, "forks_count": 0, "mirror_url": null, "archived": false, "disabled": false, "open_issues_count": 0, "license": null, "allow_forking": true, "is_template": false, "web_commit_signoff_required": false, "topics": [], "default_branch": "master", "permissions": {"admin": false, "maintain": false, "push": false, "triage": false, "pull": true}, "network_count": 0, "subscribers_count": 3, "_id": 9092}, {"owner": {"type": "User", "site_admin": false}, "fork": false, "created_at": "2008-04-12T10:40:38Z", "updated_at": "2019-08-13T13:22:53Z", "pushed_at": "2008-04-12T12:23:45Z", "size": 120, "stargazers_count": 3, "watchers_count": 3, "language": "Ruby", "has_issues": true, "has_projects": true, "has_downloads": true, "has_wiki": true, "has_pages": false, "has_discussions": false, "forks_count": 0, "mirror_url": null, "archived": false, "disabled": false, "open_issues_count": 0, "license": {"key": "other", "name": "Other", "spdx_id": "NOASSERTION", "url": null, "node_id": "MDc6TGljZW5zZTA="}, "allow_forking": true, "is_template": false, "web_commit_signoff_required": false, "topics": [], "default_branch": "master", "permissions": {"admin": false, "maintain": false, "push": false, "triage": false, "pull": true}, "network_count": 0, "subscribers_count": 3, "_id": 9093}, {"owner": {"type": "User", "site_admin": false}, "fork": false, "created_at": "2008-04-12T10:50:40Z", "updated_at": "2019-08-13T13:22:53Z", "pushed_at": "2009-07-02T18:17:04Z", "size": 835, "stargazers_count": 16, "watchers_count": 16, "language": "Ruby", "has_issues": true, "has_projects": true, "has_downloads": true, "has_wiki": true, "has_pages": false, "has_discussions": false, "forks_count": 3, "mirror_url": null, "archived": false, "disabled": false, "open_issues_count": 0, "license": {"key": "gpl-2.0", "name": "GNU General Public License v2.0", "spdx_id": "GPL-2.0", "url": "https://api.github.com/licenses/gpl-2.0", "node_id": "MDc6TGljZW5zZTg="}, "allow_forking": true, "is_template": false, "web_commit_signoff_required": false, "topics": [], "default_branch": "master", "permissions": {"admin": false, "maintain": false, "push": false, "triage": false, "pull": true}, "network_count": 3, "subscribers_count": 4, "_id": 9094}, {"owner": {"type": "User", "site_admin": false}, "fork": false, "created_at": "2008-04-12T10:57:10Z", "updated_at": "2021-07-06T03:34:05Z", "pushed_at": "2008-09-10T19:08:45Z", "size": 135, "stargazers_count": 14, "watchers_count": 14, "language": "Python", "has_issues": false, "has_projects": true, "has_downloads": false, "has_wiki": false, "has_pages": false, "has_discussions": false, "forks_count": 1, "mirror_url": null, "archived": true, "disabled": false, "open_issues_count": 0, "license": {"key": "bsd-3-clause", "name": "BSD 3-Clause \"New\" or \"Revised\" License", "spdx_id": "BSD-3-Clause", "url": "https://api.github.com/licenses/bsd-3-clause", "node_id": "MDc6TGljZW5zZTU="}, "allow_forking": true, "is_template": false, "web_commit_signoff_required": false, "topics": [], "default_branch": "master", "permissions": {"admin": false, "maintain": false, "push": false, "triage": false, "pull": true}, "network_count": 1, "subscribers_count": 3, "_id": 9096}, {"owner": {"type": "User", "site_admin": false}, "fork": false, "created_at": "2008-04-12T11:05:01Z", "updated_at": "2022-10-13T19:26:44Z", "pushed_at": "2011-03-13T18:50:52Z", "size": 248, "stargazers_count": 117, "watchers_count": 117, "language": "Python", "has_issues": true, "has_projects": true, "has_downloads": true, "has_wiki": true, "has_pages": false, "has_discussions": false, "forks_count": 13, "mirror_url": null, "archived": true, "disabled": false, "open_issues_count": 4, "license": {"key": "other", "name": "Other", "spdx_id": "NOASSERTION", "url": null, "node_id": "MDc6TGljZW5zZTA="}, "allow_forking": true, "is_template": false, "web_commit_signoff_required": false, "topics": [], "default_branch": "master", "permissions": {"admin": false, "maintain": false, "push": false, "triage": false, "pull": true}, "network_count": 13, "subscribers_count": 7, "_id": 9100}, {"owner": {"type": "User", "site_admin": false}, "fork": false, "created_at": "2008-04-12T11:44:36Z", "updated_at": "2019-08-13T13:22:54Z", "pushed_at": "2011-06-15T13:11:59Z", "size": 220, "stargazers_count": 20, "watchers_count": 20, "language": "Ruby", "has_issues": true, "has_projects": true, "has_downloads": true, "has_wiki": true, "has_pages": false, "has_discussions": false, "forks_count": 2, "mirror_url": null, "archived": false, "disabled": false, "open_issues_count": 0, "license": {"key": "mit", "name": "MIT License", "spdx_id": "MIT", "url": "https://api.github.com/licenses/mit", "node_id": "MDc6TGljZW5zZTEz"}, "allow_forking": true, "is_template": false, "web_commit_signoff_required": false, "topics": [], "default_branch": "master", "permissions": {"admin": false, "maintain": false, "push": false, "triage": false, "pull": true}, "network_count": 2, "subscribers_count": 3, "_id": 9108}, {"owner": {"type": "User", "site_admin": false}, "fork": false, "created_at": "2008-04-12T11:55:50Z", "updated_at": "2022-02-01T03:09:45Z", "pushed_at": "2010-10-12T09:09:16Z", "size": 1253, "stargazers_count": 54, "watchers_count": 54, "language": "Arc", "has_issues": true, "has_projects": true, "has_downloads": true, "has_wiki": true, "has_pages": false, "has_discussions": false, "forks_count": 3, "mirror_url": null, "archived": false, "disabled": false, "open_issues_count": 1, "license": {"key": "other", "name": "Other", "spdx_id": "NOASSERTION", "url": null, "node_id": "MDc6TGljZW5zZTA="}, "allow_forking": true, "is_template": false, "web_commit_signoff_required": false, "topics": [], "default_branch": "master", "permissions": {"admin": false, "maintain": false, "push": false, "triage": false, "pull": true}, "network_count": 3, "subscribers_count": 3, "_id": 9111}, {"owner": {"type": "User", "site_admin": false}, "fork": true, "created_at": "2008-04-12T13:44:53Z", "updated_at": "2019-08-13T13:22:54Z", "pushed_at": "2008-04-12T13:52:52Z", "size": 2908, "stargazers_count": 2, "watchers_count": 2, "language": "Ruby", "has_issues": true, "has_projects": true, "has_downloads": true, "has_wiki": true, "has_pages": false, "has_discussions": false, "forks_count": 0, "mirror_url": null, "archived": false, "disabled": false, "open_issues_count": 0, "license": {"key": "mit", "name": "MIT License", "spdx_id": "MIT", "url": "https://api.github.com/licenses/mit", "node_id": "MDc6TGljZW5zZTEz"}, "allow_forking": true, "is_template": false, "web_commit_signoff_required": false, "topics": [], "default_branch": "master", "permissions": {"admin": false, "maintain": false, "push": false, "triage": false, "pull": true}, "network_count": 69, "subscribers_count": 3, "_id": 9122}, {"owner": {"type": "User", "site_admin": false}, "fork": false, "created_at": "2008-04-12T14:05:45Z", "updated_at": "2022-09-27T22:54:44Z", "pushed_at": "2010-03-01T22:12:07Z", "size": 192, "stargazers_count": 96, "watchers_count": 96, "language": "Ruby", "has_issues": true, "has_projects": true, "has_downloads": true, "has_wiki": true, "has_pages": false, "has_discussions": false, "forks_count": 15, "mirror_url": null, "archived": false, "disabled": false, "open_issues_count": 3, "license": null, "allow_forking": true, "is_template": false, "web_commit_signoff_required": false, "topics": [], "default_branch": "master", "permissions": {"admin": false, "maintain": false, "push": false, "triage": false, "pull": true}, "network_count": 15, "subscribers_count": 5, "_id": 9129}, {"owner": {"type": "User", "site_admin": false}, "fork": false, "created_at": "2008-04-12T14:08:53Z", "updated_at": "2019-08-13T13:22:55Z", "pushed_at": "2020-10-01T09:19:07Z", "size": 176, "stargazers_count": 3, "watchers_count": 3, "language": "Python", "has_issues": true, "has_projects": true, "has_downloads": true, "has_wiki": true, "has_pages": false, "has_discussions": false, "forks_count": 2, "mirror_url": null, "archived": false, "disabled": false, "open_issues_count": 1, "license": null, "allow_forking": true, "is_template": false, "web_commit_signoff_required": false, "topics": [], "default_branch": "master", "permissions": {"admin": false, "maintain": false, "push": false, "triage": false, "pull": true}, "network_count": 2, "subscribers_count": 2, "_id": 9130}, {"owner": {"type": "User", "site_admin": false}, "fork": false, "created_at": "2008-04-12T14:23:15Z", "updated_at": "2019-08-13T13:22:55Z", "pushed_at": "2008-04-12T17:03:43Z", "size": 76, "stargazers_count": 3, "watchers_count": 3, "language": null, "has_issues": true, "has_projects": true, "has_downloads": true, "has_wiki": true, "has_pages": false, "has_discussions": false, "forks_count": 0, "mirror_url": null, "archived": false, "disabled": false, "open_issues_count": 0, "license": null, "allow_forking": true, "is_template": false, "web_commit_signoff_required": false, "topics": [], "default_branch": "master", "permissions": {"admin": false, "maintain": false, "push": false, "triage": false, "pull": true}, "network_count": 0, "subscribers_count": 3, "_id": 9131}, {"owner": {"type": "User", "site_admin": false}, "fork": false, "created_at": "2008-04-12T14:23:56Z", "updated_at": "2022-09-09T14:58:28Z", "pushed_at": "2017-04-29T04:06:14Z", "size": 6572, "stargazers_count": 43, "watchers_count": 43, "language": "Python", "has_issues": true, "has_projects": true, "has_downloads": true, "has_wiki": true, "has_pages": false, "has_discussions": false, "forks_count": 18, "mirror_url": null, "archived": true, "disabled": false, "open_issues_count": 2, "license": {"key": "gpl-3.0", "name": "GNU General Public License v3.0", "spdx_id": "GPL-3.0", "url": "https://api.github.com/licenses/gpl-3.0", "node_id": "MDc6TGljZW5zZTk="}, "allow_forking": true, "is_template": false, "web_commit_signoff_required": false, "topics": [], "default_branch": "master", "permissions": {"admin": false, "maintain": false, "push": false, "triage": false, "pull": true}, "network_count": 18, "subscribers_count": 9, "_id": 9132}, {"owner": {"type": "User", "site_admin": false}, "fork": false, "created_at": "2008-04-12T16:05:15Z", "updated_at": "2020-04-03T18:15:42Z", "pushed_at": "2010-02-10T21:25:54Z", "size": 309, "stargazers_count": 61, "watchers_count": 61, "language": "Ruby", "has_issues": true, "has_projects": true, "has_downloads": true, "has_wiki": true, "has_pages": false, "has_discussions": false, "forks_count": 8, "mirror_url": null, "archived": false, "disabled": false, "open_issues_count": 2, "license": null, "allow_forking": true, "is_template": false, "web_commit_signoff_required": false, "topics": [], "default_branch": "master", "permissions": {"admin": false, "maintain": false, "push": false, "triage": false, "pull": true}, "network_count": 8, "subscribers_count": 3, "_id": 9150}, {"owner": {"type": "User", "site_admin": false}, "fork": true, "created_at": "2008-04-12T16:12:10Z", "updated_at": "2019-10-27T02:52:21Z", "pushed_at": "2008-04-14T01:35:43Z", "size": 878, "stargazers_count": 6, "watchers_count": 6, "language": "Ruby", "has_issues": true, "has_projects": true, "has_downloads": true, "has_wiki": true, "has_pages": false, "has_discussions": false, "forks_count": 0, "mirror_url": null, "archived": true, "disabled": false, "open_issues_count": 0, "license": null, "allow_forking": true, "is_template": false, "web_commit_signoff_required": false, "topics": [], "default_branch": "master", "permissions": {"admin": false, "maintain": false, "push": false, "triage": false, "pull": true}, "network_count": 72, "subscribers_count": 1, "_id": 9153}, {"owner": {"type": "User", "site_admin": false}, "fork": false, "created_at": "2008-04-12T16:17:35Z", "updated_at": "2022-07-30T12:39:49Z", "pushed_at": "2012-03-11T07:33:27Z", "size": 216, "stargazers_count": 7, "watchers_count": 7, "language": "Python", "has_issues": true, "has_projects": true, "has_downloads": true, "has_wiki": true, "has_pages": false, "has_discussions": false, "forks_count": 1, "mirror_url": null, "archived": false, "disabled": false, "open_issues_count": 0, "license": {"key": "gpl-2.0", "name": "GNU General Public License v2.0", "spdx_id": "GPL-2.0", "url": "https://api.github.com/licenses/gpl-2.0", "node_id": "MDc6TGljZW5zZTg="}, "allow_forking": true, "is_template": false, "web_commit_signoff_required": false, "topics": [], "default_branch": "master", "permissions": {"admin": false, "maintain": false, "push": false, "triage": false, "pull": true}, "network_count": 1, "subscribers_count": 4, "_id": 9157}, {"owner": {"type": "User", "site_admin": false}, "fork": false, "created_at": "2008-04-12T16:23:33Z", "updated_at": "2019-08-13T13:22:55Z", "pushed_at": "2009-02-21T23:48:45Z", "size": 102, "stargazers_count": 10, "watchers_count": 10, "language": "Ruby", "has_issues": true, "has_projects": true, "has_downloads": true, "has_wiki": true, "has_pages": false, "has_discussions": false, "forks_count": 1, "mirror_url": null, "archived": false, "disabled": false, "open_issues_count": 0, "license": {"key": "mit", "name": "MIT License", "spdx_id": "MIT", "url": "https://api.github.com/licenses/mit", "node_id": "MDc6TGljZW5zZTEz"}, "allow_forking": true, "is_template": false, "web_commit_signoff_required": false, "topics": [], "default_branch": "master", "permissions": {"admin": false, "maintain": false, "push": false, "triage": false, "pull": true}, "network_count": 1, "subscribers_count": 3, "_id": 9158}, {"owner": {"type": "User", "site_admin": false}, "fork": false, "created_at": "2008-04-12T17:09:28Z", "updated_at": "2019-08-13T13:22:55Z", "pushed_at": "2008-04-12T17:45:20Z", "size": 80, "stargazers_count": 3, "watchers_count": 3, "language": null, "has_issues": true, "has_projects": true, "has_downloads": true, "has_wiki": true, "has_pages": false, "has_discussions": false, "forks_count": 0, "mirror_url": null, "archived": false, "disabled": false, "open_issues_count": 0, "license": null, "allow_forking": true, "is_template": false, "web_commit_signoff_required": false, "topics": [], "default_branch": "master", "permissions": {"admin": false, "maintain": false, "push": false, "triage": false, "pull": true}, "network_count": 0, "subscribers_count": 3, "_id": 9168}, {"owner": {"type": "User", "site_admin": false}, "fork": false, "created_at": "2008-04-12T17:09:39Z", "updated_at": "2022-10-11T04:54:53Z", "pushed_at": "2009-07-20T06:16:09Z", "size": 4292, "stargazers_count": 27, "watchers_count": 27, "language": "PHP", "has_issues": true, "has_projects": true, "has_downloads": true, "has_wiki": true, "has_pages": false, "has_discussions": false, "forks_count": 8, "mirror_url": null, "archived": false, "disabled": false, "open_issues_count": 0, "license": {"key": "other", "name": "Other", "spdx_id": "NOASSERTION", "url": null, "node_id": "MDc6TGljZW5zZTA="}, "allow_forking": true, "is_template": false, "web_commit_signoff_required": false, "topics": [], "default_branch": "master", "permissions": {"admin": false, "maintain": false, "push": false, "triage": false, "pull": true}, "network_count": 8, "subscribers_count": 8, "_id": 9169}, {"owner": {"type": "User", "site_admin": false}, "fork": true, "created_at": "2008-04-12T17:24:03Z", "updated_at": "2019-08-13T13:22:55Z", "pushed_at": "2008-06-06T20:31:27Z", "size": 12553, "stargazers_count": 4, "watchers_count": 4, "language": "Ruby", "has_issues": true, "has_projects": true, "has_downloads": true, "has_wiki": true, "has_pages": false, "has_discussions": false, "forks_count": 0, "mirror_url": null, "archived": false, "disabled": false, "open_issues_count": 0, "license": null, "allow_forking": true, "is_template": false, "web_commit_signoff_required": false, "topics": [], "default_branch": "master", "permissions": {"admin": false, "maintain": false, "push": false, "triage": false, "pull": true}, "network_count": 20776, "subscribers_count": 3, "_id": 9173}, {"owner": {"type": "User", "site_admin": false}, "fork": false, "created_at": "2008-04-12T17:41:11Z", "updated_at": "2019-08-13T13:22:55Z", "pushed_at": "2008-04-12T17:41:49Z", "size": 100, "stargazers_count": 6, "watchers_count": 6, "language": "PHP", "has_issues": true, "has_projects": true, "has_downloads": true, "has_wiki": true, "has_pages": false, "has_discussions": false, "forks_count": 0, "mirror_url": null, "archived": false, "disabled": false, "open_issues_count": 0, "license": null, "allow_forking": true, "is_template": false, "web_commit_signoff_required": false, "topics": [], "default_branch": "master", "permissions": {"admin": false, "maintain": false, "push": false, "triage": false, "pull": true}, "network_count": 0, "subscribers_count": 2, "_id": 9182}, {"owner": {"type": "User", "site_admin": false}, "fork": false, "created_at": "2008-04-12T18:16:21Z", "updated_at": "2019-08-13T13:22:55Z", "pushed_at": null, "size": 48, "stargazers_count": 3, "watchers_count": 3, "language": null, "has_issues": true, "has_projects": true, "has_downloads": true, "has_wiki": true, "has_pages": false, "has_discussions": false, "forks_count": 0, "mirror_url": null, "archived": false, "disabled": false, "open_issues_count": 0, "license": null, "allow_forking": true, "is_template": false, "web_commit_signoff_required": false, "topics": [], "default_branch": "master", "permissions": {"admin": false, "maintain": false, "push": false, "triage": false, "pull": true}, "network_count": 0, "subscribers_count": 2, "_id": 9194}, {"owner": {"type": "User", "site_admin": false}, "fork": false, "created_at": "2008-04-12T18:16:53Z", "updated_at": "2022-09-19T21:05:49Z", "pushed_at": "2022-09-19T21:35:13Z", "size": 195, "stargazers_count": 60, "watchers_count": 60, "language": "Ruby", "has_issues": true, "has_projects": true, "has_downloads": true, "has_wiki": true, "has_pages": true, "has_discussions": false, "forks_count": 33, "mirror_url": null, "archived": false, "disabled": false, "open_issues_count": 13, "license": null, "allow_forking": true, "is_template": false, "web_commit_signoff_required": false, "topics": [], "default_branch": "master", "permissions": {"admin": false, "maintain": false, "push": false, "triage": false, "pull": true}, "network_count": 33, "subscribers_count": 7, "_id": 9195}, {"owner": {"type": "User", "site_admin": false}, "fork": false, "created_at": "2008-04-12T18:34:30Z", "updated_at": "2019-08-13T13:22:56Z", "pushed_at": "2011-12-03T03:33:52Z", "size": 547, "stargazers_count": 25, "watchers_count": 25, "language": "Ruby", "has_issues": true, "has_projects": true, "has_downloads": true, "has_wiki": true, "has_pages": false, "has_discussions": false, "forks_count": 3, "mirror_url": null, "archived": false, "disabled": false, "open_issues_count": 0, "license": null, "allow_forking": true, "is_template": false, "web_commit_signoff_required": false, "topics": [], "default_branch": "master", "permissions": {"admin": false, "maintain": false, "push": false, "triage": false, "pull": true}, "network_count": 3, "subscribers_count": 2, "_id": 9198}, {"owner": {"type": "User", "site_admin": false}, "fork": true, "created_at": "2008-04-12T20:01:38Z", "updated_at": "2019-08-13T13:22:56Z", "pushed_at": "2008-04-15T07:46:53Z", "size": 149, "stargazers_count": 3, "watchers_count": 3, "language": null, "has_issues": true, "has_projects": true, "has_downloads": true, "has_wiki": true, "has_pages": false, "has_discussions": false, "forks_count": 0, "mirror_url": null, "archived": false, "disabled": false, "open_issues_count": 0, "license": null, "allow_forking": true, "is_template": false, "web_commit_signoff_required": false, "topics": [], "default_branch": "master", "permissions": {"admin": false, "maintain": false, "push": false, "triage": false, "pull": true}, "network_count": 20, "subscribers_count": 3, "_id": 9211}, {"owner": {"type": "User", "site_admin": false}, "fork": false, "created_at": "2008-04-12T20:10:30Z", "updated_at": "2019-08-13T13:22:56Z", "pushed_at": "2008-06-08T17:22:35Z", "size": 2628, "stargazers_count": 7, "watchers_count": 7, "language": "Ruby", "has_issues": true, "has_projects": true, "has_downloads": true, "has_wiki": true, "has_pages": false, "has_discussions": false, "forks_count": 0, "mirror_url": null, "archived": false, "disabled": false, "open_issues_count": 0, "license": {"key": "mit", "name": "MIT License", "spdx_id": "MIT", "url": "https://api.github.com/licenses/mit", "node_id": "MDc6TGljZW5zZTEz"}, "allow_forking": true, "is_template": false, "web_commit_signoff_required": false, "topics": [], "default_branch": "master", "permissions": {"admin": false, "maintain": false, "push": false, "triage": false, "pull": true}, "network_count": 0, "subscribers_count": 4, "_id": 9213}, {"owner": {"type": "User", "site_admin": false}, "fork": false, "created_at": "2008-04-12T20:57:04Z", "updated_at": "2021-01-13T19:25:24Z", "pushed_at": "2015-08-17T19:49:33Z", "size": 302, "stargazers_count": 213, "watchers_count": 213, "language": "Ruby", "has_issues": true, "has_projects": true, "has_downloads": true, "has_wiki": true, "has_pages": false, "has_discussions": false, "forks_count": 17, "mirror_url": null, "archived": false, "disabled": false, "open_issues_count": 7, "license": {"key": "mit", "name": "MIT License", "spdx_id": "MIT", "url": "https://api.github.com/licenses/mit", "node_id": "MDc6TGljZW5zZTEz"}, "allow_forking": true, "is_template": false, "web_commit_signoff_required": false, "topics": [], "default_branch": "master", "permissions": {"admin": false, "maintain": false, "push": false, "triage": false, "pull": true}, "network_count": 17, "subscribers_count": 6, "_id": 9225}, {"owner": {"type": "User", "site_admin": false}, "fork": true, "created_at": "2008-04-12T21:07:12Z", "updated_at": "2019-08-13T13:22:56Z", "pushed_at": "2008-04-12T21:08:39Z", "size": 110, "stargazers_count": 7, "watchers_count": 7, "language": "C", "has_issues": true, "has_projects": true, "has_downloads": true, "has_wiki": true, "has_pages": false, "has_discussions": false, "forks_count": 1, "mirror_url": null, "archived": false, "disabled": false, "open_issues_count": 0, "license": {"key": "lgpl-2.1", "name": "GNU Lesser General Public License v2.1", "spdx_id": "LGPL-2.1", "url": "https://api.github.com/licenses/lgpl-2.1", "node_id": "MDc6TGljZW5zZTEx"}, "allow_forking": true, "is_template": false, "web_commit_signoff_required": false, "topics": [], "default_branch": "master", "permissions": {"admin": false, "maintain": false, "push": false, "triage": false, "pull": true}, "network_count": 9, "subscribers_count": 3, "_id": 9227}, {"owner": {"type": "User", "site_admin": false}, "fork": true, "created_at": "2008-04-12T21:30:21Z", "updated_at": "2019-08-13T13:22:56Z", "pushed_at": "2008-04-13T06:17:33Z", "size": 6250, "stargazers_count": 3, "watchers_count": 3, "language": "JavaScript", "has_issues": true, "has_projects": true, "has_downloads": true, "has_wiki": true, "has_pages": false, "has_discussions": false, "forks_count": 0, "mirror_url": null, "archived": false, "disabled": false, "open_issues_count": 0, "license": {"key": "gpl-3.0", "name": "GNU General Public License v3.0", "spdx_id": "GPL-3.0", "url": "https://api.github.com/licenses/gpl-3.0", "node_id": "MDc6TGljZW5zZTk="}, "allow_forking": true, "is_template": false, "web_commit_signoff_required": false, "topics": [], "default_branch": "master", "permissions": {"admin": false, "maintain": false, "push": false, "triage": false, "pull": true}, "network_count": 297, "subscribers_count": 3, "_id": 9230}, {"owner": {"type": "User", "site_admin": false}, "fork": false, "created_at": "2008-04-12T21:34:09Z", "updated_at": "2020-03-30T00:39:40Z", "pushed_at": "2020-03-30T00:39:38Z", "size": 210, "stargazers_count": 3, "watchers_count": 3, "language": "Jupyter Notebook", "has_issues": true, "has_projects": true, "has_downloads": true, "has_wiki": true, "has_pages": false, "has_discussions": false, "forks_count": 0, "mirror_url": null, "archived": false, "disabled": false, "open_issues_count": 0, "license": null, "allow_forking": true, "is_template": false, "web_commit_signoff_required": false, "topics": [], "default_branch": "master", "permissions": {"admin": false, "maintain": false, "push": false, "triage": false, "pull": true}, "network_count": 0, "subscribers_count": 3, "_id": 9232}, {"owner": {"type": "User", "site_admin": false}, "fork": true, "created_at": "2008-04-12T21:52:57Z", "updated_at": "2019-08-13T13:22:56Z", "pushed_at": "2008-04-12T21:52:58Z", "size": 910, "stargazers_count": 2, "watchers_count": 2, "language": "JavaScript", "has_issues": true, "has_projects": true, "has_downloads": true, "has_wiki": true, "has_pages": false, "has_discussions": false, "forks_count": 0, "mirror_url": null, "archived": false, "disabled": false, "open_issues_count": 0, "license": null, "allow_forking": true, "is_template": false, "web_commit_signoff_required": false, "topics": [], "default_branch": "master", "permissions": {"admin": false, "maintain": false, "push": false, "triage": false, "pull": true}, "network_count": 413, "subscribers_count": 3, "_id": 9234}, {"owner": {"type": "User", "site_admin": false}, "fork": false, "created_at": "2008-04-12T21:56:01Z", "updated_at": "2019-08-13T13:22:56Z", "pushed_at": "2008-05-31T19:32:27Z", "size": 80, "stargazers_count": 3, "watchers_count": 3, "language": null, "has_issues": true, "has_projects": true, "has_downloads": true, "has_wiki": true, "has_pages": false, "has_discussions": false, "forks_count": 0, "mirror_url": null, "archived": false, "disabled": false, "open_issues_count": 0, "license": null, "allow_forking": true, "is_template": false, "web_commit_signoff_required": false, "topics": [], "default_branch": "master", "permissions": {"admin": false, "maintain": false, "push": false, "triage": false, "pull": true}, "network_count": 0, "subscribers_count": 2, "_id": 9236}, {"owner": {"type": "User", "site_admin": false}, "fork": false, "created_at": "2008-04-12T22:02:21Z", "updated_at": "2019-08-13T13:22:56Z", "pushed_at": "2008-04-13T21:03:54Z", "size": 112, "stargazers_count": 4, "watchers_count": 4, "language": "Perl", "has_issues": true, "has_projects": true, "has_downloads": true, "has_wiki": true, "has_pages": false, "has_discussions": false, "forks_count": 0, "mirror_url": null, "archived": false, "disabled": false, "open_issues_count": 0, "license": null, "allow_forking": true, "is_template": false, "web_commit_signoff_required": false, "topics": [], "default_branch": "master", "permissions": {"admin": false, "maintain": false, "push": false, "triage": false, "pull": true}, "network_count": 0, "subscribers_count": 3, "_id": 9241}, {"owner": {"type": "User", "site_admin": false}, "fork": true, "created_at": "2008-04-12T22:30:38Z", "updated_at": "2020-03-07T09:42:26Z", "pushed_at": "2022-07-13T01:13:20Z", "size": 176896, "stargazers_count": 5, "watchers_count": 5, "language": "Ruby", "has_issues": true, "has_projects": true, "has_downloads": true, "has_wiki": true, "has_pages": false, "has_discussions": false, "forks_count": 0, "mirror_url": null, "archived": false, "disabled": false, "open_issues_count": 0, "license": {"key": "mit", "name": "MIT License", "spdx_id": "MIT", "url": "https://api.github.com/licenses/mit", "node_id": "MDc6TGljZW5zZTEz"}, "allow_forking": true, "is_template": false, "web_commit_signoff_required": false, "topics": [], "default_branch": "master", "permissions": {"admin": false, "maintain": false, "push": false, "triage": false, "pull": true}, "network_count": 20776, "subscribers_count": 3, "_id": 9247}, {"owner": {"type": "User", "site_admin": false}, "fork": false, "created_at": "2008-04-12T22:43:07Z", "updated_at": "2019-08-13T13:22:56Z", "pushed_at": "2008-04-12T22:50:25Z", "size": 80, "stargazers_count": 3, "watchers_count": 3, "language": null, "has_issues": true, "has_projects": true, "has_downloads": true, "has_wiki": true, "has_pages": false, "has_discussions": false, "forks_count": 0, "mirror_url": null, "archived": false, "disabled": false, "open_issues_count": 0, "license": null, "allow_forking": true, "is_template": false, "web_commit_signoff_required": false, "topics": [], "default_branch": "master", "permissions": {"admin": false, "maintain": false, "push": false, "triage": false, "pull": true}, "network_count": 0, "subscribers_count": 2, "_id": 9252}, {"owner": {"type": "User", "site_admin": false}, "fork": true, "created_at": "2008-04-12T22:46:01Z", "updated_at": "2019-08-13T13:22:56Z", "pushed_at": "2008-04-12T22:46:06Z", "size": 510, "stargazers_count": 3, "watchers_count": 3, "language": "Ruby", "has_issues": true, "has_projects": true, "has_downloads": true, "has_wiki": true, "has_pages": false, "has_discussions": false, "forks_count": 0, "mirror_url": null, "archived": false, "disabled": false, "open_issues_count": 0, "license": {"key": "mit", "name": "MIT License", "spdx_id": "MIT", "url": "https://api.github.com/licenses/mit", "node_id": "MDc6TGljZW5zZTEz"}, "allow_forking": true, "is_template": false, "web_commit_signoff_required": false, "topics": [], "default_branch": "master", "permissions": {"admin": false, "maintain": false, "push": false, "triage": false, "pull": true}, "network_count": 1813, "subscribers_count": 2, "_id": 9253}, {"owner": {"type": "User", "site_admin": false}, "fork": false, "created_at": "2008-04-12T23:33:37Z", "updated_at": "2019-08-13T13:22:56Z", "pushed_at": null, "size": 48, "stargazers_count": 3, "watchers_count": 3, "language": null, "has_issues": true, "has_projects": true, "has_downloads": true, "has_wiki": true, "has_pages": false, "has_discussions": false, "forks_count": 0, "mirror_url": null, "archived": false, "disabled": false, "open_issues_count": 0, "license": null, "allow_forking": true, "is_template": false, "web_commit_signoff_required": false, "topics": [], "default_branch": "master", "permissions": {"admin": false, "maintain": false, "push": false, "triage": false, "pull": true}, "network_count": 0, "subscribers_count": 3, "_id": 9262}]