[{"owner": {"type": "User", "site_admin": false}, "fork": false, "created_at": "2008-05-17T00:08:24Z", "updated_at": "2019-08-13T13:24:44Z", "pushed_at": "2008-05-19T22:09:03Z", "size": 84, "stargazers_count": 2, "watchers_count": 2, "language": "Lua", "has_issues": true, "has_projects": true, "has_downloads": true, "has_wiki": true, "has_pages": false, "has_discussions": false, "forks_count": 0, "mirror_url": null, "archived": false, "disabled": false, "open_issues_count": 0, "license": null, "allow_forking": true, "is_template": false, "web_commit_signoff_required": false, "topics": [], "default_branch": "master", "permissions": {"admin": false, "maintain": false, "push": false, "triage": false, "pull": true}, "network_count": 0, "subscribers_count": 2, "_id": 17500}, {"owner": {"type": "User", "site_admin": false}, "fork": false, "created_at": "2008-05-17T00:15:07Z", "updated_at": "2019-08-13T13:24:44Z", "pushed_at": "2013-06-04T11:21:00Z", "size": 256, "stargazers_count": 5, "watchers_count": 5, "language": "CSS", "has_issues": false, "has_projects": true, "has_downloads": true, "has_wiki": false, "has_pages": true, "has_discussions": false, "forks_count": 1, "mirror_url": null, "archived": false, "disabled": false, "open_issues_count": 0, "license": null, "allow_forking": true, "is_template": false, "web_commit_signoff_required": false, "topics": [], "default_branch": "gh-pages", "permissions": {"admin": false, "maintain": false, "push": false, "triage": false, "pull": true}, "network_count": 1, "subscribers_count": 3, "_id": 17502}, {"owner": {"type": "User", "site_admin": false}, "fork": false, "created_at": "2008-05-17T00:18:57Z", "updated_at": "2019-08-13T13:24:44Z", "pushed_at": "2009-06-01T15:18:00Z", "size": 124, "stargazers_count": 1, "watchers_count": 1, "language": "Ruby", "has_issues": true, "has_projects": true, "has_downloads": true, "has_wiki": true, "has_pages": false, "has_discussions": false, "forks_count": 1, "mirror_url": null, "archived": false, "disabled": false, "open_issues_count": 0, "license": {"key": "other", "name": "Other", "spdx_id": "NOASSERTION", "url": null, "node_id": "MDc6TGljZW5zZTA="}, "allow_forking": true, "is_template": false, "web_commit_signoff_required": false, "topics": [], "default_branch": "master", "permissions": {"admin": false, "maintain": false, "push": false, "triage": false, "pull": true}, "network_count": 1, "subscribers_count": 2, "_id": 17503}, {"owner": {"type": "Organization", "site_admin": false}, "fork": false, "created_at": "2008-05-17T00:20:47Z", "updated_at": "2022-11-17T12:40:44Z", "pushed_at": "2019-10-03T12:09:25Z", "size": 2336, "stargazers_count": 227, "watchers_count": 227, "language": "Ruby", "has_issues": true, "has_projects": true, "has_downloads": true, "has_wiki": true, "has_pages": true, "has_discussions": false, "forks_count": 44, "mirror_url": null, "archived": false, "disabled": false, "open_issues_count": 34, "license": {"key": "mit", "name": "MIT License", "spdx_id": "MIT", "url": "https://api.github.com/licenses/mit", "node_id": "MDc6TGljZW5zZTEz"}, "allow_forking": true, "is_template": false, "web_commit_signoff_required": false, "topics": [], "default_branch": "master", "permissions": {"admin": false, "maintain": false, "push": false, "triage": false, "pull": true}, "_id": 17504}, {"owner": {"type": "User", "site_admin": false}, "fork": false, "created_at": "2008-05-17T00:28:28Z", "updated_at": "2019-08-13T13:24:44Z", "pushed_at": "2010-07-28T16:52:57Z", "size": 1424, "stargazers_count": 6, "watchers_count": 6, "language": "Ruby", "has_issues": true, "has_projects": true, "has_downloads": true, "has_wiki": true, "has_pages": false, "has_discussions": false, "forks_count": 0, "mirror_url": null, "archived": false, "disabled": false, "open_issues_count": 0, "license": null, "allow_forking": true, "is_template": false, "web_commit_signoff_required": false, "topics": [], "default_branch": "master", "permissions": {"admin": false, "maintain": false, "push": false, "triage": false, "pull": true}, "_id": 17505}, {"owner": {"type": "User", "site_admin": false}, "fork": false, "created_at": "2008-05-17T00:33:40Z", "updated_at": "2019-08-13T13:24:44Z", "pushed_at": "2009-05-20T22:11:00Z", "size": 134, "stargazers_count": 36, "watchers_count": 36, "language": "JavaScript", "has_issues": true, "has_projects": true, "has_downloads": true, "has_wiki": true, "has_pages": false, "has_discussions": false, "forks_count": 12, "mirror_url": null, "archived": false, "disabled": false, "open_issues_count": 0, "license": {"key": "mit", "name": "MIT License", "spdx_id": "MIT", "url": "https://api.github.com/licenses/mit", "node_id": "MDc6TGljZW5zZTEz"}, "allow_forking": true, "is_template": false, "web_commit_signoff_required": false, "topics": [], "default_branch": "master", "permissions": {"admin": false, "maintain": false, "push": false, "triage": false, "pull": true}, "_id": 17506}, {"owner": {"type": "User", "site_admin": false}, "fork": false, "created_at": "2008-05-17T00:44:40Z", "updated_at": "2019-08-13T13:24:44Z", "pushed_at": "2010-07-29T15:15:58Z", "size": 586, "stargazers_count": 20, "watchers_count": 20, "language": "JavaScript", "has_issues": true, "has_projects": true, "has_downloads": true, "has_wiki": true, "has_pages": false, "has_discussions": false, "forks_count": 7, "mirror_url": null, "archived": false, "disabled": false, "open_issues_count": 0, "license": null, "allow_forking": true, "is_template": false, "web_commit_signoff_required": false, "topics": [], "default_branch": "master", "permissions": {"admin": false, "maintain": false, "push": false, "triage": false, "pull": true}, "_id": 17508}, {"owner": {"type": "User", "site_admin": false}, "fork": true, "created_at": "2008-05-17T00:53:24Z", "updated_at": "2019-08-13T13:24:44Z", "pushed_at": "2010-05-13T22:51:09Z", "size": 322, "stargazers_count": 20, "watchers_count": 20, "language": "JavaScript", "has_issues": true, "has_projects": true, "has_downloads": true, "has_wiki": true, "has_pages": false, "has_discussions": false, "forks_count": 4, "mirror_url": null, "archived": false, "disabled": false, "open_issues_count": 0, "license": {"key": "mit", "name": "MIT License", "spdx_id": "MIT", "url": "https://api.github.com/licenses/mit", "node_id": "MDc6TGljZW5zZTEz"}, "allow_forking": true, "is_template": false, "web_commit_signoff_required": false, "topics": [], "default_branch": "master", "permissions": {"admin": false, "maintain": false, "push": false, "triage": false, "pull": true}, "network_count": 55, "subscribers_count": 5, "_id": 17510}, {"owner": {"type": "User", "site_admin": false}, "fork": false, "created_at": "2008-05-17T00:56:46Z", "updated_at": "2019-08-13T13:24:44Z", "pushed_at": "2012-07-25T23:51:14Z", "size": 130, "stargazers_count": 9, "watchers_count": 9, "language": "Ruby", "has_issues": true, "has_projects": true, "has_downloads": true, "has_wiki": true, "has_pages": false, "has_discussions": false, "forks_count": 6, "mirror_url": null, "archived": false, "disabled": false, "open_issues_count": 0, "license": null, "allow_forking": true, "is_template": false, "web_commit_signoff_required": false, "topics": [], "default_branch": "master", "permissions": {"admin": false, "maintain": false, "push": false, "triage": false, "pull": true}, "_id": 17511}, {"owner": {"type": "User", "site_admin": false}, "fork": false, "created_at": "2008-05-17T01:51:15Z", "updated_at": "2019-08-13T13:24:44Z", "pushed_at": "2010-07-28T16:49:57Z", "size": 1101, "stargazers_count": 9, "watchers_count": 9, "language": "JavaScript", "has_issues": true, "has_projects": true, "has_downloads": true, "has_wiki": true, "has_pages": false, "has_discussions": false, "forks_count": 1, "mirror_url": null, "archived": false, "disabled": false, "open_issues_count": 0, "license": null, "allow_forking": true, "is_template": false, "web_commit_signoff_required": false, "topics": [], "default_branch": "master", "permissions": {"admin": false, "maintain": false, "push": false, "triage": false, "pull": true}, "_id": 17518}, {"owner": {"type": "User", "site_admin": false}, "fork": false, "created_at": "2008-05-17T02:08:06Z", "updated_at": "2019-08-13T13:24:44Z", "pushed_at": "2009-02-09T02:01:41Z", "size": 13320, "stargazers_count": 3, "watchers_count": 3, "language": "Java", "has_issues": true, "has_projects": true, "has_downloads": true, "has_wiki": true, "has_pages": false, "has_discussions": false, "forks_count": 1, "mirror_url": null, "archived": false, "disabled": false, "open_issues_count": 0, "license": null, "allow_forking": true, "is_template": false, "web_commit_signoff_required": false, "topics": [], "default_branch": "master", "permissions": {"admin": false, "maintain": false, "push": false, "triage": false, "pull": true}, "network_count": 1, "subscribers_count": 3, "_id": 17520}, {"owner": {"type": "User", "site_admin": false}, "fork": false, "created_at": "2008-05-17T03:26:49Z", "updated_at": "2019-08-13T13:24:45Z", "pushed_at": "2008-10-23T23:06:44Z", "size": 124, "stargazers_count": 16, "watchers_count": 16, "language": "Ruby", "has_issues": true, "has_projects": true, "has_downloads": true, "has_wiki": true, "has_pages": false, "has_discussions": false, "forks_count": 3, "mirror_url": null, "archived": false, "disabled": false, "open_issues_count": 0, "license": null, "allow_forking": true, "is_template": false, "web_commit_signoff_required": false, "topics": [], "default_branch": "master", "permissions": {"admin": false, "maintain": false, "push": false, "triage": false, "pull": true}, "_id": 17532}, {"owner": {"type": "User", "site_admin": false}, "fork": false, "created_at": "2008-05-17T03:54:47Z", "updated_at": "2022-02-28T13:42:15Z", "pushed_at": "2011-08-04T20:46:32Z", "size": 2773, "stargazers_count": 186, "watchers_count": 186, "language": "Ruby", "has_issues": true, "has_projects": true, "has_downloads": true, "has_wiki": true, "has_pages": false, "has_discussions": false, "forks_count": 31, "mirror_url": null, "archived": false, "disabled": false, "open_issues_count": 10, "license": null, "allow_forking": true, "is_template": false, "web_commit_signoff_required": false, "topics": [], "default_branch": "master", "permissions": {"admin": false, "maintain": false, "push": false, "triage": false, "pull": true}, "_id": 17534}, {"owner": {"type": "User", "site_admin": false}, "fork": true, "created_at": "2008-05-17T04:14:13Z", "updated_at": "2019-08-13T13:24:45Z", "pushed_at": "2008-06-16T04:55:57Z", "size": 112, "stargazers_count": 2, "watchers_count": 2, "language": "Ruby", "has_issues": true, "has_projects": true, "has_downloads": true, "has_wiki": true, "has_pages": false, "has_discussions": false, "forks_count": 0, "mirror_url": null, "archived": false, "disabled": false, "open_issues_count": 0, "license": null, "allow_forking": true, "is_template": false, "web_commit_signoff_required": false, "topics": [], "default_branch": "master", "permissions": {"admin": false, "maintain": false, "push": false, "triage": false, "pull": true}, "network_count": 92, "subscribers_count": 3, "_id": 17539}, {"owner": {"type": "User", "site_admin": false}, "fork": false, "created_at": "2008-05-17T05:02:00Z", "updated_at": "2019-08-13T13:24:45Z", "pushed_at": "2010-07-30T15:52:29Z", "size": 620, "stargazers_count": 39, "watchers_count": 39, "language": "JavaScript", "has_issues": true, "has_projects": true, "has_downloads": true, "has_wiki": true, "has_pages": false, "has_discussions": false, "forks_count": 2, "mirror_url": null, "archived": false, "disabled": false, "open_issues_count": 0, "license": null, "allow_forking": true, "is_template": false, "web_commit_signoff_required": false, "topics": [], "default_branch": "master", "permissions": {"admin": false, "maintain": false, "push": false, "triage": false, "pull": true}, "_id": 17545}, {"owner": {"type": "User", "site_admin": false}, "fork": false, "created_at": "2008-05-17T05:20:59Z", "updated_at": "2019-08-13T13:24:45Z", "pushed_at": "2020-10-01T05:31:02Z", "size": 129, "stargazers_count": 3, "watchers_count": 3, "language": "C", "has_issues": true, "has_projects": true, "has_downloads": true, "has_wiki": true, "has_pages": false, "has_discussions": false, "forks_count": 1, "mirror_url": null, "archived": false, "disabled": false, "open_issues_count": 0, "license": {"key": "mit", "name": "MIT License", "spdx_id": "MIT", "url": "https://api.github.com/licenses/mit", "node_id": "MDc6TGljZW5zZTEz"}, "allow_forking": true, "is_template": false, "web_commit_signoff_required": false, "topics": [], "default_branch": "master", "permissions": {"admin": false, "maintain": false, "push": false, "triage": false, "pull": true}, "network_count": 1, "subscribers_count": 3, "_id": 17549}, {"owner": {"type": "User", "site_admin": false}, "fork": false, "created_at": "2008-05-17T06:02:31Z", "updated_at": "2019-08-13T13:24:45Z", "pushed_at": "2010-07-08T16:12:02Z", "size": 132, "stargazers_count": 6, "watchers_count": 6, "language": "Ruby", "has_issues": true, "has_projects": true, "has_downloads": true, "has_wiki": true, "has_pages": false, "has_discussions": false, "forks_count": 3, "mirror_url": null, "archived": false, "disabled": false, "open_issues_count": 0, "license": null, "allow_forking": true, "is_template": false, "web_commit_signoff_required": false, "topics": [], "default_branch": "master", "permissions": {"admin": false, "maintain": false, "push": false, "triage": false, "pull": true}, "_id": 17555}, {"owner": {"type": "User", "site_admin": false}, "fork": false, "created_at": "2008-05-17T09:00:54Z", "updated_at": "2019-08-13T13:24:45Z", "pushed_at": "2008-06-19T21:11:55Z", "size": 786, "stargazers_count": 18, "watchers_count": 18, "language": "Ruby", "has_issues": true, "has_projects": true, "has_downloads": true, "has_wiki": true, "has_pages": false, "has_discussions": false, "forks_count": 4, "mirror_url": null, "archived": false, "disabled": false, "open_issues_count": 1, "license": null, "allow_forking": true, "is_template": false, "web_commit_signoff_required": false, "topics": [], "default_branch": "master", "permissions": {"admin": false, "maintain": false, "push": false, "triage": false, "pull": true}, "_id": 17565}, {"owner": {"type": "User", "site_admin": false}, "fork": false, "created_at": "2008-05-17T09:45:20Z", "updated_at": "2019-08-13T13:24:45Z", "pushed_at": "2011-11-09T22:29:38Z", "size": 384, "stargazers_count": 6, "watchers_count": 6, "language": "Puppet", "has_issues": true, "has_projects": true, "has_downloads": true, "has_wiki": true, "has_pages": false, "has_discussions": false, "forks_count": 3, "mirror_url": null, "archived": false, "disabled": false, "open_issues_count": 0, "license": null, "allow_forking": true, "is_template": false, "web_commit_signoff_required": false, "topics": [], "default_branch": "master", "permissions": {"admin": false, "maintain": false, "push": false, "triage": false, "pull": true}, "_id": 17568}, {"owner": {"type": "User", "site_admin": false}, "fork": false, "created_at": "2008-05-17T10:22:03Z", "updated_at": "2020-05-31T06:40:12Z", "pushed_at": "2017-01-19T15:53:16Z", "size": 137, "stargazers_count": 15, "watchers_count": 15, "language": "Ruby", "has_issues": true, "has_projects": true, "has_downloads": true, "has_wiki": true, "has_pages": false, "has_discussions": false, "forks_count": 42, "mirror_url": null, "archived": false, "disabled": false, "open_issues_count": 0, "license": {"key": "gpl-3.0", "name": "GNU General Public License v3.0", "spdx_id": "GPL-3.0", "url": "https://api.github.com/licenses/gpl-3.0", "node_id": "MDc6TGljZW5zZTk="}, "allow_forking": true, "is_template": false, "web_commit_signoff_required": false, "topics": [], "default_branch": "master", "permissions": {"admin": false, "maintain": false, "push": false, "triage": false, "pull": true}, "_id": 17571}, {"owner": {"type": "User", "site_admin": false}, "fork": false, "created_at": "2008-05-17T10:30:36Z", "updated_at": "2019-11-15T02:20:24Z", "pushed_at": "2008-05-17T12:36:12Z", "size": 204, "stargazers_count": 6, "watchers_count": 6, "language": "JavaScript", "has_issues": true, "has_projects": true, "has_downloads": true, "has_wiki": true, "has_pages": false, "has_discussions": false, "forks_count": 1, "mirror_url": null, "archived": false, "disabled": false, "open_issues_count": 0, "license": null, "allow_forking": true, "is_template": false, "web_commit_signoff_required": false, "topics": [], "default_branch": "master", "permissions": {"admin": false, "maintain": false, "push": false, "triage": false, "pull": true}, "_id": 17572}, {"owner": {"type": "User", "site_admin": false}, "fork": false, "created_at": "2008-05-17T12:10:45Z", "updated_at": "2020-02-07T18:44:36Z", "pushed_at": "2010-05-16T15:24:26Z", "size": 120, "stargazers_count": 3, "watchers_count": 3, "language": "Ruby", "has_issues": true, "has_projects": true, "has_downloads": true, "has_wiki": true, "has_pages": false, "has_discussions": false, "forks_count": 0, "mirror_url": null, "archived": true, "disabled": false, "open_issues_count": 0, "license": {"key": "mit", "name": "MIT License", "spdx_id": "MIT", "url": "https://api.github.com/licenses/mit", "node_id": "MDc6TGljZW5zZTEz"}, "allow_forking": true, "is_template": false, "web_commit_signoff_required": false, "topics": [], "default_branch": "master", "permissions": {"admin": false, "maintain": false, "push": false, "triage": false, "pull": true}, "network_count": 0, "subscribers_count": 3, "_id": 17578}, {"owner": {"type": "User", "site_admin": false}, "fork": false, "created_at": "2008-05-17T12:29:03Z", "updated_at": "2019-08-13T13:24:45Z", "pushed_at": "2008-05-19T01:49:11Z", "size": 152, "stargazers_count": 2, "watchers_count": 2, "language": "C++", "has_issues": true, "has_projects": true, "has_downloads": true, "has_wiki": true, "has_pages": false, "has_discussions": false, "forks_count": 0, "mirror_url": null, "archived": false, "disabled": false, "open_issues_count": 0, "license": null, "allow_forking": true, "is_template": false, "web_commit_signoff_required": false, "topics": [], "default_branch": "master", "permissions": {"admin": false, "maintain": false, "push": false, "triage": false, "pull": true}, "network_count": 0, "subscribers_count": 2, "_id": 17580}, {"owner": {"type": "User", "site_admin": false}, "fork": false, "created_at": "2008-05-17T12:46:01Z", "updated_at": "2021-05-11T07:39:09Z", "pushed_at": "2008-06-18T20:54:57Z", "size": 148, "stargazers_count": 2, "watchers_count": 2, "language": "C++", "has_issues": true, "has_projects": true, "has_downloads": true, "has_wiki": true, "has_pages": false, "has_discussions": false, "forks_count": 0, "mirror_url": null, "archived": true, "disabled": false, "open_issues_count": 0, "license": null, "allow_forking": true, "is_template": false, "web_commit_signoff_required": false, "topics": [], "default_branch": "master", "permissions": {"admin": false, "maintain": false, "push": false, "triage": false, "pull": true}, "network_count": 0, "subscribers_count": 2, "_id": 17585}, {"owner": {"type": "User", "site_admin": false}, "fork": false, "created_at": "2008-05-17T13:12:06Z", "updated_at": "2019-08-13T13:24:45Z", "pushed_at": "2008-11-10T08:56:44Z", "size": 1296, "stargazers_count": 9, "watchers_count": 9, "language": "JavaScript", "has_issues": true, "has_projects": true, "has_downloads": true, "has_wiki": true, "has_pages": false, "has_discussions": false, "forks_count": 0, "mirror_url": null, "archived": false, "disabled": false, "open_issues_count": 0, "license": null, "allow_forking": true, "is_template": false, "web_commit_signoff_required": false, "topics": [], "default_branch": "master", "permissions": {"admin": false, "maintain": false, "push": false, "triage": false, "pull": true}, "_id": 17589}, {"owner": {"type": "User", "site_admin": false}, "fork": true, "created_at": "2008-05-17T13:46:28Z", "updated_at": "2019-08-13T13:24:45Z", "pushed_at": "2008-05-17T13:46:29Z", "size": 336, "stargazers_count": 2, "watchers_count": 2, "language": "Ruby", "has_issues": true, "has_projects": true, "has_downloads": true, "has_wiki": true, "has_pages": false, "has_discussions": false, "forks_count": 0, "mirror_url": null, "archived": false, "disabled": false, "open_issues_count": 0, "license": null, "allow_forking": true, "is_template": false, "web_commit_signoff_required": false, "topics": [], "default_branch": "master", "permissions": {"admin": false, "maintain": false, "push": false, "triage": false, "pull": true}, "network_count": 4, "subscribers_count": 3, "_id": 17592}, {"owner": {"type": "User", "site_admin": false}, "fork": true, "created_at": "2008-05-17T14:23:35Z", "updated_at": "2019-08-13T13:24:45Z", "pushed_at": "2008-05-17T14:40:09Z", "size": 194, "stargazers_count": 2, "watchers_count": 2, "language": "Ruby", "has_issues": true, "has_projects": true, "has_downloads": true, "has_wiki": true, "has_pages": false, "has_discussions": false, "forks_count": 0, "mirror_url": null, "archived": false, "disabled": false, "open_issues_count": 0, "license": {"key": "mit", "name": "MIT License", "spdx_id": "MIT", "url": "https://api.github.com/licenses/mit", "node_id": "MDc6TGljZW5zZTEz"}, "allow_forking": true, "is_template": false, "web_commit_signoff_required": false, "topics": [], "default_branch": "master", "permissions": {"admin": false, "maintain": false, "push": false, "triage": false, "pull": true}, "network_count": 553, "subscribers_count": 2, "_id": 17599}, {"owner": {"type": "User", "site_admin": false}, "fork": false, "created_at": "2008-05-17T15:12:20Z", "updated_at": "2019-08-13T13:24:45Z", "pushed_at": "2008-07-07T14:25:15Z", "size": 88, "stargazers_count": 3, "watchers_count": 3, "language": "Ruby", "has_issues": true, "has_projects": true, "has_downloads": true, "has_wiki": true, "has_pages": false, "has_discussions": false, "forks_count": 0, "mirror_url": null, "archived": false, "disabled": false, "open_issues_count": 0, "license": {"key": "mit", "name": "MIT License", "spdx_id": "MIT", "url": "https://api.github.com/licenses/mit", "node_id": "MDc6TGljZW5zZTEz"}, "allow_forking": true, "is_template": false, "web_commit_signoff_required": false, "topics": [], "default_branch": "master", "permissions": {"admin": false, "maintain": false, "push": false, "triage": false, "pull": true}, "network_count": 0, "subscribers_count": 2, "_id": 17607}, {"owner": {"type": "User", "site_admin": false}, "fork": false, "created_at": "2008-05-17T16:07:12Z", "updated_at": "2019-09-04T07:16:15Z", "pushed_at": "2008-05-17T16:07:31Z", "size": 116, "stargazers_count": 2, "watchers_count": 2, "language": "Ruby", "has_issues": true, "has_projects": true, "has_downloads": true, "has_wiki": true, "has_pages": false, "has_discussions": false, "forks_count": 0, "mirror_url": null, "archived": false, "disabled": false, "open_issues_count": 0, "license": null, "allow_forking": true, "is_template": false, "web_commit_signoff_required": false, "topics": [], "default_branch": "master", "permissions": {"admin": false, "maintain": false, "push": false, "triage": false, "pull": true}, "network_count": 0, "subscribers_count": 2, "_id": 17611}, {"owner": {"type": "User", "site_admin": false}, "fork": true, "created_at": "2008-05-17T17:17:39Z", "updated_at": "2019-08-13T13:24:45Z", "pushed_at": "2008-05-17T17:17:40Z", "size": 31997, "stargazers_count": 2, "watchers_count": 2, "language": "Ruby", "has_issues": true, "has_projects": true, "has_downloads": true, "has_wiki": true, "has_pages": false, "has_discussions": false, "forks_count": 1, "mirror_url": null, "archived": false, "disabled": false, "open_issues_count": 0, "license": null, "allow_forking": true, "is_template": false, "web_commit_signoff_required": false, "topics": [], "default_branch": "master", "permissions": {"admin": false, "maintain": false, "push": false, "triage": false, "pull": true}, "network_count": 88, "subscribers_count": 2, "_id": 17622}, {"owner": {"type": "User", "site_admin": false}, "fork": true, "created_at": "2008-05-17T18:19:01Z", "updated_at": "2019-08-13T13:24:45Z", "pushed_at": "2009-04-22T19:29:38Z", "size": 8598, "stargazers_count": 2, "watchers_count": 2, "language": "Ruby", "has_issues": true, "has_projects": true, "has_downloads": true, "has_wiki": true, "has_pages": false, "has_discussions": false, "forks_count": 0, "mirror_url": null, "archived": false, "disabled": false, "open_issues_count": 0, "license": {"key": "mit", "name": "MIT License", "spdx_id": "MIT", "url": "https://api.github.com/licenses/mit", "node_id": "MDc6TGljZW5zZTEz"}, "allow_forking": true, "is_template": false, "web_commit_signoff_required": false, "topics": [], "default_branch": "master", "permissions": {"admin": false, "maintain": false, "push": false, "triage": false, "pull": true}, "network_count": 297, "subscribers_count": 3, "_id": 17629}, {"owner": {"type": "User", "site_admin": false}, "fork": false, "created_at": "2008-05-17T19:13:57Z", "updated_at": "2019-08-13T13:24:45Z", "pushed_at": "2022-06-29T13:52:47Z", "size": 112, "stargazers_count": 3, "watchers_count": 3, "language": "Python", "has_issues": true, "has_projects": true, "has_downloads": true, "has_wiki": true, "has_pages": false, "has_discussions": false, "forks_count": 1, "mirror_url": null, "archived": false, "disabled": false, "open_issues_count": 1, "license": {"key": "bsd-3-clause", "name": "BSD 3-Clause \"New\" or \"Revised\" License", "spdx_id": "BSD-3-Clause", "url": "https://api.github.com/licenses/bsd-3-clause", "node_id": "MDc6TGljZW5zZTU="}, "allow_forking": true, "is_template": false, "web_commit_signoff_required": false, "topics": [], "default_branch": "master", "permissions": {"admin": false, "maintain": false, "push": false, "triage": false, "pull": true}, "network_count": 1, "subscribers_count": 3, "_id": 17637}, {"owner": {"type": "User", "site_admin": false}, "fork": false, "created_at": "2008-05-17T19:40:43Z", "updated_at": "2019-08-13T13:24:45Z", "pushed_at": "2008-05-18T03:25:55Z", "size": 84, "stargazers_count": 3, "watchers_count": 3, "language": "Java", "has_issues": true, "has_projects": true, "has_downloads": true, "has_wiki": true, "has_pages": false, "has_discussions": false, "forks_count": 1, "mirror_url": null, "archived": false, "disabled": false, "open_issues_count": 0, "license": null, "allow_forking": true, "is_template": false, "web_commit_signoff_required": false, "topics": [], "default_branch": "master", "permissions": {"admin": false, "maintain": false, "push": false, "triage": false, "pull": true}, "network_count": 1, "subscribers_count": 3, "_id": 17638}, {"owner": {"type": "User", "site_admin": false}, "fork": false, "created_at": "2008-05-17T19:46:09Z", "updated_at": "2019-08-13T13:24:46Z", "pushed_at": "2008-05-18T02:47:45Z", "size": 152, "stargazers_count": 3, "watchers_count": 3, "language": "Ruby", "has_issues": true, "has_projects": true, "has_downloads": true, "has_wiki": true, "has_pages": false, "has_discussions": false, "forks_count": 0, "mirror_url": null, "archived": false, "disabled": false, "open_issues_count": 0, "license": null, "allow_forking": true, "is_template": false, "web_commit_signoff_required": false, "topics": [], "default_branch": "master", "permissions": {"admin": false, "maintain": false, "push": false, "triage": false, "pull": true}, "network_count": 0, "subscribers_count": 3, "_id": 17639}, {"owner": {"type": "User", "site_admin": false}, "fork": false, "created_at": "2008-05-17T20:15:41Z", "updated_at": "2020-12-13T19:30:28Z", "pushed_at": "2012-12-10T09:50:49Z", "size": 319, "stargazers_count": 202, "watchers_count": 202, "language": "Ruby", "has_issues": true, "has_projects": true, "has_downloads": true, "has_wiki": true, "has_pages": false, "has_discussions": false, "forks_count": 49, "mirror_url": null, "archived": false, "disabled": false, "open_issues_count": 6, "license": {"key": "mit", "name": "MIT License", "spdx_id": "MIT", "url": "https://api.github.com/licenses/mit", "node_id": "MDc6TGljZW5zZTEz"}, "allow_forking": true, "is_template": false, "web_commit_signoff_required": false, "topics": [], "default_branch": "master", "permissions": {"admin": false, "maintain": false, "push": false, "triage": false, "pull": true}, "_id": 17645}, {"owner": {"type": "User", "site_admin": false}, "fork": false, "created_at": "2008-05-17T21:33:27Z", "updated_at": "2019-08-13T13:24:46Z", "pushed_at": "2010-10-05T02:43:44Z", "size": 125, "stargazers_count": 21, "watchers_count": 21, "language": "JavaScript", "has_issues": true, "has_projects": true, "has_downloads": true, "has_wiki": true, "has_pages": false, "has_discussions": false, "forks_count": 4, "mirror_url": null, "archived": false, "disabled": false, "open_issues_count": 0, "license": null, "allow_forking": true, "is_template": false, "web_commit_signoff_required": false, "topics": [], "default_branch": "master", "permissions": {"admin": false, "maintain": false, "push": false, "triage": false, "pull": true}, "_id": 17659}, {"owner": {"type": "User", "site_admin": false}, "fork": false, "created_at": "2008-05-17T21:33:50Z", "updated_at": "2019-08-13T13:24:46Z", "pushed_at": "2009-11-03T01:05:00Z", "size": 970, "stargazers_count": 6, "watchers_count": 6, "language": "Ruby", "has_issues": true, "has_projects": true, "has_downloads": true, "has_wiki": true, "has_pages": false, "has_discussions": false, "forks_count": 4, "mirror_url": null, "archived": false, "disabled": false, "open_issues_count": 0, "license": {"key": "gpl-2.0", "name": "GNU General Public License v2.0", "spdx_id": "GPL-2.0", "url": "https://api.github.com/licenses/gpl-2.0", "node_id": "MDc6TGljZW5zZTg="}, "allow_forking": true, "is_template": false, "web_commit_signoff_required": false, "topics": [], "default_branch": "master", "permissions": {"admin": false, "maintain": false, "push": false, "triage": false, "pull": true}, "_id": 17660}, {"owner": {"type": "User", "site_admin": false}, "fork": false, "created_at": "2008-05-17T21:44:34Z", "updated_at": "2019-08-13T13:24:46Z", "pushed_at": "2008-05-17T21:49:50Z", "size": 220, "stargazers_count": 4, "watchers_count": 4, "language": "Ruby", "has_issues": true, "has_projects": true, "has_downloads": true, "has_wiki": true, "has_pages": false, "has_discussions": false, "forks_count": 0, "mirror_url": null, "archived": false, "disabled": false, "open_issues_count": 0, "license": null, "allow_forking": true, "is_template": false, "web_commit_signoff_required": false, "topics": [], "default_branch": "master", "permissions": {"admin": false, "maintain": false, "push": false, "triage": false, "pull": true}, "network_count": 0, "subscribers_count": 3, "_id": 17664}, {"owner": {"type": "User", "site_admin": false}, "fork": false, "created_at": "2008-05-17T21:58:09Z", "updated_at": "2019-08-13T13:24:46Z", "pushed_at": "2008-06-10T22:56:40Z", "size": 8492, "stargazers_count": 4, "watchers_count": 4, "language": "Ruby", "has_issues": true, "has_projects": true, "has_downloads": true, "has_wiki": true, "has_pages": false, "has_discussions": false, "forks_count": 0, "mirror_url": null, "archived": false, "disabled": false, "open_issues_count": 0, "license": null, "allow_forking": true, "is_template": false, "web_commit_signoff_required": false, "topics": [], "default_branch": "master", "permissions": {"admin": false, "maintain": false, "push": false, "triage": false, "pull": true}, "network_count": 0, "subscribers_count": 3, "_id": 17666}, {"owner": {"type": "User", "site_admin": false}, "fork": false, "created_at": "2008-05-17T22:27:34Z", "updated_at": "2019-08-13T13:24:46Z", "pushed_at": "2013-11-03T05:01:21Z", "size": 110, "stargazers_count": 8, "watchers_count": 8, "language": "Objective-C", "has_issues": true, "has_projects": true, "has_downloads": true, "has_wiki": true, "has_pages": false, "has_discussions": false, "forks_count": 3, "mirror_url": null, "archived": false, "disabled": false, "open_issues_count": 1, "license": null, "allow_forking": true, "is_template": false, "web_commit_signoff_required": false, "topics": [], "default_branch": "master", "permissions": {"admin": false, "maintain": false, "push": false, "triage": false, "pull": true}, "_id": 17671}, {"owner": {"type": "User", "site_admin": false}, "fork": false, "created_at": "2008-05-17T22:39:13Z", "updated_at": "2020-05-08T22:57:40Z", "pushed_at": "2015-06-25T05:00:19Z", "size": 1361, "stargazers_count": 36, "watchers_count": 36, "language": "Ruby", "has_issues": true, "has_projects": true, "has_downloads": true, "has_wiki": true, "has_pages": false, "has_discussions": false, "forks_count": 4, "mirror_url": null, "archived": true, "disabled": false, "open_issues_count": 4, "license": {"key": "mit", "name": "MIT License", "spdx_id": "MIT", "url": "https://api.github.com/licenses/mit", "node_id": "MDc6TGljZW5zZTEz"}, "allow_forking": true, "is_template": false, "web_commit_signoff_required": false, "topics": [], "default_branch": "master", "permissions": {"admin": false, "maintain": false, "push": false, "triage": false, "pull": true}, "_id": 17674}, {"owner": {"type": "User", "site_admin": false}, "fork": true, "created_at": "2008-05-17T22:52:49Z", "updated_at": "2019-08-13T13:24:46Z", "pushed_at": "2008-05-17T23:19:14Z", "size": 85, "stargazers_count": 4, "watchers_count": 4, "language": "Ruby", "has_issues": true, "has_projects": true, "has_downloads": true, "has_wiki": true, "has_pages": false, "has_discussions": false, "forks_count": 0, "mirror_url": null, "archived": false, "disabled": false, "open_issues_count": 0, "license": null, "allow_forking": true, "is_template": false, "web_commit_signoff_required": false, "topics": [], "default_branch": "master", "permissions": {"admin": false, "maintain": false, "push": false, "triage": false, "pull": true}, "network_count": 32, "subscribers_count": 3, "_id": 17676}, {"owner": {"type": "User", "site_admin": false}, "fork": false, "created_at": "2008-05-17T23:22:03Z", "updated_at": "2020-09-29T15:56:55Z", "pushed_at": "2008-06-23T16:09:21Z", "size": 277, "stargazers_count": 10, "watchers_count": 10, "language": "Ruby", "has_issues": true, "has_projects": true, "has_downloads": true, "has_wiki": true, "has_pages": false, "has_discussions": false, "forks_count": 7, "mirror_url": null, "archived": true, "disabled": false, "open_issues_count": 1, "license": {"key": "other", "name": "Other", "spdx_id": "NOASSERTION", "url": null, "node_id": "MDc6TGljZW5zZTA="}, "allow_forking": true, "is_template": false, "web_commit_signoff_required": false, "topics": [], "default_branch": "master", "permissions": {"admin": false, "maintain": false, "push": false, "triage": false, "pull": true}, "_id": 17680}]