[{"owner": {"type": "User", "site_admin": false}, "fork": true, "created_at": "2008-03-31T01:29:47Z", "updated_at": "2019-08-13T13:22:27Z", "pushed_at": "2009-01-26T21:21:57Z", "size": 11254, "stargazers_count": 4, "watchers_count": 4, "language": "Ruby", "has_issues": true, "has_projects": true, "has_downloads": true, "has_wiki": true, "has_pages": false, "has_discussions": false, "forks_count": 0, "mirror_url": null, "archived": false, "disabled": false, "open_issues_count": 0, "license": {"key": "mit", "name": "MIT License", "spdx_id": "MIT", "url": "https://api.github.com/licenses/mit", "node_id": "MDc6TGljZW5zZTEz"}, "allow_forking": true, "is_template": false, "web_commit_signoff_required": false, "topics": [], "default_branch": "master", "permissions": {"admin": false, "maintain": false, "push": false, "triage": false, "pull": true}, "network_count": 53, "subscribers_count": 3, "_id": 6267}]