[{"owner": {"type": "User", "site_admin": false}, "fork": false, "created_at": "2008-02-12T05:53:53Z", "updated_at": "2021-09-10T11:15:58Z", "pushed_at": "2014-09-23T04:14:09Z", "size": 208, "stargazers_count": 60, "watchers_count": 60, "language": "Ruby", "has_issues": true, "has_projects": true, "has_downloads": true, "has_wiki": true, "has_pages": false, "has_discussions": false, "forks_count": 16, "mirror_url": null, "archived": false, "disabled": false, "open_issues_count": 0, "license": {"key": "other", "name": "Other", "spdx_id": "NOASSERTION", "url": null, "node_id": "MDc6TGljZW5zZTA="}, "allow_forking": true, "is_template": false, "web_commit_signoff_required": false, "topics": [], "default_branch": "master", "permissions": {"admin": false, "maintain": false, "push": false, "triage": false, "pull": true}, "network_count": 16, "subscribers_count": 4, "_id": 430}]