[{"owner": {"type": "User", "site_admin": false}, "fork": false, "created_at": "2008-05-18T01:02:20Z", "updated_at": "2019-08-13T13:24:46Z", "pushed_at": "2009-05-12T14:22:25Z", "size": 176, "stargazers_count": 2, "watchers_count": 2, "language": "JavaScript", "has_issues": true, "has_projects": true, "has_downloads": true, "has_wiki": true, "has_pages": false, "has_discussions": false, "forks_count": 0, "mirror_url": null, "archived": false, "disabled": false, "open_issues_count": 0, "license": null, "allow_forking": true, "is_template": false, "web_commit_signoff_required": false, "topics": [], "default_branch": "master", "permissions": {"admin": false, "maintain": false, "push": false, "triage": false, "pull": true}, "network_count": 0, "subscribers_count": 3, "_id": 17695}, {"owner": {"type": "User", "site_admin": false}, "fork": false, "created_at": "2008-05-18T01:06:58Z", "updated_at": "2022-10-18T05:05:46Z", "pushed_at": "2022-04-01T04:19:49Z", "size": 29611, "stargazers_count": 3, "watchers_count": 3, "language": "Ruby", "has_issues": true, "has_projects": true, "has_downloads": true, "has_wiki": true, "has_pages": false, "has_discussions": false, "forks_count": 0, "mirror_url": null, "archived": false, "disabled": false, "open_issues_count": 0, "license": null, "allow_forking": true, "is_template": false, "web_commit_signoff_required": false, "topics": [], "default_branch": "master", "permissions": {"admin": false, "maintain": false, "push": false, "triage": false, "pull": true}, "network_count": 0, "subscribers_count": 3, "_id": 17697}, {"owner": {"type": "User", "site_admin": false}, "fork": false, "created_at": "2008-05-18T03:40:35Z", "updated_at": "2019-08-13T13:24:46Z", "pushed_at": "2011-10-21T04:59:42Z", "size": 388, "stargazers_count": 65, "watchers_count": 65, "language": "Ruby", "has_issues": true, "has_projects": true, "has_downloads": true, "has_wiki": true, "has_pages": false, "has_discussions": false, "forks_count": 10, "mirror_url": null, "archived": false, "disabled": false, "open_issues_count": 0, "license": {"key": "other", "name": "Other", "spdx_id": "NOASSERTION", "url": null, "node_id": "MDc6TGljZW5zZTA="}, "allow_forking": true, "is_template": false, "web_commit_signoff_required": false, "topics": [], "default_branch": "master", "permissions": {"admin": false, "maintain": false, "push": false, "triage": false, "pull": true}, "network_count": 10, "subscribers_count": 3, "_id": 17710}, {"owner": {"type": "User", "site_admin": false}, "fork": true, "created_at": "2008-05-18T04:13:46Z", "updated_at": "2019-08-13T13:24:46Z", "pushed_at": "2008-05-19T03:35:11Z", "size": 107, "stargazers_count": 3, "watchers_count": 3, "language": "Perl", "has_issues": true, "has_projects": true, "has_downloads": true, "has_wiki": true, "has_pages": false, "has_discussions": false, "forks_count": 1, "mirror_url": null, "archived": false, "disabled": false, "open_issues_count": 0, "license": {"key": "other", "name": "Other", "spdx_id": "NOASSERTION", "url": null, "node_id": "MDc6TGljZW5zZTA="}, "allow_forking": true, "is_template": false, "web_commit_signoff_required": false, "topics": [], "default_branch": "master", "permissions": {"admin": false, "maintain": false, "push": false, "triage": false, "pull": true}, "network_count": 4, "subscribers_count": 3, "_id": 17712}, {"owner": {"type": "User", "site_admin": false}, "fork": false, "created_at": "2008-05-18T06:22:02Z", "updated_at": "2019-08-13T13:24:46Z", "pushed_at": "2009-03-15T07:36:02Z", "size": 206, "stargazers_count": 6, "watchers_count": 6, "language": "Ruby", "has_issues": true, "has_projects": true, "has_downloads": true, "has_wiki": true, "has_pages": false, "has_discussions": false, "forks_count": 1, "mirror_url": null, "archived": false, "disabled": false, "open_issues_count": 0, "license": {"key": "mit", "name": "MIT License", "spdx_id": "MIT", "url": "https://api.github.com/licenses/mit", "node_id": "MDc6TGljZW5zZTEz"}, "allow_forking": true, "is_template": false, "web_commit_signoff_required": false, "topics": [], "default_branch": "master", "permissions": {"admin": false, "maintain": false, "push": false, "triage": false, "pull": true}, "network_count": 1, "subscribers_count": 5, "_id": 17725}, {"owner": {"type": "User", "site_admin": false}, "fork": false, "created_at": "2008-05-18T06:41:48Z", "updated_at": "2019-08-13T13:24:46Z", "pushed_at": "2019-10-18T23:13:13Z", "size": 682, "stargazers_count": 7, "watchers_count": 7, "language": "Ruby", "has_issues": true, "has_projects": true, "has_downloads": true, "has_wiki": true, "has_pages": false, "has_discussions": false, "forks_count": 2, "mirror_url": null, "archived": false, "disabled": false, "open_issues_count": 1, "license": null, "allow_forking": true, "is_template": false, "web_commit_signoff_required": false, "topics": [], "default_branch": "master", "permissions": {"admin": false, "maintain": false, "push": false, "triage": false, "pull": true}, "network_count": 2, "subscribers_count": 3, "_id": 17727}, {"owner": {"type": "User", "site_admin": false}, "fork": true, "created_at": "2008-05-18T07:33:02Z", "updated_at": "2019-08-13T13:24:46Z", "pushed_at": "2008-05-31T18:42:30Z", "size": 105, "stargazers_count": 1, "watchers_count": 1, "language": "Ruby", "has_issues": true, "has_projects": true, "has_downloads": true, "has_wiki": true, "has_pages": false, "has_discussions": false, "forks_count": 0, "mirror_url": null, "archived": false, "disabled": false, "open_issues_count": 0, "license": null, "allow_forking": true, "is_template": false, "web_commit_signoff_required": false, "topics": [], "default_branch": "master", "permissions": {"admin": false, "maintain": false, "push": false, "triage": false, "pull": true}, "network_count": 56, "subscribers_count": 3, "_id": 17729}, {"owner": {"type": "User", "site_admin": false}, "fork": true, "created_at": "2008-05-18T09:12:52Z", "updated_at": "2019-08-13T13:24:46Z", "pushed_at": "2008-07-09T20:57:17Z", "size": 1115, "stargazers_count": 4, "watchers_count": 4, "language": "Erlang", "has_issues": true, "has_projects": true, "has_downloads": true, "has_wiki": true, "has_pages": false, "has_discussions": false, "forks_count": 1, "mirror_url": null, "archived": false, "disabled": false, "open_issues_count": 0, "license": {"key": "other", "name": "Other", "spdx_id": "NOASSERTION", "url": null, "node_id": "MDc6TGljZW5zZTA="}, "allow_forking": true, "is_template": false, "web_commit_signoff_required": false, "topics": [], "default_branch": "master", "permissions": {"admin": false, "maintain": false, "push": false, "triage": false, "pull": true}, "network_count": 23, "subscribers_count": 3, "_id": 17736}, {"owner": {"type": "User", "site_admin": false}, "fork": false, "created_at": "2008-05-18T09:54:02Z", "updated_at": "2019-08-13T13:24:46Z", "pushed_at": "2016-07-25T18:20:08Z", "size": 4175, "stargazers_count": 3, "watchers_count": 3, "language": "JavaScript", "has_issues": true, "has_projects": true, "has_downloads": true, "has_wiki": true, "has_pages": false, "has_discussions": false, "forks_count": 0, "mirror_url": null, "archived": false, "disabled": false, "open_issues_count": 0, "license": null, "allow_forking": true, "is_template": false, "web_commit_signoff_required": false, "topics": [], "default_branch": "master", "permissions": {"admin": false, "maintain": false, "push": false, "triage": false, "pull": true}, "network_count": 0, "subscribers_count": 3, "_id": 17742}, {"owner": {"type": "User", "site_admin": false}, "fork": false, "created_at": "2008-05-18T11:03:55Z", "updated_at": "2021-06-19T10:21:37Z", "pushed_at": "2008-05-27T18:21:54Z", "size": 232, "stargazers_count": 18, "watchers_count": 18, "language": "C++", "has_issues": true, "has_projects": true, "has_downloads": true, "has_wiki": true, "has_pages": false, "has_discussions": false, "forks_count": 10, "mirror_url": null, "archived": false, "disabled": false, "open_issues_count": 0, "license": {"key": "gpl-2.0", "name": "GNU General Public License v2.0", "spdx_id": "GPL-2.0", "url": "https://api.github.com/licenses/gpl-2.0", "node_id": "MDc6TGljZW5zZTg="}, "allow_forking": true, "is_template": false, "web_commit_signoff_required": false, "topics": [], "default_branch": "master", "permissions": {"admin": false, "maintain": false, "push": false, "triage": false, "pull": true}, "network_count": 10, "subscribers_count": 6, "_id": 17749}, {"owner": {"type": "User", "site_admin": false}, "fork": false, "created_at": "2008-05-18T11:17:08Z", "updated_at": "2019-08-13T13:24:46Z", "pushed_at": "2011-11-09T22:29:26Z", "size": 176, "stargazers_count": 5, "watchers_count": 5, "language": "Puppet", "has_issues": true, "has_projects": true, "has_downloads": true, "has_wiki": true, "has_pages": false, "has_discussions": false, "forks_count": 0, "mirror_url": null, "archived": false, "disabled": false, "open_issues_count": 0, "license": null, "allow_forking": true, "is_template": false, "web_commit_signoff_required": false, "topics": [], "default_branch": "master", "permissions": {"admin": false, "maintain": false, "push": false, "triage": false, "pull": true}, "network_count": 0, "subscribers_count": 3, "_id": 17753}, {"owner": {"type": "User", "site_admin": false}, "fork": false, "created_at": "2008-05-18T11:37:05Z", "updated_at": "2019-08-13T13:24:46Z", "pushed_at": "2008-05-18T11:38:23Z", "size": 2700, "stargazers_count": 2, "watchers_count": 2, "language": "Java", "has_issues": true, "has_projects": true, "has_downloads": true, "has_wiki": true, "has_pages": false, "has_discussions": false, "forks_count": 3, "mirror_url": null, "archived": false, "disabled": false, "open_issues_count": 0, "license": {"key": "lgpl-2.1", "name": "GNU Lesser General Public License v2.1", "spdx_id": "LGPL-2.1", "url": "https://api.github.com/licenses/lgpl-2.1", "node_id": "MDc6TGljZW5zZTEx"}, "allow_forking": true, "is_template": false, "web_commit_signoff_required": false, "topics": [], "default_branch": "master", "permissions": {"admin": false, "maintain": false, "push": false, "triage": false, "pull": true}, "network_count": 3, "subscribers_count": 3, "_id": 17759}, {"owner": {"type": "User", "site_admin": false}, "fork": false, "created_at": "2008-05-18T11:45:26Z", "updated_at": "2019-08-13T13:24:46Z", "pushed_at": "2009-04-21T17:09:03Z", "size": 828, "stargazers_count": 2, "watchers_count": 2, "language": "JavaScript", "has_issues": true, "has_projects": true, "has_downloads": true, "has_wiki": true, "has_pages": false, "has_discussions": false, "forks_count": 0, "mirror_url": null, "archived": false, "disabled": false, "open_issues_count": 0, "license": null, "allow_forking": true, "is_template": false, "web_commit_signoff_required": false, "topics": [], "default_branch": "master", "permissions": {"admin": false, "maintain": false, "push": false, "triage": false, "pull": true}, "network_count": 0, "subscribers_count": 2, "_id": 17761}, {"owner": {"type": "User", "site_admin": false}, "fork": false, "created_at": "2008-05-18T11:50:43Z", "updated_at": "2019-08-13T13:24:46Z", "pushed_at": "2009-01-07T11:35:50Z", "size": 99, "stargazers_count": 12, "watchers_count": 12, "language": "Ruby", "has_issues": true, "has_projects": true, "has_downloads": true, "has_wiki": true, "has_pages": false, "has_discussions": false, "forks_count": 2, "mirror_url": null, "archived": false, "disabled": false, "open_issues_count": 1, "license": {"key": "mit", "name": "MIT License", "spdx_id": "MIT", "url": "https://api.github.com/licenses/mit", "node_id": "MDc6TGljZW5zZTEz"}, "allow_forking": true, "is_template": false, "web_commit_signoff_required": false, "topics": [], "default_branch": "master", "permissions": {"admin": false, "maintain": false, "push": false, "triage": false, "pull": true}, "network_count": 2, "subscribers_count": 6, "_id": 17762}, {"owner": {"type": "User", "site_admin": false}, "fork": false, "created_at": "2008-05-18T11:59:49Z", "updated_at": "2019-08-13T13:24:47Z", "pushed_at": "2009-09-26T18:34:28Z", "size": 588, "stargazers_count": 3, "watchers_count": 3, "language": "JavaScript", "has_issues": true, "has_projects": true, "has_downloads": true, "has_wiki": true, "has_pages": false, "has_discussions": false, "forks_count": 0, "mirror_url": null, "archived": false, "disabled": false, "open_issues_count": 0, "license": null, "allow_forking": true, "is_template": false, "web_commit_signoff_required": false, "topics": [], "default_branch": "master", "permissions": {"admin": false, "maintain": false, "push": false, "triage": false, "pull": true}, "network_count": 0, "subscribers_count": 2, "_id": 17765}, {"owner": {"type": "User", "site_admin": false}, "fork": false, "created_at": "2008-05-18T12:19:16Z", "updated_at": "2019-08-13T13:24:47Z", "pushed_at": "2010-03-10T19:16:21Z", "size": 84, "stargazers_count": 6, "watchers_count": 6, "language": "Ruby", "has_issues": true, "has_projects": true, "has_downloads": true, "has_wiki": true, "has_pages": false, "has_discussions": false, "forks_count": 0, "mirror_url": null, "archived": false, "disabled": false, "open_issues_count": 0, "license": {"key": "mit", "name": "MIT License", "spdx_id": "MIT", "url": "https://api.github.com/licenses/mit", "node_id": "MDc6TGljZW5zZTEz"}, "allow_forking": true, "is_template": false, "web_commit_signoff_required": false, "topics": [], "default_branch": "master", "permissions": {"admin": false, "maintain": false, "push": false, "triage": false, "pull": true}, "network_count": 0, "subscribers_count": 6, "_id": 17768}, {"owner": {"type": "User", "site_admin": false}, "fork": false, "created_at": "2008-05-18T12:24:47Z", "updated_at": "2019-08-13T13:24:47Z", "pushed_at": "2008-05-18T12:26:23Z", "size": 208, "stargazers_count": 3, "watchers_count": 3, "language": "JavaScript", "has_issues": true, "has_projects": true, "has_downloads": true, "has_wiki": true, "has_pages": false, "has_discussions": false, "forks_count": 0, "mirror_url": null, "archived": false, "disabled": false, "open_issues_count": 1, "license": {"key": "other", "name": "Other", "spdx_id": "NOASSERTION", "url": null, "node_id": "MDc6TGljZW5zZTA="}, "allow_forking": true, "is_template": false, "web_commit_signoff_required": false, "topics": [], "default_branch": "master", "permissions": {"admin": false, "maintain": false, "push": false, "triage": false, "pull": true}, "network_count": 0, "subscribers_count": 2, "_id": 17771}, {"owner": {"type": "User", "site_admin": false}, "fork": false, "created_at": "2008-05-18T12:24:51Z", "updated_at": "2019-08-13T13:24:47Z", "pushed_at": "2008-05-18T12:29:53Z", "size": 740, "stargazers_count": 2, "watchers_count": 2, "language": "JavaScript", "has_issues": true, "has_projects": true, "has_downloads": true, "has_wiki": true, "has_pages": false, "has_discussions": false, "forks_count": 0, "mirror_url": null, "archived": false, "disabled": false, "open_issues_count": 0, "license": null, "allow_forking": true, "is_template": false, "web_commit_signoff_required": false, "topics": [], "default_branch": "master", "permissions": {"admin": false, "maintain": false, "push": false, "triage": false, "pull": true}, "network_count": 0, "subscribers_count": 2, "_id": 17772}, {"owner": {"type": "User", "site_admin": false}, "fork": false, "created_at": "2008-05-18T12:32:30Z", "updated_at": "2019-08-13T13:24:47Z", "pushed_at": "2008-05-18T13:12:59Z", "size": 85, "stargazers_count": 1, "watchers_count": 1, "language": "Ruby", "has_issues": true, "has_projects": true, "has_downloads": true, "has_wiki": true, "has_pages": false, "has_discussions": false, "forks_count": 1, "mirror_url": null, "archived": false, "disabled": false, "open_issues_count": 0, "license": {"key": "mit", "name": "MIT License", "spdx_id": "MIT", "url": "https://api.github.com/licenses/mit", "node_id": "MDc6TGljZW5zZTEz"}, "allow_forking": true, "is_template": false, "web_commit_signoff_required": false, "topics": [], "default_branch": "master", "permissions": {"admin": false, "maintain": false, "push": false, "triage": false, "pull": true}, "network_count": 1, "subscribers_count": 2, "_id": 17777}, {"owner": {"type": "User", "site_admin": false}, "fork": false, "created_at": "2008-05-18T13:38:22Z", "updated_at": "2022-03-18T18:42:40Z", "pushed_at": "2021-07-30T16:44:30Z", "size": 1646, "stargazers_count": 5, "watchers_count": 5, "language": "GLSL", "has_issues": true, "has_projects": true, "has_downloads": true, "has_wiki": true, "has_pages": false, "has_discussions": false, "forks_count": 1, "mirror_url": null, "archived": false, "disabled": false, "open_issues_count": 3, "license": null, "allow_forking": true, "is_template": false, "web_commit_signoff_required": false, "topics": [], "default_branch": "master", "permissions": {"admin": false, "maintain": false, "push": false, "triage": false, "pull": true}, "network_count": 1, "subscribers_count": 5, "_id": 17785}, {"owner": {"type": "Organization", "site_admin": false}, "fork": false, "created_at": "2008-05-18T13:40:10Z", "updated_at": "2022-11-07T04:34:35Z", "pushed_at": "2022-11-21T23:42:33Z", "size": 374, "stargazers_count": 101, "watchers_count": 101, "language": "R", "has_issues": true, "has_projects": false, "has_downloads": true, "has_wiki": false, "has_pages": false, "has_discussions": false, "forks_count": 35, "mirror_url": null, "archived": false, "disabled": false, "open_issues_count": 18, "license": {"key": "other", "name": "Other", "spdx_id": "NOASSERTION", "url": null, "node_id": "MDc6TGljZW5zZTA="}, "allow_forking": true, "is_template": false, "web_commit_signoff_required": false, "topics": ["evaluation", "parsing", "r", "r-package", "repl"], "default_branch": "main", "permissions": {"admin": false, "maintain": false, "push": false, "triage": false, "pull": true}, "network_count": 35, "subscribers_count": 11, "_id": 17786}, {"owner": {"type": "User", "site_admin": false}, "fork": true, "created_at": "2008-05-18T14:01:53Z", "updated_at": "2019-08-13T13:24:47Z", "pushed_at": "2008-05-25T16:34:17Z", "size": 299, "stargazers_count": 3, "watchers_count": 3, "language": "JavaScript", "has_issues": true, "has_projects": true, "has_downloads": true, "has_wiki": true, "has_pages": false, "has_discussions": false, "forks_count": 0, "mirror_url": null, "archived": false, "disabled": false, "open_issues_count": 0, "license": {"key": "other", "name": "Other", "spdx_id": "NOASSERTION", "url": null, "node_id": "MDc6TGljZW5zZTA="}, "allow_forking": true, "is_template": false, "web_commit_signoff_required": false, "topics": [], "default_branch": "master", "permissions": {"admin": false, "maintain": false, "push": false, "triage": false, "pull": true}, "network_count": 10, "subscribers_count": 3, "_id": 17791}, {"owner": {"type": "User", "site_admin": false}, "fork": false, "created_at": "2008-05-18T14:07:11Z", "updated_at": "2022-08-16T05:12:46Z", "pushed_at": "2008-12-04T22:49:12Z", "size": 398, "stargazers_count": 79, "watchers_count": 79, "language": "Python", "has_issues": true, "has_projects": true, "has_downloads": true, "has_wiki": true, "has_pages": false, "has_discussions": false, "forks_count": 50, "mirror_url": null, "archived": false, "disabled": false, "open_issues_count": 4, "license": null, "allow_forking": true, "is_template": false, "web_commit_signoff_required": false, "topics": [], "default_branch": "master", "permissions": {"admin": false, "maintain": false, "push": false, "triage": false, "pull": true}, "network_count": 50, "subscribers_count": 9, "_id": 17792}, {"owner": {"type": "User", "site_admin": false}, "fork": false, "created_at": "2008-05-18T15:18:38Z", "updated_at": "2019-08-13T13:24:47Z", "pushed_at": "2008-06-25T01:19:30Z", "size": 92, "stargazers_count": 2, "watchers_count": 2, "language": "C", "has_issues": true, "has_projects": true, "has_downloads": true, "has_wiki": true, "has_pages": false, "has_discussions": false, "forks_count": 0, "mirror_url": null, "archived": false, "disabled": false, "open_issues_count": 0, "license": null, "allow_forking": true, "is_template": false, "web_commit_signoff_required": false, "topics": [], "default_branch": "master", "permissions": {"admin": false, "maintain": false, "push": false, "triage": false, "pull": true}, "network_count": 0, "subscribers_count": 3, "_id": 17801}, {"owner": {"type": "User", "site_admin": false}, "fork": false, "created_at": "2008-05-18T18:18:35Z", "updated_at": "2021-09-13T21:54:59Z", "pushed_at": "2008-05-18T18:48:08Z", "size": 82, "stargazers_count": 4, "watchers_count": 4, "language": "Ruby", "has_issues": true, "has_projects": true, "has_downloads": true, "has_wiki": true, "has_pages": false, "has_discussions": false, "forks_count": 45, "mirror_url": null, "archived": false, "disabled": false, "open_issues_count": 0, "license": {"key": "mit", "name": "MIT License", "spdx_id": "MIT", "url": "https://api.github.com/licenses/mit", "node_id": "MDc6TGljZW5zZTEz"}, "allow_forking": true, "is_template": false, "web_commit_signoff_required": false, "topics": [], "default_branch": "master", "permissions": {"admin": false, "maintain": false, "push": false, "triage": false, "pull": true}, "network_count": 45, "subscribers_count": 3, "_id": 17829}, {"owner": {"type": "User", "site_admin": false}, "fork": false, "created_at": "2008-05-18T18:31:19Z", "updated_at": "2019-08-13T13:24:47Z", "pushed_at": "2008-05-18T20:09:56Z", "size": 776, "stargazers_count": 3, "watchers_count": 3, "language": "Ruby", "has_issues": true, "has_projects": true, "has_downloads": true, "has_wiki": true, "has_pages": false, "has_discussions": false, "forks_count": 0, "mirror_url": null, "archived": false, "disabled": false, "open_issues_count": 0, "license": null, "allow_forking": true, "is_template": false, "web_commit_signoff_required": false, "topics": [], "default_branch": "master", "permissions": {"admin": false, "maintain": false, "push": false, "triage": false, "pull": true}, "network_count": 0, "subscribers_count": 3, "_id": 17832}, {"owner": {"type": "User", "site_admin": false}, "fork": false, "created_at": "2008-05-18T18:59:23Z", "updated_at": "2019-08-13T13:24:47Z", "pushed_at": "2008-05-26T19:48:34Z", "size": 100, "stargazers_count": 9, "watchers_count": 9, "language": "Ruby", "has_issues": true, "has_projects": true, "has_downloads": true, "has_wiki": true, "has_pages": false, "has_discussions": false, "forks_count": 1, "mirror_url": null, "archived": false, "disabled": false, "open_issues_count": 0, "license": null, "allow_forking": true, "is_template": false, "web_commit_signoff_required": false, "topics": [], "default_branch": "master", "permissions": {"admin": false, "maintain": false, "push": false, "triage": false, "pull": true}, "network_count": 1, "subscribers_count": 3, "_id": 17836}, {"owner": {"type": "User", "site_admin": false}, "fork": false, "created_at": "2008-05-18T19:05:11Z", "updated_at": "2021-06-23T09:45:02Z", "pushed_at": "2008-05-18T22:12:03Z", "size": 267, "stargazers_count": 23, "watchers_count": 23, "language": "Ruby", "has_issues": true, "has_projects": true, "has_downloads": true, "has_wiki": true, "has_pages": false, "has_discussions": false, "forks_count": 8, "mirror_url": null, "archived": false, "disabled": false, "open_issues_count": 0, "license": {"key": "other", "name": "Other", "spdx_id": "NOASSERTION", "url": null, "node_id": "MDc6TGljZW5zZTA="}, "allow_forking": true, "is_template": false, "web_commit_signoff_required": false, "topics": [], "default_branch": "master", "permissions": {"admin": false, "maintain": false, "push": false, "triage": false, "pull": true}, "network_count": 8, "subscribers_count": 3, "_id": 17837}, {"owner": {"type": "User", "site_admin": false}, "fork": false, "created_at": "2008-05-18T19:12:12Z", "updated_at": "2019-08-13T13:24:47Z", "pushed_at": "2008-05-22T20:04:05Z", "size": 84, "stargazers_count": 1, "watchers_count": 1, "language": "Ruby", "has_issues": true, "has_projects": true, "has_downloads": true, "has_wiki": true, "has_pages": false, "has_discussions": false, "forks_count": 0, "mirror_url": null, "archived": false, "disabled": false, "open_issues_count": 0, "license": null, "allow_forking": true, "is_template": false, "web_commit_signoff_required": false, "topics": [], "default_branch": "master", "permissions": {"admin": false, "maintain": false, "push": false, "triage": false, "pull": true}, "network_count": 0, "subscribers_count": 3, "_id": 17839}, {"owner": {"type": "User", "site_admin": false}, "fork": false, "created_at": "2008-05-18T19:36:03Z", "updated_at": "2019-08-13T13:24:48Z", "pushed_at": "2008-05-18T23:49:17Z", "size": 92, "stargazers_count": 1, "watchers_count": 1, "language": "JavaScript", "has_issues": true, "has_projects": true, "has_downloads": true, "has_wiki": true, "has_pages": false, "has_discussions": false, "forks_count": 1, "mirror_url": null, "archived": true, "disabled": false, "open_issues_count": 0, "license": {"key": "other", "name": "Other", "spdx_id": "NOASSERTION", "url": null, "node_id": "MDc6TGljZW5zZTA="}, "allow_forking": true, "is_template": false, "web_commit_signoff_required": false, "topics": [], "default_branch": "master", "permissions": {"admin": false, "maintain": false, "push": false, "triage": false, "pull": true}, "network_count": 1, "subscribers_count": 2, "_id": 17842}, {"owner": {"type": "User", "site_admin": false}, "fork": false, "created_at": "2008-05-18T19:42:31Z", "updated_at": "2019-08-13T13:24:48Z", "pushed_at": "2009-11-21T18:55:24Z", "size": 2416, "stargazers_count": 3, "watchers_count": 3, "language": "Ruby", "has_issues": true, "has_projects": true, "has_downloads": true, "has_wiki": true, "has_pages": false, "has_discussions": false, "forks_count": 0, "mirror_url": null, "archived": false, "disabled": false, "open_issues_count": 1, "license": null, "allow_forking": true, "is_template": false, "web_commit_signoff_required": false, "topics": [], "default_branch": "master", "permissions": {"admin": false, "maintain": false, "push": false, "triage": false, "pull": true}, "network_count": 0, "subscribers_count": 2, "_id": 17845}, {"owner": {"type": "User", "site_admin": false}, "fork": false, "created_at": "2008-05-18T20:06:38Z", "updated_at": "2022-05-04T01:51:52Z", "pushed_at": "2008-05-18T20:28:09Z", "size": 108, "stargazers_count": 38, "watchers_count": 38, "language": "C", "has_issues": true, "has_projects": true, "has_downloads": true, "has_wiki": true, "has_pages": false, "has_discussions": false, "forks_count": 1, "mirror_url": null, "archived": false, "disabled": false, "open_issues_count": 0, "license": null, "allow_forking": true, "is_template": false, "web_commit_signoff_required": false, "topics": [], "default_branch": "master", "permissions": {"admin": false, "maintain": false, "push": false, "triage": false, "pull": true}, "network_count": 1, "subscribers_count": 4, "_id": 17849}, {"owner": {"type": "User", "site_admin": false}, "fork": false, "created_at": "2008-05-18T20:31:12Z", "updated_at": "2019-08-13T13:24:48Z", "pushed_at": "2008-05-18T20:37:08Z", "size": 80, "stargazers_count": 5, "watchers_count": 5, "language": "Ruby", "has_issues": true, "has_projects": true, "has_downloads": true, "has_wiki": true, "has_pages": false, "has_discussions": false, "forks_count": 0, "mirror_url": null, "archived": false, "disabled": false, "open_issues_count": 0, "license": null, "allow_forking": true, "is_template": false, "web_commit_signoff_required": false, "topics": [], "default_branch": "master", "permissions": {"admin": false, "maintain": false, "push": false, "triage": false, "pull": true}, "network_count": 0, "subscribers_count": 3, "_id": 17857}, {"owner": {"type": "User", "site_admin": false}, "fork": false, "created_at": "2008-05-18T20:51:35Z", "updated_at": "2019-08-13T13:24:48Z", "pushed_at": "2018-05-01T08:43:09Z", "size": 86, "stargazers_count": 1, "watchers_count": 1, "language": "Python", "has_issues": true, "has_projects": true, "has_downloads": true, "has_wiki": true, "has_pages": false, "has_discussions": false, "forks_count": 0, "mirror_url": null, "archived": false, "disabled": false, "open_issues_count": 0, "license": {"key": "gpl-3.0", "name": "GNU General Public License v3.0", "spdx_id": "GPL-3.0", "url": "https://api.github.com/licenses/gpl-3.0", "node_id": "MDc6TGljZW5zZTk="}, "allow_forking": true, "is_template": false, "web_commit_signoff_required": false, "topics": [], "default_branch": "master", "permissions": {"admin": false, "maintain": false, "push": false, "triage": false, "pull": true}, "network_count": 0, "subscribers_count": 2, "_id": 17862}, {"owner": {"type": "User", "site_admin": false}, "fork": true, "created_at": "2008-05-18T20:55:32Z", "updated_at": "2019-08-13T13:24:48Z", "pushed_at": "2008-05-18T20:55:33Z", "size": 417, "stargazers_count": 3, "watchers_count": 3, "language": "Ruby", "has_issues": true, "has_projects": true, "has_downloads": true, "has_wiki": true, "has_pages": false, "has_discussions": false, "forks_count": 0, "mirror_url": null, "archived": false, "disabled": false, "open_issues_count": 0, "license": {"key": "other", "name": "Other", "spdx_id": "NOASSERTION", "url": null, "node_id": "MDc6TGljZW5zZTA="}, "allow_forking": true, "is_template": false, "web_commit_signoff_required": false, "topics": [], "default_branch": "master", "permissions": {"admin": false, "maintain": false, "push": false, "triage": false, "pull": true}, "network_count": 35, "subscribers_count": 3, "_id": 17863}, {"owner": {"type": "User", "site_admin": false}, "fork": true, "created_at": "2008-05-18T20:55:44Z", "updated_at": "2019-08-13T13:24:48Z", "pushed_at": "2008-05-18T20:55:49Z", "size": 2080, "stargazers_count": 2, "watchers_count": 2, "language": "Ruby", "has_issues": true, "has_projects": true, "has_downloads": true, "has_wiki": true, "has_pages": false, "has_discussions": false, "forks_count": 0, "mirror_url": null, "archived": false, "disabled": false, "open_issues_count": 0, "license": {"key": "mit", "name": "MIT License", "spdx_id": "MIT", "url": "https://api.github.com/licenses/mit", "node_id": "MDc6TGljZW5zZTEz"}, "allow_forking": true, "is_template": false, "web_commit_signoff_required": false, "topics": [], "default_branch": "master", "permissions": {"admin": false, "maintain": false, "push": false, "triage": false, "pull": true}, "network_count": 61, "subscribers_count": 3, "_id": 17864}, {"owner": {"type": "User", "site_admin": false}, "fork": true, "created_at": "2008-05-18T21:04:19Z", "updated_at": "2019-08-13T13:24:48Z", "pushed_at": "2008-05-18T21:04:22Z", "size": 81, "stargazers_count": 2, "watchers_count": 2, "language": "Ruby", "has_issues": true, "has_projects": true, "has_downloads": true, "has_wiki": true, "has_pages": false, "has_discussions": false, "forks_count": 0, "mirror_url": null, "archived": false, "disabled": false, "open_issues_count": 0, "license": {"key": "mit", "name": "MIT License", "spdx_id": "MIT", "url": "https://api.github.com/licenses/mit", "node_id": "MDc6TGljZW5zZTEz"}, "allow_forking": true, "is_template": false, "web_commit_signoff_required": false, "topics": [], "default_branch": "master", "permissions": {"admin": false, "maintain": false, "push": false, "triage": false, "pull": true}, "network_count": 2, "subscribers_count": 2, "_id": 17866}, {"owner": {"type": "User", "site_admin": false}, "fork": false, "created_at": "2008-05-18T21:07:49Z", "updated_at": "2019-08-13T13:24:48Z", "pushed_at": "2008-05-21T06:12:35Z", "size": 88, "stargazers_count": 2, "watchers_count": 2, "language": "Ruby", "has_issues": true, "has_projects": true, "has_downloads": true, "has_wiki": true, "has_pages": false, "has_discussions": false, "forks_count": 0, "mirror_url": null, "archived": false, "disabled": false, "open_issues_count": 0, "license": null, "allow_forking": true, "is_template": false, "web_commit_signoff_required": false, "topics": [], "default_branch": "master", "permissions": {"admin": false, "maintain": false, "push": false, "triage": false, "pull": true}, "network_count": 0, "subscribers_count": 3, "_id": 17868}, {"owner": {"type": "User", "site_admin": false}, "fork": false, "created_at": "2008-05-18T21:13:35Z", "updated_at": "2019-08-13T13:24:48Z", "pushed_at": "2008-05-19T20:20:20Z", "size": 584, "stargazers_count": 2, "watchers_count": 2, "language": "JavaScript", "has_issues": true, "has_projects": true, "has_downloads": true, "has_wiki": true, "has_pages": false, "has_discussions": false, "forks_count": 0, "mirror_url": null, "archived": false, "disabled": false, "open_issues_count": 0, "license": null, "allow_forking": true, "is_template": false, "web_commit_signoff_required": false, "topics": [], "default_branch": "master", "permissions": {"admin": false, "maintain": false, "push": false, "triage": false, "pull": true}, "network_count": 0, "subscribers_count": 3, "_id": 17869}, {"owner": {"type": "User", "site_admin": false}, "fork": false, "created_at": "2008-05-18T21:25:55Z", "updated_at": "2021-06-15T20:17:42Z", "pushed_at": "2011-10-31T22:16:06Z", "size": 122, "stargazers_count": 36, "watchers_count": 36, "language": "Ruby", "has_issues": true, "has_projects": true, "has_downloads": true, "has_wiki": true, "has_pages": false, "has_discussions": false, "forks_count": 3, "mirror_url": null, "archived": false, "disabled": false, "open_issues_count": 0, "license": {"key": "mit", "name": "MIT License", "spdx_id": "MIT", "url": "https://api.github.com/licenses/mit", "node_id": "MDc6TGljZW5zZTEz"}, "allow_forking": true, "is_template": false, "web_commit_signoff_required": false, "topics": [], "default_branch": "master", "permissions": {"admin": false, "maintain": false, "push": false, "triage": false, "pull": true}, "network_count": 3, "subscribers_count": 4, "_id": 17873}, {"owner": {"type": "User", "site_admin": false}, "fork": false, "created_at": "2008-05-18T21:40:19Z", "updated_at": "2019-08-13T13:24:48Z", "pushed_at": "2008-05-30T15:11:19Z", "size": 84, "stargazers_count": 1, "watchers_count": 1, "language": null, "has_issues": true, "has_projects": true, "has_downloads": true, "has_wiki": true, "has_pages": false, "has_discussions": false, "forks_count": 1, "mirror_url": null, "archived": false, "disabled": false, "open_issues_count": 0, "license": null, "allow_forking": true, "is_template": false, "web_commit_signoff_required": false, "topics": [], "default_branch": "master", "permissions": {"admin": false, "maintain": false, "push": false, "triage": false, "pull": true}, "network_count": 1, "subscribers_count": 3, "_id": 17875}, {"owner": {"type": "Organization", "site_admin": false}, "fork": false, "created_at": "2008-05-18T21:43:54Z", "updated_at": "2022-10-21T15:47:33Z", "pushed_at": "2022-09-13T15:58:46Z", "size": 1987, "stargazers_count": 317, "watchers_count": 317, "language": "Ruby", "has_issues": true, "has_projects": true, "has_downloads": true, "has_wiki": true, "has_pages": false, "has_discussions": false, "forks_count": 40, "mirror_url": null, "archived": false, "disabled": false, "open_issues_count": 17, "license": {"key": "other", "name": "Other", "spdx_id": "NOASSERTION", "url": null, "node_id": "MDc6TGljZW5zZTA="}, "allow_forking": true, "is_template": false, "web_commit_signoff_required": false, "topics": [], "default_branch": "master", "permissions": {"admin": false, "maintain": false, "push": false, "triage": false, "pull": true}, "network_count": 40, "subscribers_count": 18, "_id": 17876}, {"owner": {"type": "User", "site_admin": false}, "fork": true, "created_at": "2008-05-18T22:10:14Z", "updated_at": "2019-08-13T13:24:48Z", "pushed_at": "2008-05-20T03:38:35Z", "size": 283, "stargazers_count": 8, "watchers_count": 8, "language": "JavaScript", "has_issues": true, "has_projects": true, "has_downloads": true, "has_wiki": true, "has_pages": false, "has_discussions": false, "forks_count": 0, "mirror_url": null, "archived": false, "disabled": false, "open_issues_count": 0, "license": {"key": "other", "name": "Other", "spdx_id": "NOASSERTION", "url": null, "node_id": "MDc6TGljZW5zZTA="}, "allow_forking": true, "is_template": false, "web_commit_signoff_required": false, "topics": [], "default_branch": "master", "permissions": {"admin": false, "maintain": false, "push": false, "triage": false, "pull": true}, "network_count": 10, "subscribers_count": 2, "_id": 17879}, {"owner": {"type": "User", "site_admin": false}, "fork": false, "created_at": "2008-05-18T22:33:21Z", "updated_at": "2019-08-13T13:24:49Z", "pushed_at": "2008-05-20T22:23:45Z", "size": 112, "stargazers_count": 7, "watchers_count": 7, "language": "Ruby", "has_issues": true, "has_projects": true, "has_downloads": true, "has_wiki": true, "has_pages": false, "has_discussions": false, "forks_count": 0, "mirror_url": null, "archived": false, "disabled": false, "open_issues_count": 0, "license": {"key": "other", "name": "Other", "spdx_id": "NOASSERTION", "url": null, "node_id": "MDc6TGljZW5zZTA="}, "allow_forking": true, "is_template": false, "web_commit_signoff_required": false, "topics": [], "default_branch": "master", "permissions": {"admin": false, "maintain": false, "push": false, "triage": false, "pull": true}, "network_count": 0, "subscribers_count": 2, "_id": 17886}, {"owner": {"type": "User", "site_admin": false}, "fork": false, "created_at": "2008-05-18T22:55:43Z", "updated_at": "2019-08-13T13:24:49Z", "pushed_at": "2009-06-22T20:47:44Z", "size": 3460, "stargazers_count": 2, "watchers_count": 2, "language": "TeX", "has_issues": true, "has_projects": true, "has_downloads": true, "has_wiki": true, "has_pages": false, "has_discussions": false, "forks_count": 0, "mirror_url": null, "archived": false, "disabled": false, "open_issues_count": 0, "license": null, "allow_forking": true, "is_template": false, "web_commit_signoff_required": false, "topics": [], "default_branch": "master", "permissions": {"admin": false, "maintain": false, "push": false, "triage": false, "pull": true}, "network_count": 0, "subscribers_count": 3, "_id": 17891}, {"owner": {"type": "User", "site_admin": false}, "fork": false, "created_at": "2008-05-18T23:21:08Z", "updated_at": "2019-08-13T13:24:49Z", "pushed_at": null, "size": 48, "stargazers_count": 4, "watchers_count": 4, "language": null, "has_issues": true, "has_projects": true, "has_downloads": true, "has_wiki": true, "has_pages": false, "has_discussions": false, "forks_count": 0, "mirror_url": null, "archived": false, "disabled": false, "open_issues_count": 0, "license": null, "allow_forking": true, "is_template": false, "web_commit_signoff_required": false, "topics": [], "default_branch": "master", "permissions": {"admin": false, "maintain": false, "push": false, "triage": false, "pull": true}, "network_count": 0, "subscribers_count": 2, "_id": 17893}, {"owner": {"type": "User", "site_admin": false}, "fork": true, "created_at": "2008-05-18T23:24:10Z", "updated_at": "2021-11-02T09:52:06Z", "pushed_at": "2021-11-02T09:51:04Z", "size": 2657, "stargazers_count": 2, "watchers_count": 2, "language": "Ruby", "has_issues": true, "has_projects": true, "has_downloads": true, "has_wiki": true, "has_pages": false, "has_discussions": false, "forks_count": 0, "mirror_url": null, "archived": true, "disabled": false, "open_issues_count": 2, "license": {"key": "mit", "name": "MIT License", "spdx_id": "MIT", "url": "https://api.github.com/licenses/mit", "node_id": "MDc6TGljZW5zZTEz"}, "allow_forking": true, "is_template": false, "web_commit_signoff_required": false, "topics": [], "default_branch": "master", "permissions": {"admin": false, "maintain": false, "push": false, "triage": false, "pull": true}, "network_count": 545, "subscribers_count": 3, "_id": 17895}]