[{"owner": {"type": "User", "site_admin": false}, "fork": false, "created_at": "2009-01-13T00:10:04Z", "updated_at": "2019-08-13T13:53:16Z", "pushed_at": "2009-06-30T17:40:24Z", "size": 452, "stargazers_count": 11, "watchers_count": 11, "language": "Objective-C", "has_issues": true, "has_projects": true, "has_downloads": true, "has_wiki": true, "has_pages": false, "has_discussions": false, "forks_count": 4, "mirror_url": null, "archived": false, "disabled": false, "open_issues_count": 1, "license": {"key": "mit", "name": "MIT License", "spdx_id": "MIT", "url": "https://api.github.com/licenses/mit", "node_id": "MDc6TGljZW5zZTEz"}, "allow_forking": true, "is_template": false, "web_commit_signoff_required": false, "topics": [], "default_branch": "master", "permissions": {"admin": false, "maintain": false, "push": false, "triage": false, "pull": true}, "_id": 106200}, {"owner": {"type": "User", "site_admin": false}, "fork": false, "created_at": "2009-01-13T00:34:19Z", "updated_at": "2022-10-04T18:29:07Z", "pushed_at": "2022-07-22T19:17:43Z", "size": 353, "stargazers_count": 64, "watchers_count": 64, "language": "Shell", "has_issues": true, "has_projects": true, "has_downloads": true, "has_wiki": true, "has_pages": false, "has_discussions": false, "forks_count": 20, "mirror_url": null, "archived": false, "disabled": false, "open_issues_count": 0, "license": null, "allow_forking": true, "is_template": false, "web_commit_signoff_required": false, "topics": [], "default_branch": "master", "permissions": {"admin": false, "maintain": false, "push": false, "triage": false, "pull": true}, "_id": 106214}, {"owner": {"type": "User", "site_admin": false}, "fork": false, "created_at": "2009-01-13T01:09:06Z", "updated_at": "2020-02-03T09:35:56Z", "pushed_at": "2018-12-18T21:49:28Z", "size": 199, "stargazers_count": 11, "watchers_count": 11, "language": "Erlang", "has_issues": true, "has_projects": true, "has_downloads": true, "has_wiki": true, "has_pages": false, "has_discussions": false, "forks_count": 2, "mirror_url": null, "archived": false, "disabled": false, "open_issues_count": 2, "license": {"key": "bsd-3-clause", "name": "BSD 3-Clause \"New\" or \"Revised\" License", "spdx_id": "BSD-3-Clause", "url": "https://api.github.com/licenses/bsd-3-clause", "node_id": "MDc6TGljZW5zZTU="}, "allow_forking": true, "is_template": false, "web_commit_signoff_required": false, "topics": [], "default_branch": "master", "permissions": {"admin": false, "maintain": false, "push": false, "triage": false, "pull": true}, "_id": 106234}, {"owner": {"type": "Organization", "site_admin": false}, "fork": false, "created_at": "2009-01-13T01:23:03Z", "updated_at": "2019-08-13T13:53:17Z", "pushed_at": "2012-01-19T04:47:07Z", "size": 97, "stargazers_count": 10, "watchers_count": 10, "language": "Ruby", "has_issues": true, "has_projects": true, "has_downloads": true, "has_wiki": false, "has_pages": false, "has_discussions": false, "forks_count": 2, "mirror_url": null, "archived": false, "disabled": false, "open_issues_count": 0, "license": null, "allow_forking": true, "is_template": false, "web_commit_signoff_required": false, "topics": [], "default_branch": "master", "permissions": {"admin": false, "maintain": false, "push": false, "triage": false, "pull": true}, "_id": 106247}, {"owner": {"type": "User", "site_admin": false}, "fork": false, "created_at": "2009-01-13T03:21:51Z", "updated_at": "2019-10-15T03:43:06Z", "pushed_at": "2012-01-15T22:23:54Z", "size": 168, "stargazers_count": 6, "watchers_count": 6, "language": "Python", "has_issues": false, "has_projects": true, "has_downloads": true, "has_wiki": false, "has_pages": true, "has_discussions": false, "forks_count": 0, "mirror_url": null, "archived": false, "disabled": false, "open_issues_count": 0, "license": null, "allow_forking": true, "is_template": false, "web_commit_signoff_required": false, "topics": [], "default_branch": "master", "permissions": {"admin": false, "maintain": false, "push": false, "triage": false, "pull": true}, "_id": 106304}, {"owner": {"type": "Organization", "site_admin": false}, "fork": false, "created_at": "2009-01-13T03:37:17Z", "updated_at": "2019-09-05T08:05:12Z", "pushed_at": "2017-01-14T20:05:08Z", "size": 2081, "stargazers_count": 24, "watchers_count": 24, "language": "JavaScript", "has_issues": true, "has_projects": true, "has_downloads": true, "has_wiki": true, "has_pages": true, "has_discussions": false, "forks_count": 2, "mirror_url": null, "archived": false, "disabled": false, "open_issues_count": 2, "license": null, "allow_forking": true, "is_template": false, "web_commit_signoff_required": false, "topics": [], "default_branch": "master", "permissions": {"admin": false, "maintain": false, "push": false, "triage": false, "pull": true}, "_id": 106308}, {"owner": {"type": "Organization", "site_admin": false}, "fork": false, "created_at": "2009-01-13T03:41:26Z", "updated_at": "2022-11-25T07:14:29Z", "pushed_at": "2022-11-23T22:10:05Z", "size": 24322, "stargazers_count": 8389, "watchers_count": 8389, "language": "Java", "has_issues": true, "has_projects": false, "has_downloads": true, "has_wiki": true, "has_pages": true, "has_discussions": false, "forks_count": 3187, "mirror_url": null, "archived": false, "disabled": false, "open_issues_count": 126, "license": {"key": "epl-1.0", "name": "Eclipse Public License 1.0", "spdx_id": "EPL-1.0", "url": "https://api.github.com/licenses/epl-1.0", "node_id": "MDc6TGljZW5zZTc="}, "allow_forking": true, "is_template": false, "web_commit_signoff_required": false, "topics": [], "default_branch": "main", "permissions": {"admin": false, "maintain": false, "push": false, "triage": false, "pull": true}, "_id": 106310}, {"owner": {"type": "User", "site_admin": false}, "fork": false, "created_at": "2009-01-13T04:22:34Z", "updated_at": "2019-08-13T13:53:18Z", "pushed_at": "2011-06-17T19:24:40Z", "size": 192, "stargazers_count": 6, "watchers_count": 6, "language": "PHP", "has_issues": true, "has_projects": true, "has_downloads": true, "has_wiki": true, "has_pages": false, "has_discussions": false, "forks_count": 1, "mirror_url": null, "archived": false, "disabled": false, "open_issues_count": 0, "license": null, "allow_forking": true, "is_template": false, "web_commit_signoff_required": false, "topics": [], "default_branch": "master", "permissions": {"admin": false, "maintain": false, "push": false, "triage": false, "pull": true}, "_id": 106332}, {"owner": {"type": "User", "site_admin": false}, "fork": false, "created_at": "2009-01-13T04:24:18Z", "updated_at": "2019-08-13T13:53:18Z", "pushed_at": "2013-04-20T04:16:57Z", "size": 269, "stargazers_count": 6, "watchers_count": 6, "language": "Ruby", "has_issues": true, "has_projects": true, "has_downloads": true, "has_wiki": true, "has_pages": false, "has_discussions": false, "forks_count": 1, "mirror_url": null, "archived": false, "disabled": false, "open_issues_count": 0, "license": null, "allow_forking": true, "is_template": false, "web_commit_signoff_required": false, "topics": [], "default_branch": "master", "permissions": {"admin": false, "maintain": false, "push": false, "triage": false, "pull": true}, "_id": 106333}, {"owner": {"type": "User", "site_admin": false}, "fork": false, "created_at": "2009-01-13T05:16:48Z", "updated_at": "2019-08-13T13:53:19Z", "pushed_at": "2009-02-10T13:03:39Z", "size": 89, "stargazers_count": 7, "watchers_count": 7, "language": "Ruby", "has_issues": true, "has_projects": true, "has_downloads": true, "has_wiki": true, "has_pages": false, "has_discussions": false, "forks_count": 0, "mirror_url": null, "archived": false, "disabled": false, "open_issues_count": 0, "license": null, "allow_forking": true, "is_template": false, "web_commit_signoff_required": false, "topics": [], "default_branch": "master", "permissions": {"admin": false, "maintain": false, "push": false, "triage": false, "pull": true}, "_id": 106352}, {"owner": {"type": "User", "site_admin": false}, "fork": false, "created_at": "2009-01-13T06:17:28Z", "updated_at": "2020-04-15T23:34:09Z", "pushed_at": "2012-01-08T17:56:14Z", "size": 2348, "stargazers_count": 8, "watchers_count": 8, "language": "Objective-C", "has_issues": true, "has_projects": true, "has_downloads": true, "has_wiki": false, "has_pages": true, "has_discussions": false, "forks_count": 1, "mirror_url": null, "archived": false, "disabled": false, "open_issues_count": 0, "license": {"key": "gpl-3.0", "name": "GNU General Public License v3.0", "spdx_id": "GPL-3.0", "url": "https://api.github.com/licenses/gpl-3.0", "node_id": "MDc6TGljZW5zZTk="}, "allow_forking": true, "is_template": false, "web_commit_signoff_required": false, "topics": [], "default_branch": "master", "permissions": {"admin": false, "maintain": false, "push": false, "triage": false, "pull": true}, "_id": 106372}, {"owner": {"type": "User", "site_admin": false}, "fork": false, "created_at": "2009-01-13T06:52:55Z", "updated_at": "2022-08-14T06:35:42Z", "pushed_at": "2009-09-01T21:16:03Z", "size": 3404, "stargazers_count": 14, "watchers_count": 14, "language": "Ruby", "has_issues": true, "has_projects": true, "has_downloads": true, "has_wiki": true, "has_pages": false, "has_discussions": false, "forks_count": 2, "mirror_url": null, "archived": false, "disabled": false, "open_issues_count": 0, "license": {"key": "apache-2.0", "name": "Apache License 2.0", "spdx_id": "Apache-2.0", "url": "https://api.github.com/licenses/apache-2.0", "node_id": "MDc6TGljZW5zZTI="}, "allow_forking": true, "is_template": false, "web_commit_signoff_required": false, "topics": [], "default_branch": "master", "permissions": {"admin": false, "maintain": false, "push": false, "triage": false, "pull": true}, "_id": 106383}, {"owner": {"type": "User", "site_admin": false}, "fork": false, "created_at": "2009-01-13T08:56:17Z", "updated_at": "2022-01-18T13:31:56Z", "pushed_at": "2010-08-23T12:34:53Z", "size": 107, "stargazers_count": 6, "watchers_count": 6, "language": "PHP", "has_issues": true, "has_projects": true, "has_downloads": true, "has_wiki": false, "has_pages": false, "has_discussions": false, "forks_count": 8, "mirror_url": null, "archived": true, "disabled": false, "open_issues_count": 0, "license": null, "allow_forking": true, "is_template": false, "web_commit_signoff_required": false, "topics": [], "default_branch": "master", "permissions": {"admin": false, "maintain": false, "push": false, "triage": false, "pull": true}, "_id": 106423}, {"owner": {"type": "User", "site_admin": false}, "fork": false, "created_at": "2009-01-13T09:10:08Z", "updated_at": "2019-08-13T13:53:20Z", "pushed_at": "2009-02-23T10:38:25Z", "size": 106, "stargazers_count": 7, "watchers_count": 7, "language": "Ruby", "has_issues": true, "has_projects": true, "has_downloads": true, "has_wiki": true, "has_pages": false, "has_discussions": false, "forks_count": 1, "mirror_url": null, "archived": false, "disabled": false, "open_issues_count": 0, "license": null, "allow_forking": true, "is_template": false, "web_commit_signoff_required": false, "topics": [], "default_branch": "master", "permissions": {"admin": false, "maintain": false, "push": false, "triage": false, "pull": true}, "_id": 106433}, {"owner": {"type": "User", "site_admin": false}, "fork": false, "created_at": "2009-01-13T11:24:48Z", "updated_at": "2022-11-07T04:18:54Z", "pushed_at": "2012-08-06T20:23:39Z", "size": 417, "stargazers_count": 222, "watchers_count": 222, "language": "JavaScript", "has_issues": true, "has_projects": true, "has_downloads": true, "has_wiki": true, "has_pages": true, "has_discussions": false, "forks_count": 54, "mirror_url": null, "archived": false, "disabled": false, "open_issues_count": 7, "license": {"key": "mit", "name": "MIT License", "spdx_id": "MIT", "url": "https://api.github.com/licenses/mit", "node_id": "MDc6TGljZW5zZTEz"}, "allow_forking": true, "is_template": false, "web_commit_signoff_required": false, "topics": [], "default_branch": "master", "permissions": {"admin": false, "maintain": false, "push": false, "triage": false, "pull": true}, "_id": 106485}, {"owner": {"type": "User", "site_admin": false}, "fork": false, "created_at": "2009-01-13T12:35:14Z", "updated_at": "2022-08-29T19:54:55Z", "pushed_at": "2018-12-31T23:04:07Z", "size": 7013, "stargazers_count": 35, "watchers_count": 35, "language": "Python", "has_issues": true, "has_projects": true, "has_downloads": true, "has_wiki": false, "has_pages": true, "has_discussions": false, "forks_count": 4, "mirror_url": null, "archived": false, "disabled": false, "open_issues_count": 8, "license": {"key": "mit", "name": "MIT License", "spdx_id": "MIT", "url": "https://api.github.com/licenses/mit", "node_id": "MDc6TGljZW5zZTEz"}, "allow_forking": true, "is_template": false, "web_commit_signoff_required": false, "topics": [], "default_branch": "master", "permissions": {"admin": false, "maintain": false, "push": false, "triage": false, "pull": true}, "_id": 106507}, {"owner": {"type": "User", "site_admin": false}, "fork": false, "created_at": "2009-01-13T17:25:50Z", "updated_at": "2019-08-13T13:53:24Z", "pushed_at": "2009-01-13T18:20:13Z", "size": 86, "stargazers_count": 7, "watchers_count": 7, "language": null, "has_issues": true, "has_projects": true, "has_downloads": true, "has_wiki": true, "has_pages": false, "has_discussions": false, "forks_count": 2, "mirror_url": null, "archived": false, "disabled": false, "open_issues_count": 0, "license": null, "allow_forking": true, "is_template": false, "web_commit_signoff_required": false, "topics": [], "default_branch": "master", "permissions": {"admin": false, "maintain": false, "push": false, "triage": false, "pull": true}, "_id": 106655}, {"owner": {"type": "User", "site_admin": false}, "fork": false, "created_at": "2009-01-13T17:38:51Z", "updated_at": "2022-01-25T05:30:59Z", "pushed_at": "2009-02-01T23:47:41Z", "size": 582, "stargazers_count": 27, "watchers_count": 27, "language": "C++", "has_issues": true, "has_projects": true, "has_downloads": true, "has_wiki": true, "has_pages": false, "has_discussions": false, "forks_count": 3, "mirror_url": null, "archived": true, "disabled": false, "open_issues_count": 0, "license": null, "allow_forking": true, "is_template": false, "web_commit_signoff_required": false, "topics": [], "default_branch": "master", "permissions": {"admin": false, "maintain": false, "push": false, "triage": false, "pull": true}, "_id": 106665}, {"owner": {"type": "User", "site_admin": false}, "fork": false, "created_at": "2009-01-13T17:41:48Z", "updated_at": "2022-11-05T03:40:59Z", "pushed_at": "2010-02-27T16:30:20Z", "size": 565, "stargazers_count": 18, "watchers_count": 18, "language": "Shell", "has_issues": true, "has_projects": true, "has_downloads": true, "has_wiki": true, "has_pages": true, "has_discussions": false, "forks_count": 6, "mirror_url": null, "archived": false, "disabled": false, "open_issues_count": 0, "license": null, "allow_forking": true, "is_template": false, "web_commit_signoff_required": false, "topics": [], "default_branch": "master", "permissions": {"admin": false, "maintain": false, "push": false, "triage": false, "pull": true}, "_id": 106668}, {"owner": {"type": "User", "site_admin": false}, "fork": false, "created_at": "2009-01-13T18:28:56Z", "updated_at": "2022-11-24T13:09:43Z", "pushed_at": "2011-06-18T00:33:29Z", "size": 236, "stargazers_count": 33, "watchers_count": 33, "language": "Emacs Lisp", "has_issues": true, "has_projects": true, "has_downloads": true, "has_wiki": true, "has_pages": false, "has_discussions": false, "forks_count": 3, "mirror_url": null, "archived": true, "disabled": false, "open_issues_count": 0, "license": null, "allow_forking": true, "is_template": false, "web_commit_signoff_required": false, "topics": [], "default_branch": "master", "permissions": {"admin": false, "maintain": false, "push": false, "triage": false, "pull": true}, "_id": 106699}, {"owner": {"type": "User", "site_admin": false}, "fork": false, "created_at": "2009-01-13T18:38:21Z", "updated_at": "2021-09-16T07:23:09Z", "pushed_at": "2009-01-13T20:00:38Z", "size": 84, "stargazers_count": 10, "watchers_count": 10, "language": "Ruby", "has_issues": true, "has_projects": true, "has_downloads": true, "has_wiki": true, "has_pages": false, "has_discussions": false, "forks_count": 0, "mirror_url": null, "archived": false, "disabled": false, "open_issues_count": 0, "license": null, "allow_forking": true, "is_template": false, "web_commit_signoff_required": false, "topics": [], "default_branch": "master", "permissions": {"admin": false, "maintain": false, "push": false, "triage": false, "pull": true}, "_id": 106704}, {"owner": {"type": "User", "site_admin": false}, "fork": false, "created_at": "2009-01-13T19:03:55Z", "updated_at": "2021-01-13T19:25:55Z", "pushed_at": "2010-09-29T15:40:44Z", "size": 98, "stargazers_count": 21, "watchers_count": 21, "language": "Ruby", "has_issues": true, "has_projects": true, "has_downloads": true, "has_wiki": true, "has_pages": false, "has_discussions": false, "forks_count": 1, "mirror_url": null, "archived": false, "disabled": false, "open_issues_count": 0, "license": null, "allow_forking": true, "is_template": false, "web_commit_signoff_required": false, "topics": [], "default_branch": "master", "permissions": {"admin": false, "maintain": false, "push": false, "triage": false, "pull": true}, "_id": 106722}, {"owner": {"type": "Organization", "site_admin": false}, "fork": false, "created_at": "2009-01-13T19:31:50Z", "updated_at": "2020-02-29T16:21:17Z", "pushed_at": "2022-10-05T22:42:50Z", "size": 606, "stargazers_count": 10, "watchers_count": 10, "language": "CSS", "has_issues": true, "has_projects": true, "has_downloads": true, "has_wiki": true, "has_pages": false, "has_discussions": false, "forks_count": 2, "mirror_url": null, "archived": false, "disabled": false, "open_issues_count": 3, "license": null, "allow_forking": true, "is_template": false, "web_commit_signoff_required": false, "topics": [], "default_branch": "master", "permissions": {"admin": false, "maintain": false, "push": false, "triage": false, "pull": true}, "_id": 106742}, {"owner": {"type": "User", "site_admin": false}, "fork": false, "created_at": "2009-01-13T21:20:26Z", "updated_at": "2022-11-15T12:52:08Z", "pushed_at": "2022-09-29T09:23:27Z", "size": 181, "stargazers_count": 148, "watchers_count": 148, "language": "TeX", "has_issues": true, "has_projects": true, "has_downloads": true, "has_wiki": true, "has_pages": false, "has_discussions": false, "forks_count": 17, "mirror_url": null, "archived": false, "disabled": false, "open_issues_count": 11, "license": null, "allow_forking": true, "is_template": false, "web_commit_signoff_required": false, "topics": [], "default_branch": "master", "permissions": {"admin": false, "maintain": false, "push": false, "triage": false, "pull": true}, "_id": 106815}, {"owner": {"type": "User", "site_admin": false}, "fork": false, "created_at": "2009-01-13T21:44:05Z", "updated_at": "2022-05-24T18:06:14Z", "pushed_at": "2019-11-10T11:46:56Z", "size": 11229, "stargazers_count": 36, "watchers_count": 36, "language": "C++", "has_issues": true, "has_projects": true, "has_downloads": true, "has_wiki": true, "has_pages": false, "has_discussions": false, "forks_count": 4, "mirror_url": null, "archived": false, "disabled": false, "open_issues_count": 4, "license": null, "allow_forking": true, "is_template": false, "web_commit_signoff_required": false, "topics": [], "default_branch": "master", "permissions": {"admin": false, "maintain": false, "push": false, "triage": false, "pull": true}, "_id": 106840}, {"owner": {"type": "User", "site_admin": false}, "fork": false, "created_at": "2009-01-13T22:30:12Z", "updated_at": "2019-08-13T13:53:29Z", "pushed_at": "2009-01-19T06:16:54Z", "size": 6004, "stargazers_count": 11, "watchers_count": 11, "language": "Python", "has_issues": true, "has_projects": true, "has_downloads": true, "has_wiki": true, "has_pages": false, "has_discussions": false, "forks_count": 1, "mirror_url": null, "archived": false, "disabled": false, "open_issues_count": 0, "license": null, "allow_forking": true, "is_template": false, "web_commit_signoff_required": false, "topics": [], "default_branch": "master", "permissions": {"admin": false, "maintain": false, "push": false, "triage": false, "pull": true}, "_id": 106883}, {"owner": {"type": "User", "site_admin": false}, "fork": false, "created_at": "2009-01-13T23:22:39Z", "updated_at": "2019-08-13T13:53:30Z", "pushed_at": "2009-01-14T01:04:44Z", "size": 94, "stargazers_count": 9, "watchers_count": 9, "language": "Ruby", "has_issues": true, "has_projects": true, "has_downloads": true, "has_wiki": true, "has_pages": false, "has_discussions": false, "forks_count": 2, "mirror_url": null, "archived": false, "disabled": false, "open_issues_count": 0, "license": {"key": "mit", "name": "MIT License", "spdx_id": "MIT", "url": "https://api.github.com/licenses/mit", "node_id": "MDc6TGljZW5zZTEz"}, "allow_forking": true, "is_template": false, "web_commit_signoff_required": false, "topics": [], "default_branch": "master", "permissions": {"admin": false, "maintain": false, "push": false, "triage": false, "pull": true}, "_id": 106914}]