[{"owner": {"type": "User", "site_admin": false}, "fork": false, "created_at": "2009-01-14T00:04:38Z", "updated_at": "2021-02-08T14:44:30Z", "pushed_at": "2017-08-12T21:51:27Z", "size": 56, "stargazers_count": 39, "watchers_count": 39, "language": "Ruby", "has_issues": true, "has_projects": true, "has_downloads": false, "has_wiki": true, "has_pages": false, "has_discussions": false, "forks_count": 11, "mirror_url": null, "archived": false, "disabled": false, "open_issues_count": 0, "license": {"key": "mit", "name": "MIT License", "spdx_id": "MIT", "url": "https://api.github.com/licenses/mit", "node_id": "MDc6TGljZW5zZTEz"}, "allow_forking": true, "is_template": false, "web_commit_signoff_required": false, "topics": ["gem", "isbn", "ruby"], "default_branch": "master", "permissions": {"admin": false, "maintain": false, "push": false, "triage": false, "pull": true}, "_id": 106933}, {"owner": {"type": "User", "site_admin": false}, "fork": false, "created_at": "2009-01-14T00:40:17Z", "updated_at": "2019-08-13T13:53:30Z", "pushed_at": "2013-03-06T17:58:10Z", "size": 359, "stargazers_count": 39, "watchers_count": 39, "language": "Ruby", "has_issues": true, "has_projects": true, "has_downloads": true, "has_wiki": true, "has_pages": false, "has_discussions": false, "forks_count": 10, "mirror_url": null, "archived": false, "disabled": false, "open_issues_count": 3, "license": {"key": "mit", "name": "MIT License", "spdx_id": "MIT", "url": "https://api.github.com/licenses/mit", "node_id": "MDc6TGljZW5zZTEz"}, "allow_forking": true, "is_template": false, "web_commit_signoff_required": false, "topics": [], "default_branch": "master", "permissions": {"admin": false, "maintain": false, "push": false, "triage": false, "pull": true}, "_id": 106957}, {"owner": {"type": "User", "site_admin": false}, "fork": false, "created_at": "2009-01-14T00:45:57Z", "updated_at": "2021-08-19T03:01:42Z", "pushed_at": "2009-09-30T19:55:57Z", "size": 6815, "stargazers_count": 12, "watchers_count": 12, "language": "ActionScript", "has_issues": true, "has_projects": true, "has_downloads": true, "has_wiki": true, "has_pages": true, "has_discussions": false, "forks_count": 3, "mirror_url": null, "archived": false, "disabled": false, "open_issues_count": 0, "license": null, "allow_forking": true, "is_template": false, "web_commit_signoff_required": false, "topics": [], "default_branch": "master", "permissions": {"admin": false, "maintain": false, "push": false, "triage": false, "pull": true}, "_id": 106963}, {"owner": {"type": "User", "site_admin": false}, "fork": false, "created_at": "2009-01-14T00:54:23Z", "updated_at": "2022-10-01T09:05:22Z", "pushed_at": "2022-09-25T22:36:01Z", "size": 92, "stargazers_count": 6, "watchers_count": 6, "language": "Python", "has_issues": true, "has_projects": true, "has_downloads": true, "has_wiki": true, "has_pages": false, "has_discussions": false, "forks_count": 1, "mirror_url": null, "archived": false, "disabled": false, "open_issues_count": 0, "license": null, "allow_forking": true, "is_template": false, "web_commit_signoff_required": false, "topics": [], "default_branch": "master", "permissions": {"admin": false, "maintain": false, "push": false, "triage": false, "pull": true}, "_id": 106967}, {"owner": {"type": "User", "site_admin": false}, "fork": false, "created_at": "2009-01-14T00:57:12Z", "updated_at": "2022-03-29T06:48:49Z", "pushed_at": "2015-03-25T07:07:14Z", "size": 2273, "stargazers_count": 119, "watchers_count": 119, "language": "JavaScript", "has_issues": true, "has_projects": true, "has_downloads": false, "has_wiki": false, "has_pages": true, "has_discussions": false, "forks_count": 116, "mirror_url": null, "archived": false, "disabled": false, "open_issues_count": 5, "license": null, "allow_forking": true, "is_template": false, "web_commit_signoff_required": false, "topics": [], "default_branch": "master", "permissions": {"admin": false, "maintain": false, "push": false, "triage": false, "pull": true}, "_id": 106972}, {"owner": {"type": "Organization", "site_admin": false}, "fork": false, "created_at": "2009-01-14T01:27:30Z", "updated_at": "2022-11-25T11:21:28Z", "pushed_at": "2022-11-25T20:32:57Z", "size": 7882, "stargazers_count": 11771, "watchers_count": 11771, "language": "Ruby", "has_issues": true, "has_projects": true, "has_downloads": true, "has_wiki": false, "has_pages": false, "has_discussions": true, "forks_count": 2084, "mirror_url": null, "archived": false, "disabled": false, "open_issues_count": 34, "license": {"key": "mit", "name": "MIT License", "spdx_id": "MIT", "url": "https://api.github.com/licenses/mit", "node_id": "MDc6TGljZW5zZTEz"}, "allow_forking": true, "is_template": false, "web_commit_signoff_required": false, "topics": ["rack", "ruby", "sinatra", "web-framework"], "default_branch": "master", "permissions": {"admin": false, "maintain": false, "push": false, "triage": false, "pull": true}, "_id": 106995}, {"owner": {"type": "User", "site_admin": false}, "fork": false, "created_at": "2009-01-14T02:28:17Z", "updated_at": "2022-10-29T02:48:15Z", "pushed_at": "2022-10-29T02:48:11Z", "size": 1126405, "stargazers_count": 7, "watchers_count": 7, "language": "Vim Script", "has_issues": true, "has_projects": true, "has_downloads": true, "has_wiki": true, "has_pages": false, "has_discussions": false, "forks_count": 0, "mirror_url": null, "archived": false, "disabled": false, "open_issues_count": 0, "license": null, "allow_forking": true, "is_template": false, "web_commit_signoff_required": false, "topics": [], "default_branch": "main", "permissions": {"admin": false, "maintain": false, "push": false, "triage": false, "pull": true}, "_id": 107018}, {"owner": {"type": "User", "site_admin": false}, "fork": false, "created_at": "2009-01-14T02:28:18Z", "updated_at": "2021-04-23T16:09:23Z", "pushed_at": "2009-01-14T23:31:18Z", "size": 80, "stargazers_count": 27, "watchers_count": 27, "language": "Ruby", "has_issues": true, "has_projects": true, "has_downloads": true, "has_wiki": true, "has_pages": false, "has_discussions": false, "forks_count": 9, "mirror_url": null, "archived": false, "disabled": false, "open_issues_count": 0, "license": {"key": "mit", "name": "MIT License", "spdx_id": "MIT", "url": "https://api.github.com/licenses/mit", "node_id": "MDc6TGljZW5zZTEz"}, "allow_forking": true, "is_template": false, "web_commit_signoff_required": false, "topics": [], "default_branch": "master", "permissions": {"admin": false, "maintain": false, "push": false, "triage": false, "pull": true}, "_id": 107019}, {"owner": {"type": "User", "site_admin": false}, "fork": false, "created_at": "2009-01-14T03:58:39Z", "updated_at": "2020-10-19T03:41:24Z", "pushed_at": "2009-01-21T03:10:13Z", "size": 70, "stargazers_count": 9, "watchers_count": 9, "language": "Shell", "has_issues": true, "has_projects": true, "has_downloads": true, "has_wiki": true, "has_pages": false, "has_discussions": false, "forks_count": 1, "mirror_url": null, "archived": true, "disabled": false, "open_issues_count": 0, "license": null, "allow_forking": true, "is_template": false, "web_commit_signoff_required": false, "topics": [], "default_branch": "master", "permissions": {"admin": false, "maintain": false, "push": false, "triage": false, "pull": true}, "_id": 107059}, {"owner": {"type": "User", "site_admin": false}, "fork": false, "created_at": "2009-01-14T04:30:52Z", "updated_at": "2019-08-13T13:53:32Z", "pushed_at": "2011-04-18T23:35:15Z", "size": 908, "stargazers_count": 11, "watchers_count": 11, "language": "Perl", "has_issues": true, "has_projects": true, "has_downloads": true, "has_wiki": true, "has_pages": true, "has_discussions": false, "forks_count": 4, "mirror_url": null, "archived": false, "disabled": false, "open_issues_count": 0, "license": null, "allow_forking": true, "is_template": false, "web_commit_signoff_required": false, "topics": [], "default_branch": "master", "permissions": {"admin": false, "maintain": false, "push": false, "triage": false, "pull": true}, "_id": 107071}, {"owner": {"type": "User", "site_admin": false}, "fork": false, "created_at": "2009-01-14T04:40:50Z", "updated_at": "2021-07-06T23:24:58Z", "pushed_at": "2022-07-21T22:18:59Z", "size": 26, "stargazers_count": 49, "watchers_count": 49, "language": "Ruby", "has_issues": true, "has_projects": true, "has_downloads": true, "has_wiki": false, "has_pages": false, "has_discussions": false, "forks_count": 3, "mirror_url": null, "archived": false, "disabled": false, "open_issues_count": 4, "license": {"key": "mit", "name": "MIT License", "spdx_id": "MIT", "url": "https://api.github.com/licenses/mit", "node_id": "MDc6TGljZW5zZTEz"}, "allow_forking": true, "is_template": false, "web_commit_signoff_required": false, "topics": [], "default_branch": "master", "permissions": {"admin": false, "maintain": false, "push": false, "triage": false, "pull": true}, "_id": 107075}, {"owner": {"type": "User", "site_admin": false}, "fork": false, "created_at": "2009-01-14T05:05:23Z", "updated_at": "2019-08-13T13:53:32Z", "pushed_at": "2009-05-08T12:58:50Z", "size": 124, "stargazers_count": 12, "watchers_count": 12, "language": "PHP", "has_issues": true, "has_projects": true, "has_downloads": true, "has_wiki": true, "has_pages": false, "has_discussions": false, "forks_count": 0, "mirror_url": null, "archived": false, "disabled": false, "open_issues_count": 0, "license": null, "allow_forking": true, "is_template": false, "web_commit_signoff_required": false, "topics": [], "default_branch": "master", "permissions": {"admin": false, "maintain": false, "push": false, "triage": false, "pull": true}, "_id": 107086}, {"owner": {"type": "User", "site_admin": false}, "fork": false, "created_at": "2009-01-14T05:06:35Z", "updated_at": "2019-08-13T13:53:34Z", "pushed_at": "2009-03-14T19:02:29Z", "size": 88, "stargazers_count": 9, "watchers_count": 9, "language": "Ruby", "has_issues": true, "has_projects": true, "has_downloads": true, "has_wiki": true, "has_pages": true, "has_discussions": false, "forks_count": 1, "mirror_url": null, "archived": false, "disabled": false, "open_issues_count": 0, "license": null, "allow_forking": true, "is_template": false, "web_commit_signoff_required": false, "topics": [], "default_branch": "master", "permissions": {"admin": false, "maintain": false, "push": false, "triage": false, "pull": true}, "_id": 107087}, {"owner": {"type": "User", "site_admin": false}, "fork": false, "created_at": "2009-01-14T05:13:55Z", "updated_at": "2020-10-19T03:42:51Z", "pushed_at": "2010-09-11T13:33:06Z", "size": 121, "stargazers_count": 8, "watchers_count": 8, "language": "PHP", "has_issues": true, "has_projects": true, "has_downloads": true, "has_wiki": true, "has_pages": false, "has_discussions": false, "forks_count": 2, "mirror_url": null, "archived": true, "disabled": false, "open_issues_count": 0, "license": null, "allow_forking": true, "is_template": false, "web_commit_signoff_required": false, "topics": [], "default_branch": "master", "permissions": {"admin": false, "maintain": false, "push": false, "triage": false, "pull": true}, "_id": 107088}, {"owner": {"type": "User", "site_admin": false}, "fork": false, "created_at": "2009-01-14T05:19:33Z", "updated_at": "2019-08-13T13:53:34Z", "pushed_at": "2009-06-20T18:07:37Z", "size": 147, "stargazers_count": 8, "watchers_count": 8, "language": "Python", "has_issues": true, "has_projects": true, "has_downloads": true, "has_wiki": true, "has_pages": false, "has_discussions": false, "forks_count": 2, "mirror_url": null, "archived": false, "disabled": false, "open_issues_count": 2, "license": null, "allow_forking": true, "is_template": false, "web_commit_signoff_required": false, "topics": [], "default_branch": "master", "permissions": {"admin": false, "maintain": false, "push": false, "triage": false, "pull": true}, "_id": 107091}, {"owner": {"type": "User", "site_admin": false}, "fork": false, "created_at": "2009-01-14T07:12:44Z", "updated_at": "2019-08-13T13:53:35Z", "pushed_at": "2009-07-24T21:36:37Z", "size": 117, "stargazers_count": 11, "watchers_count": 11, "language": "Ruby", "has_issues": true, "has_projects": true, "has_downloads": true, "has_wiki": true, "has_pages": false, "has_discussions": false, "forks_count": 3, "mirror_url": null, "archived": false, "disabled": false, "open_issues_count": 0, "license": {"key": "mit", "name": "MIT License", "spdx_id": "MIT", "url": "https://api.github.com/licenses/mit", "node_id": "MDc6TGljZW5zZTEz"}, "allow_forking": true, "is_template": false, "web_commit_signoff_required": false, "topics": [], "default_branch": "master", "permissions": {"admin": false, "maintain": false, "push": false, "triage": false, "pull": true}, "_id": 107149}, {"owner": {"type": "User", "site_admin": false}, "fork": false, "created_at": "2009-01-14T07:52:52Z", "updated_at": "2022-02-18T16:32:20Z", "pushed_at": "2019-07-11T08:48:12Z", "size": 4806, "stargazers_count": 14, "watchers_count": 14, "language": "Java", "has_issues": true, "has_projects": true, "has_downloads": true, "has_wiki": true, "has_pages": true, "has_discussions": false, "forks_count": 7, "mirror_url": null, "archived": false, "disabled": false, "open_issues_count": 1, "license": {"key": "gpl-2.0", "name": "GNU General Public License v2.0", "spdx_id": "GPL-2.0", "url": "https://api.github.com/licenses/gpl-2.0", "node_id": "MDc6TGljZW5zZTg="}, "allow_forking": true, "is_template": false, "web_commit_signoff_required": false, "topics": ["java", "jmeter", "jmeter-plugin", "rmi"], "default_branch": "develop", "permissions": {"admin": false, "maintain": false, "push": false, "triage": false, "pull": true}, "_id": 107166}, {"owner": {"type": "User", "site_admin": false}, "fork": false, "created_at": "2009-01-14T08:49:15Z", "updated_at": "2019-08-13T13:53:35Z", "pushed_at": "2011-11-18T06:36:19Z", "size": 150, "stargazers_count": 34, "watchers_count": 34, "language": "Perl", "has_issues": true, "has_projects": true, "has_downloads": true, "has_wiki": true, "has_pages": false, "has_discussions": false, "forks_count": 3, "mirror_url": null, "archived": false, "disabled": false, "open_issues_count": 1, "license": {"key": "other", "name": "Other", "spdx_id": "NOASSERTION", "url": null, "node_id": "MDc6TGljZW5zZTA="}, "allow_forking": true, "is_template": false, "web_commit_signoff_required": false, "topics": [], "default_branch": "master", "permissions": {"admin": false, "maintain": false, "push": false, "triage": false, "pull": true}, "_id": 107185}, {"owner": {"type": "User", "site_admin": false}, "fork": false, "created_at": "2009-01-14T09:05:04Z", "updated_at": "2019-08-13T13:53:35Z", "pushed_at": "2009-01-14T11:40:37Z", "size": 88, "stargazers_count": 8, "watchers_count": 8, "language": "Ruby", "has_issues": true, "has_projects": true, "has_downloads": true, "has_wiki": true, "has_pages": false, "has_discussions": false, "forks_count": 0, "mirror_url": null, "archived": false, "disabled": false, "open_issues_count": 0, "license": {"key": "mit", "name": "MIT License", "spdx_id": "MIT", "url": "https://api.github.com/licenses/mit", "node_id": "MDc6TGljZW5zZTEz"}, "allow_forking": true, "is_template": false, "web_commit_signoff_required": false, "topics": [], "default_branch": "master", "permissions": {"admin": false, "maintain": false, "push": false, "triage": false, "pull": true}, "_id": 107191}, {"owner": {"type": "User", "site_admin": false}, "fork": false, "created_at": "2009-01-14T09:30:25Z", "updated_at": "2021-01-13T19:25:55Z", "pushed_at": "2012-08-20T13:25:12Z", "size": 210, "stargazers_count": 240, "watchers_count": 240, "language": "Ruby", "has_issues": true, "has_projects": true, "has_downloads": true, "has_wiki": true, "has_pages": false, "has_discussions": false, "forks_count": 24, "mirror_url": null, "archived": false, "disabled": false, "open_issues_count": 3, "license": {"key": "mit", "name": "MIT License", "spdx_id": "MIT", "url": "https://api.github.com/licenses/mit", "node_id": "MDc6TGljZW5zZTEz"}, "allow_forking": true, "is_template": false, "web_commit_signoff_required": false, "topics": [], "default_branch": "master", "permissions": {"admin": false, "maintain": false, "push": false, "triage": false, "pull": true}, "_id": 107201}, {"owner": {"type": "Organization", "site_admin": false}, "fork": false, "created_at": "2009-01-14T09:30:34Z", "updated_at": "2022-11-25T06:41:30Z", "pushed_at": "2022-11-17T07:34:49Z", "size": 95551, "stargazers_count": 714, "watchers_count": 714, "language": "C", "has_issues": true, "has_projects": true, "has_downloads": true, "has_wiki": true, "has_pages": false, "has_discussions": true, "forks_count": 118, "mirror_url": null, "archived": false, "disabled": false, "open_issues_count": 121, "license": {"key": "lgpl-2.1", "name": "GNU Lesser General Public License v2.1", "spdx_id": "LGPL-2.1", "url": "https://api.github.com/licenses/lgpl-2.1", "node_id": "MDc6TGljZW5zZTEx"}, "allow_forking": true, "is_template": false, "web_commit_signoff_required": false, "topics": ["c", "full-text-search", "groonga", "mruby", "nginx"], "default_branch": "master", "permissions": {"admin": false, "maintain": false, "push": false, "triage": false, "pull": true}, "_id": 107202}, {"owner": {"type": "User", "site_admin": false}, "fork": false, "created_at": "2009-01-14T09:33:20Z", "updated_at": "2019-08-13T13:53:35Z", "pushed_at": "2009-01-19T14:39:36Z", "size": 23628, "stargazers_count": 6, "watchers_count": 6, "language": "C", "has_issues": true, "has_projects": true, "has_downloads": true, "has_wiki": true, "has_pages": true, "has_discussions": false, "forks_count": 1, "mirror_url": null, "archived": false, "disabled": false, "open_issues_count": 0, "license": null, "allow_forking": true, "is_template": false, "web_commit_signoff_required": false, "topics": [], "default_branch": "devel-win32", "permissions": {"admin": false, "maintain": false, "push": false, "triage": false, "pull": true}, "_id": 107205}, {"owner": {"type": "User", "site_admin": false}, "fork": false, "created_at": "2009-01-14T10:02:12Z", "updated_at": "2022-11-25T22:42:26Z", "pushed_at": "2022-02-17T01:16:55Z", "size": 1786, "stargazers_count": 2583, "watchers_count": 2583, "language": "Objective-C", "has_issues": true, "has_projects": true, "has_downloads": true, "has_wiki": true, "has_pages": true, "has_discussions": false, "forks_count": 161, "mirror_url": null, "archived": false, "disabled": false, "open_issues_count": 37, "license": {"key": "mit", "name": "MIT License", "spdx_id": "MIT", "url": "https://api.github.com/licenses/mit", "node_id": "MDc6TGljZW5zZTEz"}, "allow_forking": true, "is_template": false, "web_commit_signoff_required": false, "topics": [], "default_branch": "master", "permissions": {"admin": false, "maintain": false, "push": false, "triage": false, "pull": true}, "_id": 107223}, {"owner": {"type": "User", "site_admin": false}, "fork": false, "created_at": "2009-01-14T10:17:12Z", "updated_at": "2022-11-18T15:50:10Z", "pushed_at": "2022-11-25T10:49:53Z", "size": 3117, "stargazers_count": 469, "watchers_count": 469, "language": "Vim Script", "has_issues": true, "has_projects": true, "has_downloads": true, "has_wiki": true, "has_pages": false, "has_discussions": false, "forks_count": 62, "mirror_url": null, "archived": false, "disabled": false, "open_issues_count": 0, "license": null, "allow_forking": true, "is_template": false, "web_commit_signoff_required": false, "topics": [], "default_branch": "master", "permissions": {"admin": false, "maintain": false, "push": false, "triage": false, "pull": true}, "_id": 107232}, {"owner": {"type": "User", "site_admin": false}, "fork": false, "created_at": "2009-01-14T10:18:41Z", "updated_at": "2019-08-13T13:53:36Z", "pushed_at": "2010-02-04T00:17:55Z", "size": 10720, "stargazers_count": 8, "watchers_count": 8, "language": "PHP", "has_issues": true, "has_projects": true, "has_downloads": true, "has_wiki": true, "has_pages": false, "has_discussions": false, "forks_count": 0, "mirror_url": null, "archived": false, "disabled": false, "open_issues_count": 0, "license": null, "allow_forking": true, "is_template": false, "web_commit_signoff_required": false, "topics": [], "default_branch": "master", "permissions": {"admin": false, "maintain": false, "push": false, "triage": false, "pull": true}, "_id": 107233}, {"owner": {"type": "User", "site_admin": false}, "fork": false, "created_at": "2009-01-14T11:18:07Z", "updated_at": "2022-11-25T16:44:04Z", "pushed_at": "2022-10-15T06:28:08Z", "size": 798, "stargazers_count": 14408, "watchers_count": 14408, "language": "Python", "has_issues": true, "has_projects": true, "has_downloads": true, "has_wiki": true, "has_pages": false, "has_discussions": false, "forks_count": 673, "mirror_url": null, "archived": false, "disabled": false, "open_issues_count": 206, "license": {"key": "other", "name": "Other", "spdx_id": "NOASSERTION", "url": null, "node_id": "MDc6TGljZW5zZTA="}, "allow_forking": true, "is_template": false, "web_commit_signoff_required": false, "topics": ["autojump", "command-line-tool", "filesystem", "python"], "default_branch": "master", "permissions": {"admin": false, "maintain": false, "push": false, "triage": false, "pull": true}, "_id": 107258}, {"owner": {"type": "User", "site_admin": false}, "fork": false, "created_at": "2009-01-14T11:18:55Z", "updated_at": "2022-11-25T04:20:37Z", "pushed_at": "2022-10-28T17:04:51Z", "size": 2899, "stargazers_count": 13, "watchers_count": 13, "language": "C", "has_issues": true, "has_projects": true, "has_downloads": true, "has_wiki": true, "has_pages": false, "has_discussions": false, "forks_count": 7, "mirror_url": null, "archived": false, "disabled": false, "open_issues_count": 0, "license": null, "allow_forking": true, "is_template": false, "web_commit_signoff_required": false, "topics": [], "default_branch": "master", "permissions": {"admin": false, "maintain": false, "push": false, "triage": false, "pull": true}, "_id": 107259}, {"owner": {"type": "User", "site_admin": false}, "fork": false, "created_at": "2009-01-14T11:34:47Z", "updated_at": "2019-08-13T13:53:36Z", "pushed_at": "2009-08-20T11:19:10Z", "size": 124, "stargazers_count": 18, "watchers_count": 18, "language": "Ruby", "has_issues": true, "has_projects": true, "has_downloads": true, "has_wiki": true, "has_pages": false, "has_discussions": false, "forks_count": 0, "mirror_url": null, "archived": false, "disabled": false, "open_issues_count": 1, "license": {"key": "mit", "name": "MIT License", "spdx_id": "MIT", "url": "https://api.github.com/licenses/mit", "node_id": "MDc6TGljZW5zZTEz"}, "allow_forking": true, "is_template": false, "web_commit_signoff_required": false, "topics": [], "default_branch": "master", "permissions": {"admin": false, "maintain": false, "push": false, "triage": false, "pull": true}, "_id": 107263}, {"owner": {"type": "User", "site_admin": false}, "fork": false, "created_at": "2009-01-14T11:57:49Z", "updated_at": "2022-08-24T19:26:41Z", "pushed_at": "2011-08-25T21:15:21Z", "size": 1736, "stargazers_count": 7, "watchers_count": 7, "language": "PHP", "has_issues": true, "has_projects": true, "has_downloads": true, "has_wiki": true, "has_pages": false, "has_discussions": false, "forks_count": 0, "mirror_url": null, "archived": true, "disabled": false, "open_issues_count": 1, "license": null, "allow_forking": true, "is_template": false, "web_commit_signoff_required": false, "topics": [], "default_branch": "dev", "permissions": {"admin": false, "maintain": false, "push": false, "triage": false, "pull": true}, "_id": 107271}, {"owner": {"type": "User", "site_admin": false}, "fork": false, "created_at": "2009-01-14T12:12:26Z", "updated_at": "2022-06-02T04:37:34Z", "pushed_at": "2011-12-13T06:10:16Z", "size": 6072, "stargazers_count": 48, "watchers_count": 48, "language": "Rust", "has_issues": true, "has_projects": true, "has_downloads": true, "has_wiki": false, "has_pages": true, "has_discussions": false, "forks_count": 13, "mirror_url": null, "archived": false, "disabled": false, "open_issues_count": 28, "license": {"key": "other", "name": "Other", "spdx_id": "NOASSERTION", "url": null, "node_id": "MDc6TGljZW5zZTA="}, "allow_forking": true, "is_template": false, "web_commit_signoff_required": false, "topics": [], "default_branch": "master", "permissions": {"admin": false, "maintain": false, "push": false, "triage": false, "pull": true}, "_id": 107276}, {"owner": {"type": "User", "site_admin": false}, "fork": false, "created_at": "2009-01-14T14:10:06Z", "updated_at": "2019-08-13T13:53:37Z", "pushed_at": "2009-01-15T10:01:37Z", "size": 116, "stargazers_count": 6, "watchers_count": 6, "language": "JavaScript", "has_issues": true, "has_projects": true, "has_downloads": true, "has_wiki": true, "has_pages": false, "has_discussions": false, "forks_count": 0, "mirror_url": null, "archived": false, "disabled": false, "open_issues_count": 0, "license": null, "allow_forking": true, "is_template": false, "web_commit_signoff_required": false, "topics": [], "default_branch": "master", "permissions": {"admin": false, "maintain": false, "push": false, "triage": false, "pull": true}, "_id": 107320}, {"owner": {"type": "User", "site_admin": false}, "fork": false, "created_at": "2009-01-14T16:12:13Z", "updated_at": "2020-08-09T09:48:03Z", "pushed_at": "2009-01-14T16:16:18Z", "size": 582, "stargazers_count": 19, "watchers_count": 19, "language": null, "has_issues": true, "has_projects": true, "has_downloads": true, "has_wiki": true, "has_pages": false, "has_discussions": false, "forks_count": 4, "mirror_url": null, "archived": false, "disabled": false, "open_issues_count": 0, "license": null, "allow_forking": true, "is_template": false, "web_commit_signoff_required": false, "topics": [], "default_branch": "master", "permissions": {"admin": false, "maintain": false, "push": false, "triage": false, "pull": true}, "_id": 107380}, {"owner": {"type": "User", "site_admin": false}, "fork": false, "created_at": "2009-01-14T16:18:21Z", "updated_at": "2022-02-25T10:05:41Z", "pushed_at": "2016-12-27T09:56:20Z", "size": 38053, "stargazers_count": 26, "watchers_count": 26, "language": "Python", "has_issues": true, "has_projects": true, "has_downloads": true, "has_wiki": true, "has_pages": true, "has_discussions": false, "forks_count": 9, "mirror_url": null, "archived": false, "disabled": false, "open_issues_count": 2, "license": {"key": "apache-2.0", "name": "Apache License 2.0", "spdx_id": "Apache-2.0", "url": "https://api.github.com/licenses/apache-2.0", "node_id": "MDc6TGljZW5zZTI="}, "allow_forking": true, "is_template": false, "web_commit_signoff_required": false, "topics": [], "default_branch": "master", "permissions": {"admin": false, "maintain": false, "push": false, "triage": false, "pull": true}, "_id": 107383}, {"owner": {"type": "User", "site_admin": true}, "fork": false, "created_at": "2009-01-14T16:22:34Z", "updated_at": "2019-08-13T13:53:40Z", "pushed_at": "2009-04-10T17:58:08Z", "size": 89, "stargazers_count": 15, "watchers_count": 15, "language": "Ruby", "has_issues": true, "has_projects": true, "has_downloads": true, "has_wiki": true, "has_pages": true, "has_discussions": false, "forks_count": 1, "mirror_url": null, "archived": false, "disabled": false, "open_issues_count": 0, "license": null, "allow_forking": true, "is_template": false, "web_commit_signoff_required": false, "topics": [], "default_branch": "master", "permissions": {"admin": false, "maintain": false, "push": false, "triage": false, "pull": true}, "_id": 107386}, {"owner": {"type": "Organization", "site_admin": false}, "fork": false, "created_at": "2009-01-14T16:30:48Z", "updated_at": "2022-10-04T04:50:18Z", "pushed_at": "2014-03-10T18:28:33Z", "size": 998, "stargazers_count": 90, "watchers_count": 90, "language": "PHP", "has_issues": false, "has_projects": true, "has_downloads": true, "has_wiki": false, "has_pages": true, "has_discussions": false, "forks_count": 40, "mirror_url": null, "archived": true, "disabled": false, "open_issues_count": 1, "license": {"key": "other", "name": "Other", "spdx_id": "NOASSERTION", "url": null, "node_id": "MDc6TGljZW5zZTA="}, "allow_forking": true, "is_template": false, "web_commit_signoff_required": false, "topics": [], "default_branch": "master", "permissions": {"admin": false, "maintain": false, "push": false, "triage": false, "pull": true}, "_id": 107391}, {"owner": {"type": "User", "site_admin": false}, "fork": false, "created_at": "2009-01-14T16:57:34Z", "updated_at": "2019-08-13T13:53:40Z", "pushed_at": "2009-02-22T12:52:52Z", "size": 1153, "stargazers_count": 7, "watchers_count": 7, "language": "FORTRAN", "has_issues": true, "has_projects": true, "has_downloads": true, "has_wiki": true, "has_pages": false, "has_discussions": false, "forks_count": 1, "mirror_url": null, "archived": false, "disabled": false, "open_issues_count": 0, "license": null, "allow_forking": true, "is_template": false, "web_commit_signoff_required": false, "topics": [], "default_branch": "master", "permissions": {"admin": false, "maintain": false, "push": false, "triage": false, "pull": true}, "_id": 107411}, {"owner": {"type": "Organization", "site_admin": false}, "fork": false, "created_at": "2009-01-14T17:05:43Z", "updated_at": "2022-10-21T10:42:54Z", "pushed_at": "2022-02-23T22:25:09Z", "size": 250, "stargazers_count": 170, "watchers_count": 170, "language": "Python", "has_issues": true, "has_projects": true, "has_downloads": true, "has_wiki": true, "has_pages": false, "has_discussions": false, "forks_count": 20, "mirror_url": null, "archived": false, "disabled": false, "open_issues_count": 7, "license": {"key": "other", "name": "Other", "spdx_id": "NOASSERTION", "url": null, "node_id": "MDc6TGljZW5zZTA="}, "allow_forking": true, "is_template": false, "web_commit_signoff_required": false, "topics": [], "default_branch": "master", "permissions": {"admin": false, "maintain": false, "push": false, "triage": false, "pull": true}, "_id": 107416}, {"owner": {"type": "User", "site_admin": false}, "fork": false, "created_at": "2009-01-14T17:07:39Z", "updated_at": "2019-08-13T13:53:40Z", "pushed_at": "2009-03-26T20:53:11Z", "size": 2604, "stargazers_count": 7, "watchers_count": 7, "language": "Groovy", "has_issues": true, "has_projects": true, "has_downloads": true, "has_wiki": true, "has_pages": false, "has_discussions": false, "forks_count": 0, "mirror_url": null, "archived": false, "disabled": false, "open_issues_count": 0, "license": null, "allow_forking": true, "is_template": false, "web_commit_signoff_required": false, "topics": [], "default_branch": "master", "permissions": {"admin": false, "maintain": false, "push": false, "triage": false, "pull": true}, "_id": 107418}, {"owner": {"type": "User", "site_admin": false}, "fork": false, "created_at": "2009-01-14T17:43:09Z", "updated_at": "2022-06-27T02:35:00Z", "pushed_at": "2010-09-13T19:49:05Z", "size": 348, "stargazers_count": 8, "watchers_count": 8, "language": "Scheme", "has_issues": true, "has_projects": true, "has_downloads": true, "has_wiki": true, "has_pages": false, "has_discussions": false, "forks_count": 0, "mirror_url": null, "archived": false, "disabled": false, "open_issues_count": 0, "license": {"key": "artistic-2.0", "name": "Artistic License 2.0", "spdx_id": "Artistic-2.0", "url": "https://api.github.com/licenses/artistic-2.0", "node_id": "MDc6TGljZW5zZTM="}, "allow_forking": true, "is_template": false, "web_commit_signoff_required": false, "topics": [], "default_branch": "master", "permissions": {"admin": false, "maintain": false, "push": false, "triage": false, "pull": true}, "_id": 107434}, {"owner": {"type": "User", "site_admin": false}, "fork": false, "created_at": "2009-01-14T18:44:23Z", "updated_at": "2022-02-17T16:37:57Z", "pushed_at": "2011-04-25T10:24:23Z", "size": 137646, "stargazers_count": 34, "watchers_count": 34, "language": "Python", "has_issues": true, "has_projects": true, "has_downloads": true, "has_wiki": true, "has_pages": false, "has_discussions": false, "forks_count": 6, "mirror_url": null, "archived": false, "disabled": false, "open_issues_count": 10, "license": {"key": "gpl-3.0", "name": "GNU General Public License v3.0", "spdx_id": "GPL-3.0", "url": "https://api.github.com/licenses/gpl-3.0", "node_id": "MDc6TGljZW5zZTk="}, "allow_forking": true, "is_template": false, "web_commit_signoff_required": false, "topics": [], "default_branch": "master", "permissions": {"admin": false, "maintain": false, "push": false, "triage": false, "pull": true}, "_id": 107461}, {"owner": {"type": "Organization", "site_admin": false}, "fork": false, "created_at": "2009-01-14T19:40:43Z", "updated_at": "2019-08-13T13:53:41Z", "pushed_at": "2010-09-16T21:01:51Z", "size": 113, "stargazers_count": 7, "watchers_count": 7, "language": "Ruby", "has_issues": true, "has_projects": true, "has_downloads": true, "has_wiki": true, "has_pages": false, "has_discussions": false, "forks_count": 1, "mirror_url": null, "archived": false, "disabled": false, "open_issues_count": 0, "license": {"key": "mit", "name": "MIT License", "spdx_id": "MIT", "url": "https://api.github.com/licenses/mit", "node_id": "MDc6TGljZW5zZTEz"}, "allow_forking": true, "is_template": false, "web_commit_signoff_required": false, "topics": [], "default_branch": "master", "permissions": {"admin": false, "maintain": false, "push": false, "triage": false, "pull": true}, "_id": 107492}, {"owner": {"type": "User", "site_admin": false}, "fork": false, "created_at": "2009-01-14T20:21:32Z", "updated_at": "2022-05-03T06:22:20Z", "pushed_at": "2009-09-25T17:14:19Z", "size": 92087, "stargazers_count": 16, "watchers_count": 16, "language": "Python", "has_issues": true, "has_projects": true, "has_downloads": true, "has_wiki": true, "has_pages": false, "has_discussions": false, "forks_count": 4, "mirror_url": null, "archived": false, "disabled": false, "open_issues_count": 0, "license": {"key": "apache-2.0", "name": "Apache License 2.0", "spdx_id": "Apache-2.0", "url": "https://api.github.com/licenses/apache-2.0", "node_id": "MDc6TGljZW5zZTI="}, "allow_forking": true, "is_template": false, "web_commit_signoff_required": false, "topics": [], "default_branch": "master", "permissions": {"admin": false, "maintain": false, "push": false, "triage": false, "pull": true}, "_id": 107520}, {"owner": {"type": "User", "site_admin": false}, "fork": false, "created_at": "2009-01-14T20:34:55Z", "updated_at": "2019-08-13T13:53:42Z", "pushed_at": "2010-04-06T23:14:02Z", "size": 3151, "stargazers_count": 37, "watchers_count": 37, "language": "JavaScript", "has_issues": false, "has_projects": true, "has_downloads": false, "has_wiki": false, "has_pages": true, "has_discussions": false, "forks_count": 3, "mirror_url": null, "archived": false, "disabled": false, "open_issues_count": 0, "license": {"key": "isc", "name": "ISC License", "spdx_id": "ISC", "url": "https://api.github.com/licenses/isc", "node_id": "MDc6TGljZW5zZTEw"}, "allow_forking": true, "is_template": false, "web_commit_signoff_required": false, "topics": [], "default_branch": "master", "permissions": {"admin": false, "maintain": false, "push": false, "triage": false, "pull": true}, "_id": 107525}, {"owner": {"type": "User", "site_admin": false}, "fork": false, "created_at": "2009-01-14T21:20:28Z", "updated_at": "2019-08-13T13:53:42Z", "pushed_at": "2009-04-04T02:39:58Z", "size": 1236, "stargazers_count": 6, "watchers_count": 6, "language": "Perl", "has_issues": true, "has_projects": true, "has_downloads": true, "has_wiki": true, "has_pages": false, "has_discussions": false, "forks_count": 0, "mirror_url": null, "archived": false, "disabled": false, "open_issues_count": 1, "license": null, "allow_forking": true, "is_template": false, "web_commit_signoff_required": false, "topics": [], "default_branch": "master", "permissions": {"admin": false, "maintain": false, "push": false, "triage": false, "pull": true}, "_id": 107561}, {"owner": {"type": "User", "site_admin": false}, "fork": false, "created_at": "2009-01-14T21:30:37Z", "updated_at": "2019-08-13T13:53:42Z", "pushed_at": "2009-02-10T07:49:04Z", "size": 528, "stargazers_count": 8, "watchers_count": 8, "language": "Ruby", "has_issues": true, "has_projects": true, "has_downloads": true, "has_wiki": true, "has_pages": false, "has_discussions": false, "forks_count": 0, "mirror_url": null, "archived": false, "disabled": false, "open_issues_count": 0, "license": {"key": "mit", "name": "MIT License", "spdx_id": "MIT", "url": "https://api.github.com/licenses/mit", "node_id": "MDc6TGljZW5zZTEz"}, "allow_forking": true, "is_template": false, "web_commit_signoff_required": false, "topics": [], "default_branch": "master", "permissions": {"admin": false, "maintain": false, "push": false, "triage": false, "pull": true}, "_id": 107567}, {"owner": {"type": "User", "site_admin": false}, "fork": false, "created_at": "2009-01-14T21:38:26Z", "updated_at": "2020-08-08T02:00:29Z", "pushed_at": "2014-06-05T20:27:07Z", "size": 191, "stargazers_count": 51, "watchers_count": 51, "language": "Objective-C", "has_issues": true, "has_projects": true, "has_downloads": true, "has_wiki": true, "has_pages": false, "has_discussions": false, "forks_count": 12, "mirror_url": null, "archived": false, "disabled": false, "open_issues_count": 0, "license": {"key": "lgpl-3.0", "name": "GNU Lesser General Public License v3.0", "spdx_id": "LGPL-3.0", "url": "https://api.github.com/licenses/lgpl-3.0", "node_id": "MDc6TGljZW5zZTEy"}, "allow_forking": true, "is_template": false, "web_commit_signoff_required": false, "topics": [], "default_branch": "master", "permissions": {"admin": false, "maintain": false, "push": false, "triage": false, "pull": true}, "_id": 107573}, {"owner": {"type": "User", "site_admin": false}, "fork": false, "created_at": "2009-01-14T21:42:24Z", "updated_at": "2019-08-13T13:53:42Z", "pushed_at": "2012-02-28T16:59:57Z", "size": 105, "stargazers_count": 9, "watchers_count": 9, "language": "C", "has_issues": true, "has_projects": true, "has_downloads": true, "has_wiki": true, "has_pages": false, "has_discussions": false, "forks_count": 1, "mirror_url": null, "archived": false, "disabled": false, "open_issues_count": 0, "license": null, "allow_forking": true, "is_template": false, "web_commit_signoff_required": false, "topics": [], "default_branch": "master", "permissions": {"admin": false, "maintain": false, "push": false, "triage": false, "pull": true}, "_id": 107574}, {"owner": {"type": "User", "site_admin": false}, "fork": false, "created_at": "2009-01-14T21:53:55Z", "updated_at": "2019-08-13T13:53:43Z", "pushed_at": "2009-07-09T00:30:56Z", "size": 378, "stargazers_count": 7, "watchers_count": 7, "language": "JavaScript", "has_issues": true, "has_projects": true, "has_downloads": true, "has_wiki": true, "has_pages": false, "has_discussions": false, "forks_count": 1, "mirror_url": null, "archived": false, "disabled": false, "open_issues_count": 0, "license": {"key": "mit", "name": "MIT License", "spdx_id": "MIT", "url": "https://api.github.com/licenses/mit", "node_id": "MDc6TGljZW5zZTEz"}, "allow_forking": true, "is_template": false, "web_commit_signoff_required": false, "topics": [], "default_branch": "master", "permissions": {"admin": false, "maintain": false, "push": false, "triage": false, "pull": true}, "_id": 107577}, {"owner": {"type": "Organization", "site_admin": false}, "fork": false, "created_at": "2009-01-14T22:17:37Z", "updated_at": "2021-03-16T22:09:10Z", "pushed_at": "2011-09-12T07:37:34Z", "size": 249, "stargazers_count": 92, "watchers_count": 92, "language": "Java", "has_issues": true, "has_projects": true, "has_downloads": true, "has_wiki": false, "has_pages": false, "has_discussions": false, "forks_count": 34, "mirror_url": null, "archived": false, "disabled": false, "open_issues_count": 6, "license": {"key": "gpl-2.0", "name": "GNU General Public License v2.0", "spdx_id": "GPL-2.0", "url": "https://api.github.com/licenses/gpl-2.0", "node_id": "MDc6TGljZW5zZTg="}, "allow_forking": true, "is_template": false, "web_commit_signoff_required": false, "topics": [], "default_branch": "master", "permissions": {"admin": false, "maintain": false, "push": false, "triage": false, "pull": true}, "_id": 107589}, {"owner": {"type": "User", "site_admin": false}, "fork": false, "created_at": "2009-01-14T22:58:54Z", "updated_at": "2022-05-23T08:25:45Z", "pushed_at": "2010-02-12T20:28:08Z", "size": 122, "stargazers_count": 50, "watchers_count": 50, "language": "JavaScript", "has_issues": true, "has_projects": true, "has_downloads": true, "has_wiki": true, "has_pages": false, "has_discussions": false, "forks_count": 14, "mirror_url": null, "archived": true, "disabled": false, "open_issues_count": 1, "license": {"key": "mit", "name": "MIT License", "spdx_id": "MIT", "url": "https://api.github.com/licenses/mit", "node_id": "MDc6TGljZW5zZTEz"}, "allow_forking": true, "is_template": false, "web_commit_signoff_required": false, "topics": [], "default_branch": "master", "permissions": {"admin": false, "maintain": false, "push": false, "triage": false, "pull": true}, "_id": 107611}, {"owner": {"type": "User", "site_admin": false}, "fork": false, "created_at": "2009-01-14T23:19:57Z", "updated_at": "2022-11-04T16:08:59Z", "pushed_at": "2020-12-01T21:51:20Z", "size": 9972, "stargazers_count": 321, "watchers_count": 321, "language": "Python", "has_issues": true, "has_projects": true, "has_downloads": true, "has_wiki": true, "has_pages": false, "has_discussions": false, "forks_count": 34, "mirror_url": null, "archived": false, "disabled": false, "open_issues_count": 11, "license": {"key": "other", "name": "Other", "spdx_id": "NOASSERTION", "url": null, "node_id": "MDc6TGljZW5zZTA="}, "allow_forking": true, "is_template": false, "web_commit_signoff_required": false, "topics": [], "default_branch": "master", "permissions": {"admin": false, "maintain": false, "push": false, "triage": false, "pull": true}, "_id": 107630}, {"owner": {"type": "User", "site_admin": false}, "fork": false, "created_at": "2009-01-14T23:23:05Z", "updated_at": "2022-10-12T04:54:09Z", "pushed_at": "2022-07-22T00:52:53Z", "size": 243, "stargazers_count": 124, "watchers_count": 124, "language": "Ruby", "has_issues": true, "has_projects": true, "has_downloads": true, "has_wiki": true, "has_pages": false, "has_discussions": false, "forks_count": 77, "mirror_url": null, "archived": false, "disabled": false, "open_issues_count": 13, "license": {"key": "mit", "name": "MIT License", "spdx_id": "MIT", "url": "https://api.github.com/licenses/mit", "node_id": "MDc6TGljZW5zZTEz"}, "allow_forking": true, "is_template": false, "web_commit_signoff_required": false, "topics": [], "default_branch": "master", "permissions": {"admin": false, "maintain": false, "push": false, "triage": false, "pull": true}, "_id": 107634}, {"owner": {"type": "User", "site_admin": false}, "fork": false, "created_at": "2009-01-14T23:49:51Z", "updated_at": "2019-08-13T13:53:44Z", "pushed_at": "2009-01-22T06:52:17Z", "size": 87, "stargazers_count": 8, "watchers_count": 8, "language": "Ruby", "has_issues": true, "has_projects": true, "has_downloads": true, "has_wiki": true, "has_pages": false, "has_discussions": false, "forks_count": 2, "mirror_url": null, "archived": false, "disabled": false, "open_issues_count": 0, "license": {"key": "mit", "name": "MIT License", "spdx_id": "MIT", "url": "https://api.github.com/licenses/mit", "node_id": "MDc6TGljZW5zZTEz"}, "allow_forking": true, "is_template": false, "web_commit_signoff_required": false, "topics": [], "default_branch": "master", "permissions": {"admin": false, "maintain": false, "push": false, "triage": false, "pull": true}, "_id": 107651}]