[{"owner": {"type": "User", "site_admin": false}, "fork": false, "created_at": "2009-01-04T00:21:49Z", "updated_at": "2020-07-08T02:44:12Z", "pushed_at": "2009-01-04T00:39:36Z", "size": 12227, "stargazers_count": 11, "watchers_count": 11, "language": "Common Lisp", "has_issues": true, "has_projects": true, "has_downloads": true, "has_wiki": true, "has_pages": false, "has_discussions": false, "forks_count": 12, "mirror_url": null, "archived": false, "disabled": false, "open_issues_count": 0, "license": {"key": "other", "name": "Other", "spdx_id": "NOASSERTION", "url": null, "node_id": "MDc6TGljZW5zZTA="}, "allow_forking": true, "is_template": false, "web_commit_signoff_required": false, "topics": [], "default_branch": "master", "permissions": {"admin": false, "maintain": false, "push": false, "triage": false, "pull": true}, "_id": 100472}, {"owner": {"type": "User", "site_admin": false}, "fork": false, "created_at": "2009-01-04T01:47:45Z", "updated_at": "2022-11-22T08:43:56Z", "pushed_at": "2022-10-22T10:37:21Z", "size": 175, "stargazers_count": 187, "watchers_count": 187, "language": "Ruby", "has_issues": true, "has_projects": true, "has_downloads": true, "has_wiki": true, "has_pages": false, "has_discussions": false, "forks_count": 20, "mirror_url": null, "archived": false, "disabled": false, "open_issues_count": 1, "license": {"key": "mit", "name": "MIT License", "spdx_id": "MIT", "url": "https://api.github.com/licenses/mit", "node_id": "MDc6TGljZW5zZTEz"}, "allow_forking": true, "is_template": false, "web_commit_signoff_required": false, "topics": [], "default_branch": "master", "permissions": {"admin": false, "maintain": false, "push": false, "triage": false, "pull": true}, "_id": 100491}, {"owner": {"type": "User", "site_admin": false}, "fork": false, "created_at": "2009-01-04T02:48:33Z", "updated_at": "2019-10-01T04:41:13Z", "pushed_at": "2009-11-18T08:11:00Z", "size": 143, "stargazers_count": 69, "watchers_count": 69, "language": "Ruby", "has_issues": true, "has_projects": true, "has_downloads": true, "has_wiki": true, "has_pages": false, "has_discussions": false, "forks_count": 3, "mirror_url": null, "archived": false, "disabled": false, "open_issues_count": 2, "license": {"key": "mit", "name": "MIT License", "spdx_id": "MIT", "url": "https://api.github.com/licenses/mit", "node_id": "MDc6TGljZW5zZTEz"}, "allow_forking": true, "is_template": false, "web_commit_signoff_required": false, "topics": [], "default_branch": "master", "permissions": {"admin": false, "maintain": false, "push": false, "triage": false, "pull": true}, "_id": 100506}, {"owner": {"type": "User", "site_admin": false}, "fork": false, "created_at": "2009-01-04T03:09:40Z", "updated_at": "2020-04-08T22:08:19Z", "pushed_at": "2009-01-13T04:22:54Z", "size": 96, "stargazers_count": 7, "watchers_count": 7, "language": null, "has_issues": true, "has_projects": true, "has_downloads": true, "has_wiki": true, "has_pages": false, "has_discussions": false, "forks_count": 0, "mirror_url": null, "archived": false, "disabled": false, "open_issues_count": 0, "license": null, "allow_forking": true, "is_template": false, "web_commit_signoff_required": false, "topics": [], "default_branch": "master", "permissions": {"admin": false, "maintain": false, "push": false, "triage": false, "pull": true}, "_id": 100510}, {"owner": {"type": "User", "site_admin": false}, "fork": false, "created_at": "2009-01-04T03:21:44Z", "updated_at": "2022-11-20T08:12:26Z", "pushed_at": "2016-06-08T05:50:35Z", "size": 7431, "stargazers_count": 109, "watchers_count": 109, "language": "Clojure", "has_issues": true, "has_projects": true, "has_downloads": true, "has_wiki": true, "has_pages": true, "has_discussions": false, "forks_count": 19, "mirror_url": null, "archived": true, "disabled": false, "open_issues_count": 0, "license": {"key": "other", "name": "Other", "spdx_id": "NOASSERTION", "url": null, "node_id": "MDc6TGljZW5zZTA="}, "allow_forking": true, "is_template": false, "web_commit_signoff_required": false, "topics": [], "default_branch": "master", "permissions": {"admin": false, "maintain": false, "push": false, "triage": false, "pull": true}, "_id": 100514}, {"owner": {"type": "User", "site_admin": false}, "fork": false, "created_at": "2009-01-04T07:10:53Z", "updated_at": "2019-08-13T13:51:21Z", "pushed_at": "2009-02-15T03:45:07Z", "size": 126, "stargazers_count": 6, "watchers_count": 6, "language": "Ruby", "has_issues": true, "has_projects": true, "has_downloads": true, "has_wiki": true, "has_pages": false, "has_discussions": false, "forks_count": 2, "mirror_url": null, "archived": false, "disabled": false, "open_issues_count": 0, "license": null, "allow_forking": true, "is_template": false, "web_commit_signoff_required": false, "topics": [], "default_branch": "master", "permissions": {"admin": false, "maintain": false, "push": false, "triage": false, "pull": true}, "_id": 100595}, {"owner": {"type": "User", "site_admin": false}, "fork": false, "created_at": "2009-01-04T07:20:32Z", "updated_at": "2019-08-13T13:51:21Z", "pushed_at": "2013-04-26T19:42:27Z", "size": 523, "stargazers_count": 44, "watchers_count": 44, "language": "Python", "has_issues": true, "has_projects": true, "has_downloads": true, "has_wiki": true, "has_pages": true, "has_discussions": false, "forks_count": 11, "mirror_url": null, "archived": false, "disabled": false, "open_issues_count": 5, "license": {"key": "gpl-3.0", "name": "GNU General Public License v3.0", "spdx_id": "GPL-3.0", "url": "https://api.github.com/licenses/gpl-3.0", "node_id": "MDc6TGljZW5zZTk="}, "allow_forking": true, "is_template": false, "web_commit_signoff_required": false, "topics": [], "default_branch": "master", "permissions": {"admin": false, "maintain": false, "push": false, "triage": false, "pull": true}, "_id": 100597}, {"owner": {"type": "User", "site_admin": false}, "fork": false, "created_at": "2009-01-04T09:03:34Z", "updated_at": "2019-08-13T13:51:21Z", "pushed_at": "2013-04-14T17:18:13Z", "size": 248, "stargazers_count": 6, "watchers_count": 6, "language": "JavaScript", "has_issues": true, "has_projects": true, "has_downloads": true, "has_wiki": true, "has_pages": false, "has_discussions": false, "forks_count": 2, "mirror_url": null, "archived": false, "disabled": false, "open_issues_count": 0, "license": null, "allow_forking": true, "is_template": false, "web_commit_signoff_required": false, "topics": [], "default_branch": "master", "permissions": {"admin": false, "maintain": false, "push": false, "triage": false, "pull": true}, "_id": 100626}, {"owner": {"type": "User", "site_admin": false}, "fork": false, "created_at": "2009-01-04T10:46:33Z", "updated_at": "2021-05-06T00:10:59Z", "pushed_at": "2009-01-04T13:01:50Z", "size": 440, "stargazers_count": 11, "watchers_count": 11, "language": "SuperCollider", "has_issues": true, "has_projects": true, "has_downloads": true, "has_wiki": true, "has_pages": false, "has_discussions": false, "forks_count": 1, "mirror_url": null, "archived": true, "disabled": false, "open_issues_count": 0, "license": null, "allow_forking": true, "is_template": false, "web_commit_signoff_required": false, "topics": [], "default_branch": "master", "permissions": {"admin": false, "maintain": false, "push": false, "triage": false, "pull": true}, "_id": 100661}, {"owner": {"type": "User", "site_admin": false}, "fork": false, "created_at": "2009-01-04T12:21:25Z", "updated_at": "2020-04-08T22:08:16Z", "pushed_at": "2009-12-23T18:05:44Z", "size": 122, "stargazers_count": 7, "watchers_count": 7, "language": "Ruby", "has_issues": true, "has_projects": true, "has_downloads": true, "has_wiki": true, "has_pages": false, "has_discussions": false, "forks_count": 0, "mirror_url": null, "archived": false, "disabled": false, "open_issues_count": 0, "license": null, "allow_forking": true, "is_template": false, "web_commit_signoff_required": false, "topics": [], "default_branch": "master", "permissions": {"admin": false, "maintain": false, "push": false, "triage": false, "pull": true}, "_id": 100673}, {"owner": {"type": "User", "site_admin": false}, "fork": false, "created_at": "2009-01-04T13:25:22Z", "updated_at": "2019-08-13T13:51:22Z", "pushed_at": "2010-03-20T11:49:29Z", "size": 226, "stargazers_count": 7, "watchers_count": 7, "language": "Ruby", "has_issues": true, "has_projects": true, "has_downloads": true, "has_wiki": true, "has_pages": false, "has_discussions": false, "forks_count": 2, "mirror_url": null, "archived": false, "disabled": false, "open_issues_count": 0, "license": null, "allow_forking": true, "is_template": false, "web_commit_signoff_required": false, "topics": [], "default_branch": "master", "permissions": {"admin": false, "maintain": false, "push": false, "triage": false, "pull": true}, "_id": 100686}, {"owner": {"type": "User", "site_admin": false}, "fork": false, "created_at": "2009-01-04T13:26:01Z", "updated_at": "2019-08-13T13:51:22Z", "pushed_at": "2010-04-13T16:12:18Z", "size": 7956, "stargazers_count": 19, "watchers_count": 19, "language": "JavaScript", "has_issues": true, "has_projects": true, "has_downloads": true, "has_wiki": true, "has_pages": true, "has_discussions": false, "forks_count": 0, "mirror_url": null, "archived": true, "disabled": false, "open_issues_count": 5, "license": null, "allow_forking": true, "is_template": false, "web_commit_signoff_required": false, "topics": [], "default_branch": "master", "permissions": {"admin": false, "maintain": false, "push": false, "triage": false, "pull": true}, "_id": 100687}, {"owner": {"type": "User", "site_admin": false}, "fork": false, "created_at": "2009-01-04T13:36:54Z", "updated_at": "2020-11-09T13:33:36Z", "pushed_at": "2009-01-19T16:52:37Z", "size": 12578, "stargazers_count": 7, "watchers_count": 7, "language": "SuperCollider", "has_issues": true, "has_projects": true, "has_downloads": true, "has_wiki": true, "has_pages": true, "has_discussions": false, "forks_count": 1, "mirror_url": null, "archived": true, "disabled": false, "open_issues_count": 0, "license": null, "allow_forking": true, "is_template": false, "web_commit_signoff_required": false, "topics": [], "default_branch": "master", "permissions": {"admin": false, "maintain": false, "push": false, "triage": false, "pull": true}, "_id": 100689}, {"owner": {"type": "Organization", "site_admin": false}, "fork": false, "created_at": "2009-01-04T13:53:32Z", "updated_at": "2022-11-25T22:31:04Z", "pushed_at": "2022-09-30T02:41:04Z", "size": 193888, "stargazers_count": 3785, "watchers_count": 3785, "language": "PHP", "has_issues": false, "has_projects": false, "has_downloads": true, "has_wiki": false, "has_pages": false, "has_discussions": false, "forks_count": 1860, "mirror_url": "http://git.drupal.org/project/drupal.git", "archived": false, "disabled": false, "open_issues_count": 0, "license": null, "allow_forking": true, "is_template": false, "web_commit_signoff_required": false, "topics": [], "default_branch": "9.5.x", "permissions": {"admin": false, "maintain": false, "push": false, "triage": false, "pull": true}, "_id": 100695}, {"owner": {"type": "User", "site_admin": false}, "fork": false, "created_at": "2009-01-04T13:59:29Z", "updated_at": "2022-05-28T20:15:37Z", "pushed_at": "2010-05-12T01:20:16Z", "size": 1965, "stargazers_count": 13, "watchers_count": 13, "language": "Ruby", "has_issues": true, "has_projects": true, "has_downloads": true, "has_wiki": true, "has_pages": false, "has_discussions": false, "forks_count": 2, "mirror_url": null, "archived": false, "disabled": false, "open_issues_count": 0, "license": {"key": "mit", "name": "MIT License", "spdx_id": "MIT", "url": "https://api.github.com/licenses/mit", "node_id": "MDc6TGljZW5zZTEz"}, "allow_forking": true, "is_template": false, "web_commit_signoff_required": false, "topics": [], "default_branch": "master", "permissions": {"admin": false, "maintain": false, "push": false, "triage": false, "pull": true}, "_id": 100697}, {"owner": {"type": "User", "site_admin": false}, "fork": false, "created_at": "2009-01-04T15:30:07Z", "updated_at": "2019-10-25T16:02:39Z", "pushed_at": "2018-04-30T04:11:25Z", "size": 18115, "stargazers_count": 16, "watchers_count": 16, "language": "JavaScript", "has_issues": true, "has_projects": true, "has_downloads": true, "has_wiki": true, "has_pages": false, "has_discussions": false, "forks_count": 4, "mirror_url": null, "archived": false, "disabled": false, "open_issues_count": 8, "license": null, "allow_forking": true, "is_template": false, "web_commit_signoff_required": false, "topics": [], "default_branch": "master", "permissions": {"admin": false, "maintain": false, "push": false, "triage": false, "pull": true}, "_id": 100714}, {"owner": {"type": "User", "site_admin": false}, "fork": false, "created_at": "2009-01-04T16:27:58Z", "updated_at": "2019-08-13T13:51:24Z", "pushed_at": "2022-06-17T22:10:23Z", "size": 40, "stargazers_count": 19, "watchers_count": 19, "language": "Ruby", "has_issues": true, "has_projects": true, "has_downloads": true, "has_wiki": true, "has_pages": true, "has_discussions": false, "forks_count": 1, "mirror_url": null, "archived": false, "disabled": false, "open_issues_count": 1, "license": {"key": "mit", "name": "MIT License", "spdx_id": "MIT", "url": "https://api.github.com/licenses/mit", "node_id": "MDc6TGljZW5zZTEz"}, "allow_forking": true, "is_template": false, "web_commit_signoff_required": false, "topics": [], "default_branch": "master", "permissions": {"admin": false, "maintain": false, "push": false, "triage": false, "pull": true}, "_id": 100731}, {"owner": {"type": "User", "site_admin": false}, "fork": false, "created_at": "2009-01-04T19:20:16Z", "updated_at": "2022-09-16T16:58:46Z", "pushed_at": "2022-10-12T00:50:29Z", "size": 1917, "stargazers_count": 181, "watchers_count": 181, "language": "Ruby", "has_issues": true, "has_projects": true, "has_downloads": true, "has_wiki": true, "has_pages": false, "has_discussions": false, "forks_count": 61, "mirror_url": null, "archived": false, "disabled": false, "open_issues_count": 4, "license": {"key": "mit", "name": "MIT License", "spdx_id": "MIT", "url": "https://api.github.com/licenses/mit", "node_id": "MDc6TGljZW5zZTEz"}, "allow_forking": true, "is_template": false, "web_commit_signoff_required": false, "topics": [], "default_branch": "master", "permissions": {"admin": false, "maintain": false, "push": false, "triage": false, "pull": true}, "_id": 100783}, {"owner": {"type": "User", "site_admin": false}, "fork": false, "created_at": "2009-01-04T19:27:59Z", "updated_at": "2019-08-13T13:51:25Z", "pushed_at": "2020-10-13T09:16:13Z", "size": 256, "stargazers_count": 20, "watchers_count": 20, "language": "Scala", "has_issues": true, "has_projects": true, "has_downloads": true, "has_wiki": true, "has_pages": true, "has_discussions": false, "forks_count": 11, "mirror_url": null, "archived": false, "disabled": false, "open_issues_count": 9, "license": {"key": "bsd-3-clause", "name": "BSD 3-Clause \"New\" or \"Revised\" License", "spdx_id": "BSD-3-Clause", "url": "https://api.github.com/licenses/bsd-3-clause", "node_id": "MDc6TGljZW5zZTU="}, "allow_forking": true, "is_template": false, "web_commit_signoff_required": false, "topics": [], "default_branch": "master", "permissions": {"admin": false, "maintain": false, "push": false, "triage": false, "pull": true}, "_id": 100788}, {"owner": {"type": "User", "site_admin": false}, "fork": false, "created_at": "2009-01-04T19:53:29Z", "updated_at": "2019-08-13T13:51:25Z", "pushed_at": "2010-12-15T03:20:02Z", "size": 96, "stargazers_count": 6, "watchers_count": 6, "language": "Python", "has_issues": true, "has_projects": true, "has_downloads": true, "has_wiki": true, "has_pages": true, "has_discussions": false, "forks_count": 0, "mirror_url": null, "archived": false, "disabled": false, "open_issues_count": 0, "license": null, "allow_forking": true, "is_template": false, "web_commit_signoff_required": false, "topics": [], "default_branch": "master", "permissions": {"admin": false, "maintain": false, "push": false, "triage": false, "pull": true}, "_id": 100796}, {"owner": {"type": "User", "site_admin": false}, "fork": false, "created_at": "2009-01-04T21:22:04Z", "updated_at": "2019-08-13T13:51:26Z", "pushed_at": "2009-01-18T22:17:06Z", "size": 1448, "stargazers_count": 44, "watchers_count": 44, "language": "JavaScript", "has_issues": true, "has_projects": true, "has_downloads": true, "has_wiki": true, "has_pages": false, "has_discussions": false, "forks_count": 6, "mirror_url": null, "archived": false, "disabled": false, "open_issues_count": 1, "license": null, "allow_forking": true, "is_template": false, "web_commit_signoff_required": false, "topics": [], "default_branch": "master", "permissions": {"admin": false, "maintain": false, "push": false, "triage": false, "pull": true}, "_id": 100831}, {"owner": {"type": "User", "site_admin": false}, "fork": false, "created_at": "2009-01-04T22:28:38Z", "updated_at": "2021-12-02T13:20:55Z", "pushed_at": "2011-03-16T20:56:04Z", "size": 342, "stargazers_count": 67, "watchers_count": 67, "language": "Python", "has_issues": true, "has_projects": true, "has_downloads": true, "has_wiki": true, "has_pages": false, "has_discussions": false, "forks_count": 16, "mirror_url": null, "archived": false, "disabled": false, "open_issues_count": 3, "license": {"key": "mit", "name": "MIT License", "spdx_id": "MIT", "url": "https://api.github.com/licenses/mit", "node_id": "MDc6TGljZW5zZTEz"}, "allow_forking": true, "is_template": false, "web_commit_signoff_required": false, "topics": [], "default_branch": "master", "permissions": {"admin": false, "maintain": false, "push": false, "triage": false, "pull": true}, "_id": 100868}, {"owner": {"type": "User", "site_admin": true}, "fork": false, "created_at": "2009-01-04T22:42:55Z", "updated_at": "2019-08-13T13:51:27Z", "pushed_at": "2018-04-16T19:51:25Z", "size": 657, "stargazers_count": 18, "watchers_count": 18, "language": "Ruby", "has_issues": true, "has_projects": true, "has_downloads": true, "has_wiki": true, "has_pages": true, "has_discussions": false, "forks_count": 1, "mirror_url": null, "archived": false, "disabled": false, "open_issues_count": 0, "license": {"key": "mit", "name": "MIT License", "spdx_id": "MIT", "url": "https://api.github.com/licenses/mit", "node_id": "MDc6TGljZW5zZTEz"}, "allow_forking": true, "is_template": false, "web_commit_signoff_required": false, "topics": [], "default_branch": "master", "permissions": {"admin": false, "maintain": false, "push": false, "triage": false, "pull": true}, "_id": 100871}, {"owner": {"type": "User", "site_admin": false}, "fork": false, "created_at": "2009-01-04T23:13:46Z", "updated_at": "2019-08-13T13:51:27Z", "pushed_at": "2011-02-01T13:56:10Z", "size": 144, "stargazers_count": 9, "watchers_count": 9, "language": "Ruby", "has_issues": true, "has_projects": true, "has_downloads": true, "has_wiki": true, "has_pages": false, "has_discussions": false, "forks_count": 1, "mirror_url": null, "archived": false, "disabled": false, "open_issues_count": 2, "license": null, "allow_forking": true, "is_template": false, "web_commit_signoff_required": false, "topics": [], "default_branch": "master", "permissions": {"admin": false, "maintain": false, "push": false, "triage": false, "pull": true}, "_id": 100885}]