[{"owner": {"type": "User", "site_admin": false}, "fork": false, "created_at": "2009-01-15T00:19:39Z", "updated_at": "2019-08-13T13:53:44Z", "pushed_at": "2009-07-24T19:33:42Z", "size": 745, "stargazers_count": 11, "watchers_count": 11, "language": "ColdFusion", "has_issues": true, "has_projects": true, "has_downloads": true, "has_wiki": true, "has_pages": false, "has_discussions": false, "forks_count": 15, "mirror_url": null, "archived": false, "disabled": false, "open_issues_count": 0, "license": null, "allow_forking": true, "is_template": false, "web_commit_signoff_required": false, "topics": [], "default_branch": "master", "permissions": {"admin": false, "maintain": false, "push": false, "triage": false, "pull": true}, "_id": 107672}, {"owner": {"type": "User", "site_admin": false}, "fork": false, "created_at": "2009-01-15T01:02:23Z", "updated_at": "2019-08-13T13:53:46Z", "pushed_at": "2009-10-18T01:10:17Z", "size": 160, "stargazers_count": 7, "watchers_count": 7, "language": "JavaScript", "has_issues": true, "has_projects": true, "has_downloads": true, "has_wiki": true, "has_pages": true, "has_discussions": false, "forks_count": 1, "mirror_url": null, "archived": false, "disabled": false, "open_issues_count": 0, "license": null, "allow_forking": true, "is_template": false, "web_commit_signoff_required": false, "topics": [], "default_branch": "master", "permissions": {"admin": false, "maintain": false, "push": false, "triage": false, "pull": true}, "_id": 107694}, {"owner": {"type": "User", "site_admin": false}, "fork": false, "created_at": "2009-01-15T01:13:04Z", "updated_at": "2021-11-11T16:30:23Z", "pushed_at": "2009-01-15T09:48:32Z", "size": 84, "stargazers_count": 27, "watchers_count": 27, "language": "Ruby", "has_issues": true, "has_projects": true, "has_downloads": true, "has_wiki": true, "has_pages": false, "has_discussions": false, "forks_count": 1, "mirror_url": null, "archived": false, "disabled": false, "open_issues_count": 0, "license": {"key": "mit", "name": "MIT License", "spdx_id": "MIT", "url": "https://api.github.com/licenses/mit", "node_id": "MDc6TGljZW5zZTEz"}, "allow_forking": true, "is_template": false, "web_commit_signoff_required": false, "topics": [], "default_branch": "master", "permissions": {"admin": false, "maintain": false, "push": false, "triage": false, "pull": true}, "_id": 107700}, {"owner": {"type": "User", "site_admin": false}, "fork": false, "created_at": "2009-01-15T01:25:13Z", "updated_at": "2019-08-13T13:53:47Z", "pushed_at": "2009-02-06T21:44:58Z", "size": 144, "stargazers_count": 8, "watchers_count": 8, "language": "JavaScript", "has_issues": true, "has_projects": true, "has_downloads": true, "has_wiki": true, "has_pages": false, "has_discussions": false, "forks_count": 0, "mirror_url": null, "archived": false, "disabled": false, "open_issues_count": 0, "license": {"key": "mit", "name": "MIT License", "spdx_id": "MIT", "url": "https://api.github.com/licenses/mit", "node_id": "MDc6TGljZW5zZTEz"}, "allow_forking": true, "is_template": false, "web_commit_signoff_required": false, "topics": [], "default_branch": "master", "permissions": {"admin": false, "maintain": false, "push": false, "triage": false, "pull": true}, "_id": 107709}, {"owner": {"type": "User", "site_admin": false}, "fork": false, "created_at": "2009-01-15T01:48:24Z", "updated_at": "2022-09-24T06:39:00Z", "pushed_at": "2022-06-21T00:50:05Z", "size": 20, "stargazers_count": 17, "watchers_count": 17, "language": "Java", "has_issues": true, "has_projects": true, "has_downloads": true, "has_wiki": true, "has_pages": false, "has_discussions": false, "forks_count": 8, "mirror_url": null, "archived": false, "disabled": false, "open_issues_count": 2, "license": null, "allow_forking": true, "is_template": false, "web_commit_signoff_required": false, "topics": [], "default_branch": "master", "permissions": {"admin": false, "maintain": false, "push": false, "triage": false, "pull": true}, "_id": 107721}, {"owner": {"type": "User", "site_admin": false}, "fork": false, "created_at": "2009-01-15T03:17:24Z", "updated_at": "2022-08-16T15:13:06Z", "pushed_at": "2022-11-13T05:13:34Z", "size": 9757, "stargazers_count": 14, "watchers_count": 14, "language": "Shell", "has_issues": true, "has_projects": true, "has_downloads": true, "has_wiki": true, "has_pages": false, "has_discussions": false, "forks_count": 3, "mirror_url": null, "archived": false, "disabled": false, "open_issues_count": 0, "license": {"key": "mit", "name": "MIT License", "spdx_id": "MIT", "url": "https://api.github.com/licenses/mit", "node_id": "MDc6TGljZW5zZTEz"}, "allow_forking": true, "is_template": false, "web_commit_signoff_required": false, "topics": ["dotfiles"], "default_branch": "master", "permissions": {"admin": false, "maintain": false, "push": false, "triage": false, "pull": true}, "_id": 107763}, {"owner": {"type": "User", "site_admin": false}, "fork": false, "created_at": "2009-01-15T03:19:29Z", "updated_at": "2019-08-13T13:53:47Z", "pushed_at": "2011-11-02T00:58:29Z", "size": 287, "stargazers_count": 10, "watchers_count": 10, "language": "Ruby", "has_issues": true, "has_projects": true, "has_downloads": true, "has_wiki": true, "has_pages": false, "has_discussions": false, "forks_count": 4, "mirror_url": null, "archived": false, "disabled": false, "open_issues_count": 0, "license": null, "allow_forking": true, "is_template": false, "web_commit_signoff_required": false, "topics": [], "default_branch": "master", "permissions": {"admin": false, "maintain": false, "push": false, "triage": false, "pull": true}, "_id": 107766}, {"owner": {"type": "User", "site_admin": false}, "fork": false, "created_at": "2009-01-15T03:33:53Z", "updated_at": "2019-08-13T13:53:47Z", "pushed_at": "2010-05-12T16:25:44Z", "size": 205, "stargazers_count": 43, "watchers_count": 43, "language": "JavaScript", "has_issues": true, "has_projects": true, "has_downloads": true, "has_wiki": true, "has_pages": true, "has_discussions": false, "forks_count": 4, "mirror_url": null, "archived": false, "disabled": false, "open_issues_count": 0, "license": {"key": "mit", "name": "MIT License", "spdx_id": "MIT", "url": "https://api.github.com/licenses/mit", "node_id": "MDc6TGljZW5zZTEz"}, "allow_forking": true, "is_template": false, "web_commit_signoff_required": false, "topics": [], "default_branch": "master", "permissions": {"admin": false, "maintain": false, "push": false, "triage": false, "pull": true}, "_id": 107771}, {"owner": {"type": "User", "site_admin": false}, "fork": false, "created_at": "2009-01-15T03:51:14Z", "updated_at": "2019-08-13T13:53:48Z", "pushed_at": "2009-01-17T23:27:43Z", "size": 144, "stargazers_count": 11, "watchers_count": 11, "language": "Perl", "has_issues": true, "has_projects": true, "has_downloads": true, "has_wiki": true, "has_pages": false, "has_discussions": false, "forks_count": 0, "mirror_url": null, "archived": false, "disabled": false, "open_issues_count": 0, "license": null, "allow_forking": true, "is_template": false, "web_commit_signoff_required": false, "topics": [], "default_branch": "master", "permissions": {"admin": false, "maintain": false, "push": false, "triage": false, "pull": true}, "_id": 107778}, {"owner": {"type": "User", "site_admin": false}, "fork": false, "created_at": "2009-01-15T05:34:52Z", "updated_at": "2019-08-13T13:53:48Z", "pushed_at": "2009-12-16T00:09:26Z", "size": 92, "stargazers_count": 8, "watchers_count": 8, "language": "Ruby", "has_issues": true, "has_projects": true, "has_downloads": true, "has_wiki": true, "has_pages": false, "has_discussions": false, "forks_count": 1, "mirror_url": null, "archived": false, "disabled": false, "open_issues_count": 0, "license": {"key": "apache-2.0", "name": "Apache License 2.0", "spdx_id": "Apache-2.0", "url": "https://api.github.com/licenses/apache-2.0", "node_id": "MDc6TGljZW5zZTI="}, "allow_forking": true, "is_template": false, "web_commit_signoff_required": false, "topics": [], "default_branch": "master", "permissions": {"admin": false, "maintain": false, "push": false, "triage": false, "pull": true}, "_id": 107816}, {"owner": {"type": "User", "site_admin": false}, "fork": false, "created_at": "2009-01-15T05:35:34Z", "updated_at": "2019-08-13T13:53:48Z", "pushed_at": "2010-01-07T23:26:43Z", "size": 216, "stargazers_count": 7, "watchers_count": 7, "language": "JavaScript", "has_issues": true, "has_projects": true, "has_downloads": true, "has_wiki": true, "has_pages": false, "has_discussions": false, "forks_count": 3, "mirror_url": null, "archived": false, "disabled": false, "open_issues_count": 0, "license": null, "allow_forking": true, "is_template": false, "web_commit_signoff_required": false, "topics": [], "default_branch": "master", "permissions": {"admin": false, "maintain": false, "push": false, "triage": false, "pull": true}, "_id": 107817}, {"owner": {"type": "Organization", "site_admin": false}, "fork": false, "created_at": "2009-01-15T05:38:47Z", "updated_at": "2020-05-08T22:54:27Z", "pushed_at": "2009-01-18T15:01:28Z", "size": 88, "stargazers_count": 6, "watchers_count": 6, "language": "Ruby", "has_issues": true, "has_projects": true, "has_downloads": true, "has_wiki": true, "has_pages": false, "has_discussions": false, "forks_count": 0, "mirror_url": null, "archived": false, "disabled": false, "open_issues_count": 0, "license": null, "allow_forking": true, "is_template": false, "web_commit_signoff_required": false, "topics": [], "default_branch": "master", "permissions": {"admin": false, "maintain": false, "push": false, "triage": false, "pull": true}, "_id": 107818}, {"owner": {"type": "User", "site_admin": false}, "fork": false, "created_at": "2009-01-15T06:09:42Z", "updated_at": "2022-07-22T14:05:36Z", "pushed_at": "2022-03-07T05:24:20Z", "size": 6782, "stargazers_count": 24, "watchers_count": 24, "language": "Standard ML", "has_issues": true, "has_projects": true, "has_downloads": true, "has_wiki": true, "has_pages": false, "has_discussions": false, "forks_count": 7, "mirror_url": null, "archived": false, "disabled": false, "open_issues_count": 0, "license": null, "allow_forking": true, "is_template": false, "web_commit_signoff_required": false, "topics": [], "default_branch": "master", "permissions": {"admin": false, "maintain": false, "push": false, "triage": false, "pull": true}, "_id": 107834}, {"owner": {"type": "User", "site_admin": false}, "fork": false, "created_at": "2009-01-15T06:38:20Z", "updated_at": "2021-01-02T00:57:29Z", "pushed_at": "2009-01-15T15:56:18Z", "size": 188, "stargazers_count": 9, "watchers_count": 9, "language": "Ruby", "has_issues": true, "has_projects": true, "has_downloads": true, "has_wiki": true, "has_pages": true, "has_discussions": false, "forks_count": 1, "mirror_url": null, "archived": false, "disabled": false, "open_issues_count": 0, "license": {"key": "mit", "name": "MIT License", "spdx_id": "MIT", "url": "https://api.github.com/licenses/mit", "node_id": "MDc6TGljZW5zZTEz"}, "allow_forking": true, "is_template": false, "web_commit_signoff_required": false, "topics": [], "default_branch": "master", "permissions": {"admin": false, "maintain": false, "push": false, "triage": false, "pull": true}, "_id": 107843}, {"owner": {"type": "User", "site_admin": false}, "fork": false, "created_at": "2009-01-15T06:46:06Z", "updated_at": "2019-08-13T13:53:49Z", "pushed_at": "2009-08-28T15:28:42Z", "size": 97, "stargazers_count": 10, "watchers_count": 10, "language": "Scala", "has_issues": false, "has_projects": true, "has_downloads": false, "has_wiki": false, "has_pages": false, "has_discussions": false, "forks_count": 1, "mirror_url": null, "archived": false, "disabled": false, "open_issues_count": 0, "license": null, "allow_forking": true, "is_template": false, "web_commit_signoff_required": false, "topics": [], "default_branch": "master", "permissions": {"admin": false, "maintain": false, "push": false, "triage": false, "pull": true}, "_id": 107848}, {"owner": {"type": "User", "site_admin": false}, "fork": false, "created_at": "2009-01-15T06:54:48Z", "updated_at": "2022-11-07T23:17:30Z", "pushed_at": "2009-07-10T06:42:42Z", "size": 484, "stargazers_count": 9, "watchers_count": 9, "language": "JavaScript", "has_issues": true, "has_projects": true, "has_downloads": true, "has_wiki": true, "has_pages": true, "has_discussions": false, "forks_count": 1, "mirror_url": null, "archived": true, "disabled": false, "open_issues_count": 0, "license": null, "allow_forking": true, "is_template": false, "web_commit_signoff_required": false, "topics": [], "default_branch": "master", "permissions": {"admin": false, "maintain": false, "push": false, "triage": false, "pull": true}, "_id": 107851}, {"owner": {"type": "Organization", "site_admin": false}, "fork": false, "created_at": "2009-01-15T08:19:09Z", "updated_at": "2022-11-20T11:23:37Z", "pushed_at": "2022-11-08T13:41:12Z", "size": 21917, "stargazers_count": 521, "watchers_count": 521, "language": "Ruby", "has_issues": true, "has_projects": false, "has_downloads": true, "has_wiki": true, "has_pages": false, "has_discussions": false, "forks_count": 382, "mirror_url": null, "archived": false, "disabled": false, "open_issues_count": 14, "license": {"key": "mit", "name": "MIT License", "spdx_id": "MIT", "url": "https://api.github.com/licenses/mit", "node_id": "MDc6TGljZW5zZTEz"}, "allow_forking": true, "is_template": false, "web_commit_signoff_required": false, "topics": ["hacktoberfest", "language-specs", "mspec", "ruby", "rubyspec", "test-suite"], "default_branch": "master", "permissions": {"admin": false, "maintain": false, "push": false, "triage": false, "pull": true}, "_id": 107872}, {"owner": {"type": "Organization", "site_admin": false}, "fork": false, "created_at": "2009-01-15T08:31:12Z", "updated_at": "2022-11-01T22:12:52Z", "pushed_at": "2021-10-25T13:32:03Z", "size": 2314, "stargazers_count": 863, "watchers_count": 863, "language": null, "has_issues": false, "has_projects": true, "has_downloads": true, "has_wiki": true, "has_pages": false, "has_discussions": false, "forks_count": 776, "mirror_url": null, "archived": false, "disabled": false, "open_issues_count": 0, "license": {"key": "apache-2.0", "name": "Apache License 2.0", "spdx_id": "Apache-2.0", "url": "https://api.github.com/licenses/apache-2.0", "node_id": "MDc6TGljZW5zZTI="}, "allow_forking": true, "is_template": false, "web_commit_signoff_required": false, "topics": [], "default_branch": "master", "permissions": {"admin": false, "maintain": false, "push": false, "triage": false, "pull": true}, "_id": 107877}, {"owner": {"type": "User", "site_admin": false}, "fork": false, "created_at": "2009-01-15T08:51:39Z", "updated_at": "2020-03-23T09:53:40Z", "pushed_at": "2020-01-12T06:06:31Z", "size": 237, "stargazers_count": 14, "watchers_count": 14, "language": "Perl", "has_issues": false, "has_projects": true, "has_downloads": true, "has_wiki": false, "has_pages": false, "has_discussions": false, "forks_count": 7, "mirror_url": null, "archived": false, "disabled": false, "open_issues_count": 3, "license": null, "allow_forking": true, "is_template": false, "web_commit_signoff_required": false, "topics": [], "default_branch": "master", "permissions": {"admin": false, "maintain": false, "push": false, "triage": false, "pull": true}, "_id": 107888}, {"owner": {"type": "Organization", "site_admin": false}, "fork": false, "created_at": "2009-01-15T10:00:32Z", "updated_at": "2022-11-23T17:08:35Z", "pushed_at": "2022-09-20T10:56:27Z", "size": 6987, "stargazers_count": 378, "watchers_count": 378, "language": "C++", "has_issues": true, "has_projects": true, "has_downloads": true, "has_wiki": true, "has_pages": false, "has_discussions": false, "forks_count": 132, "mirror_url": null, "archived": false, "disabled": false, "open_issues_count": 140, "license": {"key": "gpl-3.0", "name": "GNU General Public License v3.0", "spdx_id": "GPL-3.0", "url": "https://api.github.com/licenses/gpl-3.0", "node_id": "MDc6TGljZW5zZTk="}, "allow_forking": true, "is_template": false, "web_commit_signoff_required": false, "topics": [], "default_branch": "stable", "permissions": {"admin": false, "maintain": false, "push": false, "triage": false, "pull": true}, "_id": 107909}, {"owner": {"type": "User", "site_admin": false}, "fork": false, "created_at": "2009-01-15T10:19:43Z", "updated_at": "2022-10-26T23:32:55Z", "pushed_at": "2021-02-11T12:42:09Z", "size": 731, "stargazers_count": 16, "watchers_count": 16, "language": "Perl", "has_issues": true, "has_projects": true, "has_downloads": true, "has_wiki": true, "has_pages": true, "has_discussions": false, "forks_count": 6, "mirror_url": null, "archived": false, "disabled": false, "open_issues_count": 6, "license": null, "allow_forking": true, "is_template": false, "web_commit_signoff_required": false, "topics": [], "default_branch": "master", "permissions": {"admin": false, "maintain": false, "push": false, "triage": false, "pull": true}, "_id": 107916}, {"owner": {"type": "User", "site_admin": false}, "fork": false, "created_at": "2009-01-15T10:52:25Z", "updated_at": "2020-04-01T09:27:41Z", "pushed_at": "2011-07-01T11:36:07Z", "size": 2516, "stargazers_count": 9, "watchers_count": 9, "language": "Java", "has_issues": true, "has_projects": true, "has_downloads": true, "has_wiki": true, "has_pages": false, "has_discussions": false, "forks_count": 7, "mirror_url": null, "archived": false, "disabled": false, "open_issues_count": 1, "license": null, "allow_forking": true, "is_template": false, "web_commit_signoff_required": false, "topics": [], "default_branch": "master", "permissions": {"admin": false, "maintain": false, "push": false, "triage": false, "pull": true}, "_id": 107934}, {"owner": {"type": "User", "site_admin": false}, "fork": false, "created_at": "2009-01-15T10:56:31Z", "updated_at": "2022-10-19T08:10:02Z", "pushed_at": "2014-09-04T09:18:49Z", "size": 1239, "stargazers_count": 812, "watchers_count": 812, "language": "JavaScript", "has_issues": true, "has_projects": true, "has_downloads": true, "has_wiki": true, "has_pages": false, "has_discussions": false, "forks_count": 138, "mirror_url": null, "archived": false, "disabled": false, "open_issues_count": 9, "license": {"key": "other", "name": "Other", "spdx_id": "NOASSERTION", "url": null, "node_id": "MDc6TGljZW5zZTA="}, "allow_forking": true, "is_template": false, "web_commit_signoff_required": false, "topics": [], "default_branch": "master", "permissions": {"admin": false, "maintain": false, "push": false, "triage": false, "pull": true}, "_id": 107940}, {"owner": {"type": "User", "site_admin": false}, "fork": false, "created_at": "2009-01-15T12:21:16Z", "updated_at": "2021-08-24T08:59:01Z", "pushed_at": "2011-09-22T09:17:45Z", "size": 313, "stargazers_count": 12, "watchers_count": 12, "language": "PHP", "has_issues": true, "has_projects": true, "has_downloads": true, "has_wiki": true, "has_pages": false, "has_discussions": false, "forks_count": 4, "mirror_url": null, "archived": true, "disabled": false, "open_issues_count": 2, "license": null, "allow_forking": true, "is_template": false, "web_commit_signoff_required": false, "topics": [], "default_branch": "master", "permissions": {"admin": false, "maintain": false, "push": false, "triage": false, "pull": true}, "_id": 107980}, {"owner": {"type": "User", "site_admin": false}, "fork": false, "created_at": "2009-01-15T13:20:51Z", "updated_at": "2021-11-28T17:24:08Z", "pushed_at": "2017-08-24T22:49:55Z", "size": 5, "stargazers_count": 14, "watchers_count": 14, "language": "Ruby", "has_issues": true, "has_projects": true, "has_downloads": true, "has_wiki": true, "has_pages": false, "has_discussions": false, "forks_count": 1, "mirror_url": null, "archived": false, "disabled": false, "open_issues_count": 0, "license": {"key": "wtfpl", "name": "Do What The F*ck You Want To Public License", "spdx_id": "WTFPL", "url": "https://api.github.com/licenses/wtfpl", "node_id": "MDc6TGljZW5zZTE4"}, "allow_forking": true, "is_template": false, "web_commit_signoff_required": false, "topics": [], "default_branch": "master", "permissions": {"admin": false, "maintain": false, "push": false, "triage": false, "pull": true}, "_id": 108002}, {"owner": {"type": "User", "site_admin": false}, "fork": false, "created_at": "2009-01-15T13:37:09Z", "updated_at": "2019-08-13T13:53:53Z", "pushed_at": "2009-03-01T19:51:40Z", "size": 90, "stargazers_count": 8, "watchers_count": 8, "language": "Python", "has_issues": true, "has_projects": true, "has_downloads": true, "has_wiki": true, "has_pages": true, "has_discussions": false, "forks_count": 0, "mirror_url": null, "archived": false, "disabled": false, "open_issues_count": 0, "license": null, "allow_forking": true, "is_template": false, "web_commit_signoff_required": false, "topics": [], "default_branch": "master", "permissions": {"admin": false, "maintain": false, "push": false, "triage": false, "pull": true}, "_id": 108008}, {"owner": {"type": "User", "site_admin": false}, "fork": false, "created_at": "2009-01-15T13:50:36Z", "updated_at": "2022-02-10T06:38:11Z", "pushed_at": "2021-01-26T09:20:56Z", "size": 396, "stargazers_count": 21, "watchers_count": 21, "language": "Perl", "has_issues": false, "has_projects": true, "has_downloads": false, "has_wiki": false, "has_pages": false, "has_discussions": false, "forks_count": 11, "mirror_url": null, "archived": false, "disabled": false, "open_issues_count": 0, "license": null, "allow_forking": true, "is_template": false, "web_commit_signoff_required": false, "topics": [], "default_branch": "master", "permissions": {"admin": false, "maintain": false, "push": false, "triage": false, "pull": true}, "_id": 108012}, {"owner": {"type": "User", "site_admin": false}, "fork": false, "created_at": "2009-01-15T14:59:01Z", "updated_at": "2019-08-13T13:53:53Z", "pushed_at": "2010-05-15T19:37:57Z", "size": 204, "stargazers_count": 9, "watchers_count": 9, "language": "Objective-C", "has_issues": true, "has_projects": true, "has_downloads": true, "has_wiki": true, "has_pages": false, "has_discussions": false, "forks_count": 4, "mirror_url": null, "archived": false, "disabled": false, "open_issues_count": 0, "license": null, "allow_forking": true, "is_template": false, "web_commit_signoff_required": false, "topics": [], "default_branch": "master", "permissions": {"admin": false, "maintain": false, "push": false, "triage": false, "pull": true}, "_id": 108039}, {"owner": {"type": "User", "site_admin": false}, "fork": false, "created_at": "2009-01-15T15:09:45Z", "updated_at": "2022-06-17T19:10:07Z", "pushed_at": "2022-10-24T12:28:38Z", "size": 309, "stargazers_count": 13, "watchers_count": 13, "language": "Perl", "has_issues": true, "has_projects": true, "has_downloads": false, "has_wiki": false, "has_pages": false, "has_discussions": false, "forks_count": 14, "mirror_url": null, "archived": false, "disabled": false, "open_issues_count": 8, "license": {"key": "other", "name": "Other", "spdx_id": "NOASSERTION", "url": null, "node_id": "MDc6TGljZW5zZTA="}, "allow_forking": true, "is_template": false, "web_commit_signoff_required": false, "topics": [], "default_branch": "master", "permissions": {"admin": false, "maintain": false, "push": false, "triage": false, "pull": true}, "_id": 108047}, {"owner": {"type": "Organization", "site_admin": false}, "fork": false, "created_at": "2009-01-15T15:16:29Z", "updated_at": "2022-11-25T22:05:15Z", "pushed_at": "2022-11-25T16:56:13Z", "size": 112123, "stargazers_count": 2518, "watchers_count": 2518, "language": "Java", "has_issues": false, "has_projects": false, "has_downloads": true, "has_wiki": true, "has_pages": true, "has_discussions": false, "forks_count": 1455, "mirror_url": null, "archived": false, "disabled": false, "open_issues_count": 15, "license": {"key": "apache-2.0", "name": "Apache License 2.0", "spdx_id": "Apache-2.0", "url": "https://api.github.com/licenses/apache-2.0", "node_id": "MDc6TGljZW5zZTI="}, "allow_forking": true, "is_template": false, "web_commit_signoff_required": false, "topics": [], "default_branch": "master", "permissions": {"admin": false, "maintain": false, "push": false, "triage": false, "pull": true}, "_id": 108050}, {"owner": {"type": "Organization", "site_admin": false}, "fork": false, "created_at": "2009-01-15T15:18:06Z", "updated_at": "2022-11-25T08:24:31Z", "pushed_at": "2022-11-24T17:10:40Z", "size": 20991, "stargazers_count": 3724, "watchers_count": 3724, "language": "Python", "has_issues": false, "has_projects": true, "has_downloads": true, "has_wiki": false, "has_pages": false, "has_discussions": false, "forks_count": 1088, "mirror_url": null, "archived": false, "disabled": false, "open_issues_count": 5, "license": {"key": "apache-2.0", "name": "Apache License 2.0", "spdx_id": "Apache-2.0", "url": "https://api.github.com/licenses/apache-2.0", "node_id": "MDc6TGljZW5zZTI="}, "allow_forking": true, "is_template": false, "web_commit_signoff_required": false, "topics": ["mongodb", "mongodb-driver", "pymongo", "python"], "default_branch": "master", "permissions": {"admin": false, "maintain": false, "push": false, "triage": false, "pull": true}, "_id": 108051}, {"owner": {"type": "User", "site_admin": false}, "fork": false, "created_at": "2009-01-15T16:06:33Z", "updated_at": "2022-04-04T08:28:18Z", "pushed_at": "2022-08-21T16:35:20Z", "size": 518, "stargazers_count": 12, "watchers_count": 12, "language": "Vim script", "has_issues": true, "has_projects": true, "has_downloads": true, "has_wiki": true, "has_pages": true, "has_discussions": false, "forks_count": 5, "mirror_url": null, "archived": false, "disabled": false, "open_issues_count": 0, "license": null, "allow_forking": true, "is_template": false, "web_commit_signoff_required": false, "topics": [], "default_branch": "master", "permissions": {"admin": false, "maintain": false, "push": false, "triage": false, "pull": true}, "_id": 108099}, {"owner": {"type": "User", "site_admin": false}, "fork": false, "created_at": "2009-01-15T16:09:34Z", "updated_at": "2021-01-13T19:25:56Z", "pushed_at": "2011-07-15T16:21:57Z", "size": 132, "stargazers_count": 11, "watchers_count": 11, "language": "C", "has_issues": true, "has_projects": true, "has_downloads": true, "has_wiki": true, "has_pages": false, "has_discussions": false, "forks_count": 1, "mirror_url": null, "archived": false, "disabled": false, "open_issues_count": 0, "license": null, "allow_forking": true, "is_template": false, "web_commit_signoff_required": false, "topics": [], "default_branch": "master", "permissions": {"admin": false, "maintain": false, "push": false, "triage": false, "pull": true}, "_id": 108104}, {"owner": {"type": "Organization", "site_admin": false}, "fork": false, "created_at": "2009-01-15T16:15:18Z", "updated_at": "2022-11-26T00:32:39Z", "pushed_at": "2022-11-26T00:19:46Z", "size": 854970, "stargazers_count": 22840, "watchers_count": 22840, "language": "C++", "has_issues": false, "has_projects": true, "has_downloads": true, "has_wiki": true, "has_pages": false, "has_discussions": false, "forks_count": 5379, "mirror_url": null, "archived": false, "disabled": false, "open_issues_count": 65, "license": {"key": "other", "name": "Other", "spdx_id": "NOASSERTION", "url": null, "node_id": "MDc6TGljZW5zZTA="}, "allow_forking": true, "is_template": false, "web_commit_signoff_required": false, "topics": ["c-plus-plus", "database", "mongodb", "nosql"], "default_branch": "master", "permissions": {"admin": false, "maintain": false, "push": false, "triage": false, "pull": true}, "_id": 108110}, {"owner": {"type": "User", "site_admin": false}, "fork": false, "created_at": "2009-01-15T16:40:42Z", "updated_at": "2022-11-21T20:49:18Z", "pushed_at": "2022-11-23T23:00:06Z", "size": 568, "stargazers_count": 9, "watchers_count": 9, "language": "Vim Script", "has_issues": true, "has_projects": false, "has_downloads": true, "has_wiki": false, "has_pages": false, "has_discussions": false, "forks_count": 1, "mirror_url": null, "archived": false, "disabled": false, "open_issues_count": 0, "license": null, "allow_forking": true, "is_template": false, "web_commit_signoff_required": false, "topics": [], "default_branch": "main", "permissions": {"admin": false, "maintain": false, "push": false, "triage": false, "pull": true}, "_id": 108124}, {"owner": {"type": "Organization", "site_admin": false}, "fork": false, "created_at": "2009-01-15T16:40:45Z", "updated_at": "2022-11-19T12:26:22Z", "pushed_at": "2022-11-24T17:14:18Z", "size": 42010, "stargazers_count": 1428, "watchers_count": 1428, "language": "Ruby", "has_issues": false, "has_projects": false, "has_downloads": true, "has_wiki": false, "has_pages": false, "has_discussions": true, "forks_count": 529, "mirror_url": null, "archived": false, "disabled": false, "open_issues_count": 7, "license": {"key": "apache-2.0", "name": "Apache License 2.0", "spdx_id": "Apache-2.0", "url": "https://api.github.com/licenses/apache-2.0", "node_id": "MDc6TGljZW5zZTI="}, "allow_forking": true, "is_template": false, "web_commit_signoff_required": false, "topics": ["mongodb", "mongodb-driver", "ruby", "ruby-on-rails"], "default_branch": "master", "permissions": {"admin": false, "maintain": false, "push": false, "triage": false, "pull": true}, "_id": 108125}, {"owner": {"type": "User", "site_admin": false}, "fork": false, "created_at": "2009-01-15T17:06:25Z", "updated_at": "2019-08-13T13:53:55Z", "pushed_at": "2009-03-24T23:57:29Z", "size": 1105, "stargazers_count": 31, "watchers_count": 31, "language": "Objective-C", "has_issues": true, "has_projects": true, "has_downloads": true, "has_wiki": true, "has_pages": false, "has_discussions": false, "forks_count": 5, "mirror_url": null, "archived": true, "disabled": false, "open_issues_count": 0, "license": null, "allow_forking": true, "is_template": false, "web_commit_signoff_required": false, "topics": [], "default_branch": "master", "permissions": {"admin": false, "maintain": false, "push": false, "triage": false, "pull": true}, "_id": 108148}, {"owner": {"type": "User", "site_admin": false}, "fork": false, "created_at": "2009-01-15T17:39:48Z", "updated_at": "2019-08-13T13:53:55Z", "pushed_at": "2011-10-29T18:39:12Z", "size": 147, "stargazers_count": 81, "watchers_count": 81, "language": "Ruby", "has_issues": true, "has_projects": true, "has_downloads": true, "has_wiki": true, "has_pages": false, "has_discussions": false, "forks_count": 7, "mirror_url": null, "archived": false, "disabled": false, "open_issues_count": 1, "license": {"key": "apache-2.0", "name": "Apache License 2.0", "spdx_id": "Apache-2.0", "url": "https://api.github.com/licenses/apache-2.0", "node_id": "MDc6TGljZW5zZTI="}, "allow_forking": true, "is_template": false, "web_commit_signoff_required": false, "topics": [], "default_branch": "master", "permissions": {"admin": false, "maintain": false, "push": false, "triage": false, "pull": true}, "_id": 108172}, {"owner": {"type": "User", "site_admin": false}, "fork": false, "created_at": "2009-01-15T18:32:47Z", "updated_at": "2019-08-13T13:53:55Z", "pushed_at": "2014-02-27T05:38:34Z", "size": 246, "stargazers_count": 28, "watchers_count": 28, "language": "JavaScript", "has_issues": true, "has_projects": true, "has_downloads": true, "has_wiki": true, "has_pages": true, "has_discussions": false, "forks_count": 7, "mirror_url": null, "archived": false, "disabled": false, "open_issues_count": 2, "license": {"key": "mit", "name": "MIT License", "spdx_id": "MIT", "url": "https://api.github.com/licenses/mit", "node_id": "MDc6TGljZW5zZTEz"}, "allow_forking": true, "is_template": false, "web_commit_signoff_required": false, "topics": [], "default_branch": "master", "permissions": {"admin": false, "maintain": false, "push": false, "triage": false, "pull": true}, "_id": 108202}, {"owner": {"type": "User", "site_admin": false}, "fork": false, "created_at": "2009-01-15T18:56:34Z", "updated_at": "2022-09-24T18:53:50Z", "pushed_at": "2022-08-12T16:24:09Z", "size": 633, "stargazers_count": 43, "watchers_count": 43, "language": "Perl", "has_issues": true, "has_projects": true, "has_downloads": true, "has_wiki": true, "has_pages": false, "has_discussions": false, "forks_count": 20, "mirror_url": null, "archived": false, "disabled": false, "open_issues_count": 10, "license": {"key": "other", "name": "Other", "spdx_id": "NOASSERTION", "url": null, "node_id": "MDc6TGljZW5zZTA="}, "allow_forking": true, "is_template": false, "web_commit_signoff_required": false, "topics": [], "default_branch": "releases", "permissions": {"admin": false, "maintain": false, "push": false, "triage": false, "pull": true}, "_id": 108215}, {"owner": {"type": "User", "site_admin": false}, "fork": false, "created_at": "2009-01-15T19:08:12Z", "updated_at": "2022-10-23T14:10:39Z", "pushed_at": "2022-03-20T23:22:25Z", "size": 78, "stargazers_count": 109, "watchers_count": 109, "language": "Python", "has_issues": true, "has_projects": true, "has_downloads": true, "has_wiki": true, "has_pages": false, "has_discussions": false, "forks_count": 18, "mirror_url": null, "archived": false, "disabled": false, "open_issues_count": 3, "license": {"key": "other", "name": "Other", "spdx_id": "NOASSERTION", "url": null, "node_id": "MDc6TGljZW5zZTA="}, "allow_forking": true, "is_template": false, "web_commit_signoff_required": false, "topics": [], "default_branch": "master", "permissions": {"admin": false, "maintain": false, "push": false, "triage": false, "pull": true}, "_id": 108223}, {"owner": {"type": "User", "site_admin": false}, "fork": false, "created_at": "2009-01-15T19:12:49Z", "updated_at": "2021-03-05T23:35:16Z", "pushed_at": "2022-03-07T10:10:12Z", "size": 3256, "stargazers_count": 7, "watchers_count": 7, "language": "Perl", "has_issues": true, "has_projects": true, "has_downloads": true, "has_wiki": true, "has_pages": false, "has_discussions": false, "forks_count": 10, "mirror_url": null, "archived": false, "disabled": false, "open_issues_count": 23, "license": {"key": "other", "name": "Other", "spdx_id": "NOASSERTION", "url": null, "node_id": "MDc6TGljZW5zZTA="}, "allow_forking": true, "is_template": false, "web_commit_signoff_required": false, "topics": [], "default_branch": "master", "permissions": {"admin": false, "maintain": false, "push": false, "triage": false, "pull": true}, "_id": 108226}, {"owner": {"type": "User", "site_admin": false}, "fork": false, "created_at": "2009-01-15T19:13:02Z", "updated_at": "2022-10-12T16:30:00Z", "pushed_at": "2017-03-25T22:00:01Z", "size": 124, "stargazers_count": 212, "watchers_count": 212, "language": "VimL", "has_issues": true, "has_projects": true, "has_downloads": true, "has_wiki": true, "has_pages": false, "has_discussions": false, "forks_count": 17, "mirror_url": null, "archived": false, "disabled": false, "open_issues_count": 8, "license": null, "allow_forking": true, "is_template": false, "web_commit_signoff_required": false, "topics": [], "default_branch": "master", "permissions": {"admin": false, "maintain": false, "push": false, "triage": false, "pull": true}, "_id": 108227}, {"owner": {"type": "User", "site_admin": false}, "fork": false, "created_at": "2009-01-15T19:42:56Z", "updated_at": "2019-08-13T13:53:57Z", "pushed_at": "2009-01-15T19:53:44Z", "size": 88, "stargazers_count": 10, "watchers_count": 10, "language": "Ruby", "has_issues": true, "has_projects": true, "has_downloads": true, "has_wiki": true, "has_pages": false, "has_discussions": false, "forks_count": 2, "mirror_url": null, "archived": false, "disabled": false, "open_issues_count": 0, "license": {"key": "other", "name": "Other", "spdx_id": "NOASSERTION", "url": null, "node_id": "MDc6TGljZW5zZTA="}, "allow_forking": true, "is_template": false, "web_commit_signoff_required": false, "topics": [], "default_branch": "master", "permissions": {"admin": false, "maintain": false, "push": false, "triage": false, "pull": true}, "_id": 108239}, {"owner": {"type": "User", "site_admin": false}, "fork": false, "created_at": "2009-01-15T19:44:29Z", "updated_at": "2020-01-29T00:44:09Z", "pushed_at": "2012-02-25T17:37:41Z", "size": 119, "stargazers_count": 21, "watchers_count": 21, "language": "Shell", "has_issues": true, "has_projects": true, "has_downloads": true, "has_wiki": true, "has_pages": false, "has_discussions": false, "forks_count": 2, "mirror_url": null, "archived": false, "disabled": false, "open_issues_count": 1, "license": {"key": "mit", "name": "MIT License", "spdx_id": "MIT", "url": "https://api.github.com/licenses/mit", "node_id": "MDc6TGljZW5zZTEz"}, "allow_forking": true, "is_template": false, "web_commit_signoff_required": false, "topics": [], "default_branch": "master", "permissions": {"admin": false, "maintain": false, "push": false, "triage": false, "pull": true}, "_id": 108241}, {"owner": {"type": "User", "site_admin": false}, "fork": false, "created_at": "2009-01-15T19:47:49Z", "updated_at": "2020-04-22T22:26:05Z", "pushed_at": "2013-03-22T06:57:52Z", "size": 139, "stargazers_count": 12, "watchers_count": 12, "language": "VimL", "has_issues": true, "has_projects": true, "has_downloads": true, "has_wiki": true, "has_pages": false, "has_discussions": false, "forks_count": 0, "mirror_url": null, "archived": false, "disabled": false, "open_issues_count": 0, "license": null, "allow_forking": true, "is_template": false, "web_commit_signoff_required": false, "topics": [], "default_branch": "master", "permissions": {"admin": false, "maintain": false, "push": false, "triage": false, "pull": true}, "_id": 108242}, {"owner": {"type": "User", "site_admin": false}, "fork": false, "created_at": "2009-01-15T19:52:59Z", "updated_at": "2020-05-19T02:25:01Z", "pushed_at": "2011-05-24T17:42:33Z", "size": 158, "stargazers_count": 12, "watchers_count": 12, "language": "PHP", "has_issues": false, "has_projects": true, "has_downloads": false, "has_wiki": false, "has_pages": false, "has_discussions": false, "forks_count": 6, "mirror_url": null, "archived": true, "disabled": false, "open_issues_count": 1, "license": null, "allow_forking": true, "is_template": false, "web_commit_signoff_required": false, "topics": [], "default_branch": "6.x-0.x", "permissions": {"admin": false, "maintain": false, "push": false, "triage": false, "pull": true}, "_id": 108245}, {"owner": {"type": "User", "site_admin": false}, "fork": false, "created_at": "2009-01-15T20:23:47Z", "updated_at": "2019-08-13T13:53:58Z", "pushed_at": "2009-05-23T11:36:20Z", "size": 501, "stargazers_count": 9, "watchers_count": 9, "language": "C++", "has_issues": true, "has_projects": true, "has_downloads": true, "has_wiki": true, "has_pages": false, "has_discussions": false, "forks_count": 1, "mirror_url": null, "archived": false, "disabled": false, "open_issues_count": 0, "license": null, "allow_forking": true, "is_template": false, "web_commit_signoff_required": false, "topics": [], "default_branch": "master", "permissions": {"admin": false, "maintain": false, "push": false, "triage": false, "pull": true}, "_id": 108269}, {"owner": {"type": "Organization", "site_admin": false}, "fork": false, "created_at": "2009-01-15T20:40:48Z", "updated_at": "2022-11-25T20:59:46Z", "pushed_at": "2022-11-25T14:20:52Z", "size": 287111, "stargazers_count": 7060, "watchers_count": 7060, "language": "Ruby", "has_issues": true, "has_projects": false, "has_downloads": true, "has_wiki": true, "has_pages": false, "has_discussions": true, "forks_count": 2567, "mirror_url": null, "archived": false, "disabled": false, "open_issues_count": 445, "license": {"key": "apache-2.0", "name": "Apache License 2.0", "spdx_id": "Apache-2.0", "url": "https://api.github.com/licenses/apache-2.0", "node_id": "MDc6TGljZW5zZTI="}, "allow_forking": true, "is_template": false, "web_commit_signoff_required": false, "topics": ["automation", "cfgmgt", "chef", "deployment", "devops", "hacktoberfest", "infrastructure"], "default_branch": "main", "permissions": {"admin": false, "maintain": false, "push": false, "triage": false, "pull": true}, "_id": 108278}, {"owner": {"type": "User", "site_admin": false}, "fork": false, "created_at": "2009-01-15T20:48:12Z", "updated_at": "2020-05-02T13:01:56Z", "pushed_at": "2009-07-28T18:50:07Z", "size": 7945, "stargazers_count": 25, "watchers_count": 25, "language": "Python", "has_issues": true, "has_projects": true, "has_downloads": true, "has_wiki": true, "has_pages": false, "has_discussions": false, "forks_count": 3, "mirror_url": null, "archived": false, "disabled": false, "open_issues_count": 1, "license": {"key": "other", "name": "Other", "spdx_id": "NOASSERTION", "url": null, "node_id": "MDc6TGljZW5zZTA="}, "allow_forking": true, "is_template": false, "web_commit_signoff_required": false, "topics": [], "default_branch": "master", "permissions": {"admin": false, "maintain": false, "push": false, "triage": false, "pull": true}, "_id": 108286}, {"owner": {"type": "Organization", "site_admin": false}, "fork": false, "created_at": "2009-01-15T20:50:43Z", "updated_at": "2022-11-11T22:51:14Z", "pushed_at": "2022-11-16T14:06:24Z", "size": 8049, "stargazers_count": 667, "watchers_count": 667, "language": "Ruby", "has_issues": true, "has_projects": false, "has_downloads": true, "has_wiki": false, "has_pages": false, "has_discussions": false, "forks_count": 474, "mirror_url": null, "archived": false, "disabled": false, "open_issues_count": 65, "license": {"key": "apache-2.0", "name": "Apache License 2.0", "spdx_id": "Apache-2.0", "url": "https://api.github.com/licenses/apache-2.0", "node_id": "MDc6TGljZW5zZTI="}, "allow_forking": true, "is_template": false, "web_commit_signoff_required": false, "topics": ["chef", "configuration", "configuration-management", "discovery", "hacktoberfest", "ohai", "ruby"], "default_branch": "main", "permissions": {"admin": false, "maintain": false, "push": false, "triage": false, "pull": true}, "_id": 108289}, {"owner": {"type": "User", "site_admin": false}, "fork": false, "created_at": "2009-01-15T21:03:12Z", "updated_at": "2022-11-07T08:41:12Z", "pushed_at": "2021-12-02T06:28:32Z", "size": 157, "stargazers_count": 204, "watchers_count": 204, "language": "Python", "has_issues": true, "has_projects": false, "has_downloads": true, "has_wiki": false, "has_pages": false, "has_discussions": false, "forks_count": 70, "mirror_url": null, "archived": false, "disabled": false, "open_issues_count": 3, "license": {"key": "bsd-2-clause", "name": "BSD 2-Clause \"Simplified\" License", "spdx_id": "BSD-2-Clause", "url": "https://api.github.com/licenses/bsd-2-clause", "node_id": "MDc6TGljZW5zZTQ="}, "allow_forking": true, "is_template": false, "web_commit_signoff_required": false, "topics": ["django"], "default_branch": "develop", "permissions": {"admin": false, "maintain": false, "push": false, "triage": false, "pull": true}, "_id": 108295}, {"owner": {"type": "User", "site_admin": false}, "fork": false, "created_at": "2009-01-15T21:12:39Z", "updated_at": "2019-08-13T13:53:59Z", "pushed_at": "2015-12-25T11:40:26Z", "size": 64, "stargazers_count": 29, "watchers_count": 29, "language": "Tcl", "has_issues": true, "has_projects": true, "has_downloads": true, "has_wiki": true, "has_pages": false, "has_discussions": false, "forks_count": 0, "mirror_url": null, "archived": false, "disabled": false, "open_issues_count": 0, "license": {"key": "other", "name": "Other", "spdx_id": "NOASSERTION", "url": null, "node_id": "MDc6TGljZW5zZTA="}, "allow_forking": true, "is_template": false, "web_commit_signoff_required": false, "topics": [], "default_branch": "master", "permissions": {"admin": false, "maintain": false, "push": false, "triage": false, "pull": true}, "_id": 108302}, {"owner": {"type": "User", "site_admin": false}, "fork": false, "created_at": "2009-01-15T21:22:07Z", "updated_at": "2022-11-12T19:36:41Z", "pushed_at": "2019-09-24T04:56:16Z", "size": 23627, "stargazers_count": 91, "watchers_count": 91, "language": "HTML", "has_issues": true, "has_projects": true, "has_downloads": true, "has_wiki": true, "has_pages": false, "has_discussions": false, "forks_count": 9, "mirror_url": null, "archived": false, "disabled": false, "open_issues_count": 6, "license": {"key": "other", "name": "Other", "spdx_id": "NOASSERTION", "url": null, "node_id": "MDc6TGljZW5zZTA="}, "allow_forking": true, "is_template": false, "web_commit_signoff_required": false, "topics": ["munsell-colour", "r"], "default_branch": "master", "permissions": {"admin": false, "maintain": false, "push": false, "triage": false, "pull": true}, "_id": 108308}, {"owner": {"type": "User", "site_admin": false}, "fork": false, "created_at": "2009-01-15T21:23:21Z", "updated_at": "2022-06-15T20:15:47Z", "pushed_at": "2012-01-22T21:40:47Z", "size": 106, "stargazers_count": 28, "watchers_count": 28, "language": "Ruby", "has_issues": true, "has_projects": true, "has_downloads": true, "has_wiki": true, "has_pages": false, "has_discussions": false, "forks_count": 3, "mirror_url": null, "archived": false, "disabled": false, "open_issues_count": 0, "license": null, "allow_forking": true, "is_template": false, "web_commit_signoff_required": false, "topics": [], "default_branch": "master", "permissions": {"admin": false, "maintain": false, "push": false, "triage": false, "pull": true}, "_id": 108312}, {"owner": {"type": "User", "site_admin": false}, "fork": false, "created_at": "2009-01-15T21:42:20Z", "updated_at": "2022-10-06T12:34:59Z", "pushed_at": "2014-09-12T04:36:36Z", "size": 10903, "stargazers_count": 30, "watchers_count": 30, "language": "Lua", "has_issues": true, "has_projects": true, "has_downloads": true, "has_wiki": true, "has_pages": false, "has_discussions": false, "forks_count": 27, "mirror_url": null, "archived": false, "disabled": false, "open_issues_count": 0, "license": null, "allow_forking": true, "is_template": false, "web_commit_signoff_required": false, "topics": [], "default_branch": "master", "permissions": {"admin": false, "maintain": false, "push": false, "triage": false, "pull": true}, "_id": 108328}, {"owner": {"type": "User", "site_admin": false}, "fork": false, "created_at": "2009-01-15T21:55:22Z", "updated_at": "2020-12-01T12:52:39Z", "pushed_at": "2009-01-15T22:05:17Z", "size": 114, "stargazers_count": 12, "watchers_count": 12, "language": null, "has_issues": true, "has_projects": true, "has_downloads": true, "has_wiki": true, "has_pages": false, "has_discussions": false, "forks_count": 4, "mirror_url": null, "archived": false, "disabled": false, "open_issues_count": 0, "license": {"key": "mit", "name": "MIT License", "spdx_id": "MIT", "url": "https://api.github.com/licenses/mit", "node_id": "MDc6TGljZW5zZTEz"}, "allow_forking": true, "is_template": false, "web_commit_signoff_required": false, "topics": [], "default_branch": "master", "permissions": {"admin": false, "maintain": false, "push": false, "triage": false, "pull": true}, "_id": 108335}, {"owner": {"type": "User", "site_admin": false}, "fork": false, "created_at": "2009-01-15T22:22:05Z", "updated_at": "2019-08-13T13:54:00Z", "pushed_at": "2016-02-13T17:35:10Z", "size": 12, "stargazers_count": 6, "watchers_count": 6, "language": "Erlang", "has_issues": true, "has_projects": true, "has_downloads": true, "has_wiki": true, "has_pages": false, "has_discussions": false, "forks_count": 1, "mirror_url": null, "archived": false, "disabled": false, "open_issues_count": 0, "license": {"key": "mit", "name": "MIT License", "spdx_id": "MIT", "url": "https://api.github.com/licenses/mit", "node_id": "MDc6TGljZW5zZTEz"}, "allow_forking": true, "is_template": false, "web_commit_signoff_required": false, "topics": [], "default_branch": "master", "permissions": {"admin": false, "maintain": false, "push": false, "triage": false, "pull": true}, "_id": 108351}, {"owner": {"type": "User", "site_admin": false}, "fork": false, "created_at": "2009-01-15T22:37:30Z", "updated_at": "2019-08-13T13:54:00Z", "pushed_at": "2009-01-27T23:25:36Z", "size": 172, "stargazers_count": 8, "watchers_count": 8, "language": "JavaScript", "has_issues": true, "has_projects": true, "has_downloads": true, "has_wiki": true, "has_pages": false, "has_discussions": false, "forks_count": 0, "mirror_url": null, "archived": false, "disabled": false, "open_issues_count": 1, "license": null, "allow_forking": true, "is_template": false, "web_commit_signoff_required": false, "topics": [], "default_branch": "master", "permissions": {"admin": false, "maintain": false, "push": false, "triage": false, "pull": true}, "_id": 108363}, {"owner": {"type": "User", "site_admin": false}, "fork": false, "created_at": "2009-01-15T23:10:36Z", "updated_at": "2021-01-13T19:25:56Z", "pushed_at": "2010-03-05T16:37:29Z", "size": 82, "stargazers_count": 90, "watchers_count": 90, "language": "JavaScript", "has_issues": true, "has_projects": true, "has_downloads": true, "has_wiki": true, "has_pages": false, "has_discussions": false, "forks_count": 4, "mirror_url": null, "archived": false, "disabled": false, "open_issues_count": 0, "license": null, "allow_forking": true, "is_template": false, "web_commit_signoff_required": false, "topics": [], "default_branch": "master", "permissions": {"admin": false, "maintain": false, "push": false, "triage": false, "pull": true}, "_id": 108382}, {"owner": {"type": "User", "site_admin": false}, "fork": false, "created_at": "2009-01-15T23:57:57Z", "updated_at": "2020-09-20T19:07:26Z", "pushed_at": "2010-02-26T01:05:20Z", "size": 200, "stargazers_count": 69, "watchers_count": 69, "language": "Ruby", "has_issues": true, "has_projects": true, "has_downloads": true, "has_wiki": true, "has_pages": false, "has_discussions": false, "forks_count": 21, "mirror_url": null, "archived": false, "disabled": false, "open_issues_count": 7, "license": {"key": "other", "name": "Other", "spdx_id": "NOASSERTION", "url": null, "node_id": "MDc6TGljZW5zZTA="}, "allow_forking": true, "is_template": false, "web_commit_signoff_required": false, "topics": [], "default_branch": "master", "permissions": {"admin": false, "maintain": false, "push": false, "triage": false, "pull": true}, "_id": 108409}]