[{"owner": {"type": "User", "site_admin": false}, "fork": false, "created_at": "2009-01-07T00:17:20Z", "updated_at": "2020-01-01T00:00:26Z", "pushed_at": "2014-01-06T18:42:21Z", "size": 373, "stargazers_count": 13, "watchers_count": 13, "language": "Ruby", "has_issues": true, "has_projects": true, "has_downloads": true, "has_wiki": true, "has_pages": false, "has_discussions": false, "forks_count": 3, "mirror_url": null, "archived": true, "disabled": false, "open_issues_count": 2, "license": {"key": "mit", "name": "MIT License", "spdx_id": "MIT", "url": "https://api.github.com/licenses/mit", "node_id": "MDc6TGljZW5zZTEz"}, "allow_forking": true, "is_template": false, "web_commit_signoff_required": false, "topics": [], "default_branch": "master", "permissions": {"admin": false, "maintain": false, "push": false, "triage": false, "pull": true}, "_id": 102323}, {"owner": {"type": "User", "site_admin": false}, "fork": false, "created_at": "2009-01-07T01:05:26Z", "updated_at": "2019-12-04T22:14:47Z", "pushed_at": "2009-01-07T10:03:14Z", "size": 316, "stargazers_count": 13, "watchers_count": 13, "language": null, "has_issues": true, "has_projects": true, "has_downloads": true, "has_wiki": true, "has_pages": false, "has_discussions": false, "forks_count": 1, "mirror_url": null, "archived": false, "disabled": false, "open_issues_count": 0, "license": null, "allow_forking": true, "is_template": false, "web_commit_signoff_required": false, "topics": [], "default_branch": "master", "permissions": {"admin": false, "maintain": false, "push": false, "triage": false, "pull": true}, "_id": 102344}, {"owner": {"type": "User", "site_admin": false}, "fork": false, "created_at": "2009-01-07T02:14:40Z", "updated_at": "2021-07-29T14:44:09Z", "pushed_at": "2020-08-15T16:19:25Z", "size": 2088, "stargazers_count": 28, "watchers_count": 28, "language": "Haskell", "has_issues": true, "has_projects": true, "has_downloads": true, "has_wiki": true, "has_pages": false, "has_discussions": false, "forks_count": 8, "mirror_url": null, "archived": false, "disabled": false, "open_issues_count": 2, "license": {"key": "mit", "name": "MIT License", "spdx_id": "MIT", "url": "https://api.github.com/licenses/mit", "node_id": "MDc6TGljZW5zZTEz"}, "allow_forking": true, "is_template": false, "web_commit_signoff_required": false, "topics": [], "default_branch": "master", "permissions": {"admin": false, "maintain": false, "push": false, "triage": false, "pull": true}, "_id": 102373}, {"owner": {"type": "Organization", "site_admin": false}, "fork": false, "created_at": "2009-01-07T03:43:44Z", "updated_at": "2022-11-08T22:11:30Z", "pushed_at": "2022-10-20T04:56:36Z", "size": 90, "stargazers_count": 339, "watchers_count": 339, "language": "Ruby", "has_issues": true, "has_projects": false, "has_downloads": true, "has_wiki": false, "has_pages": false, "has_discussions": false, "forks_count": 52, "mirror_url": null, "archived": false, "disabled": false, "open_issues_count": 10, "license": {"key": "mit", "name": "MIT License", "spdx_id": "MIT", "url": "https://api.github.com/licenses/mit", "node_id": "MDc6TGljZW5zZTEz"}, "allow_forking": true, "is_template": false, "web_commit_signoff_required": true, "topics": [], "default_branch": "master", "permissions": {"admin": false, "maintain": false, "push": false, "triage": false, "pull": true}, "_id": 102415}, {"owner": {"type": "User", "site_admin": false}, "fork": false, "created_at": "2009-01-07T04:07:50Z", "updated_at": "2019-08-13T13:51:53Z", "pushed_at": "2009-01-07T04:17:56Z", "size": 85, "stargazers_count": 7, "watchers_count": 7, "language": null, "has_issues": true, "has_projects": true, "has_downloads": true, "has_wiki": true, "has_pages": false, "has_discussions": false, "forks_count": 1, "mirror_url": null, "archived": false, "disabled": false, "open_issues_count": 0, "license": null, "allow_forking": true, "is_template": false, "web_commit_signoff_required": false, "topics": [], "default_branch": "master", "permissions": {"admin": false, "maintain": false, "push": false, "triage": false, "pull": true}, "_id": 102426}, {"owner": {"type": "User", "site_admin": false}, "fork": false, "created_at": "2009-01-07T04:22:51Z", "updated_at": "2019-12-31T21:04:29Z", "pushed_at": "2009-03-08T22:53:12Z", "size": 1342, "stargazers_count": 7, "watchers_count": 7, "language": null, "has_issues": true, "has_projects": true, "has_downloads": true, "has_wiki": true, "has_pages": false, "has_discussions": false, "forks_count": 2, "mirror_url": null, "archived": false, "disabled": false, "open_issues_count": 0, "license": null, "allow_forking": true, "is_template": false, "web_commit_signoff_required": false, "topics": [], "default_branch": "master", "permissions": {"admin": false, "maintain": false, "push": false, "triage": false, "pull": true}, "_id": 102432}, {"owner": {"type": "User", "site_admin": false}, "fork": false, "created_at": "2009-01-07T04:29:43Z", "updated_at": "2019-08-13T13:51:53Z", "pushed_at": "2010-08-02T09:25:36Z", "size": 365, "stargazers_count": 47, "watchers_count": 47, "language": "C", "has_issues": true, "has_projects": true, "has_downloads": true, "has_wiki": true, "has_pages": false, "has_discussions": false, "forks_count": 20, "mirror_url": null, "archived": false, "disabled": false, "open_issues_count": 2, "license": null, "allow_forking": true, "is_template": false, "web_commit_signoff_required": false, "topics": [], "default_branch": "master", "permissions": {"admin": false, "maintain": false, "push": false, "triage": false, "pull": true}, "_id": 102435}, {"owner": {"type": "User", "site_admin": false}, "fork": false, "created_at": "2009-01-07T04:37:01Z", "updated_at": "2019-08-13T13:51:53Z", "pushed_at": "2010-03-09T20:54:58Z", "size": 90, "stargazers_count": 9, "watchers_count": 9, "language": "Ruby", "has_issues": true, "has_projects": true, "has_downloads": true, "has_wiki": true, "has_pages": false, "has_discussions": false, "forks_count": 0, "mirror_url": null, "archived": false, "disabled": false, "open_issues_count": 0, "license": {"key": "mit", "name": "MIT License", "spdx_id": "MIT", "url": "https://api.github.com/licenses/mit", "node_id": "MDc6TGljZW5zZTEz"}, "allow_forking": true, "is_template": false, "web_commit_signoff_required": false, "topics": [], "default_branch": "master", "permissions": {"admin": false, "maintain": false, "push": false, "triage": false, "pull": true}, "_id": 102437}, {"owner": {"type": "User", "site_admin": false}, "fork": false, "created_at": "2009-01-07T05:38:00Z", "updated_at": "2019-08-13T13:51:54Z", "pushed_at": "2009-04-02T05:02:00Z", "size": 391, "stargazers_count": 7, "watchers_count": 7, "language": "Shell", "has_issues": true, "has_projects": true, "has_downloads": true, "has_wiki": true, "has_pages": false, "has_discussions": false, "forks_count": 0, "mirror_url": null, "archived": false, "disabled": false, "open_issues_count": 0, "license": null, "allow_forking": true, "is_template": false, "web_commit_signoff_required": false, "topics": [], "default_branch": "master", "permissions": {"admin": false, "maintain": false, "push": false, "triage": false, "pull": true}, "_id": 102460}, {"owner": {"type": "User", "site_admin": false}, "fork": false, "created_at": "2009-01-07T06:29:08Z", "updated_at": "2019-08-13T13:51:54Z", "pushed_at": "2009-01-22T00:29:57Z", "size": 340, "stargazers_count": 6, "watchers_count": 6, "language": "C#", "has_issues": true, "has_projects": true, "has_downloads": true, "has_wiki": true, "has_pages": false, "has_discussions": false, "forks_count": 0, "mirror_url": null, "archived": false, "disabled": false, "open_issues_count": 0, "license": null, "allow_forking": true, "is_template": false, "web_commit_signoff_required": false, "topics": [], "default_branch": "master", "permissions": {"admin": false, "maintain": false, "push": false, "triage": false, "pull": true}, "_id": 102482}, {"owner": {"type": "User", "site_admin": false}, "fork": false, "created_at": "2009-01-07T07:35:52Z", "updated_at": "2022-06-19T07:34:10Z", "pushed_at": "2016-10-04T14:36:04Z", "size": 3526, "stargazers_count": 121, "watchers_count": 121, "language": "Perl", "has_issues": true, "has_projects": true, "has_downloads": true, "has_wiki": true, "has_pages": false, "has_discussions": false, "forks_count": 12, "mirror_url": null, "archived": false, "disabled": false, "open_issues_count": 115, "license": null, "allow_forking": true, "is_template": false, "web_commit_signoff_required": false, "topics": [], "default_branch": "master", "permissions": {"admin": false, "maintain": false, "push": false, "triage": false, "pull": true}, "_id": 102511}, {"owner": {"type": "User", "site_admin": false}, "fork": false, "created_at": "2009-01-07T09:22:06Z", "updated_at": "2019-08-13T13:51:55Z", "pushed_at": "2010-03-04T15:15:25Z", "size": 6253, "stargazers_count": 12, "watchers_count": 12, "language": "Erlang", "has_issues": true, "has_projects": true, "has_downloads": true, "has_wiki": true, "has_pages": false, "has_discussions": false, "forks_count": 2, "mirror_url": null, "archived": false, "disabled": false, "open_issues_count": 0, "license": {"key": "other", "name": "Other", "spdx_id": "NOASSERTION", "url": null, "node_id": "MDc6TGljZW5zZTA="}, "allow_forking": true, "is_template": false, "web_commit_signoff_required": false, "topics": [], "default_branch": "master", "permissions": {"admin": false, "maintain": false, "push": false, "triage": false, "pull": true}, "_id": 102543}, {"owner": {"type": "User", "site_admin": false}, "fork": false, "created_at": "2009-01-07T09:28:52Z", "updated_at": "2019-08-13T13:51:55Z", "pushed_at": "2015-06-01T05:31:59Z", "size": 165, "stargazers_count": 13, "watchers_count": 13, "language": "C", "has_issues": true, "has_projects": true, "has_downloads": true, "has_wiki": true, "has_pages": false, "has_discussions": false, "forks_count": 1, "mirror_url": null, "archived": false, "disabled": false, "open_issues_count": 0, "license": null, "allow_forking": true, "is_template": false, "web_commit_signoff_required": false, "topics": [], "default_branch": "master", "permissions": {"admin": false, "maintain": false, "push": false, "triage": false, "pull": true}, "_id": 102546}, {"owner": {"type": "User", "site_admin": false}, "fork": false, "created_at": "2009-01-07T11:27:41Z", "updated_at": "2022-11-24T11:59:53Z", "pushed_at": "2022-11-03T12:07:01Z", "size": 19291, "stargazers_count": 690, "watchers_count": 690, "language": "Python", "has_issues": true, "has_projects": true, "has_downloads": true, "has_wiki": true, "has_pages": true, "has_discussions": false, "forks_count": 138, "mirror_url": null, "archived": false, "disabled": false, "open_issues_count": 75, "license": {"key": "gpl-3.0", "name": "GNU General Public License v3.0", "spdx_id": "GPL-3.0", "url": "https://api.github.com/licenses/gpl-3.0", "node_id": "MDc6TGljZW5zZTk="}, "allow_forking": true, "is_template": false, "web_commit_signoff_required": false, "topics": ["audio", "audio-analysis", "python", "spectrogram", "spectrum", "spectrum-analyzer"], "default_branch": "master", "permissions": {"admin": false, "maintain": false, "push": false, "triage": false, "pull": true}, "_id": 102587}, {"owner": {"type": "User", "site_admin": false}, "fork": false, "created_at": "2009-01-07T11:56:08Z", "updated_at": "2019-08-13T13:51:56Z", "pushed_at": "2009-03-13T19:29:15Z", "size": 388, "stargazers_count": 6, "watchers_count": 6, "language": "Ruby", "has_issues": true, "has_projects": true, "has_downloads": true, "has_wiki": true, "has_pages": false, "has_discussions": false, "forks_count": 1, "mirror_url": null, "archived": false, "disabled": false, "open_issues_count": 0, "license": null, "allow_forking": true, "is_template": false, "web_commit_signoff_required": false, "topics": [], "default_branch": "master", "permissions": {"admin": false, "maintain": false, "push": false, "triage": false, "pull": true}, "_id": 102602}, {"owner": {"type": "User", "site_admin": false}, "fork": false, "created_at": "2009-01-07T12:11:05Z", "updated_at": "2022-01-21T18:56:44Z", "pushed_at": "2018-02-08T09:59:56Z", "size": 11228, "stargazers_count": 43, "watchers_count": 43, "language": "Python", "has_issues": true, "has_projects": true, "has_downloads": true, "has_wiki": true, "has_pages": false, "has_discussions": false, "forks_count": 11, "mirror_url": null, "archived": false, "disabled": false, "open_issues_count": 10, "license": null, "allow_forking": true, "is_template": false, "web_commit_signoff_required": false, "topics": [], "default_branch": "master", "permissions": {"admin": false, "maintain": false, "push": false, "triage": false, "pull": true}, "_id": 102609}, {"owner": {"type": "Organization", "site_admin": false}, "fork": false, "created_at": "2009-01-07T12:37:40Z", "updated_at": "2022-01-21T07:04:30Z", "pushed_at": "2022-04-26T15:23:02Z", "size": 16275, "stargazers_count": 169, "watchers_count": 169, "language": "JavaScript", "has_issues": true, "has_projects": true, "has_downloads": true, "has_wiki": false, "has_pages": true, "has_discussions": false, "forks_count": 18, "mirror_url": null, "archived": false, "disabled": false, "open_issues_count": 8, "license": null, "allow_forking": true, "is_template": false, "web_commit_signoff_required": false, "topics": [], "default_branch": "master", "permissions": {"admin": false, "maintain": false, "push": false, "triage": false, "pull": true}, "_id": 102625}, {"owner": {"type": "Organization", "site_admin": false}, "fork": false, "created_at": "2009-01-07T13:11:13Z", "updated_at": "2022-10-16T03:49:13Z", "pushed_at": "2022-08-05T05:12:53Z", "size": 16028, "stargazers_count": 122, "watchers_count": 122, "language": "Scala", "has_issues": true, "has_projects": true, "has_downloads": true, "has_wiki": false, "has_pages": true, "has_discussions": true, "forks_count": 102, "mirror_url": null, "archived": false, "disabled": false, "open_issues_count": 7, "license": {"key": "apache-2.0", "name": "Apache License 2.0", "spdx_id": "Apache-2.0", "url": "https://api.github.com/licenses/apache-2.0", "node_id": "MDc6TGljZW5zZTI="}, "allow_forking": true, "is_template": false, "web_commit_signoff_required": false, "topics": ["cilib", "computational-intelligence", "functional-programming", "machine-learning", "optimization-algorithms", "scala"], "default_branch": "master", "permissions": {"admin": false, "maintain": false, "push": false, "triage": false, "pull": true}, "_id": 102637}, {"owner": {"type": "User", "site_admin": false}, "fork": false, "created_at": "2009-01-07T14:13:11Z", "updated_at": "2022-11-03T17:32:48Z", "pushed_at": "2018-04-26T20:28:46Z", "size": 756, "stargazers_count": 543, "watchers_count": 543, "language": "Ruby", "has_issues": true, "has_projects": true, "has_downloads": true, "has_wiki": true, "has_pages": false, "has_discussions": false, "forks_count": 61, "mirror_url": null, "archived": false, "disabled": false, "open_issues_count": 10, "license": null, "allow_forking": true, "is_template": false, "web_commit_signoff_required": false, "topics": [], "default_branch": "master", "permissions": {"admin": false, "maintain": false, "push": false, "triage": false, "pull": true}, "_id": 102665}, {"owner": {"type": "User", "site_admin": false}, "fork": false, "created_at": "2009-01-07T15:54:13Z", "updated_at": "2019-08-13T13:51:59Z", "pushed_at": "2009-02-26T00:24:24Z", "size": 9190, "stargazers_count": 10, "watchers_count": 10, "language": "JavaScript", "has_issues": true, "has_projects": true, "has_downloads": true, "has_wiki": true, "has_pages": false, "has_discussions": false, "forks_count": 5, "mirror_url": null, "archived": false, "disabled": false, "open_issues_count": 0, "license": null, "allow_forking": true, "is_template": false, "web_commit_signoff_required": false, "topics": [], "default_branch": "master", "permissions": {"admin": false, "maintain": false, "push": false, "triage": false, "pull": true}, "_id": 102714}, {"owner": {"type": "User", "site_admin": false}, "fork": false, "created_at": "2009-01-07T16:22:13Z", "updated_at": "2019-08-13T13:51:59Z", "pushed_at": "2009-07-07T11:57:40Z", "size": 9983, "stargazers_count": 13, "watchers_count": 13, "language": "Ruby", "has_issues": true, "has_projects": true, "has_downloads": true, "has_wiki": true, "has_pages": false, "has_discussions": false, "forks_count": 3, "mirror_url": null, "archived": false, "disabled": false, "open_issues_count": 0, "license": null, "allow_forking": true, "is_template": false, "web_commit_signoff_required": false, "topics": [], "default_branch": "master", "permissions": {"admin": false, "maintain": false, "push": false, "triage": false, "pull": true}, "_id": 102730}, {"owner": {"type": "User", "site_admin": false}, "fork": false, "created_at": "2009-01-07T18:00:24Z", "updated_at": "2019-08-13T13:52:00Z", "pushed_at": "2010-04-13T20:35:11Z", "size": 808, "stargazers_count": 6, "watchers_count": 6, "language": "ActionScript", "has_issues": true, "has_projects": true, "has_downloads": true, "has_wiki": true, "has_pages": false, "has_discussions": false, "forks_count": 4, "mirror_url": null, "archived": false, "disabled": false, "open_issues_count": 0, "license": {"key": "other", "name": "Other", "spdx_id": "NOASSERTION", "url": null, "node_id": "MDc6TGljZW5zZTA="}, "allow_forking": true, "is_template": false, "web_commit_signoff_required": false, "topics": [], "default_branch": "master", "permissions": {"admin": false, "maintain": false, "push": false, "triage": false, "pull": true}, "_id": 102786}, {"owner": {"type": "User", "site_admin": false}, "fork": false, "created_at": "2009-01-07T18:33:46Z", "updated_at": "2020-08-09T17:58:03Z", "pushed_at": "2010-10-12T01:02:41Z", "size": 372, "stargazers_count": 21, "watchers_count": 21, "language": "D", "has_issues": true, "has_projects": true, "has_downloads": true, "has_wiki": true, "has_pages": false, "has_discussions": false, "forks_count": 3, "mirror_url": null, "archived": false, "disabled": false, "open_issues_count": 4, "license": null, "allow_forking": true, "is_template": false, "web_commit_signoff_required": false, "topics": [], "default_branch": "master", "permissions": {"admin": false, "maintain": false, "push": false, "triage": false, "pull": true}, "_id": 102804}, {"owner": {"type": "User", "site_admin": false}, "fork": false, "created_at": "2009-01-07T18:38:10Z", "updated_at": "2019-08-13T13:52:00Z", "pushed_at": "2009-01-07T19:27:49Z", "size": 3676, "stargazers_count": 10, "watchers_count": 10, "language": "C", "has_issues": true, "has_projects": true, "has_downloads": true, "has_wiki": true, "has_pages": false, "has_discussions": false, "forks_count": 0, "mirror_url": null, "archived": false, "disabled": false, "open_issues_count": 0, "license": {"key": "gpl-2.0", "name": "GNU General Public License v2.0", "spdx_id": "GPL-2.0", "url": "https://api.github.com/licenses/gpl-2.0", "node_id": "MDc6TGljZW5zZTg="}, "allow_forking": true, "is_template": false, "web_commit_signoff_required": false, "topics": [], "default_branch": "master", "permissions": {"admin": false, "maintain": false, "push": false, "triage": false, "pull": true}, "_id": 102808}, {"owner": {"type": "User", "site_admin": false}, "fork": false, "created_at": "2009-01-07T18:43:42Z", "updated_at": "2020-07-09T12:49:00Z", "pushed_at": "2016-03-01T20:45:53Z", "size": 361, "stargazers_count": 28, "watchers_count": 28, "language": "Ruby", "has_issues": true, "has_projects": true, "has_downloads": true, "has_wiki": true, "has_pages": true, "has_discussions": false, "forks_count": 12, "mirror_url": null, "archived": false, "disabled": false, "open_issues_count": 1, "license": {"key": "mit", "name": "MIT License", "spdx_id": "MIT", "url": "https://api.github.com/licenses/mit", "node_id": "MDc6TGljZW5zZTEz"}, "allow_forking": true, "is_template": false, "web_commit_signoff_required": false, "topics": [], "default_branch": "master", "permissions": {"admin": false, "maintain": false, "push": false, "triage": false, "pull": true}, "_id": 102814}, {"owner": {"type": "User", "site_admin": false}, "fork": false, "created_at": "2009-01-07T18:52:08Z", "updated_at": "2021-07-06T23:25:13Z", "pushed_at": "2015-03-12T23:23:34Z", "size": 222, "stargazers_count": 17, "watchers_count": 17, "language": "Ruby", "has_issues": true, "has_projects": true, "has_downloads": true, "has_wiki": true, "has_pages": false, "has_discussions": false, "forks_count": 1, "mirror_url": null, "archived": false, "disabled": false, "open_issues_count": 0, "license": {"key": "mit", "name": "MIT License", "spdx_id": "MIT", "url": "https://api.github.com/licenses/mit", "node_id": "MDc6TGljZW5zZTEz"}, "allow_forking": true, "is_template": false, "web_commit_signoff_required": false, "topics": [], "default_branch": "master", "permissions": {"admin": false, "maintain": false, "push": false, "triage": false, "pull": true}, "_id": 102817}, {"owner": {"type": "User", "site_admin": false}, "fork": false, "created_at": "2009-01-07T19:09:30Z", "updated_at": "2021-12-21T18:19:32Z", "pushed_at": "2015-11-11T14:36:23Z", "size": 225, "stargazers_count": 13, "watchers_count": 13, "language": "VimL", "has_issues": true, "has_projects": true, "has_downloads": true, "has_wiki": true, "has_pages": false, "has_discussions": false, "forks_count": 9, "mirror_url": null, "archived": false, "disabled": false, "open_issues_count": 1, "license": null, "allow_forking": true, "is_template": false, "web_commit_signoff_required": false, "topics": [], "default_branch": "master", "permissions": {"admin": false, "maintain": false, "push": false, "triage": false, "pull": true}, "_id": 102826}, {"owner": {"type": "User", "site_admin": false}, "fork": false, "created_at": "2009-01-07T19:35:48Z", "updated_at": "2022-04-25T18:36:23Z", "pushed_at": "2010-12-14T18:26:11Z", "size": 2632, "stargazers_count": 8, "watchers_count": 8, "language": "C++", "has_issues": true, "has_projects": true, "has_downloads": true, "has_wiki": true, "has_pages": false, "has_discussions": false, "forks_count": 1, "mirror_url": null, "archived": false, "disabled": false, "open_issues_count": 0, "license": null, "allow_forking": true, "is_template": false, "web_commit_signoff_required": false, "topics": [], "default_branch": "master", "permissions": {"admin": false, "maintain": false, "push": false, "triage": false, "pull": true}, "_id": 102843}, {"owner": {"type": "User", "site_admin": false}, "fork": false, "created_at": "2009-01-07T20:19:27Z", "updated_at": "2022-06-08T05:23:12Z", "pushed_at": "2009-01-15T22:07:21Z", "size": 123, "stargazers_count": 26, "watchers_count": 26, "language": "Erlang", "has_issues": true, "has_projects": true, "has_downloads": true, "has_wiki": true, "has_pages": false, "has_discussions": false, "forks_count": 3, "mirror_url": null, "archived": false, "disabled": false, "open_issues_count": 0, "license": {"key": "mit", "name": "MIT License", "spdx_id": "MIT", "url": "https://api.github.com/licenses/mit", "node_id": "MDc6TGljZW5zZTEz"}, "allow_forking": true, "is_template": false, "web_commit_signoff_required": false, "topics": [], "default_branch": "master", "permissions": {"admin": false, "maintain": false, "push": false, "triage": false, "pull": true}, "_id": 102871}, {"owner": {"type": "User", "site_admin": false}, "fork": false, "created_at": "2009-01-07T20:28:06Z", "updated_at": "2019-08-13T13:52:01Z", "pushed_at": "2009-08-24T18:56:10Z", "size": 168, "stargazers_count": 7, "watchers_count": 7, "language": "Clojure", "has_issues": true, "has_projects": true, "has_downloads": true, "has_wiki": true, "has_pages": false, "has_discussions": false, "forks_count": 0, "mirror_url": null, "archived": false, "disabled": false, "open_issues_count": 0, "license": null, "allow_forking": true, "is_template": false, "web_commit_signoff_required": false, "topics": [], "default_branch": "master", "permissions": {"admin": false, "maintain": false, "push": false, "triage": false, "pull": true}, "_id": 102875}, {"owner": {"type": "User", "site_admin": false}, "fork": false, "created_at": "2009-01-07T20:32:10Z", "updated_at": "2020-01-29T22:01:59Z", "pushed_at": "2013-05-17T01:47:05Z", "size": 121, "stargazers_count": 6, "watchers_count": 6, "language": "Ruby", "has_issues": true, "has_projects": true, "has_downloads": true, "has_wiki": true, "has_pages": false, "has_discussions": false, "forks_count": 3, "mirror_url": null, "archived": false, "disabled": false, "open_issues_count": 0, "license": {"key": "other", "name": "Other", "spdx_id": "NOASSERTION", "url": null, "node_id": "MDc6TGljZW5zZTA="}, "allow_forking": true, "is_template": false, "web_commit_signoff_required": false, "topics": [], "default_branch": "master", "permissions": {"admin": false, "maintain": false, "push": false, "triage": false, "pull": true}, "_id": 102879}, {"owner": {"type": "User", "site_admin": false}, "fork": false, "created_at": "2009-01-07T20:43:42Z", "updated_at": "2021-03-07T15:57:57Z", "pushed_at": "2009-02-12T20:50:46Z", "size": 875, "stargazers_count": 9, "watchers_count": 9, "language": "C", "has_issues": true, "has_projects": true, "has_downloads": true, "has_wiki": true, "has_pages": false, "has_discussions": false, "forks_count": 1, "mirror_url": null, "archived": false, "disabled": false, "open_issues_count": 1, "license": null, "allow_forking": true, "is_template": false, "web_commit_signoff_required": false, "topics": [], "default_branch": "master", "permissions": {"admin": false, "maintain": false, "push": false, "triage": false, "pull": true}, "_id": 102882}, {"owner": {"type": "User", "site_admin": false}, "fork": false, "created_at": "2009-01-07T20:59:18Z", "updated_at": "2022-05-19T14:29:08Z", "pushed_at": "2011-11-14T15:36:35Z", "size": 114, "stargazers_count": 49, "watchers_count": 49, "language": "Ruby", "has_issues": true, "has_projects": true, "has_downloads": true, "has_wiki": true, "has_pages": false, "has_discussions": false, "forks_count": 6, "mirror_url": null, "archived": false, "disabled": false, "open_issues_count": 0, "license": null, "allow_forking": true, "is_template": false, "web_commit_signoff_required": false, "topics": [], "default_branch": "master", "permissions": {"admin": false, "maintain": false, "push": false, "triage": false, "pull": true}, "_id": 102892}, {"owner": {"type": "User", "site_admin": false}, "fork": false, "created_at": "2009-01-07T21:12:40Z", "updated_at": "2020-05-08T23:24:05Z", "pushed_at": "2010-03-05T05:47:57Z", "size": 119, "stargazers_count": 64, "watchers_count": 64, "language": "Ruby", "has_issues": true, "has_projects": true, "has_downloads": true, "has_wiki": true, "has_pages": true, "has_discussions": false, "forks_count": 7, "mirror_url": null, "archived": false, "disabled": false, "open_issues_count": 2, "license": null, "allow_forking": true, "is_template": false, "web_commit_signoff_required": false, "topics": [], "default_branch": "master", "permissions": {"admin": false, "maintain": false, "push": false, "triage": false, "pull": true}, "_id": 102899}, {"owner": {"type": "User", "site_admin": false}, "fork": false, "created_at": "2009-01-07T21:36:16Z", "updated_at": "2019-08-13T13:52:03Z", "pushed_at": "2009-03-15T11:33:10Z", "size": 244, "stargazers_count": 8, "watchers_count": 8, "language": "JavaScript", "has_issues": true, "has_projects": true, "has_downloads": true, "has_wiki": true, "has_pages": false, "has_discussions": false, "forks_count": 3, "mirror_url": null, "archived": false, "disabled": false, "open_issues_count": 0, "license": {"key": "mit", "name": "MIT License", "spdx_id": "MIT", "url": "https://api.github.com/licenses/mit", "node_id": "MDc6TGljZW5zZTEz"}, "allow_forking": true, "is_template": false, "web_commit_signoff_required": false, "topics": [], "default_branch": "master", "permissions": {"admin": false, "maintain": false, "push": false, "triage": false, "pull": true}, "_id": 102913}, {"owner": {"type": "User", "site_admin": false}, "fork": false, "created_at": "2009-01-07T21:36:19Z", "updated_at": "2022-11-01T06:58:22Z", "pushed_at": "2017-10-12T04:48:52Z", "size": 10, "stargazers_count": 139, "watchers_count": 139, "language": "Python", "has_issues": true, "has_projects": true, "has_downloads": false, "has_wiki": false, "has_pages": false, "has_discussions": false, "forks_count": 20, "mirror_url": null, "archived": false, "disabled": false, "open_issues_count": 5, "license": null, "allow_forking": true, "is_template": false, "web_commit_signoff_required": false, "topics": [], "default_branch": "master", "permissions": {"admin": false, "maintain": false, "push": false, "triage": false, "pull": true}, "_id": 102914}, {"owner": {"type": "User", "site_admin": false}, "fork": false, "created_at": "2009-01-07T22:21:26Z", "updated_at": "2020-11-10T22:24:26Z", "pushed_at": "2015-10-07T19:21:26Z", "size": 260, "stargazers_count": 25, "watchers_count": 25, "language": "Ruby", "has_issues": true, "has_projects": true, "has_downloads": true, "has_wiki": true, "has_pages": true, "has_discussions": false, "forks_count": 5, "mirror_url": null, "archived": false, "disabled": false, "open_issues_count": 3, "license": {"key": "mit", "name": "MIT License", "spdx_id": "MIT", "url": "https://api.github.com/licenses/mit", "node_id": "MDc6TGljZW5zZTEz"}, "allow_forking": true, "is_template": false, "web_commit_signoff_required": false, "topics": [], "default_branch": "master", "permissions": {"admin": false, "maintain": false, "push": false, "triage": false, "pull": true}, "_id": 102942}, {"owner": {"type": "Organization", "site_admin": false}, "fork": false, "created_at": "2009-01-07T22:38:49Z", "updated_at": "2022-11-11T08:43:47Z", "pushed_at": "2022-11-25T18:09:59Z", "size": 10614, "stargazers_count": 278, "watchers_count": 278, "language": "Ruby", "has_issues": true, "has_projects": true, "has_downloads": true, "has_wiki": true, "has_pages": true, "has_discussions": true, "forks_count": 137, "mirror_url": null, "archived": false, "disabled": false, "open_issues_count": 213, "license": {"key": "other", "name": "Other", "spdx_id": "NOASSERTION", "url": null, "node_id": "MDc6TGljZW5zZTA="}, "allow_forking": true, "is_template": false, "web_commit_signoff_required": false, "topics": ["cooperative", "food", "food-cooperative", "foodcoop", "foodsoft", "membership", "product-catalog"], "default_branch": "master", "permissions": {"admin": false, "maintain": false, "push": false, "triage": false, "pull": true}, "_id": 102952}, {"owner": {"type": "User", "site_admin": false}, "fork": false, "created_at": "2009-01-07T22:50:57Z", "updated_at": "2019-08-13T13:52:03Z", "pushed_at": "2020-10-02T08:29:40Z", "size": 46797, "stargazers_count": 12, "watchers_count": 12, "language": "Java", "has_issues": true, "has_projects": true, "has_downloads": true, "has_wiki": true, "has_pages": false, "has_discussions": false, "forks_count": 16, "mirror_url": null, "archived": false, "disabled": false, "open_issues_count": 1, "license": null, "allow_forking": true, "is_template": false, "web_commit_signoff_required": false, "topics": [], "default_branch": "master", "permissions": {"admin": false, "maintain": false, "push": false, "triage": false, "pull": true}, "_id": 102969}, {"owner": {"type": "User", "site_admin": false}, "fork": false, "created_at": "2009-01-07T22:55:19Z", "updated_at": "2019-08-13T13:52:04Z", "pushed_at": "2009-01-27T17:40:57Z", "size": 3939, "stargazers_count": 8, "watchers_count": 8, "language": "Ruby", "has_issues": true, "has_projects": true, "has_downloads": true, "has_wiki": true, "has_pages": false, "has_discussions": false, "forks_count": 2, "mirror_url": null, "archived": false, "disabled": false, "open_issues_count": 1, "license": null, "allow_forking": true, "is_template": false, "web_commit_signoff_required": false, "topics": [], "default_branch": "master", "permissions": {"admin": false, "maintain": false, "push": false, "triage": false, "pull": true}, "_id": 102972}, {"owner": {"type": "User", "site_admin": false}, "fork": false, "created_at": "2009-01-07T23:23:13Z", "updated_at": "2022-06-16T03:12:32Z", "pushed_at": "2009-01-07T23:32:52Z", "size": 33798, "stargazers_count": 18, "watchers_count": 18, "language": null, "has_issues": true, "has_projects": true, "has_downloads": true, "has_wiki": true, "has_pages": false, "has_discussions": false, "forks_count": 7, "mirror_url": null, "archived": false, "disabled": false, "open_issues_count": 0, "license": {"key": "other", "name": "Other", "spdx_id": "NOASSERTION", "url": null, "node_id": "MDc6TGljZW5zZTA="}, "allow_forking": true, "is_template": false, "web_commit_signoff_required": false, "topics": [], "default_branch": "master", "permissions": {"admin": false, "maintain": false, "push": false, "triage": false, "pull": true}, "_id": 102980}, {"owner": {"type": "User", "site_admin": false}, "fork": false, "created_at": "2009-01-07T23:43:22Z", "updated_at": "2022-11-21T23:25:32Z", "pushed_at": "2022-07-05T22:50:59Z", "size": 273, "stargazers_count": 1457, "watchers_count": 1457, "language": "Ruby", "has_issues": true, "has_projects": true, "has_downloads": true, "has_wiki": true, "has_pages": false, "has_discussions": false, "forks_count": 125, "mirror_url": null, "archived": false, "disabled": false, "open_issues_count": 15, "license": {"key": "mit", "name": "MIT License", "spdx_id": "MIT", "url": "https://api.github.com/licenses/mit", "node_id": "MDc6TGljZW5zZTEz"}, "allow_forking": true, "is_template": false, "web_commit_signoff_required": false, "topics": [], "default_branch": "master", "permissions": {"admin": false, "maintain": false, "push": false, "triage": false, "pull": true}, "_id": 102989}]