[{"owner": {"type": "User", "site_admin": false}, "fork": false, "created_at": "2010-08-13T00:13:05Z", "updated_at": "2022-11-16T17:48:03Z", "pushed_at": "2011-09-26T17:07:19Z", "size": 553, "stargazers_count": 159, "watchers_count": 159, "language": "Java", "has_issues": true, "has_projects": true, "has_downloads": true, "has_wiki": true, "has_pages": false, "has_discussions": false, "forks_count": 42, "mirror_url": null, "archived": false, "disabled": false, "open_issues_count": 5, "license": null, "allow_forking": true, "is_template": false, "web_commit_signoff_required": false, "topics": [], "default_branch": "master", "permissions": {"admin": false, "maintain": false, "push": false, "triage": false, "pull": true}, "_id": 834710}, {"owner": {"type": "User", "site_admin": false}, "fork": false, "created_at": "2010-08-13T00:17:51Z", "updated_at": "2022-02-15T19:52:52Z", "pushed_at": "2011-04-10T19:07:10Z", "size": 10687, "stargazers_count": 8, "watchers_count": 8, "language": "Ruby", "has_issues": true, "has_projects": true, "has_downloads": true, "has_wiki": true, "has_pages": false, "has_discussions": false, "forks_count": 2, "mirror_url": null, "archived": false, "disabled": false, "open_issues_count": 0, "license": {"key": "mit", "name": "MIT License", "spdx_id": "MIT", "url": "https://api.github.com/licenses/mit", "node_id": "MDc6TGljZW5zZTEz"}, "allow_forking": true, "is_template": false, "web_commit_signoff_required": false, "topics": [], "default_branch": "master", "permissions": {"admin": false, "maintain": false, "push": false, "triage": false, "pull": true}, "_id": 834718}, {"owner": {"type": "User", "site_admin": false}, "fork": false, "created_at": "2010-08-13T00:32:03Z", "updated_at": "2019-11-09T02:36:39Z", "pushed_at": "2010-10-06T18:40:45Z", "size": 421, "stargazers_count": 12, "watchers_count": 12, "language": "Ruby", "has_issues": true, "has_projects": true, "has_downloads": true, "has_wiki": true, "has_pages": true, "has_discussions": false, "forks_count": 1, "mirror_url": null, "archived": false, "disabled": false, "open_issues_count": 1, "license": {"key": "mit", "name": "MIT License", "spdx_id": "MIT", "url": "https://api.github.com/licenses/mit", "node_id": "MDc6TGljZW5zZTEz"}, "allow_forking": true, "is_template": false, "web_commit_signoff_required": false, "topics": [], "default_branch": "master", "permissions": {"admin": false, "maintain": false, "push": false, "triage": false, "pull": true}, "_id": 834740}, {"owner": {"type": "User", "site_admin": false}, "fork": false, "created_at": "2010-08-13T00:38:03Z", "updated_at": "2019-08-13T14:35:44Z", "pushed_at": "2011-04-06T03:41:19Z", "size": 104, "stargazers_count": 16, "watchers_count": 16, "language": "Ruby", "has_issues": true, "has_projects": true, "has_downloads": true, "has_wiki": true, "has_pages": false, "has_discussions": false, "forks_count": 2, "mirror_url": null, "archived": false, "disabled": false, "open_issues_count": 0, "license": null, "allow_forking": true, "is_template": false, "web_commit_signoff_required": false, "topics": [], "default_branch": "master", "permissions": {"admin": false, "maintain": false, "push": false, "triage": false, "pull": true}, "_id": 834753}, {"owner": {"type": "User", "site_admin": false}, "fork": false, "created_at": "2010-08-13T01:30:45Z", "updated_at": "2021-03-01T02:23:45Z", "pushed_at": "2010-08-19T00:45:09Z", "size": 376, "stargazers_count": 9, "watchers_count": 9, "language": "JavaScript", "has_issues": true, "has_projects": true, "has_downloads": true, "has_wiki": true, "has_pages": false, "has_discussions": false, "forks_count": 0, "mirror_url": null, "archived": false, "disabled": false, "open_issues_count": 0, "license": null, "allow_forking": true, "is_template": false, "web_commit_signoff_required": false, "topics": [], "default_branch": "master", "permissions": {"admin": false, "maintain": false, "push": false, "triage": false, "pull": true}, "_id": 834822}, {"owner": {"type": "User", "site_admin": false}, "fork": false, "created_at": "2010-08-13T01:40:28Z", "updated_at": "2018-11-01T11:02:41Z", "pushed_at": "2012-03-16T07:53:42Z", "size": 181, "stargazers_count": 11, "watchers_count": 11, "language": "JavaScript", "has_issues": true, "has_projects": true, "has_downloads": true, "has_wiki": true, "has_pages": false, "has_discussions": false, "forks_count": 1, "mirror_url": null, "archived": true, "disabled": false, "open_issues_count": 0, "license": {"key": "mit", "name": "MIT License", "spdx_id": "MIT", "url": "https://api.github.com/licenses/mit", "node_id": "MDc6TGljZW5zZTEz"}, "allow_forking": true, "is_template": false, "web_commit_signoff_required": false, "topics": [], "default_branch": "master", "permissions": {"admin": false, "maintain": false, "push": false, "triage": false, "pull": true}, "_id": 834831}, {"owner": {"type": "User", "site_admin": false}, "fork": false, "created_at": "2010-08-13T02:33:27Z", "updated_at": "2022-01-10T23:06:27Z", "pushed_at": "2022-11-23T05:32:19Z", "size": 5353, "stargazers_count": 33, "watchers_count": 33, "language": "Shell", "has_issues": false, "has_projects": true, "has_downloads": true, "has_wiki": false, "has_pages": false, "has_discussions": false, "forks_count": 14, "mirror_url": null, "archived": false, "disabled": false, "open_issues_count": 0, "license": null, "allow_forking": true, "is_template": false, "web_commit_signoff_required": false, "topics": [], "default_branch": "master", "permissions": {"admin": false, "maintain": false, "push": false, "triage": false, "pull": true}, "_id": 834893}, {"owner": {"type": "User", "site_admin": false}, "fork": false, "created_at": "2010-08-13T02:34:40Z", "updated_at": "2018-06-29T11:33:36Z", "pushed_at": "2014-06-24T12:57:25Z", "size": 174, "stargazers_count": 10, "watchers_count": 10, "language": "Python", "has_issues": true, "has_projects": true, "has_downloads": true, "has_wiki": true, "has_pages": false, "has_discussions": false, "forks_count": 2, "mirror_url": null, "archived": false, "disabled": false, "open_issues_count": 2, "license": {"key": "mit", "name": "MIT License", "spdx_id": "MIT", "url": "https://api.github.com/licenses/mit", "node_id": "MDc6TGljZW5zZTEz"}, "allow_forking": true, "is_template": false, "web_commit_signoff_required": false, "topics": [], "default_branch": "master", "permissions": {"admin": false, "maintain": false, "push": false, "triage": false, "pull": true}, "_id": 834895}, {"owner": {"type": "User", "site_admin": false}, "fork": false, "created_at": "2010-08-13T02:40:31Z", "updated_at": "2022-10-11T08:24:46Z", "pushed_at": "2014-10-09T01:02:11Z", "size": 20883, "stargazers_count": 18, "watchers_count": 18, "language": "Objective-C", "has_issues": true, "has_projects": true, "has_downloads": true, "has_wiki": true, "has_pages": true, "has_discussions": false, "forks_count": 6, "mirror_url": null, "archived": false, "disabled": false, "open_issues_count": 47, "license": {"key": "other", "name": "Other", "spdx_id": "NOASSERTION", "url": null, "node_id": "MDc6TGljZW5zZTA="}, "allow_forking": true, "is_template": false, "web_commit_signoff_required": false, "topics": [], "default_branch": "master", "permissions": {"admin": false, "maintain": false, "push": false, "triage": false, "pull": true}, "_id": 834906}, {"owner": {"type": "User", "site_admin": false}, "fork": false, "created_at": "2010-08-13T02:48:53Z", "updated_at": "2021-09-13T17:57:46Z", "pushed_at": "2020-02-29T18:48:39Z", "size": 2773, "stargazers_count": 10, "watchers_count": 10, "language": "VimL", "has_issues": true, "has_projects": true, "has_downloads": true, "has_wiki": true, "has_pages": false, "has_discussions": false, "forks_count": 2, "mirror_url": null, "archived": true, "disabled": false, "open_issues_count": 1, "license": null, "allow_forking": true, "is_template": false, "web_commit_signoff_required": false, "topics": [], "default_branch": "master", "permissions": {"admin": false, "maintain": false, "push": false, "triage": false, "pull": true}, "_id": 834923}, {"owner": {"type": "User", "site_admin": false}, "fork": false, "created_at": "2010-08-13T02:50:40Z", "updated_at": "2019-10-25T03:28:14Z", "pushed_at": "2017-10-31T22:26:29Z", "size": 92, "stargazers_count": 9, "watchers_count": 9, "language": "Python", "has_issues": true, "has_projects": true, "has_downloads": true, "has_wiki": true, "has_pages": false, "has_discussions": false, "forks_count": 5, "mirror_url": null, "archived": false, "disabled": false, "open_issues_count": 1, "license": {"key": "other", "name": "Other", "spdx_id": "NOASSERTION", "url": null, "node_id": "MDc6TGljZW5zZTA="}, "allow_forking": true, "is_template": false, "web_commit_signoff_required": false, "topics": [], "default_branch": "master", "permissions": {"admin": false, "maintain": false, "push": false, "triage": false, "pull": true}, "_id": 834930}, {"owner": {"type": "User", "site_admin": false}, "fork": false, "created_at": "2010-08-13T02:58:38Z", "updated_at": "2020-04-21T01:58:15Z", "pushed_at": "2012-04-13T13:44:59Z", "size": 177, "stargazers_count": 15, "watchers_count": 15, "language": "PHP", "has_issues": true, "has_projects": true, "has_downloads": true, "has_wiki": true, "has_pages": false, "has_discussions": false, "forks_count": 2, "mirror_url": null, "archived": false, "disabled": false, "open_issues_count": 0, "license": null, "allow_forking": true, "is_template": false, "web_commit_signoff_required": false, "topics": [], "default_branch": "master", "permissions": {"admin": false, "maintain": false, "push": false, "triage": false, "pull": true}, "_id": 834938}, {"owner": {"type": "User", "site_admin": false}, "fork": false, "created_at": "2010-08-13T03:18:52Z", "updated_at": "2019-01-05T18:50:08Z", "pushed_at": "2014-05-03T03:38:35Z", "size": 368, "stargazers_count": 9, "watchers_count": 9, "language": "PHP", "has_issues": true, "has_projects": true, "has_downloads": true, "has_wiki": true, "has_pages": false, "has_discussions": false, "forks_count": 1, "mirror_url": null, "archived": false, "disabled": false, "open_issues_count": 0, "license": {"key": "other", "name": "Other", "spdx_id": "NOASSERTION", "url": null, "node_id": "MDc6TGljZW5zZTA="}, "allow_forking": true, "is_template": false, "web_commit_signoff_required": false, "topics": [], "default_branch": "master", "permissions": {"admin": false, "maintain": false, "push": false, "triage": false, "pull": true}, "_id": 834968}, {"owner": {"type": "User", "site_admin": false}, "fork": false, "created_at": "2010-08-13T03:29:37Z", "updated_at": "2022-11-08T16:41:38Z", "pushed_at": "2022-04-01T03:02:29Z", "size": 64, "stargazers_count": 11, "watchers_count": 11, "language": "TeX", "has_issues": true, "has_projects": true, "has_downloads": true, "has_wiki": true, "has_pages": false, "has_discussions": false, "forks_count": 1, "mirror_url": null, "archived": false, "disabled": false, "open_issues_count": 0, "license": null, "allow_forking": true, "is_template": false, "web_commit_signoff_required": false, "topics": [], "default_branch": "master", "permissions": {"admin": false, "maintain": false, "push": false, "triage": false, "pull": true}, "_id": 834986}, {"owner": {"type": "User", "site_admin": false}, "fork": false, "created_at": "2010-08-13T05:01:32Z", "updated_at": "2019-03-19T08:50:12Z", "pushed_at": "2013-03-16T00:14:20Z", "size": 446, "stargazers_count": 27, "watchers_count": 27, "language": "Erlang", "has_issues": true, "has_projects": true, "has_downloads": true, "has_wiki": false, "has_pages": false, "has_discussions": false, "forks_count": 9, "mirror_url": null, "archived": false, "disabled": false, "open_issues_count": 0, "license": {"key": "other", "name": "Other", "spdx_id": "NOASSERTION", "url": null, "node_id": "MDc6TGljZW5zZTA="}, "allow_forking": true, "is_template": false, "web_commit_signoff_required": false, "topics": [], "default_branch": "master", "permissions": {"admin": false, "maintain": false, "push": false, "triage": false, "pull": true}, "_id": 835091}, {"owner": {"type": "User", "site_admin": false}, "fork": false, "created_at": "2010-08-13T05:03:01Z", "updated_at": "2019-08-16T13:46:39Z", "pushed_at": "2010-07-28T16:51:17Z", "size": 107, "stargazers_count": 11, "watchers_count": 11, "language": "JavaScript", "has_issues": false, "has_projects": true, "has_downloads": true, "has_wiki": true, "has_pages": false, "has_discussions": false, "forks_count": 22, "mirror_url": null, "archived": false, "disabled": false, "open_issues_count": 0, "license": null, "allow_forking": true, "is_template": false, "web_commit_signoff_required": false, "topics": [], "default_branch": "master", "permissions": {"admin": false, "maintain": false, "push": false, "triage": false, "pull": true}, "_id": 835094}, {"owner": {"type": "User", "site_admin": false}, "fork": false, "created_at": "2010-08-13T05:12:19Z", "updated_at": "2019-08-13T14:35:44Z", "pushed_at": "2010-08-13T05:22:25Z", "size": 36480, "stargazers_count": 6, "watchers_count": 6, "language": "C", "has_issues": true, "has_projects": true, "has_downloads": true, "has_wiki": true, "has_pages": false, "has_discussions": false, "forks_count": 0, "mirror_url": null, "archived": false, "disabled": false, "open_issues_count": 0, "license": null, "allow_forking": true, "is_template": false, "web_commit_signoff_required": false, "topics": [], "default_branch": "master", "permissions": {"admin": false, "maintain": false, "push": false, "triage": false, "pull": true}, "_id": 835104}, {"owner": {"type": "User", "site_admin": false}, "fork": false, "created_at": "2010-08-13T06:03:18Z", "updated_at": "2021-02-06T13:21:57Z", "pushed_at": "2010-08-13T06:14:56Z", "size": 1330, "stargazers_count": 7, "watchers_count": 7, "language": "PHP", "has_issues": true, "has_projects": true, "has_downloads": true, "has_wiki": true, "has_pages": false, "has_discussions": false, "forks_count": 4, "mirror_url": null, "archived": false, "disabled": false, "open_issues_count": 0, "license": {"key": "other", "name": "Other", "spdx_id": "NOASSERTION", "url": null, "node_id": "MDc6TGljZW5zZTA="}, "allow_forking": true, "is_template": false, "web_commit_signoff_required": false, "topics": [], "default_branch": "master", "permissions": {"admin": false, "maintain": false, "push": false, "triage": false, "pull": true}, "_id": 835147}, {"owner": {"type": "User", "site_admin": false}, "fork": false, "created_at": "2010-08-13T06:18:50Z", "updated_at": "2019-08-13T14:35:44Z", "pushed_at": "2021-04-12T11:43:11Z", "size": 376, "stargazers_count": 17, "watchers_count": 17, "language": "JavaScript", "has_issues": true, "has_projects": true, "has_downloads": true, "has_wiki": true, "has_pages": false, "has_discussions": false, "forks_count": 1, "mirror_url": null, "archived": false, "disabled": false, "open_issues_count": 1, "license": {"key": "other", "name": "Other", "spdx_id": "NOASSERTION", "url": null, "node_id": "MDc6TGljZW5zZTA="}, "allow_forking": true, "is_template": false, "web_commit_signoff_required": false, "topics": [], "default_branch": "master", "permissions": {"admin": false, "maintain": false, "push": false, "triage": false, "pull": true}, "_id": 835165}, {"owner": {"type": "User", "site_admin": false}, "fork": false, "created_at": "2010-08-13T06:21:47Z", "updated_at": "2021-07-27T10:21:29Z", "pushed_at": "2015-12-12T14:07:55Z", "size": 132, "stargazers_count": 34, "watchers_count": 34, "language": "Shell", "has_issues": true, "has_projects": true, "has_downloads": true, "has_wiki": true, "has_pages": false, "has_discussions": false, "forks_count": 25, "mirror_url": null, "archived": false, "disabled": false, "open_issues_count": 0, "license": null, "allow_forking": true, "is_template": false, "web_commit_signoff_required": false, "topics": [], "default_branch": "master", "permissions": {"admin": false, "maintain": false, "push": false, "triage": false, "pull": true}, "_id": 835168}, {"owner": {"type": "User", "site_admin": false}, "fork": false, "created_at": "2010-08-13T06:35:21Z", "updated_at": "2015-05-18T02:40:20Z", "pushed_at": "2011-11-09T17:09:34Z", "size": 1335, "stargazers_count": 6, "watchers_count": 6, "language": "PHP", "has_issues": true, "has_projects": true, "has_downloads": true, "has_wiki": true, "has_pages": false, "has_discussions": false, "forks_count": 2, "mirror_url": null, "archived": false, "disabled": false, "open_issues_count": 7, "license": null, "allow_forking": true, "is_template": false, "web_commit_signoff_required": false, "topics": [], "default_branch": "master", "permissions": {"admin": false, "maintain": false, "push": false, "triage": false, "pull": true}, "_id": 835186}, {"owner": {"type": "User", "site_admin": false}, "fork": false, "created_at": "2010-08-13T07:17:03Z", "updated_at": "2017-05-31T20:23:37Z", "pushed_at": "2013-08-10T12:29:30Z", "size": 116, "stargazers_count": 10, "watchers_count": 10, "language": "Ruby", "has_issues": true, "has_projects": true, "has_downloads": true, "has_wiki": true, "has_pages": false, "has_discussions": false, "forks_count": 10, "mirror_url": null, "archived": false, "disabled": false, "open_issues_count": 1, "license": {"key": "other", "name": "Other", "spdx_id": "NOASSERTION", "url": null, "node_id": "MDc6TGljZW5zZTA="}, "allow_forking": true, "is_template": false, "web_commit_signoff_required": false, "topics": [], "default_branch": "master", "permissions": {"admin": false, "maintain": false, "push": false, "triage": false, "pull": true}, "_id": 835229}, {"owner": {"type": "User", "site_admin": false}, "fork": false, "created_at": "2010-08-13T07:18:53Z", "updated_at": "2021-05-04T08:49:16Z", "pushed_at": "2012-03-15T15:35:15Z", "size": 15879, "stargazers_count": 8, "watchers_count": 8, "language": "Lua", "has_issues": true, "has_projects": true, "has_downloads": true, "has_wiki": true, "has_pages": false, "has_discussions": false, "forks_count": 1, "mirror_url": null, "archived": false, "disabled": false, "open_issues_count": 6, "license": {"key": "other", "name": "Other", "spdx_id": "NOASSERTION", "url": null, "node_id": "MDc6TGljZW5zZTA="}, "allow_forking": true, "is_template": false, "web_commit_signoff_required": false, "topics": [], "default_branch": "master", "permissions": {"admin": false, "maintain": false, "push": false, "triage": false, "pull": true}, "_id": 835235}, {"owner": {"type": "User", "site_admin": false}, "fork": false, "created_at": "2010-08-13T08:24:32Z", "updated_at": "2019-05-22T07:02:53Z", "pushed_at": "2011-06-11T21:59:00Z", "size": 104, "stargazers_count": 8, "watchers_count": 8, "language": "Ruby", "has_issues": true, "has_projects": true, "has_downloads": false, "has_wiki": false, "has_pages": false, "has_discussions": false, "forks_count": 0, "mirror_url": null, "archived": true, "disabled": false, "open_issues_count": 0, "license": {"key": "mit", "name": "MIT License", "spdx_id": "MIT", "url": "https://api.github.com/licenses/mit", "node_id": "MDc6TGljZW5zZTEz"}, "allow_forking": true, "is_template": false, "web_commit_signoff_required": false, "topics": [], "default_branch": "master", "permissions": {"admin": false, "maintain": false, "push": false, "triage": false, "pull": true}, "_id": 835314}, {"owner": {"type": "User", "site_admin": false}, "fork": false, "created_at": "2010-08-13T08:43:25Z", "updated_at": "2019-07-15T17:44:14Z", "pushed_at": "2010-12-02T14:27:28Z", "size": 108, "stargazers_count": 7, "watchers_count": 7, "language": "JavaScript", "has_issues": true, "has_projects": true, "has_downloads": true, "has_wiki": true, "has_pages": false, "has_discussions": false, "forks_count": 0, "mirror_url": null, "archived": false, "disabled": false, "open_issues_count": 0, "license": {"key": "mit", "name": "MIT License", "spdx_id": "MIT", "url": "https://api.github.com/licenses/mit", "node_id": "MDc6TGljZW5zZTEz"}, "allow_forking": true, "is_template": false, "web_commit_signoff_required": false, "topics": [], "default_branch": "master", "permissions": {"admin": false, "maintain": false, "push": false, "triage": false, "pull": true}, "_id": 835336}, {"owner": {"type": "User", "site_admin": false}, "fork": false, "created_at": "2010-08-13T09:52:39Z", "updated_at": "2022-10-31T14:04:47Z", "pushed_at": "2022-05-26T08:56:50Z", "size": 270, "stargazers_count": 299, "watchers_count": 299, "language": "Emacs Lisp", "has_issues": true, "has_projects": true, "has_downloads": true, "has_wiki": true, "has_pages": false, "has_discussions": false, "forks_count": 42, "mirror_url": null, "archived": false, "disabled": false, "open_issues_count": 15, "license": {"key": "gpl-3.0", "name": "GNU General Public License v3.0", "spdx_id": "GPL-3.0", "url": "https://api.github.com/licenses/gpl-3.0", "node_id": "MDc6TGljZW5zZTk="}, "allow_forking": true, "is_template": false, "web_commit_signoff_required": false, "topics": [], "default_branch": "master", "permissions": {"admin": false, "maintain": false, "push": false, "triage": false, "pull": true}, "_id": 835442}, {"owner": {"type": "User", "site_admin": false}, "fork": false, "created_at": "2010-08-13T10:04:35Z", "updated_at": "2019-01-28T08:08:18Z", "pushed_at": "2014-06-09T08:22:22Z", "size": 15216, "stargazers_count": 6, "watchers_count": 6, "language": "Python", "has_issues": true, "has_projects": true, "has_downloads": true, "has_wiki": true, "has_pages": true, "has_discussions": false, "forks_count": 4, "mirror_url": null, "archived": false, "disabled": false, "open_issues_count": 0, "license": {"key": "other", "name": "Other", "spdx_id": "NOASSERTION", "url": null, "node_id": "MDc6TGljZW5zZTA="}, "allow_forking": true, "is_template": false, "web_commit_signoff_required": false, "topics": [], "default_branch": "master", "permissions": {"admin": false, "maintain": false, "push": false, "triage": false, "pull": true}, "_id": 835458}, {"owner": {"type": "Organization", "site_admin": false}, "fork": false, "created_at": "2010-08-13T10:08:50Z", "updated_at": "2022-11-05T07:00:51Z", "pushed_at": "2022-11-22T09:16:19Z", "size": 771165, "stargazers_count": 1575, "watchers_count": 1575, "language": "Java", "has_issues": true, "has_projects": false, "has_downloads": true, "has_wiki": true, "has_pages": false, "has_discussions": false, "forks_count": 682, "mirror_url": null, "archived": false, "disabled": false, "open_issues_count": 107, "license": {"key": "other", "name": "Other", "spdx_id": "NOASSERTION", "url": null, "node_id": "MDc6TGljZW5zZTA="}, "allow_forking": true, "is_template": false, "web_commit_signoff_required": false, "topics": [], "default_branch": "master", "permissions": {"admin": false, "maintain": false, "push": false, "triage": false, "pull": true}, "_id": 835466}, {"owner": {"type": "Organization", "site_admin": false}, "fork": false, "created_at": "2010-08-13T10:44:42Z", "updated_at": "2022-11-21T11:48:31Z", "pushed_at": "2022-11-23T22:23:18Z", "size": 106755, "stargazers_count": 371, "watchers_count": 371, "language": "Java", "has_issues": true, "has_projects": true, "has_downloads": true, "has_wiki": false, "has_pages": false, "has_discussions": false, "forks_count": 101, "mirror_url": null, "archived": false, "disabled": false, "open_issues_count": 10, "license": {"key": "other", "name": "Other", "spdx_id": "NOASSERTION", "url": null, "node_id": "MDc6TGljZW5zZTA="}, "allow_forking": true, "is_template": false, "web_commit_signoff_required": false, "topics": [], "default_branch": "dev", "permissions": {"admin": false, "maintain": false, "push": false, "triage": false, "pull": true}, "_id": 835507}, {"owner": {"type": "User", "site_admin": false}, "fork": false, "created_at": "2010-08-13T10:48:17Z", "updated_at": "2019-08-08T10:26:41Z", "pushed_at": "2010-08-13T13:20:14Z", "size": 92, "stargazers_count": 7, "watchers_count": 7, "language": null, "has_issues": true, "has_projects": true, "has_downloads": true, "has_wiki": true, "has_pages": false, "has_discussions": false, "forks_count": 0, "mirror_url": null, "archived": false, "disabled": false, "open_issues_count": 0, "license": null, "allow_forking": true, "is_template": false, "web_commit_signoff_required": false, "topics": [], "default_branch": "master", "permissions": {"admin": false, "maintain": false, "push": false, "triage": false, "pull": true}, "_id": 835515}, {"owner": {"type": "User", "site_admin": false}, "fork": false, "created_at": "2010-08-13T11:23:49Z", "updated_at": "2022-06-15T19:06:32Z", "pushed_at": "2016-09-25T15:49:05Z", "size": 84, "stargazers_count": 132, "watchers_count": 132, "language": "Python", "has_issues": true, "has_projects": true, "has_downloads": true, "has_wiki": true, "has_pages": false, "has_discussions": false, "forks_count": 11, "mirror_url": null, "archived": false, "disabled": false, "open_issues_count": 7, "license": {"key": "bsd-3-clause", "name": "BSD 3-Clause \"New\" or \"Revised\" License", "spdx_id": "BSD-3-Clause", "url": "https://api.github.com/licenses/bsd-3-clause", "node_id": "MDc6TGljZW5zZTU="}, "allow_forking": true, "is_template": false, "web_commit_signoff_required": false, "topics": [], "default_branch": "master", "permissions": {"admin": false, "maintain": false, "push": false, "triage": false, "pull": true}, "_id": 835563}, {"owner": {"type": "User", "site_admin": false}, "fork": false, "created_at": "2010-08-13T11:23:56Z", "updated_at": "2022-11-01T06:10:59Z", "pushed_at": "2022-07-17T23:15:33Z", "size": 194, "stargazers_count": 208, "watchers_count": 208, "language": "Ruby", "has_issues": true, "has_projects": true, "has_downloads": true, "has_wiki": true, "has_pages": false, "has_discussions": false, "forks_count": 56, "mirror_url": null, "archived": false, "disabled": false, "open_issues_count": 6, "license": {"key": "mit", "name": "MIT License", "spdx_id": "MIT", "url": "https://api.github.com/licenses/mit", "node_id": "MDc6TGljZW5zZTEz"}, "allow_forking": true, "is_template": false, "web_commit_signoff_required": false, "topics": [], "default_branch": "master", "permissions": {"admin": false, "maintain": false, "push": false, "triage": false, "pull": true}, "_id": 835564}, {"owner": {"type": "User", "site_admin": false}, "fork": false, "created_at": "2010-08-13T11:35:31Z", "updated_at": "2022-01-28T20:34:56Z", "pushed_at": "2022-03-30T22:57:31Z", "size": 323, "stargazers_count": 116, "watchers_count": 116, "language": "Ruby", "has_issues": true, "has_projects": true, "has_downloads": true, "has_wiki": true, "has_pages": false, "has_discussions": false, "forks_count": 14, "mirror_url": null, "archived": false, "disabled": false, "open_issues_count": 36, "license": {"key": "other", "name": "Other", "spdx_id": "NOASSERTION", "url": null, "node_id": "MDc6TGljZW5zZTA="}, "allow_forking": true, "is_template": false, "web_commit_signoff_required": false, "topics": [], "default_branch": "master", "permissions": {"admin": false, "maintain": false, "push": false, "triage": false, "pull": true}, "_id": 835579}, {"owner": {"type": "User", "site_admin": false}, "fork": false, "created_at": "2010-08-13T11:39:26Z", "updated_at": "2019-07-11T14:20:49Z", "pushed_at": "2011-08-17T16:16:41Z", "size": 2284, "stargazers_count": 59, "watchers_count": 59, "language": "Ruby", "has_issues": true, "has_projects": true, "has_downloads": true, "has_wiki": true, "has_pages": false, "has_discussions": false, "forks_count": 3, "mirror_url": null, "archived": false, "disabled": false, "open_issues_count": 4, "license": {"key": "mit", "name": "MIT License", "spdx_id": "MIT", "url": "https://api.github.com/licenses/mit", "node_id": "MDc6TGljZW5zZTEz"}, "allow_forking": true, "is_template": false, "web_commit_signoff_required": false, "topics": [], "default_branch": "master", "permissions": {"admin": false, "maintain": false, "push": false, "triage": false, "pull": true}, "_id": 835585}, {"owner": {"type": "User", "site_admin": false}, "fork": false, "created_at": "2010-08-13T12:03:25Z", "updated_at": "2021-06-19T22:57:49Z", "pushed_at": "2010-08-13T13:30:49Z", "size": 288, "stargazers_count": 12, "watchers_count": 12, "language": null, "has_issues": false, "has_projects": true, "has_downloads": false, "has_wiki": false, "has_pages": false, "has_discussions": false, "forks_count": 3, "mirror_url": null, "archived": false, "disabled": false, "open_issues_count": 0, "license": null, "allow_forking": true, "is_template": false, "web_commit_signoff_required": false, "topics": [], "default_branch": "master", "permissions": {"admin": false, "maintain": false, "push": false, "triage": false, "pull": true}, "_id": 835625}, {"owner": {"type": "User", "site_admin": false}, "fork": false, "created_at": "2010-08-13T12:17:16Z", "updated_at": "2022-07-13T16:30:41Z", "pushed_at": "2017-04-10T22:28:02Z", "size": 430, "stargazers_count": 118, "watchers_count": 118, "language": "Ruby", "has_issues": true, "has_projects": true, "has_downloads": true, "has_wiki": true, "has_pages": false, "has_discussions": false, "forks_count": 75, "mirror_url": null, "archived": false, "disabled": false, "open_issues_count": 18, "license": null, "allow_forking": true, "is_template": false, "web_commit_signoff_required": false, "topics": [], "default_branch": "master", "permissions": {"admin": false, "maintain": false, "push": false, "triage": false, "pull": true}, "_id": 835652}, {"owner": {"type": "User", "site_admin": false}, "fork": false, "created_at": "2010-08-13T12:37:58Z", "updated_at": "2022-11-17T12:45:19Z", "pushed_at": "2022-11-16T19:30:25Z", "size": 12704, "stargazers_count": 16, "watchers_count": 16, "language": "Vim Script", "has_issues": true, "has_projects": true, "has_downloads": true, "has_wiki": true, "has_pages": false, "has_discussions": false, "forks_count": 4, "mirror_url": null, "archived": false, "disabled": false, "open_issues_count": 0, "license": {"key": "mit", "name": "MIT License", "spdx_id": "MIT", "url": "https://api.github.com/licenses/mit", "node_id": "MDc6TGljZW5zZTEz"}, "allow_forking": true, "is_template": false, "web_commit_signoff_required": false, "topics": [], "default_branch": "main", "permissions": {"admin": false, "maintain": false, "push": false, "triage": false, "pull": true}, "_id": 835686}, {"owner": {"type": "Organization", "site_admin": false}, "fork": false, "created_at": "2010-08-13T13:03:10Z", "updated_at": "2022-08-20T09:24:14Z", "pushed_at": "2010-12-22T12:12:33Z", "size": 307956, "stargazers_count": 6, "watchers_count": 6, "language": "C++", "has_issues": true, "has_projects": true, "has_downloads": true, "has_wiki": true, "has_pages": false, "has_discussions": false, "forks_count": 1, "mirror_url": null, "archived": false, "disabled": false, "open_issues_count": 0, "license": null, "allow_forking": true, "is_template": false, "web_commit_signoff_required": false, "topics": [], "default_branch": "master", "permissions": {"admin": false, "maintain": false, "push": false, "triage": false, "pull": true}, "_id": 835732}, {"owner": {"type": "User", "site_admin": false}, "fork": false, "created_at": "2010-08-13T13:24:37Z", "updated_at": "2014-09-11T03:18:06Z", "pushed_at": "2010-08-13T13:25:53Z", "size": 92, "stargazers_count": 8, "watchers_count": 8, "language": "Python", "has_issues": true, "has_projects": true, "has_downloads": true, "has_wiki": true, "has_pages": false, "has_discussions": false, "forks_count": 0, "mirror_url": null, "archived": false, "disabled": false, "open_issues_count": 0, "license": null, "allow_forking": true, "is_template": false, "web_commit_signoff_required": false, "topics": [], "default_branch": "master", "permissions": {"admin": false, "maintain": false, "push": false, "triage": false, "pull": true}, "_id": 835755}, {"owner": {"type": "User", "site_admin": false}, "fork": false, "created_at": "2010-08-13T13:30:02Z", "updated_at": "2021-11-17T01:04:19Z", "pushed_at": "2014-03-26T20:38:39Z", "size": 216, "stargazers_count": 6, "watchers_count": 6, "language": "C++", "has_issues": true, "has_projects": true, "has_downloads": true, "has_wiki": true, "has_pages": false, "has_discussions": false, "forks_count": 3, "mirror_url": null, "archived": false, "disabled": false, "open_issues_count": 0, "license": null, "allow_forking": true, "is_template": false, "web_commit_signoff_required": false, "topics": [], "default_branch": "master", "permissions": {"admin": false, "maintain": false, "push": false, "triage": false, "pull": true}, "_id": 835760}, {"owner": {"type": "User", "site_admin": false}, "fork": false, "created_at": "2010-08-13T13:42:20Z", "updated_at": "2022-07-12T12:16:14Z", "pushed_at": "2016-10-18T00:38:47Z", "size": 190, "stargazers_count": 61, "watchers_count": 61, "language": "Ruby", "has_issues": true, "has_projects": true, "has_downloads": true, "has_wiki": true, "has_pages": false, "has_discussions": false, "forks_count": 28, "mirror_url": null, "archived": false, "disabled": false, "open_issues_count": 8, "license": {"key": "mit", "name": "MIT License", "spdx_id": "MIT", "url": "https://api.github.com/licenses/mit", "node_id": "MDc6TGljZW5zZTEz"}, "allow_forking": true, "is_template": false, "web_commit_signoff_required": false, "topics": [], "default_branch": "master", "permissions": {"admin": false, "maintain": false, "push": false, "triage": false, "pull": true}, "_id": 835784}, {"owner": {"type": "User", "site_admin": false}, "fork": false, "created_at": "2010-08-13T13:56:46Z", "updated_at": "2021-03-19T05:28:38Z", "pushed_at": "2012-06-09T22:42:13Z", "size": 3052, "stargazers_count": 7, "watchers_count": 7, "language": "JavaScript", "has_issues": true, "has_projects": true, "has_downloads": true, "has_wiki": true, "has_pages": false, "has_discussions": false, "forks_count": 1, "mirror_url": null, "archived": false, "disabled": false, "open_issues_count": 1, "license": {"key": "other", "name": "Other", "spdx_id": "NOASSERTION", "url": null, "node_id": "MDc6TGljZW5zZTA="}, "allow_forking": true, "is_template": false, "web_commit_signoff_required": false, "topics": [], "default_branch": "master", "permissions": {"admin": false, "maintain": false, "push": false, "triage": false, "pull": true}, "_id": 835810}, {"owner": {"type": "User", "site_admin": false}, "fork": false, "created_at": "2010-08-13T14:00:48Z", "updated_at": "2022-09-22T00:11:22Z", "pushed_at": "2011-01-11T08:48:22Z", "size": 362, "stargazers_count": 12, "watchers_count": 12, "language": "C#", "has_issues": true, "has_projects": true, "has_downloads": true, "has_wiki": true, "has_pages": false, "has_discussions": false, "forks_count": 1, "mirror_url": null, "archived": true, "disabled": false, "open_issues_count": 2, "license": null, "allow_forking": true, "is_template": false, "web_commit_signoff_required": false, "topics": [], "default_branch": "master", "permissions": {"admin": false, "maintain": false, "push": false, "triage": false, "pull": true}, "_id": 835814}, {"owner": {"type": "User", "site_admin": false}, "fork": false, "created_at": "2010-08-13T14:07:11Z", "updated_at": "2019-10-28T07:26:30Z", "pushed_at": "2016-01-16T13:47:05Z", "size": 19, "stargazers_count": 21, "watchers_count": 21, "language": "JavaScript", "has_issues": true, "has_projects": true, "has_downloads": true, "has_wiki": true, "has_pages": false, "has_discussions": false, "forks_count": 1, "mirror_url": null, "archived": false, "disabled": false, "open_issues_count": 3, "license": null, "allow_forking": true, "is_template": false, "web_commit_signoff_required": false, "topics": [], "default_branch": "master", "permissions": {"admin": false, "maintain": false, "push": false, "triage": false, "pull": true}, "_id": 835829}, {"owner": {"type": "User", "site_admin": false}, "fork": false, "created_at": "2010-08-13T14:34:23Z", "updated_at": "2022-11-17T03:52:03Z", "pushed_at": "2015-07-23T07:11:46Z", "size": 277, "stargazers_count": 52, "watchers_count": 52, "language": "PHP", "has_issues": true, "has_projects": true, "has_downloads": true, "has_wiki": true, "has_pages": false, "has_discussions": false, "forks_count": 23, "mirror_url": null, "archived": false, "disabled": false, "open_issues_count": 3, "license": null, "allow_forking": true, "is_template": false, "web_commit_signoff_required": false, "topics": [], "default_branch": "master", "permissions": {"admin": false, "maintain": false, "push": false, "triage": false, "pull": true}, "_id": 835880}, {"owner": {"type": "User", "site_admin": true}, "fork": false, "created_at": "2010-08-13T14:41:34Z", "updated_at": "2015-08-24T09:30:21Z", "pushed_at": "2010-08-13T22:23:33Z", "size": 5884, "stargazers_count": 9, "watchers_count": 9, "language": "JavaScript", "has_issues": true, "has_projects": true, "has_downloads": true, "has_wiki": true, "has_pages": false, "has_discussions": false, "forks_count": 2, "mirror_url": null, "archived": false, "disabled": false, "open_issues_count": 1, "license": null, "allow_forking": true, "is_template": false, "web_commit_signoff_required": false, "topics": [], "default_branch": "master", "permissions": {"admin": false, "maintain": false, "push": false, "triage": false, "pull": true}, "_id": 835893}, {"owner": {"type": "User", "site_admin": false}, "fork": false, "created_at": "2010-08-13T14:45:07Z", "updated_at": "2022-07-16T15:57:33Z", "pushed_at": "2020-02-29T08:40:15Z", "size": 100, "stargazers_count": 205, "watchers_count": 205, "language": "Ruby", "has_issues": true, "has_projects": true, "has_downloads": true, "has_wiki": true, "has_pages": false, "has_discussions": false, "forks_count": 19, "mirror_url": null, "archived": false, "disabled": false, "open_issues_count": 31, "license": {"key": "mit", "name": "MIT License", "spdx_id": "MIT", "url": "https://api.github.com/licenses/mit", "node_id": "MDc6TGljZW5zZTEz"}, "allow_forking": true, "is_template": false, "web_commit_signoff_required": false, "topics": [], "default_branch": "master", "permissions": {"admin": false, "maintain": false, "push": false, "triage": false, "pull": true}, "_id": 835902}, {"owner": {"type": "Organization", "site_admin": false}, "fork": false, "created_at": "2010-08-13T14:46:58Z", "updated_at": "2022-05-06T12:59:10Z", "pushed_at": "2012-02-13T20:20:33Z", "size": 388, "stargazers_count": 41, "watchers_count": 41, "language": "Ruby", "has_issues": true, "has_projects": true, "has_downloads": true, "has_wiki": false, "has_pages": false, "has_discussions": false, "forks_count": 11, "mirror_url": null, "archived": false, "disabled": false, "open_issues_count": 0, "license": {"key": "mit", "name": "MIT License", "spdx_id": "MIT", "url": "https://api.github.com/licenses/mit", "node_id": "MDc6TGljZW5zZTEz"}, "allow_forking": true, "is_template": false, "web_commit_signoff_required": false, "topics": [], "default_branch": "master", "permissions": {"admin": false, "maintain": false, "push": false, "triage": false, "pull": true}, "_id": 835904}, {"owner": {"type": "User", "site_admin": false}, "fork": false, "created_at": "2010-08-13T14:47:56Z", "updated_at": "2022-07-04T13:45:07Z", "pushed_at": "2019-11-20T01:33:51Z", "size": 137, "stargazers_count": 15, "watchers_count": 15, "language": "C", "has_issues": true, "has_projects": true, "has_downloads": true, "has_wiki": true, "has_pages": true, "has_discussions": false, "forks_count": 1, "mirror_url": null, "archived": false, "disabled": false, "open_issues_count": 1, "license": {"key": "other", "name": "Other", "spdx_id": "NOASSERTION", "url": null, "node_id": "MDc6TGljZW5zZTA="}, "allow_forking": true, "is_template": false, "web_commit_signoff_required": false, "topics": ["c", "genetic-algorithm", "genetic-programming", "tournament-algorithm"], "default_branch": "master", "permissions": {"admin": false, "maintain": false, "push": false, "triage": false, "pull": true}, "_id": 835906}, {"owner": {"type": "User", "site_admin": false}, "fork": false, "created_at": "2010-08-13T14:51:47Z", "updated_at": "2021-11-04T00:13:45Z", "pushed_at": "2022-05-04T14:30:12Z", "size": 131, "stargazers_count": 13, "watchers_count": 13, "language": "Perl", "has_issues": true, "has_projects": true, "has_downloads": true, "has_wiki": true, "has_pages": false, "has_discussions": false, "forks_count": 21, "mirror_url": null, "archived": false, "disabled": false, "open_issues_count": 4, "license": null, "allow_forking": true, "is_template": false, "web_commit_signoff_required": false, "topics": [], "default_branch": "master", "permissions": {"admin": false, "maintain": false, "push": false, "triage": false, "pull": true}, "_id": 835914}, {"owner": {"type": "User", "site_admin": false}, "fork": false, "created_at": "2010-08-13T14:59:44Z", "updated_at": "2013-05-10T23:24:43Z", "pushed_at": "2010-08-16T03:28:25Z", "size": 336, "stargazers_count": 7, "watchers_count": 7, "language": "Java", "has_issues": true, "has_projects": true, "has_downloads": true, "has_wiki": true, "has_pages": false, "has_discussions": false, "forks_count": 0, "mirror_url": null, "archived": false, "disabled": false, "open_issues_count": 0, "license": {"key": "other", "name": "Other", "spdx_id": "NOASSERTION", "url": null, "node_id": "MDc6TGljZW5zZTA="}, "allow_forking": true, "is_template": false, "web_commit_signoff_required": false, "topics": [], "default_branch": "master", "permissions": {"admin": false, "maintain": false, "push": false, "triage": false, "pull": true}, "_id": 835939}, {"owner": {"type": "User", "site_admin": false}, "fork": false, "created_at": "2010-08-13T15:32:47Z", "updated_at": "2018-06-24T14:06:54Z", "pushed_at": "2018-01-08T19:02:35Z", "size": 2135, "stargazers_count": 18, "watchers_count": 18, "language": "Scala", "has_issues": true, "has_projects": true, "has_downloads": true, "has_wiki": true, "has_pages": true, "has_discussions": false, "forks_count": 2, "mirror_url": null, "archived": false, "disabled": false, "open_issues_count": 0, "license": {"key": "other", "name": "Other", "spdx_id": "NOASSERTION", "url": null, "node_id": "MDc6TGljZW5zZTA="}, "allow_forking": true, "is_template": false, "web_commit_signoff_required": false, "topics": [], "default_branch": "master", "permissions": {"admin": false, "maintain": false, "push": false, "triage": false, "pull": true}, "_id": 836013}, {"owner": {"type": "User", "site_admin": false}, "fork": false, "created_at": "2010-08-13T15:37:00Z", "updated_at": "2017-10-10T03:51:53Z", "pushed_at": "2010-10-13T03:43:14Z", "size": 17432, "stargazers_count": 6, "watchers_count": 6, "language": "Java", "has_issues": true, "has_projects": true, "has_downloads": true, "has_wiki": true, "has_pages": false, "has_discussions": false, "forks_count": 1, "mirror_url": null, "archived": false, "disabled": false, "open_issues_count": 0, "license": null, "allow_forking": true, "is_template": false, "web_commit_signoff_required": false, "topics": [], "default_branch": "master", "permissions": {"admin": false, "maintain": false, "push": false, "triage": false, "pull": true}, "_id": 836025}, {"owner": {"type": "User", "site_admin": false}, "fork": false, "created_at": "2010-08-13T15:55:42Z", "updated_at": "2013-10-20T10:09:40Z", "pushed_at": "2010-08-13T15:56:14Z", "size": 340, "stargazers_count": 6, "watchers_count": 6, "language": "JavaScript", "has_issues": true, "has_projects": true, "has_downloads": true, "has_wiki": true, "has_pages": false, "has_discussions": false, "forks_count": 0, "mirror_url": null, "archived": false, "disabled": false, "open_issues_count": 0, "license": null, "allow_forking": true, "is_template": false, "web_commit_signoff_required": false, "topics": [], "default_branch": "master", "permissions": {"admin": false, "maintain": false, "push": false, "triage": false, "pull": true}, "_id": 836067}, {"owner": {"type": "User", "site_admin": false}, "fork": false, "created_at": "2010-08-13T16:00:11Z", "updated_at": "2013-10-02T03:43:57Z", "pushed_at": "2010-10-12T04:05:31Z", "size": 415, "stargazers_count": 6, "watchers_count": 6, "language": "Ruby", "has_issues": true, "has_projects": true, "has_downloads": true, "has_wiki": true, "has_pages": false, "has_discussions": false, "forks_count": 1, "mirror_url": null, "archived": false, "disabled": false, "open_issues_count": 0, "license": null, "allow_forking": true, "is_template": false, "web_commit_signoff_required": false, "topics": [], "default_branch": "master", "permissions": {"admin": false, "maintain": false, "push": false, "triage": false, "pull": true}, "_id": 836077}, {"owner": {"type": "User", "site_admin": false}, "fork": false, "created_at": "2010-08-13T16:02:13Z", "updated_at": "2019-12-03T16:56:31Z", "pushed_at": "2012-01-10T13:08:02Z", "size": 119, "stargazers_count": 43, "watchers_count": 43, "language": null, "has_issues": true, "has_projects": true, "has_downloads": true, "has_wiki": true, "has_pages": false, "has_discussions": false, "forks_count": 7, "mirror_url": null, "archived": false, "disabled": false, "open_issues_count": 0, "license": null, "allow_forking": true, "is_template": false, "web_commit_signoff_required": false, "topics": [], "default_branch": "master", "permissions": {"admin": false, "maintain": false, "push": false, "triage": false, "pull": true}, "_id": 836085}, {"owner": {"type": "User", "site_admin": false}, "fork": false, "created_at": "2010-08-13T16:09:25Z", "updated_at": "2021-07-20T10:07:40Z", "pushed_at": "2010-09-30T22:21:39Z", "size": 114, "stargazers_count": 7, "watchers_count": 7, "language": "C#", "has_issues": true, "has_projects": true, "has_downloads": true, "has_wiki": true, "has_pages": false, "has_discussions": false, "forks_count": 4, "mirror_url": null, "archived": false, "disabled": false, "open_issues_count": 0, "license": {"key": "other", "name": "Other", "spdx_id": "NOASSERTION", "url": null, "node_id": "MDc6TGljZW5zZTA="}, "allow_forking": true, "is_template": false, "web_commit_signoff_required": false, "topics": [], "default_branch": "master", "permissions": {"admin": false, "maintain": false, "push": false, "triage": false, "pull": true}, "_id": 836104}, {"owner": {"type": "User", "site_admin": false}, "fork": false, "created_at": "2010-08-13T16:14:52Z", "updated_at": "2020-11-20T03:42:04Z", "pushed_at": "2016-11-20T07:36:50Z", "size": 1629286, "stargazers_count": 33, "watchers_count": 33, "language": "Java", "has_issues": true, "has_projects": true, "has_downloads": true, "has_wiki": true, "has_pages": false, "has_discussions": false, "forks_count": 43, "mirror_url": null, "archived": false, "disabled": false, "open_issues_count": 4, "license": {"key": "other", "name": "Other", "spdx_id": "NOASSERTION", "url": null, "node_id": "MDc6TGljZW5zZTA="}, "allow_forking": true, "is_template": false, "web_commit_signoff_required": false, "topics": [], "default_branch": "jb", "permissions": {"admin": false, "maintain": false, "push": false, "triage": false, "pull": true}, "_id": 836116}, {"owner": {"type": "User", "site_admin": false}, "fork": false, "created_at": "2010-08-13T16:54:02Z", "updated_at": "2016-06-22T06:43:04Z", "pushed_at": "2010-08-13T16:55:29Z", "size": 92, "stargazers_count": 14, "watchers_count": 14, "language": "Ruby", "has_issues": true, "has_projects": true, "has_downloads": true, "has_wiki": true, "has_pages": false, "has_discussions": false, "forks_count": 3, "mirror_url": null, "archived": false, "disabled": false, "open_issues_count": 0, "license": null, "allow_forking": true, "is_template": false, "web_commit_signoff_required": false, "topics": [], "default_branch": "master", "permissions": {"admin": false, "maintain": false, "push": false, "triage": false, "pull": true}, "_id": 836207}, {"owner": {"type": "User", "site_admin": false}, "fork": false, "created_at": "2010-08-13T16:59:41Z", "updated_at": "2014-02-16T04:56:45Z", "pushed_at": "2012-08-13T15:45:57Z", "size": 322, "stargazers_count": 8, "watchers_count": 8, "language": "JavaScript", "has_issues": true, "has_projects": true, "has_downloads": true, "has_wiki": true, "has_pages": false, "has_discussions": false, "forks_count": 0, "mirror_url": null, "archived": false, "disabled": false, "open_issues_count": 0, "license": null, "allow_forking": true, "is_template": false, "web_commit_signoff_required": false, "topics": [], "default_branch": "master", "permissions": {"admin": false, "maintain": false, "push": false, "triage": false, "pull": true}, "_id": 836219}, {"owner": {"type": "User", "site_admin": false}, "fork": false, "created_at": "2010-08-13T17:05:44Z", "updated_at": "2019-03-23T22:13:50Z", "pushed_at": "2020-06-28T18:39:26Z", "size": 15, "stargazers_count": 7, "watchers_count": 7, "language": "Ruby", "has_issues": false, "has_projects": true, "has_downloads": false, "has_wiki": false, "has_pages": false, "has_discussions": false, "forks_count": 1, "mirror_url": null, "archived": false, "disabled": false, "open_issues_count": 0, "license": null, "allow_forking": true, "is_template": false, "web_commit_signoff_required": false, "topics": [], "default_branch": "main", "permissions": {"admin": false, "maintain": false, "push": false, "triage": false, "pull": true}, "_id": 836229}, {"owner": {"type": "Organization", "site_admin": false}, "fork": false, "created_at": "2010-08-13T17:09:38Z", "updated_at": "2022-10-01T18:00:24Z", "pushed_at": "2022-07-21T22:41:28Z", "size": 9163, "stargazers_count": 61, "watchers_count": 61, "language": "Ruby", "has_issues": true, "has_projects": true, "has_downloads": true, "has_wiki": true, "has_pages": false, "has_discussions": false, "forks_count": 35, "mirror_url": null, "archived": false, "disabled": false, "open_issues_count": 56, "license": {"key": "mit", "name": "MIT License", "spdx_id": "MIT", "url": "https://api.github.com/licenses/mit", "node_id": "MDc6TGljZW5zZTEz"}, "allow_forking": true, "is_template": false, "web_commit_signoff_required": false, "topics": [], "default_branch": "develop", "permissions": {"admin": false, "maintain": false, "push": false, "triage": false, "pull": true}, "_id": 836237}, {"owner": {"type": "User", "site_admin": false}, "fork": false, "created_at": "2010-08-13T17:24:57Z", "updated_at": "2022-09-10T19:42:45Z", "pushed_at": "2019-11-30T11:15:20Z", "size": 72, "stargazers_count": 37, "watchers_count": 37, "language": "Haskell", "has_issues": true, "has_projects": true, "has_downloads": true, "has_wiki": true, "has_pages": false, "has_discussions": false, "forks_count": 18, "mirror_url": null, "archived": false, "disabled": false, "open_issues_count": 4, "license": {"key": "other", "name": "Other", "spdx_id": "NOASSERTION", "url": null, "node_id": "MDc6TGljZW5zZTA="}, "allow_forking": true, "is_template": false, "web_commit_signoff_required": false, "topics": [], "default_branch": "master", "permissions": {"admin": false, "maintain": false, "push": false, "triage": false, "pull": true}, "_id": 836266}, {"owner": {"type": "User", "site_admin": false}, "fork": false, "created_at": "2010-08-13T17:42:00Z", "updated_at": "2022-11-19T15:01:30Z", "pushed_at": "2022-08-17T14:52:03Z", "size": 30, "stargazers_count": 419, "watchers_count": 419, "language": "Emacs Lisp", "has_issues": true, "has_projects": true, "has_downloads": true, "has_wiki": true, "has_pages": false, "has_discussions": false, "forks_count": 33, "mirror_url": null, "archived": false, "disabled": false, "open_issues_count": 10, "license": null, "allow_forking": true, "is_template": false, "web_commit_signoff_required": false, "topics": ["emacs", "emacs-lisp", "emacs-mode"], "default_branch": "main", "permissions": {"admin": false, "maintain": false, "push": false, "triage": false, "pull": true}, "_id": 836300}, {"owner": {"type": "Organization", "site_admin": false}, "fork": false, "created_at": "2010-08-13T17:51:36Z", "updated_at": "2021-05-02T02:07:11Z", "pushed_at": "2012-09-16T22:36:42Z", "size": 634, "stargazers_count": 9, "watchers_count": 9, "language": null, "has_issues": true, "has_projects": true, "has_downloads": true, "has_wiki": true, "has_pages": false, "has_discussions": false, "forks_count": 7, "mirror_url": null, "archived": false, "disabled": false, "open_issues_count": 2, "license": {"key": "gpl-2.0", "name": "GNU General Public License v2.0", "spdx_id": "GPL-2.0", "url": "https://api.github.com/licenses/gpl-2.0", "node_id": "MDc6TGljZW5zZTg="}, "allow_forking": true, "is_template": false, "web_commit_signoff_required": false, "topics": [], "default_branch": "master", "permissions": {"admin": false, "maintain": false, "push": false, "triage": false, "pull": true}, "_id": 836315}, {"owner": {"type": "User", "site_admin": false}, "fork": false, "created_at": "2010-08-13T18:05:05Z", "updated_at": "2022-09-09T12:38:57Z", "pushed_at": "2015-06-07T00:19:18Z", "size": 788, "stargazers_count": 66, "watchers_count": 66, "language": "C", "has_issues": true, "has_projects": true, "has_downloads": true, "has_wiki": false, "has_pages": false, "has_discussions": false, "forks_count": 12, "mirror_url": null, "archived": false, "disabled": false, "open_issues_count": 8, "license": {"key": "other", "name": "Other", "spdx_id": "NOASSERTION", "url": null, "node_id": "MDc6TGljZW5zZTA="}, "allow_forking": true, "is_template": false, "web_commit_signoff_required": false, "topics": [], "default_branch": "master", "permissions": {"admin": false, "maintain": false, "push": false, "triage": false, "pull": true}, "_id": 836341}, {"owner": {"type": "User", "site_admin": false}, "fork": false, "created_at": "2010-08-13T18:06:15Z", "updated_at": "2022-02-20T17:14:39Z", "pushed_at": "2011-08-01T17:46:30Z", "size": 120, "stargazers_count": 32, "watchers_count": 32, "language": "Ruby", "has_issues": true, "has_projects": true, "has_downloads": true, "has_wiki": true, "has_pages": false, "has_discussions": false, "forks_count": 1, "mirror_url": null, "archived": false, "disabled": false, "open_issues_count": 16, "license": null, "allow_forking": true, "is_template": false, "web_commit_signoff_required": false, "topics": [], "default_branch": "master", "permissions": {"admin": false, "maintain": false, "push": false, "triage": false, "pull": true}, "_id": 836345}, {"owner": {"type": "Organization", "site_admin": false}, "fork": false, "created_at": "2010-08-13T18:06:24Z", "updated_at": "2020-08-16T09:07:41Z", "pushed_at": "2015-04-15T07:42:15Z", "size": 1731, "stargazers_count": 8, "watchers_count": 8, "language": "C#", "has_issues": true, "has_projects": true, "has_downloads": true, "has_wiki": true, "has_pages": false, "has_discussions": false, "forks_count": 5, "mirror_url": null, "archived": false, "disabled": false, "open_issues_count": 2, "license": {"key": "mit", "name": "MIT License", "spdx_id": "MIT", "url": "https://api.github.com/licenses/mit", "node_id": "MDc6TGljZW5zZTEz"}, "allow_forking": true, "is_template": false, "web_commit_signoff_required": false, "topics": [], "default_branch": "master", "permissions": {"admin": false, "maintain": false, "push": false, "triage": false, "pull": true}, "_id": 836346}, {"owner": {"type": "User", "site_admin": false}, "fork": false, "created_at": "2010-08-13T18:16:56Z", "updated_at": "2019-08-13T14:35:45Z", "pushed_at": "2012-04-20T11:40:17Z", "size": 145, "stargazers_count": 31, "watchers_count": 31, "language": "Ruby", "has_issues": true, "has_projects": true, "has_downloads": false, "has_wiki": false, "has_pages": false, "has_discussions": false, "forks_count": 3, "mirror_url": null, "archived": true, "disabled": false, "open_issues_count": 0, "license": {"key": "mit", "name": "MIT License", "spdx_id": "MIT", "url": "https://api.github.com/licenses/mit", "node_id": "MDc6TGljZW5zZTEz"}, "allow_forking": true, "is_template": false, "web_commit_signoff_required": false, "topics": [], "default_branch": "master", "permissions": {"admin": false, "maintain": false, "push": false, "triage": false, "pull": true}, "_id": 836362}, {"owner": {"type": "User", "site_admin": false}, "fork": false, "created_at": "2010-08-13T18:24:30Z", "updated_at": "2022-01-27T18:30:38Z", "pushed_at": "2019-09-13T14:21:53Z", "size": 31990, "stargazers_count": 54, "watchers_count": 54, "language": "OCaml", "has_issues": true, "has_projects": true, "has_downloads": true, "has_wiki": true, "has_pages": true, "has_discussions": false, "forks_count": 23, "mirror_url": null, "archived": false, "disabled": false, "open_issues_count": 15, "license": {"key": "agpl-3.0", "name": "GNU Affero General Public License v3.0", "spdx_id": "AGPL-3.0", "url": "https://api.github.com/licenses/agpl-3.0", "node_id": "MDc6TGljZW5zZTE="}, "allow_forking": true, "is_template": false, "web_commit_signoff_required": false, "topics": [], "default_branch": "master", "permissions": {"admin": false, "maintain": false, "push": false, "triage": false, "pull": true}, "_id": 836378}, {"owner": {"type": "User", "site_admin": false}, "fork": false, "created_at": "2010-08-13T18:28:50Z", "updated_at": "2018-10-17T23:31:09Z", "pushed_at": "2011-12-20T06:39:23Z", "size": 836, "stargazers_count": 9, "watchers_count": 9, "language": "Ruby", "has_issues": true, "has_projects": true, "has_downloads": true, "has_wiki": true, "has_pages": false, "has_discussions": false, "forks_count": 3, "mirror_url": null, "archived": false, "disabled": false, "open_issues_count": 0, "license": {"key": "mit", "name": "MIT License", "spdx_id": "MIT", "url": "https://api.github.com/licenses/mit", "node_id": "MDc6TGljZW5zZTEz"}, "allow_forking": true, "is_template": false, "web_commit_signoff_required": false, "topics": [], "default_branch": "master", "permissions": {"admin": false, "maintain": false, "push": false, "triage": false, "pull": true}, "_id": 836384}, {"owner": {"type": "User", "site_admin": false}, "fork": false, "created_at": "2010-08-13T18:40:14Z", "updated_at": "2022-01-05T20:18:28Z", "pushed_at": "2022-11-25T15:25:36Z", "size": 1042, "stargazers_count": 32, "watchers_count": 32, "language": "Java", "has_issues": true, "has_projects": true, "has_downloads": true, "has_wiki": true, "has_pages": false, "has_discussions": false, "forks_count": 20, "mirror_url": null, "archived": false, "disabled": false, "open_issues_count": 0, "license": null, "allow_forking": true, "is_template": false, "web_commit_signoff_required": false, "topics": [], "default_branch": "master", "permissions": {"admin": false, "maintain": false, "push": false, "triage": false, "pull": true}, "_id": 836406}, {"owner": {"type": "User", "site_admin": false}, "fork": false, "created_at": "2010-08-13T18:42:11Z", "updated_at": "2022-05-20T13:16:46Z", "pushed_at": "2015-12-18T01:01:52Z", "size": 14, "stargazers_count": 14, "watchers_count": 14, "language": "Python", "has_issues": true, "has_projects": true, "has_downloads": true, "has_wiki": true, "has_pages": false, "has_discussions": false, "forks_count": 3, "mirror_url": null, "archived": false, "disabled": false, "open_issues_count": 0, "license": null, "allow_forking": true, "is_template": false, "web_commit_signoff_required": false, "topics": [], "default_branch": "master", "permissions": {"admin": false, "maintain": false, "push": false, "triage": false, "pull": true}, "_id": 836407}, {"owner": {"type": "Organization", "site_admin": false}, "fork": false, "created_at": "2010-08-13T19:04:31Z", "updated_at": "2020-01-22T07:35:12Z", "pushed_at": "2022-03-01T13:49:43Z", "size": 39, "stargazers_count": 19, "watchers_count": 19, "language": "PHP", "has_issues": true, "has_projects": true, "has_downloads": true, "has_wiki": true, "has_pages": false, "has_discussions": false, "forks_count": 14, "mirror_url": null, "archived": false, "disabled": false, "open_issues_count": 4, "license": null, "allow_forking": true, "is_template": false, "web_commit_signoff_required": false, "topics": ["symphony-cms", "symphony-cms-extension"], "default_branch": "master", "permissions": {"admin": false, "maintain": false, "push": false, "triage": false, "pull": true}, "_id": 836445}, {"owner": {"type": "User", "site_admin": false}, "fork": false, "created_at": "2010-08-13T19:07:31Z", "updated_at": "2021-07-04T16:30:16Z", "pushed_at": "2011-03-05T19:12:14Z", "size": 11421, "stargazers_count": 13, "watchers_count": 13, "language": "Objective-C", "has_issues": true, "has_projects": true, "has_downloads": true, "has_wiki": true, "has_pages": false, "has_discussions": false, "forks_count": 2, "mirror_url": null, "archived": false, "disabled": false, "open_issues_count": 0, "license": null, "allow_forking": true, "is_template": false, "web_commit_signoff_required": false, "topics": [], "default_branch": "master", "permissions": {"admin": false, "maintain": false, "push": false, "triage": false, "pull": true}, "_id": 836457}, {"owner": {"type": "User", "site_admin": false}, "fork": false, "created_at": "2010-08-13T19:13:36Z", "updated_at": "2020-12-03T20:28:51Z", "pushed_at": "2010-08-20T18:35:09Z", "size": 2814, "stargazers_count": 9, "watchers_count": 9, "language": "C", "has_issues": true, "has_projects": true, "has_downloads": true, "has_wiki": true, "has_pages": false, "has_discussions": false, "forks_count": 4, "mirror_url": null, "archived": false, "disabled": false, "open_issues_count": 0, "license": null, "allow_forking": true, "is_template": false, "web_commit_signoff_required": false, "topics": [], "default_branch": "master", "permissions": {"admin": false, "maintain": false, "push": false, "triage": false, "pull": true}, "_id": 836466}, {"owner": {"type": "User", "site_admin": false}, "fork": false, "created_at": "2010-08-13T19:28:48Z", "updated_at": "2022-08-01T00:56:03Z", "pushed_at": "2011-03-16T19:47:45Z", "size": 158976, "stargazers_count": 20, "watchers_count": 20, "language": "C++", "has_issues": true, "has_projects": true, "has_downloads": true, "has_wiki": true, "has_pages": false, "has_discussions": false, "forks_count": 10, "mirror_url": null, "archived": false, "disabled": false, "open_issues_count": 1, "license": null, "allow_forking": true, "is_template": false, "web_commit_signoff_required": false, "topics": [], "default_branch": "master", "permissions": {"admin": false, "maintain": false, "push": false, "triage": false, "pull": true}, "_id": 836504}, {"owner": {"type": "Organization", "site_admin": false}, "fork": false, "created_at": "2010-08-13T19:59:01Z", "updated_at": "2022-10-01T12:05:53Z", "pushed_at": "2022-08-31T13:56:36Z", "size": 34, "stargazers_count": 105, "watchers_count": 105, "language": "JavaScript", "has_issues": true, "has_projects": true, "has_downloads": true, "has_wiki": true, "has_pages": true, "has_discussions": false, "forks_count": 9, "mirror_url": null, "archived": true, "disabled": false, "open_issues_count": 0, "license": {"key": "other", "name": "Other", "spdx_id": "NOASSERTION", "url": null, "node_id": "MDc6TGljZW5zZTA="}, "allow_forking": true, "is_template": false, "web_commit_signoff_required": false, "topics": [], "default_branch": "master", "permissions": {"admin": false, "maintain": false, "push": false, "triage": false, "pull": true}, "_id": 836555}, {"owner": {"type": "User", "site_admin": false}, "fork": false, "created_at": "2010-08-13T20:22:03Z", "updated_at": "2021-08-20T19:12:27Z", "pushed_at": "2010-10-18T18:22:12Z", "size": 241, "stargazers_count": 165, "watchers_count": 165, "language": "Python", "has_issues": true, "has_projects": true, "has_downloads": true, "has_wiki": true, "has_pages": false, "has_discussions": false, "forks_count": 32, "mirror_url": null, "archived": false, "disabled": false, "open_issues_count": 2, "license": null, "allow_forking": true, "is_template": false, "web_commit_signoff_required": false, "topics": [], "default_branch": "master", "permissions": {"admin": false, "maintain": false, "push": false, "triage": false, "pull": true}, "_id": 836596}, {"owner": {"type": "User", "site_admin": false}, "fork": false, "created_at": "2010-08-13T20:29:39Z", "updated_at": "2022-10-13T08:57:14Z", "pushed_at": "2015-08-09T13:25:24Z", "size": 213, "stargazers_count": 24, "watchers_count": 24, "language": "Java", "has_issues": true, "has_projects": true, "has_downloads": true, "has_wiki": true, "has_pages": false, "has_discussions": false, "forks_count": 7, "mirror_url": null, "archived": false, "disabled": false, "open_issues_count": 3, "license": null, "allow_forking": true, "is_template": false, "web_commit_signoff_required": false, "topics": [], "default_branch": "master", "permissions": {"admin": false, "maintain": false, "push": false, "triage": false, "pull": true}, "_id": 836608}, {"owner": {"type": "Organization", "site_admin": false}, "fork": false, "created_at": "2010-08-13T20:57:47Z", "updated_at": "2022-02-09T10:24:04Z", "pushed_at": "2011-12-14T20:18:55Z", "size": 136, "stargazers_count": 42, "watchers_count": 42, "language": "JavaScript", "has_issues": true, "has_projects": true, "has_downloads": true, "has_wiki": true, "has_pages": false, "has_discussions": false, "forks_count": 5, "mirror_url": null, "archived": false, "disabled": false, "open_issues_count": 0, "license": null, "allow_forking": true, "is_template": false, "web_commit_signoff_required": false, "topics": [], "default_branch": "master", "permissions": {"admin": false, "maintain": false, "push": false, "triage": false, "pull": true}, "_id": 836650}, {"owner": {"type": "User", "site_admin": false}, "fork": false, "created_at": "2010-08-13T21:17:36Z", "updated_at": "2015-12-13T13:03:07Z", "pushed_at": "2011-06-29T07:21:38Z", "size": 595, "stargazers_count": 6, "watchers_count": 6, "language": "Ruby", "has_issues": true, "has_projects": true, "has_downloads": true, "has_wiki": true, "has_pages": false, "has_discussions": false, "forks_count": 1, "mirror_url": null, "archived": false, "disabled": false, "open_issues_count": 2, "license": null, "allow_forking": true, "is_template": false, "web_commit_signoff_required": false, "topics": [], "default_branch": "master", "permissions": {"admin": false, "maintain": false, "push": false, "triage": false, "pull": true}, "_id": 836680}, {"owner": {"type": "User", "site_admin": false}, "fork": false, "created_at": "2010-08-13T21:19:48Z", "updated_at": "2021-09-30T22:47:32Z", "pushed_at": "2013-02-27T17:59:13Z", "size": 264, "stargazers_count": 8, "watchers_count": 8, "language": "Python", "has_issues": true, "has_projects": true, "has_downloads": true, "has_wiki": true, "has_pages": false, "has_discussions": false, "forks_count": 6, "mirror_url": null, "archived": false, "disabled": false, "open_issues_count": 0, "license": {"key": "bsd-3-clause", "name": "BSD 3-Clause \"New\" or \"Revised\" License", "spdx_id": "BSD-3-Clause", "url": "https://api.github.com/licenses/bsd-3-clause", "node_id": "MDc6TGljZW5zZTU="}, "allow_forking": true, "is_template": false, "web_commit_signoff_required": false, "topics": [], "default_branch": "master", "permissions": {"admin": false, "maintain": false, "push": false, "triage": false, "pull": true}, "_id": 836687}, {"owner": {"type": "User", "site_admin": false}, "fork": false, "created_at": "2010-08-13T21:36:05Z", "updated_at": "2022-04-25T09:17:34Z", "pushed_at": "2021-09-07T11:44:49Z", "size": 744, "stargazers_count": 167, "watchers_count": 167, "language": "JavaScript", "has_issues": true, "has_projects": true, "has_downloads": true, "has_wiki": true, "has_pages": true, "has_discussions": false, "forks_count": 38, "mirror_url": null, "archived": false, "disabled": false, "open_issues_count": 2, "license": {"key": "mit", "name": "MIT License", "spdx_id": "MIT", "url": "https://api.github.com/licenses/mit", "node_id": "MDc6TGljZW5zZTEz"}, "allow_forking": true, "is_template": false, "web_commit_signoff_required": false, "topics": [], "default_branch": "master", "permissions": {"admin": false, "maintain": false, "push": false, "triage": false, "pull": true}, "_id": 836715}, {"owner": {"type": "User", "site_admin": false}, "fork": false, "created_at": "2010-08-13T22:18:45Z", "updated_at": "2021-09-12T20:20:25Z", "pushed_at": "2010-08-20T15:38:43Z", "size": 104, "stargazers_count": 10, "watchers_count": 10, "language": "Ruby", "has_issues": true, "has_projects": true, "has_downloads": true, "has_wiki": true, "has_pages": true, "has_discussions": false, "forks_count": 3, "mirror_url": null, "archived": false, "disabled": false, "open_issues_count": 0, "license": {"key": "mit", "name": "MIT License", "spdx_id": "MIT", "url": "https://api.github.com/licenses/mit", "node_id": "MDc6TGljZW5zZTEz"}, "allow_forking": true, "is_template": false, "web_commit_signoff_required": false, "topics": [], "default_branch": "master", "permissions": {"admin": false, "maintain": false, "push": false, "triage": false, "pull": true}, "_id": 836769}, {"owner": {"type": "User", "site_admin": false}, "fork": false, "created_at": "2010-08-13T22:22:18Z", "updated_at": "2022-08-08T15:01:09Z", "pushed_at": "2010-08-27T14:54:11Z", "size": 102, "stargazers_count": 32, "watchers_count": 32, "language": "JavaScript", "has_issues": true, "has_projects": true, "has_downloads": true, "has_wiki": true, "has_pages": false, "has_discussions": false, "forks_count": 3, "mirror_url": null, "archived": false, "disabled": false, "open_issues_count": 0, "license": null, "allow_forking": true, "is_template": false, "web_commit_signoff_required": false, "topics": [], "default_branch": "master", "permissions": {"admin": false, "maintain": false, "push": false, "triage": false, "pull": true}, "_id": 836773}, {"owner": {"type": "User", "site_admin": false}, "fork": false, "created_at": "2010-08-13T22:57:58Z", "updated_at": "2016-08-11T05:48:10Z", "pushed_at": "2010-08-13T23:30:33Z", "size": 83, "stargazers_count": 9, "watchers_count": 9, "language": null, "has_issues": true, "has_projects": true, "has_downloads": true, "has_wiki": true, "has_pages": false, "has_discussions": false, "forks_count": 8, "mirror_url": null, "archived": false, "disabled": false, "open_issues_count": 0, "license": null, "allow_forking": true, "is_template": false, "web_commit_signoff_required": false, "topics": [], "default_branch": "master", "permissions": {"admin": false, "maintain": false, "push": false, "triage": false, "pull": true}, "_id": 836820}, {"owner": {"type": "User", "site_admin": false}, "fork": false, "created_at": "2010-08-13T23:05:14Z", "updated_at": "2017-08-12T08:26:22Z", "pushed_at": "2010-08-14T20:43:02Z", "size": 112, "stargazers_count": 16, "watchers_count": 16, "language": "Python", "has_issues": true, "has_projects": true, "has_downloads": false, "has_wiki": false, "has_pages": false, "has_discussions": false, "forks_count": 0, "mirror_url": null, "archived": false, "disabled": false, "open_issues_count": 0, "license": {"key": "gpl-3.0", "name": "GNU General Public License v3.0", "spdx_id": "GPL-3.0", "url": "https://api.github.com/licenses/gpl-3.0", "node_id": "MDc6TGljZW5zZTk="}, "allow_forking": true, "is_template": false, "web_commit_signoff_required": false, "topics": [], "default_branch": "master", "permissions": {"admin": false, "maintain": false, "push": false, "triage": false, "pull": true}, "_id": 836832}, {"owner": {"type": "User", "site_admin": false}, "fork": false, "created_at": "2010-08-13T23:05:27Z", "updated_at": "2019-06-10T13:26:27Z", "pushed_at": "2012-02-20T22:44:57Z", "size": 1002, "stargazers_count": 32, "watchers_count": 32, "language": "JavaScript", "has_issues": true, "has_projects": true, "has_downloads": true, "has_wiki": true, "has_pages": false, "has_discussions": false, "forks_count": 18, "mirror_url": null, "archived": false, "disabled": false, "open_issues_count": 6, "license": {"key": "mit", "name": "MIT License", "spdx_id": "MIT", "url": "https://api.github.com/licenses/mit", "node_id": "MDc6TGljZW5zZTEz"}, "allow_forking": true, "is_template": false, "web_commit_signoff_required": false, "topics": [], "default_branch": "master", "permissions": {"admin": false, "maintain": false, "push": false, "triage": false, "pull": true}, "_id": 836833}, {"owner": {"type": "User", "site_admin": false}, "fork": false, "created_at": "2010-08-13T23:20:02Z", "updated_at": "2022-10-04T16:47:52Z", "pushed_at": "2010-08-13T23:28:00Z", "size": 31453, "stargazers_count": 121, "watchers_count": 121, "language": "C", "has_issues": true, "has_projects": true, "has_downloads": true, "has_wiki": true, "has_pages": false, "has_discussions": false, "forks_count": 16, "mirror_url": null, "archived": false, "disabled": false, "open_issues_count": 1, "license": {"key": "other", "name": "Other", "spdx_id": "NOASSERTION", "url": null, "node_id": "MDc6TGljZW5zZTA="}, "allow_forking": true, "is_template": false, "web_commit_signoff_required": false, "topics": [], "default_branch": "master", "permissions": {"admin": false, "maintain": false, "push": false, "triage": false, "pull": true}, "_id": 836855}, {"owner": {"type": "Organization", "site_admin": false}, "fork": false, "created_at": "2010-08-13T23:22:05Z", "updated_at": "2022-08-09T10:20:01Z", "pushed_at": "2012-03-20T02:16:22Z", "size": 17440, "stargazers_count": 19, "watchers_count": 19, "language": "C", "has_issues": false, "has_projects": false, "has_downloads": false, "has_wiki": false, "has_pages": false, "has_discussions": false, "forks_count": 9, "mirror_url": null, "archived": false, "disabled": false, "open_issues_count": 0, "license": {"key": "gpl-2.0", "name": "GNU General Public License v2.0", "spdx_id": "GPL-2.0", "url": "https://api.github.com/licenses/gpl-2.0", "node_id": "MDc6TGljZW5zZTg="}, "allow_forking": true, "is_template": false, "web_commit_signoff_required": false, "topics": [], "default_branch": "master", "permissions": {"admin": false, "maintain": false, "push": false, "triage": false, "pull": true}, "_id": 836860}, {"owner": {"type": "User", "site_admin": false}, "fork": false, "created_at": "2010-08-13T23:51:24Z", "updated_at": "2022-06-19T03:37:27Z", "pushed_at": "2011-12-11T10:21:53Z", "size": 107, "stargazers_count": 6, "watchers_count": 6, "language": "C", "has_issues": true, "has_projects": true, "has_downloads": true, "has_wiki": true, "has_pages": false, "has_discussions": false, "forks_count": 2, "mirror_url": null, "archived": false, "disabled": false, "open_issues_count": 0, "license": null, "allow_forking": true, "is_template": false, "web_commit_signoff_required": false, "topics": [], "default_branch": "master", "permissions": {"admin": false, "maintain": false, "push": false, "triage": false, "pull": true}, "_id": 836891}, {"owner": {"type": "User", "site_admin": false}, "fork": false, "created_at": "2010-08-13T23:54:39Z", "updated_at": "2021-04-26T07:54:08Z", "pushed_at": "2010-08-13T23:55:19Z", "size": 180, "stargazers_count": 70, "watchers_count": 70, "language": "Emacs Lisp", "has_issues": true, "has_projects": true, "has_downloads": true, "has_wiki": true, "has_pages": false, "has_discussions": false, "forks_count": 23, "mirror_url": null, "archived": false, "disabled": false, "open_issues_count": 1, "license": null, "allow_forking": true, "is_template": false, "web_commit_signoff_required": false, "topics": [], "default_branch": "master", "permissions": {"admin": false, "maintain": false, "push": false, "triage": false, "pull": true}, "_id": 836894}, {"owner": {"type": "Organization", "site_admin": false}, "fork": false, "created_at": "2010-08-13T23:56:16Z", "updated_at": "2022-11-21T04:13:34Z", "pushed_at": "2022-10-07T02:51:14Z", "size": 178, "stargazers_count": 1015, "watchers_count": 1015, "language": "Ruby", "has_issues": true, "has_projects": true, "has_downloads": true, "has_wiki": true, "has_pages": false, "has_discussions": false, "forks_count": 172, "mirror_url": null, "archived": false, "disabled": false, "open_issues_count": 26, "license": {"key": "mit", "name": "MIT License", "spdx_id": "MIT", "url": "https://api.github.com/licenses/mit", "node_id": "MDc6TGljZW5zZTEz"}, "allow_forking": true, "is_template": false, "web_commit_signoff_required": false, "topics": [], "default_branch": "master", "permissions": {"admin": false, "maintain": false, "push": false, "triage": false, "pull": true}, "_id": 836895}, {"owner": {"type": "User", "site_admin": false}, "fork": false, "created_at": "2010-08-13T23:56:24Z", "updated_at": "2019-04-09T20:26:44Z", "pushed_at": "2011-01-19T00:34:00Z", "size": 1108, "stargazers_count": 10, "watchers_count": 10, "language": "C++", "has_issues": true, "has_projects": true, "has_downloads": true, "has_wiki": true, "has_pages": false, "has_discussions": false, "forks_count": 6, "mirror_url": null, "archived": false, "disabled": false, "open_issues_count": 0, "license": {"key": "other", "name": "Other", "spdx_id": "NOASSERTION", "url": null, "node_id": "MDc6TGljZW5zZTA="}, "allow_forking": true, "is_template": false, "web_commit_signoff_required": false, "topics": [], "default_branch": "master", "permissions": {"admin": false, "maintain": false, "push": false, "triage": false, "pull": true}, "_id": 836897}]