[{"owner": {"type": "User", "site_admin": false}, "fork": false, "created_at": "2010-08-05T00:01:46Z", "updated_at": "2022-08-31T01:22:49Z", "pushed_at": "2012-11-17T19:10:34Z", "size": 152, "stargazers_count": 72, "watchers_count": 72, "language": "C", "has_issues": true, "has_projects": true, "has_downloads": true, "has_wiki": true, "has_pages": false, "has_discussions": false, "forks_count": 8, "mirror_url": null, "archived": false, "disabled": false, "open_issues_count": 0, "license": {"key": "other", "name": "Other", "spdx_id": "NOASSERTION", "url": null, "node_id": "MDc6TGljZW5zZTA="}, "allow_forking": true, "is_template": false, "web_commit_signoff_required": false, "topics": [], "default_branch": "v0.1", "permissions": {"admin": false, "maintain": false, "push": false, "triage": false, "pull": true}, "_id": 818177}, {"owner": {"type": "User", "site_admin": false}, "fork": false, "created_at": "2010-08-05T00:23:25Z", "updated_at": "2019-08-13T14:35:31Z", "pushed_at": "2011-01-17T18:09:04Z", "size": 132, "stargazers_count": 6, "watchers_count": 6, "language": "Python", "has_issues": true, "has_projects": true, "has_downloads": true, "has_wiki": true, "has_pages": false, "has_discussions": false, "forks_count": 0, "mirror_url": null, "archived": false, "disabled": false, "open_issues_count": 0, "license": {"key": "other", "name": "Other", "spdx_id": "NOASSERTION", "url": null, "node_id": "MDc6TGljZW5zZTA="}, "allow_forking": true, "is_template": false, "web_commit_signoff_required": false, "topics": [], "default_branch": "master", "permissions": {"admin": false, "maintain": false, "push": false, "triage": false, "pull": true}, "_id": 818200}, {"owner": {"type": "User", "site_admin": false}, "fork": false, "created_at": "2010-08-05T01:08:24Z", "updated_at": "2022-11-24T08:52:44Z", "pushed_at": "2020-06-01T21:05:59Z", "size": 24, "stargazers_count": 343, "watchers_count": 343, "language": "JavaScript", "has_issues": true, "has_projects": true, "has_downloads": true, "has_wiki": true, "has_pages": false, "has_discussions": false, "forks_count": 31, "mirror_url": null, "archived": false, "disabled": false, "open_issues_count": 9, "license": {"key": "mit", "name": "MIT License", "spdx_id": "MIT", "url": "https://api.github.com/licenses/mit", "node_id": "MDc6TGljZW5zZTEz"}, "allow_forking": true, "is_template": false, "web_commit_signoff_required": false, "topics": [], "default_branch": "master", "permissions": {"admin": false, "maintain": false, "push": false, "triage": false, "pull": true}, "_id": 818265}, {"owner": {"type": "User", "site_admin": false}, "fork": false, "created_at": "2010-08-05T01:33:52Z", "updated_at": "2022-09-29T05:29:34Z", "pushed_at": "2017-08-11T07:14:46Z", "size": 731, "stargazers_count": 96, "watchers_count": 96, "language": "JavaScript", "has_issues": true, "has_projects": true, "has_downloads": true, "has_wiki": true, "has_pages": false, "has_discussions": false, "forks_count": 5, "mirror_url": null, "archived": false, "disabled": false, "open_issues_count": 2, "license": {"key": "mit", "name": "MIT License", "spdx_id": "MIT", "url": "https://api.github.com/licenses/mit", "node_id": "MDc6TGljZW5zZTEz"}, "allow_forking": true, "is_template": false, "web_commit_signoff_required": false, "topics": [], "default_branch": "master", "permissions": {"admin": false, "maintain": false, "push": false, "triage": false, "pull": true}, "_id": 818288}, {"owner": {"type": "Organization", "site_admin": false}, "fork": false, "created_at": "2010-08-05T01:50:12Z", "updated_at": "2020-04-23T17:25:58Z", "pushed_at": "2013-04-17T18:46:24Z", "size": 1421, "stargazers_count": 88, "watchers_count": 88, "language": "C++", "has_issues": true, "has_projects": true, "has_downloads": true, "has_wiki": true, "has_pages": false, "has_discussions": false, "forks_count": 8, "mirror_url": null, "archived": true, "disabled": false, "open_issues_count": 4, "license": null, "allow_forking": true, "is_template": false, "web_commit_signoff_required": false, "topics": [], "default_branch": "master", "permissions": {"admin": false, "maintain": false, "push": false, "triage": false, "pull": true}, "_id": 818306}, {"owner": {"type": "User", "site_admin": false}, "fork": false, "created_at": "2010-08-05T01:50:32Z", "updated_at": "2020-07-20T19:57:45Z", "pushed_at": "2011-05-29T22:12:24Z", "size": 1881, "stargazers_count": 30, "watchers_count": 30, "language": "JavaScript", "has_issues": true, "has_projects": true, "has_downloads": true, "has_wiki": true, "has_pages": false, "has_discussions": false, "forks_count": 5, "mirror_url": null, "archived": false, "disabled": false, "open_issues_count": 21, "license": {"key": "mit", "name": "MIT License", "spdx_id": "MIT", "url": "https://api.github.com/licenses/mit", "node_id": "MDc6TGljZW5zZTEz"}, "allow_forking": true, "is_template": false, "web_commit_signoff_required": false, "topics": [], "default_branch": "master", "permissions": {"admin": false, "maintain": false, "push": false, "triage": false, "pull": true}, "_id": 818307}, {"owner": {"type": "User", "site_admin": false}, "fork": false, "created_at": "2010-08-05T02:15:09Z", "updated_at": "2019-11-23T19:34:15Z", "pushed_at": "2012-07-04T08:08:09Z", "size": 247, "stargazers_count": 14, "watchers_count": 14, "language": "Go", "has_issues": true, "has_projects": true, "has_downloads": true, "has_wiki": true, "has_pages": false, "has_discussions": false, "forks_count": 20, "mirror_url": null, "archived": false, "disabled": false, "open_issues_count": 0, "license": null, "allow_forking": true, "is_template": false, "web_commit_signoff_required": false, "topics": [], "default_branch": "master", "permissions": {"admin": false, "maintain": false, "push": false, "triage": false, "pull": true}, "_id": 818337}, {"owner": {"type": "User", "site_admin": false}, "fork": false, "created_at": "2010-08-05T03:11:08Z", "updated_at": "2020-10-15T19:44:39Z", "pushed_at": "2012-04-12T17:00:11Z", "size": 203, "stargazers_count": 7, "watchers_count": 7, "language": "Ruby", "has_issues": true, "has_projects": true, "has_downloads": true, "has_wiki": true, "has_pages": false, "has_discussions": false, "forks_count": 7, "mirror_url": null, "archived": true, "disabled": false, "open_issues_count": 3, "license": {"key": "gpl-3.0", "name": "GNU General Public License v3.0", "spdx_id": "GPL-3.0", "url": "https://api.github.com/licenses/gpl-3.0", "node_id": "MDc6TGljZW5zZTk="}, "allow_forking": true, "is_template": false, "web_commit_signoff_required": false, "topics": [], "default_branch": "master", "permissions": {"admin": false, "maintain": false, "push": false, "triage": false, "pull": true}, "_id": 818389}, {"owner": {"type": "User", "site_admin": false}, "fork": false, "created_at": "2010-08-05T03:20:30Z", "updated_at": "2021-12-23T17:53:50Z", "pushed_at": "2010-08-18T03:12:18Z", "size": 11712, "stargazers_count": 13, "watchers_count": 13, "language": "Python", "has_issues": true, "has_projects": true, "has_downloads": true, "has_wiki": true, "has_pages": false, "has_discussions": false, "forks_count": 0, "mirror_url": null, "archived": true, "disabled": false, "open_issues_count": 0, "license": {"key": "bsd-3-clause", "name": "BSD 3-Clause \"New\" or \"Revised\" License", "spdx_id": "BSD-3-Clause", "url": "https://api.github.com/licenses/bsd-3-clause", "node_id": "MDc6TGljZW5zZTU="}, "allow_forking": true, "is_template": false, "web_commit_signoff_required": false, "topics": [], "default_branch": "master", "permissions": {"admin": false, "maintain": false, "push": false, "triage": false, "pull": true}, "_id": 818399}, {"owner": {"type": "User", "site_admin": false}, "fork": false, "created_at": "2010-08-05T03:38:44Z", "updated_at": "2014-05-19T04:29:30Z", "pushed_at": "2010-09-30T08:12:49Z", "size": 6588, "stargazers_count": 8, "watchers_count": 8, "language": "PHP", "has_issues": true, "has_projects": true, "has_downloads": true, "has_wiki": true, "has_pages": false, "has_discussions": false, "forks_count": 0, "mirror_url": null, "archived": false, "disabled": false, "open_issues_count": 0, "license": null, "allow_forking": true, "is_template": false, "web_commit_signoff_required": false, "topics": [], "default_branch": "master", "permissions": {"admin": false, "maintain": false, "push": false, "triage": false, "pull": true}, "_id": 818431}, {"owner": {"type": "User", "site_admin": false}, "fork": false, "created_at": "2010-08-05T03:39:56Z", "updated_at": "2020-03-06T19:03:28Z", "pushed_at": "2012-04-01T16:11:33Z", "size": 256, "stargazers_count": 8, "watchers_count": 8, "language": "C#", "has_issues": true, "has_projects": true, "has_downloads": true, "has_wiki": false, "has_pages": false, "has_discussions": false, "forks_count": 4, "mirror_url": null, "archived": false, "disabled": false, "open_issues_count": 0, "license": null, "allow_forking": true, "is_template": false, "web_commit_signoff_required": false, "topics": [], "default_branch": "master", "permissions": {"admin": false, "maintain": false, "push": false, "triage": false, "pull": true}, "_id": 818433}, {"owner": {"type": "User", "site_admin": false}, "fork": false, "created_at": "2010-08-05T04:30:08Z", "updated_at": "2018-07-20T13:02:40Z", "pushed_at": "2013-05-25T23:28:23Z", "size": 1079, "stargazers_count": 26, "watchers_count": 26, "language": "Python", "has_issues": true, "has_projects": true, "has_downloads": true, "has_wiki": true, "has_pages": false, "has_discussions": false, "forks_count": 7, "mirror_url": null, "archived": false, "disabled": false, "open_issues_count": 7, "license": null, "allow_forking": true, "is_template": false, "web_commit_signoff_required": false, "topics": [], "default_branch": "master", "permissions": {"admin": false, "maintain": false, "push": false, "triage": false, "pull": true}, "_id": 818489}, {"owner": {"type": "User", "site_admin": false}, "fork": false, "created_at": "2010-08-05T04:35:03Z", "updated_at": "2022-11-02T16:48:06Z", "pushed_at": "2022-10-19T02:52:05Z", "size": 15844, "stargazers_count": 98, "watchers_count": 98, "language": "HTML", "has_issues": true, "has_projects": false, "has_downloads": true, "has_wiki": true, "has_pages": true, "has_discussions": false, "forks_count": 37, "mirror_url": null, "archived": false, "disabled": false, "open_issues_count": 17, "license": {"key": "other", "name": "Other", "spdx_id": "NOASSERTION", "url": null, "node_id": "MDc6TGljZW5zZTA="}, "allow_forking": true, "is_template": false, "web_commit_signoff_required": false, "topics": ["ietf", "internet-draft", "rfc", "standards"], "default_branch": "main", "permissions": {"admin": false, "maintain": false, "push": false, "triage": false, "pull": true}, "_id": 818495}, {"owner": {"type": "Organization", "site_admin": false}, "fork": false, "created_at": "2010-08-05T04:35:45Z", "updated_at": "2019-04-25T18:30:44Z", "pushed_at": "2019-04-25T18:30:15Z", "size": 4, "stargazers_count": 6, "watchers_count": 6, "language": "Processing", "has_issues": true, "has_projects": true, "has_downloads": true, "has_wiki": false, "has_pages": false, "has_discussions": false, "forks_count": 3, "mirror_url": null, "archived": true, "disabled": false, "open_issues_count": 0, "license": null, "allow_forking": true, "is_template": false, "web_commit_signoff_required": false, "topics": [], "default_branch": "master", "permissions": {"admin": false, "maintain": false, "push": false, "triage": false, "pull": true}, "_id": 818496}, {"owner": {"type": "User", "site_admin": false}, "fork": false, "created_at": "2010-08-05T04:46:25Z", "updated_at": "2020-10-27T07:48:10Z", "pushed_at": "2011-06-22T14:46:07Z", "size": 239, "stargazers_count": 28, "watchers_count": 28, "language": "Ruby", "has_issues": true, "has_projects": true, "has_downloads": true, "has_wiki": true, "has_pages": false, "has_discussions": false, "forks_count": 8, "mirror_url": null, "archived": false, "disabled": false, "open_issues_count": 0, "license": {"key": "apache-2.0", "name": "Apache License 2.0", "spdx_id": "Apache-2.0", "url": "https://api.github.com/licenses/apache-2.0", "node_id": "MDc6TGljZW5zZTI="}, "allow_forking": true, "is_template": false, "web_commit_signoff_required": false, "topics": [], "default_branch": "master", "permissions": {"admin": false, "maintain": false, "push": false, "triage": false, "pull": true}, "_id": 818505}, {"owner": {"type": "Organization", "site_admin": false}, "fork": false, "created_at": "2010-08-05T04:51:12Z", "updated_at": "2022-11-17T06:50:21Z", "pushed_at": "2022-11-19T18:25:56Z", "size": 31079, "stargazers_count": 971, "watchers_count": 971, "language": "Java", "has_issues": true, "has_projects": false, "has_downloads": true, "has_wiki": true, "has_pages": true, "has_discussions": false, "forks_count": 352, "mirror_url": null, "archived": false, "disabled": false, "open_issues_count": 8, "license": {"key": "apache-2.0", "name": "Apache License 2.0", "spdx_id": "Apache-2.0", "url": "https://api.github.com/licenses/apache-2.0", "node_id": "MDc6TGljZW5zZTI="}, "allow_forking": true, "is_template": false, "web_commit_signoff_required": false, "topics": ["analytics", "analytics-tracking", "android", "mixpanel", "mixpanel-sdk", "sdk", "tracking"], "default_branch": "master", "permissions": {"admin": false, "maintain": false, "push": false, "triage": false, "pull": true}, "_id": 818509}, {"owner": {"type": "User", "site_admin": false}, "fork": false, "created_at": "2010-08-05T05:09:01Z", "updated_at": "2017-04-27T16:02:51Z", "pushed_at": "2010-08-05T05:10:08Z", "size": 1366, "stargazers_count": 9, "watchers_count": 9, "language": "C", "has_issues": true, "has_projects": true, "has_downloads": true, "has_wiki": true, "has_pages": false, "has_discussions": false, "forks_count": 3, "mirror_url": null, "archived": false, "disabled": false, "open_issues_count": 0, "license": null, "allow_forking": true, "is_template": false, "web_commit_signoff_required": false, "topics": [], "default_branch": "master", "permissions": {"admin": false, "maintain": false, "push": false, "triage": false, "pull": true}, "_id": 818534}, {"owner": {"type": "User", "site_admin": false}, "fork": false, "created_at": "2010-08-05T05:54:36Z", "updated_at": "2022-09-08T01:32:15Z", "pushed_at": "2020-07-23T20:02:26Z", "size": 28, "stargazers_count": 111, "watchers_count": 111, "language": "PHP", "has_issues": false, "has_projects": true, "has_downloads": false, "has_wiki": false, "has_pages": false, "has_discussions": false, "forks_count": 127, "mirror_url": null, "archived": false, "disabled": false, "open_issues_count": 1, "license": null, "allow_forking": true, "is_template": false, "web_commit_signoff_required": false, "topics": [], "default_branch": "master", "permissions": {"admin": false, "maintain": false, "push": false, "triage": false, "pull": true}, "_id": 818587}, {"owner": {"type": "User", "site_admin": false}, "fork": false, "created_at": "2010-08-05T06:51:20Z", "updated_at": "2019-08-13T14:35:32Z", "pushed_at": "2015-10-16T12:53:46Z", "size": 4779, "stargazers_count": 43, "watchers_count": 43, "language": "C", "has_issues": true, "has_projects": true, "has_downloads": true, "has_wiki": true, "has_pages": false, "has_discussions": false, "forks_count": 3, "mirror_url": null, "archived": false, "disabled": false, "open_issues_count": 2, "license": {"key": "mit", "name": "MIT License", "spdx_id": "MIT", "url": "https://api.github.com/licenses/mit", "node_id": "MDc6TGljZW5zZTEz"}, "allow_forking": true, "is_template": false, "web_commit_signoff_required": false, "topics": [], "default_branch": "master", "permissions": {"admin": false, "maintain": false, "push": false, "triage": false, "pull": true}, "_id": 818659}, {"owner": {"type": "User", "site_admin": false}, "fork": false, "created_at": "2010-08-05T06:52:27Z", "updated_at": "2020-07-28T00:13:08Z", "pushed_at": "2013-11-24T23:19:44Z", "size": 192, "stargazers_count": 10, "watchers_count": 10, "language": "PHP", "has_issues": true, "has_projects": true, "has_downloads": true, "has_wiki": true, "has_pages": false, "has_discussions": false, "forks_count": 3, "mirror_url": null, "archived": false, "disabled": false, "open_issues_count": 1, "license": null, "allow_forking": true, "is_template": false, "web_commit_signoff_required": false, "topics": [], "default_branch": "master", "permissions": {"admin": false, "maintain": false, "push": false, "triage": false, "pull": true}, "_id": 818661}, {"owner": {"type": "User", "site_admin": false}, "fork": false, "created_at": "2010-08-05T06:55:41Z", "updated_at": "2021-09-09T00:49:49Z", "pushed_at": "2015-08-08T14:26:44Z", "size": 176, "stargazers_count": 7, "watchers_count": 7, "language": null, "has_issues": true, "has_projects": true, "has_downloads": true, "has_wiki": true, "has_pages": false, "has_discussions": false, "forks_count": 1, "mirror_url": null, "archived": false, "disabled": false, "open_issues_count": 0, "license": null, "allow_forking": true, "is_template": false, "web_commit_signoff_required": false, "topics": [], "default_branch": "master", "permissions": {"admin": false, "maintain": false, "push": false, "triage": false, "pull": true}, "_id": 818667}, {"owner": {"type": "Organization", "site_admin": false}, "fork": false, "created_at": "2010-08-05T07:33:38Z", "updated_at": "2022-11-21T06:39:49Z", "pushed_at": "2021-12-26T08:00:18Z", "size": 397, "stargazers_count": 170, "watchers_count": 170, "language": "MATLAB", "has_issues": true, "has_projects": true, "has_downloads": true, "has_wiki": true, "has_pages": false, "has_discussions": false, "forks_count": 75, "mirror_url": null, "archived": false, "disabled": false, "open_issues_count": 2, "license": null, "allow_forking": true, "is_template": false, "web_commit_signoff_required": false, "topics": [], "default_branch": "main", "permissions": {"admin": false, "maintain": false, "push": false, "triage": false, "pull": true}, "_id": 818714}, {"owner": {"type": "User", "site_admin": false}, "fork": false, "created_at": "2010-08-05T08:07:26Z", "updated_at": "2013-11-16T13:39:03Z", "pushed_at": "2011-01-24T12:29:21Z", "size": 4860, "stargazers_count": 6, "watchers_count": 6, "language": "JavaScript", "has_issues": true, "has_projects": true, "has_downloads": true, "has_wiki": true, "has_pages": false, "has_discussions": false, "forks_count": 0, "mirror_url": null, "archived": false, "disabled": false, "open_issues_count": 0, "license": null, "allow_forking": true, "is_template": false, "web_commit_signoff_required": false, "topics": [], "default_branch": "master", "permissions": {"admin": false, "maintain": false, "push": false, "triage": false, "pull": true}, "_id": 818757}, {"owner": {"type": "User", "site_admin": false}, "fork": false, "created_at": "2010-08-05T08:14:58Z", "updated_at": "2022-11-24T15:15:10Z", "pushed_at": "2018-01-31T10:03:12Z", "size": 29489, "stargazers_count": 1332, "watchers_count": 1332, "language": "C#", "has_issues": true, "has_projects": true, "has_downloads": true, "has_wiki": true, "has_pages": false, "has_discussions": false, "forks_count": 312, "mirror_url": null, "archived": false, "disabled": false, "open_issues_count": 89, "license": {"key": "mit", "name": "MIT License", "spdx_id": "MIT", "url": "https://api.github.com/licenses/mit", "node_id": "MDc6TGljZW5zZTEz"}, "allow_forking": true, "is_template": false, "web_commit_signoff_required": false, "topics": [], "default_branch": "master", "permissions": {"admin": false, "maintain": false, "push": false, "triage": false, "pull": true}, "_id": 818768}, {"owner": {"type": "User", "site_admin": false}, "fork": false, "created_at": "2010-08-05T09:01:26Z", "updated_at": "2020-03-25T12:28:38Z", "pushed_at": "2011-05-20T09:19:59Z", "size": 153, "stargazers_count": 61, "watchers_count": 61, "language": "Ruby", "has_issues": true, "has_projects": true, "has_downloads": true, "has_wiki": false, "has_pages": false, "has_discussions": false, "forks_count": 16, "mirror_url": null, "archived": false, "disabled": false, "open_issues_count": 0, "license": {"key": "mit", "name": "MIT License", "spdx_id": "MIT", "url": "https://api.github.com/licenses/mit", "node_id": "MDc6TGljZW5zZTEz"}, "allow_forking": true, "is_template": false, "web_commit_signoff_required": false, "topics": [], "default_branch": "master", "permissions": {"admin": false, "maintain": false, "push": false, "triage": false, "pull": true}, "_id": 818814}, {"owner": {"type": "Organization", "site_admin": false}, "fork": false, "created_at": "2010-08-05T09:23:31Z", "updated_at": "2022-10-31T10:29:18Z", "pushed_at": "2022-03-26T15:13:34Z", "size": 1086, "stargazers_count": 587, "watchers_count": 587, "language": "PHP", "has_issues": true, "has_projects": false, "has_downloads": true, "has_wiki": true, "has_pages": false, "has_discussions": false, "forks_count": 208, "mirror_url": null, "archived": false, "disabled": false, "open_issues_count": 17, "license": {"key": "wtfpl", "name": "Do What The F*ck You Want To Public License", "spdx_id": "WTFPL", "url": "https://api.github.com/licenses/wtfpl", "node_id": "MDc6TGljZW5zZTE4"}, "allow_forking": true, "is_template": false, "web_commit_signoff_required": false, "topics": ["php", "websockets", "wrench"], "default_branch": "master", "permissions": {"admin": false, "maintain": false, "push": false, "triage": false, "pull": true}, "_id": 818840}, {"owner": {"type": "User", "site_admin": false}, "fork": false, "created_at": "2010-08-05T10:03:37Z", "updated_at": "2013-12-07T22:22:28Z", "pushed_at": "2012-11-15T22:03:47Z", "size": 116, "stargazers_count": 6, "watchers_count": 6, "language": "Ruby", "has_issues": true, "has_projects": true, "has_downloads": true, "has_wiki": true, "has_pages": false, "has_discussions": false, "forks_count": 1, "mirror_url": null, "archived": false, "disabled": false, "open_issues_count": 0, "license": null, "allow_forking": true, "is_template": false, "web_commit_signoff_required": false, "topics": [], "default_branch": "master", "permissions": {"admin": false, "maintain": false, "push": false, "triage": false, "pull": true}, "_id": 818903}, {"owner": {"type": "User", "site_admin": false}, "fork": false, "created_at": "2010-08-05T10:25:11Z", "updated_at": "2020-03-19T19:49:57Z", "pushed_at": "2022-07-21T22:25:10Z", "size": 155, "stargazers_count": 106, "watchers_count": 106, "language": "Ruby", "has_issues": true, "has_projects": true, "has_downloads": true, "has_wiki": true, "has_pages": false, "has_discussions": false, "forks_count": 42, "mirror_url": null, "archived": false, "disabled": false, "open_issues_count": 6, "license": null, "allow_forking": true, "is_template": false, "web_commit_signoff_required": false, "topics": [], "default_branch": "master", "permissions": {"admin": false, "maintain": false, "push": false, "triage": false, "pull": true}, "_id": 818942}, {"owner": {"type": "User", "site_admin": false}, "fork": false, "created_at": "2010-08-05T10:35:39Z", "updated_at": "2019-09-20T08:14:15Z", "pushed_at": "2013-07-11T13:08:21Z", "size": 1220, "stargazers_count": 9, "watchers_count": 9, "language": "PHP", "has_issues": false, "has_projects": true, "has_downloads": true, "has_wiki": false, "has_pages": false, "has_discussions": false, "forks_count": 6, "mirror_url": null, "archived": true, "disabled": false, "open_issues_count": 0, "license": null, "allow_forking": true, "is_template": false, "web_commit_signoff_required": false, "topics": [], "default_branch": "master", "permissions": {"admin": false, "maintain": false, "push": false, "triage": false, "pull": true}, "_id": 818959}, {"owner": {"type": "User", "site_admin": false}, "fork": false, "created_at": "2010-08-05T11:22:07Z", "updated_at": "2021-08-04T19:09:38Z", "pushed_at": "2011-08-03T13:12:48Z", "size": 109, "stargazers_count": 32, "watchers_count": 32, "language": "Objective-C", "has_issues": true, "has_projects": true, "has_downloads": true, "has_wiki": true, "has_pages": false, "has_discussions": false, "forks_count": 12, "mirror_url": null, "archived": false, "disabled": false, "open_issues_count": 1, "license": {"key": "other", "name": "Other", "spdx_id": "NOASSERTION", "url": null, "node_id": "MDc6TGljZW5zZTA="}, "allow_forking": true, "is_template": false, "web_commit_signoff_required": false, "topics": [], "default_branch": "master", "permissions": {"admin": false, "maintain": false, "push": false, "triage": false, "pull": true}, "_id": 819019}, {"owner": {"type": "User", "site_admin": false}, "fork": false, "created_at": "2010-08-05T11:28:11Z", "updated_at": "2022-10-05T11:09:21Z", "pushed_at": "2016-08-18T16:04:16Z", "size": 407, "stargazers_count": 92, "watchers_count": 92, "language": "ActionScript", "has_issues": true, "has_projects": true, "has_downloads": true, "has_wiki": true, "has_pages": false, "has_discussions": false, "forks_count": 27, "mirror_url": null, "archived": false, "disabled": false, "open_issues_count": 3, "license": null, "allow_forking": true, "is_template": false, "web_commit_signoff_required": false, "topics": [], "default_branch": "master", "permissions": {"admin": false, "maintain": false, "push": false, "triage": false, "pull": true}, "_id": 819025}, {"owner": {"type": "User", "site_admin": false}, "fork": false, "created_at": "2010-08-05T12:05:34Z", "updated_at": "2022-10-03T22:57:18Z", "pushed_at": "2021-11-13T15:37:50Z", "size": 46, "stargazers_count": 133, "watchers_count": 133, "language": null, "has_issues": false, "has_projects": true, "has_downloads": true, "has_wiki": false, "has_pages": false, "has_discussions": false, "forks_count": 119, "mirror_url": null, "archived": false, "disabled": false, "open_issues_count": 2, "license": null, "allow_forking": true, "is_template": false, "web_commit_signoff_required": false, "topics": [], "default_branch": "master", "permissions": {"admin": false, "maintain": false, "push": false, "triage": false, "pull": true}, "_id": 819072}, {"owner": {"type": "User", "site_admin": false}, "fork": false, "created_at": "2010-08-05T12:53:31Z", "updated_at": "2020-03-01T11:10:00Z", "pushed_at": "2016-12-01T08:15:00Z", "size": 126, "stargazers_count": 11, "watchers_count": 11, "language": "PHP", "has_issues": true, "has_projects": true, "has_downloads": true, "has_wiki": true, "has_pages": false, "has_discussions": false, "forks_count": 6, "mirror_url": null, "archived": false, "disabled": false, "open_issues_count": 3, "license": {"key": "mit", "name": "MIT License", "spdx_id": "MIT", "url": "https://api.github.com/licenses/mit", "node_id": "MDc6TGljZW5zZTEz"}, "allow_forking": true, "is_template": false, "web_commit_signoff_required": false, "topics": [], "default_branch": "master", "permissions": {"admin": false, "maintain": false, "push": false, "triage": false, "pull": true}, "_id": 819153}, {"owner": {"type": "User", "site_admin": false}, "fork": false, "created_at": "2010-08-05T13:02:34Z", "updated_at": "2022-10-16T13:16:39Z", "pushed_at": "2020-11-04T02:27:54Z", "size": 5886, "stargazers_count": 27, "watchers_count": 27, "language": "Java", "has_issues": true, "has_projects": false, "has_downloads": true, "has_wiki": false, "has_pages": true, "has_discussions": false, "forks_count": 5, "mirror_url": null, "archived": true, "disabled": false, "open_issues_count": 6, "license": null, "allow_forking": true, "is_template": false, "web_commit_signoff_required": false, "topics": [], "default_branch": "master", "permissions": {"admin": false, "maintain": false, "push": false, "triage": false, "pull": true}, "_id": 819164}, {"owner": {"type": "Organization", "site_admin": false}, "fork": false, "created_at": "2010-08-05T13:11:55Z", "updated_at": "2021-06-01T23:43:55Z", "pushed_at": "2011-01-24T12:10:36Z", "size": 9352, "stargazers_count": 18, "watchers_count": 18, "language": "PHP", "has_issues": true, "has_projects": true, "has_downloads": false, "has_wiki": true, "has_pages": false, "has_discussions": false, "forks_count": 8, "mirror_url": null, "archived": false, "disabled": false, "open_issues_count": 5, "license": null, "allow_forking": true, "is_template": false, "web_commit_signoff_required": false, "topics": [], "default_branch": "master", "permissions": {"admin": false, "maintain": false, "push": false, "triage": false, "pull": true}, "_id": 819187}, {"owner": {"type": "User", "site_admin": false}, "fork": false, "created_at": "2010-08-05T13:16:23Z", "updated_at": "2022-07-24T00:41:13Z", "pushed_at": "2010-08-15T09:18:19Z", "size": 274, "stargazers_count": 6, "watchers_count": 6, "language": "C", "has_issues": true, "has_projects": true, "has_downloads": true, "has_wiki": true, "has_pages": false, "has_discussions": false, "forks_count": 1, "mirror_url": null, "archived": false, "disabled": false, "open_issues_count": 0, "license": null, "allow_forking": true, "is_template": false, "web_commit_signoff_required": false, "topics": [], "default_branch": "master", "permissions": {"admin": false, "maintain": false, "push": false, "triage": false, "pull": true}, "_id": 819194}, {"owner": {"type": "Organization", "site_admin": false}, "fork": false, "created_at": "2010-08-05T13:31:39Z", "updated_at": "2016-12-04T22:02:16Z", "pushed_at": "2014-10-07T18:43:14Z", "size": 61991, "stargazers_count": 16, "watchers_count": 16, "language": "C++", "has_issues": false, "has_projects": true, "has_downloads": true, "has_wiki": true, "has_pages": false, "has_discussions": false, "forks_count": 14, "mirror_url": null, "archived": false, "disabled": false, "open_issues_count": 0, "license": null, "allow_forking": true, "is_template": false, "web_commit_signoff_required": false, "topics": [], "default_branch": "froyo-stable", "permissions": {"admin": false, "maintain": false, "push": false, "triage": false, "pull": true}, "_id": 819210}, {"owner": {"type": "User", "site_admin": false}, "fork": false, "created_at": "2010-08-05T13:36:12Z", "updated_at": "2019-07-14T10:02:16Z", "pushed_at": "2011-10-20T18:14:47Z", "size": 129, "stargazers_count": 12, "watchers_count": 12, "language": "Ruby", "has_issues": true, "has_projects": true, "has_downloads": true, "has_wiki": true, "has_pages": false, "has_discussions": false, "forks_count": 1, "mirror_url": null, "archived": false, "disabled": false, "open_issues_count": 0, "license": {"key": "mit", "name": "MIT License", "spdx_id": "MIT", "url": "https://api.github.com/licenses/mit", "node_id": "MDc6TGljZW5zZTEz"}, "allow_forking": true, "is_template": false, "web_commit_signoff_required": false, "topics": [], "default_branch": "master", "permissions": {"admin": false, "maintain": false, "push": false, "triage": false, "pull": true}, "_id": 819214}, {"owner": {"type": "User", "site_admin": false}, "fork": false, "created_at": "2010-08-05T13:53:01Z", "updated_at": "2013-10-06T22:32:26Z", "pushed_at": "2010-10-20T21:32:44Z", "size": 495, "stargazers_count": 6, "watchers_count": 6, "language": "Python", "has_issues": true, "has_projects": true, "has_downloads": true, "has_wiki": true, "has_pages": false, "has_discussions": false, "forks_count": 2, "mirror_url": null, "archived": false, "disabled": false, "open_issues_count": 0, "license": null, "allow_forking": true, "is_template": false, "web_commit_signoff_required": false, "topics": [], "default_branch": "master", "permissions": {"admin": false, "maintain": false, "push": false, "triage": false, "pull": true}, "_id": 819252}, {"owner": {"type": "User", "site_admin": false}, "fork": false, "created_at": "2010-08-05T14:00:50Z", "updated_at": "2021-09-05T07:56:52Z", "pushed_at": "2010-08-28T04:31:21Z", "size": 245, "stargazers_count": 57, "watchers_count": 57, "language": "Python", "has_issues": true, "has_projects": true, "has_downloads": true, "has_wiki": true, "has_pages": false, "has_discussions": false, "forks_count": 7, "mirror_url": null, "archived": false, "disabled": false, "open_issues_count": 1, "license": null, "allow_forking": true, "is_template": false, "web_commit_signoff_required": false, "topics": [], "default_branch": "master", "permissions": {"admin": false, "maintain": false, "push": false, "triage": false, "pull": true}, "_id": 819266}, {"owner": {"type": "User", "site_admin": false}, "fork": false, "created_at": "2010-08-05T14:38:55Z", "updated_at": "2022-10-22T16:15:15Z", "pushed_at": "2022-09-09T14:56:01Z", "size": 620, "stargazers_count": 89, "watchers_count": 89, "language": "JavaScript", "has_issues": true, "has_projects": true, "has_downloads": true, "has_wiki": true, "has_pages": false, "has_discussions": false, "forks_count": 39, "mirror_url": null, "archived": false, "disabled": false, "open_issues_count": 1, "license": null, "allow_forking": true, "is_template": false, "web_commit_signoff_required": false, "topics": [], "default_branch": "master", "permissions": {"admin": false, "maintain": false, "push": false, "triage": false, "pull": true}, "_id": 819339}, {"owner": {"type": "User", "site_admin": false}, "fork": false, "created_at": "2010-08-05T14:59:17Z", "updated_at": "2017-10-26T05:17:00Z", "pushed_at": "2010-08-05T15:00:48Z", "size": 820, "stargazers_count": 6, "watchers_count": 6, "language": "Objective-C", "has_issues": true, "has_projects": true, "has_downloads": true, "has_wiki": true, "has_pages": false, "has_discussions": false, "forks_count": 0, "mirror_url": null, "archived": false, "disabled": false, "open_issues_count": 0, "license": null, "allow_forking": true, "is_template": false, "web_commit_signoff_required": false, "topics": [], "default_branch": "master", "permissions": {"admin": false, "maintain": false, "push": false, "triage": false, "pull": true}, "_id": 819381}, {"owner": {"type": "User", "site_admin": false}, "fork": false, "created_at": "2010-08-05T15:06:17Z", "updated_at": "2018-12-10T09:35:36Z", "pushed_at": "2012-03-09T18:58:34Z", "size": 1282, "stargazers_count": 14, "watchers_count": 14, "language": "Objective-C", "has_issues": true, "has_projects": true, "has_downloads": true, "has_wiki": true, "has_pages": false, "has_discussions": false, "forks_count": 5, "mirror_url": null, "archived": false, "disabled": false, "open_issues_count": 1, "license": null, "allow_forking": true, "is_template": false, "web_commit_signoff_required": false, "topics": [], "default_branch": "master", "permissions": {"admin": false, "maintain": false, "push": false, "triage": false, "pull": true}, "_id": 819396}, {"owner": {"type": "User", "site_admin": false}, "fork": false, "created_at": "2010-08-05T15:14:14Z", "updated_at": "2022-06-07T23:55:33Z", "pushed_at": "2014-04-26T18:22:37Z", "size": 127, "stargazers_count": 22, "watchers_count": 22, "language": "Clojure", "has_issues": true, "has_projects": true, "has_downloads": true, "has_wiki": true, "has_pages": false, "has_discussions": false, "forks_count": 8, "mirror_url": null, "archived": false, "disabled": false, "open_issues_count": 1, "license": null, "allow_forking": true, "is_template": false, "web_commit_signoff_required": false, "topics": [], "default_branch": "master", "permissions": {"admin": false, "maintain": false, "push": false, "triage": false, "pull": true}, "_id": 819409}, {"owner": {"type": "User", "site_admin": false}, "fork": false, "created_at": "2010-08-05T15:21:23Z", "updated_at": "2014-08-17T23:53:11Z", "pushed_at": "2010-10-16T15:16:55Z", "size": 508, "stargazers_count": 6, "watchers_count": 6, "language": "Objective-C", "has_issues": true, "has_projects": true, "has_downloads": true, "has_wiki": true, "has_pages": false, "has_discussions": false, "forks_count": 0, "mirror_url": null, "archived": false, "disabled": false, "open_issues_count": 0, "license": null, "allow_forking": true, "is_template": false, "web_commit_signoff_required": false, "topics": [], "default_branch": "master", "permissions": {"admin": false, "maintain": false, "push": false, "triage": false, "pull": true}, "_id": 819429}, {"owner": {"type": "User", "site_admin": false}, "fork": false, "created_at": "2010-08-05T15:23:22Z", "updated_at": "2021-04-30T13:15:51Z", "pushed_at": "2012-01-24T03:14:25Z", "size": 1237, "stargazers_count": 62, "watchers_count": 62, "language": "Scala", "has_issues": true, "has_projects": true, "has_downloads": true, "has_wiki": false, "has_pages": true, "has_discussions": false, "forks_count": 11, "mirror_url": null, "archived": false, "disabled": false, "open_issues_count": 3, "license": null, "allow_forking": true, "is_template": false, "web_commit_signoff_required": false, "topics": [], "default_branch": "master", "permissions": {"admin": false, "maintain": false, "push": false, "triage": false, "pull": true}, "_id": 819431}, {"owner": {"type": "User", "site_admin": false}, "fork": false, "created_at": "2010-08-05T15:24:44Z", "updated_at": "2021-10-19T08:16:03Z", "pushed_at": "2010-08-05T17:18:13Z", "size": 116, "stargazers_count": 6, "watchers_count": 6, "language": "PHP", "has_issues": true, "has_projects": true, "has_downloads": true, "has_wiki": true, "has_pages": false, "has_discussions": false, "forks_count": 0, "mirror_url": null, "archived": false, "disabled": false, "open_issues_count": 0, "license": null, "allow_forking": true, "is_template": false, "web_commit_signoff_required": false, "topics": [], "default_branch": "master", "permissions": {"admin": false, "maintain": false, "push": false, "triage": false, "pull": true}, "_id": 819432}, {"owner": {"type": "User", "site_admin": false}, "fork": false, "created_at": "2010-08-05T16:08:14Z", "updated_at": "2020-09-07T22:44:57Z", "pushed_at": "2020-06-25T10:19:44Z", "size": 45710, "stargazers_count": 8, "watchers_count": 8, "language": "Java", "has_issues": true, "has_projects": true, "has_downloads": true, "has_wiki": true, "has_pages": false, "has_discussions": false, "forks_count": 10, "mirror_url": null, "archived": false, "disabled": false, "open_issues_count": 0, "license": {"key": "bsd-3-clause", "name": "BSD 3-Clause \"New\" or \"Revised\" License", "spdx_id": "BSD-3-Clause", "url": "https://api.github.com/licenses/bsd-3-clause", "node_id": "MDc6TGljZW5zZTU="}, "allow_forking": true, "is_template": false, "web_commit_signoff_required": false, "topics": [], "default_branch": "master", "permissions": {"admin": false, "maintain": false, "push": false, "triage": false, "pull": true}, "_id": 819510}, {"owner": {"type": "Organization", "site_admin": false}, "fork": false, "created_at": "2010-08-05T16:14:39Z", "updated_at": "2020-09-25T11:49:58Z", "pushed_at": "2022-09-21T15:22:22Z", "size": 164, "stargazers_count": 12, "watchers_count": 12, "language": "Java", "has_issues": true, "has_projects": true, "has_downloads": true, "has_wiki": false, "has_pages": false, "has_discussions": false, "forks_count": 26, "mirror_url": null, "archived": false, "disabled": false, "open_issues_count": 20, "license": null, "allow_forking": true, "is_template": false, "web_commit_signoff_required": false, "topics": [], "default_branch": "master", "permissions": {"admin": false, "maintain": false, "push": false, "triage": false, "pull": true}, "_id": 819523}, {"owner": {"type": "Organization", "site_admin": false}, "fork": false, "created_at": "2010-08-05T16:14:50Z", "updated_at": "2022-06-30T20:49:59Z", "pushed_at": "2020-05-17T14:52:28Z", "size": 327, "stargazers_count": 26, "watchers_count": 26, "language": "Java", "has_issues": true, "has_projects": true, "has_downloads": true, "has_wiki": false, "has_pages": false, "has_discussions": false, "forks_count": 26, "mirror_url": null, "archived": false, "disabled": false, "open_issues_count": 18, "license": null, "allow_forking": true, "is_template": false, "web_commit_signoff_required": false, "topics": [], "default_branch": "master", "permissions": {"admin": false, "maintain": false, "push": false, "triage": false, "pull": true}, "_id": 819524}, {"owner": {"type": "User", "site_admin": false}, "fork": false, "created_at": "2010-08-05T16:17:05Z", "updated_at": "2022-02-07T10:42:33Z", "pushed_at": "2011-12-07T22:46:44Z", "size": 176, "stargazers_count": 29, "watchers_count": 29, "language": "Clojure", "has_issues": true, "has_projects": true, "has_downloads": true, "has_wiki": true, "has_pages": false, "has_discussions": false, "forks_count": 15, "mirror_url": null, "archived": false, "disabled": false, "open_issues_count": 4, "license": {"key": "mit", "name": "MIT License", "spdx_id": "MIT", "url": "https://api.github.com/licenses/mit", "node_id": "MDc6TGljZW5zZTEz"}, "allow_forking": true, "is_template": false, "web_commit_signoff_required": false, "topics": [], "default_branch": "master", "permissions": {"admin": false, "maintain": false, "push": false, "triage": false, "pull": true}, "_id": 819525}, {"owner": {"type": "Organization", "site_admin": false}, "fork": false, "created_at": "2010-08-05T16:30:43Z", "updated_at": "2022-11-18T09:11:23Z", "pushed_at": "2021-11-29T11:03:25Z", "size": 5618, "stargazers_count": 24, "watchers_count": 24, "language": "C++", "has_issues": true, "has_projects": true, "has_downloads": true, "has_wiki": true, "has_pages": false, "has_discussions": false, "forks_count": 13, "mirror_url": null, "archived": false, "disabled": false, "open_issues_count": 1, "license": {"key": "other", "name": "Other", "spdx_id": "NOASSERTION", "url": null, "node_id": "MDc6TGljZW5zZTA="}, "allow_forking": true, "is_template": false, "web_commit_signoff_required": false, "topics": [], "default_branch": "master", "permissions": {"admin": false, "maintain": false, "push": false, "triage": false, "pull": true}, "_id": 819545}, {"owner": {"type": "Organization", "site_admin": false}, "fork": false, "created_at": "2010-08-05T16:31:34Z", "updated_at": "2021-12-09T14:14:14Z", "pushed_at": "2022-11-10T08:21:56Z", "size": 1319, "stargazers_count": 43, "watchers_count": 43, "language": "Java", "has_issues": false, "has_projects": true, "has_downloads": false, "has_wiki": false, "has_pages": false, "has_discussions": false, "forks_count": 48, "mirror_url": null, "archived": false, "disabled": false, "open_issues_count": 0, "license": {"key": "apache-2.0", "name": "Apache License 2.0", "spdx_id": "Apache-2.0", "url": "https://api.github.com/licenses/apache-2.0", "node_id": "MDc6TGljZW5zZTI="}, "allow_forking": true, "is_template": false, "web_commit_signoff_required": false, "topics": [], "default_branch": "master", "permissions": {"admin": false, "maintain": false, "push": false, "triage": false, "pull": true}, "_id": 819547}, {"owner": {"type": "User", "site_admin": false}, "fork": false, "created_at": "2010-08-05T16:38:26Z", "updated_at": "2022-09-25T19:08:03Z", "pushed_at": "2021-09-03T22:06:30Z", "size": 176, "stargazers_count": 162, "watchers_count": 162, "language": "Python", "has_issues": true, "has_projects": true, "has_downloads": true, "has_wiki": true, "has_pages": false, "has_discussions": false, "forks_count": 48, "mirror_url": null, "archived": false, "disabled": false, "open_issues_count": 6, "license": {"key": "other", "name": "Other", "spdx_id": "NOASSERTION", "url": null, "node_id": "MDc6TGljZW5zZTA="}, "allow_forking": true, "is_template": false, "web_commit_signoff_required": false, "topics": [], "default_branch": "master", "permissions": {"admin": false, "maintain": false, "push": false, "triage": false, "pull": true}, "_id": 819566}, {"owner": {"type": "User", "site_admin": false}, "fork": false, "created_at": "2010-08-05T16:41:24Z", "updated_at": "2014-12-13T01:12:08Z", "pushed_at": "2014-12-13T01:12:08Z", "size": 193, "stargazers_count": 8, "watchers_count": 8, "language": "Shell", "has_issues": true, "has_projects": true, "has_downloads": true, "has_wiki": true, "has_pages": false, "has_discussions": false, "forks_count": 3, "mirror_url": null, "archived": false, "disabled": false, "open_issues_count": 1, "license": null, "allow_forking": true, "is_template": false, "web_commit_signoff_required": false, "topics": [], "default_branch": "master", "permissions": {"admin": false, "maintain": false, "push": false, "triage": false, "pull": true}, "_id": 819574}, {"owner": {"type": "User", "site_admin": false}, "fork": false, "created_at": "2010-08-05T16:45:57Z", "updated_at": "2019-08-13T14:35:33Z", "pushed_at": "2010-08-07T00:56:04Z", "size": 106, "stargazers_count": 13, "watchers_count": 13, "language": "Clojure", "has_issues": true, "has_projects": true, "has_downloads": true, "has_wiki": true, "has_pages": false, "has_discussions": false, "forks_count": 2, "mirror_url": null, "archived": false, "disabled": false, "open_issues_count": 1, "license": {"key": "epl-1.0", "name": "Eclipse Public License 1.0", "spdx_id": "EPL-1.0", "url": "https://api.github.com/licenses/epl-1.0", "node_id": "MDc6TGljZW5zZTc="}, "allow_forking": true, "is_template": false, "web_commit_signoff_required": false, "topics": [], "default_branch": "master", "permissions": {"admin": false, "maintain": false, "push": false, "triage": false, "pull": true}, "_id": 819581}, {"owner": {"type": "User", "site_admin": false}, "fork": false, "created_at": "2010-08-05T16:54:57Z", "updated_at": "2019-01-16T07:28:46Z", "pushed_at": "2012-06-05T13:37:47Z", "size": 191, "stargazers_count": 48, "watchers_count": 48, "language": "Ruby", "has_issues": true, "has_projects": true, "has_downloads": true, "has_wiki": true, "has_pages": false, "has_discussions": false, "forks_count": 15, "mirror_url": null, "archived": false, "disabled": false, "open_issues_count": 3, "license": {"key": "mit", "name": "MIT License", "spdx_id": "MIT", "url": "https://api.github.com/licenses/mit", "node_id": "MDc6TGljZW5zZTEz"}, "allow_forking": true, "is_template": false, "web_commit_signoff_required": false, "topics": [], "default_branch": "master", "permissions": {"admin": false, "maintain": false, "push": false, "triage": false, "pull": true}, "_id": 819595}, {"owner": {"type": "User", "site_admin": false}, "fork": false, "created_at": "2010-08-05T17:04:27Z", "updated_at": "2020-06-15T03:14:07Z", "pushed_at": "2010-08-06T17:32:55Z", "size": 104, "stargazers_count": 6, "watchers_count": 6, "language": "Perl", "has_issues": true, "has_projects": true, "has_downloads": true, "has_wiki": true, "has_pages": false, "has_discussions": false, "forks_count": 1, "mirror_url": null, "archived": false, "disabled": false, "open_issues_count": 0, "license": null, "allow_forking": true, "is_template": false, "web_commit_signoff_required": false, "topics": [], "default_branch": "master", "permissions": {"admin": false, "maintain": false, "push": false, "triage": false, "pull": true}, "_id": 819608}, {"owner": {"type": "User", "site_admin": false}, "fork": false, "created_at": "2010-08-05T17:08:16Z", "updated_at": "2022-07-24T00:41:11Z", "pushed_at": "2010-10-23T15:41:24Z", "size": 299, "stargazers_count": 15, "watchers_count": 15, "language": "Ruby", "has_issues": true, "has_projects": true, "has_downloads": true, "has_wiki": true, "has_pages": false, "has_discussions": false, "forks_count": 5, "mirror_url": null, "archived": false, "disabled": false, "open_issues_count": 0, "license": null, "allow_forking": true, "is_template": false, "web_commit_signoff_required": false, "topics": [], "default_branch": "master", "permissions": {"admin": false, "maintain": false, "push": false, "triage": false, "pull": true}, "_id": 819615}, {"owner": {"type": "User", "site_admin": false}, "fork": false, "created_at": "2010-08-05T17:11:44Z", "updated_at": "2022-11-11T21:23:47Z", "pushed_at": "2021-10-21T19:35:04Z", "size": 616, "stargazers_count": 111, "watchers_count": 111, "language": "Ruby", "has_issues": true, "has_projects": true, "has_downloads": true, "has_wiki": false, "has_pages": true, "has_discussions": false, "forks_count": 6, "mirror_url": null, "archived": false, "disabled": false, "open_issues_count": 0, "license": {"key": "mit", "name": "MIT License", "spdx_id": "MIT", "url": "https://api.github.com/licenses/mit", "node_id": "MDc6TGljZW5zZTEz"}, "allow_forking": true, "is_template": false, "web_commit_signoff_required": false, "topics": ["refinements", "ruby", "support-library", "zucker"], "default_branch": "main", "permissions": {"admin": false, "maintain": false, "push": false, "triage": false, "pull": true}, "_id": 819621}, {"owner": {"type": "Organization", "site_admin": false}, "fork": false, "created_at": "2010-08-05T17:21:36Z", "updated_at": "2020-02-11T13:47:44Z", "pushed_at": "2020-02-11T13:47:41Z", "size": 3095, "stargazers_count": 7, "watchers_count": 7, "language": "Batchfile", "has_issues": false, "has_projects": true, "has_downloads": false, "has_wiki": false, "has_pages": false, "has_discussions": false, "forks_count": 12, "mirror_url": null, "archived": false, "disabled": false, "open_issues_count": 0, "license": null, "allow_forking": true, "is_template": false, "web_commit_signoff_required": false, "topics": [], "default_branch": "master", "permissions": {"admin": false, "maintain": false, "push": false, "triage": false, "pull": true}, "_id": 819643}, {"owner": {"type": "User", "site_admin": false}, "fork": false, "created_at": "2010-08-05T17:34:53Z", "updated_at": "2018-08-10T01:27:56Z", "pushed_at": "2015-02-28T19:38:38Z", "size": 468, "stargazers_count": 14, "watchers_count": 14, "language": "Mask", "has_issues": false, "has_projects": true, "has_downloads": true, "has_wiki": false, "has_pages": false, "has_discussions": false, "forks_count": 1, "mirror_url": null, "archived": false, "disabled": false, "open_issues_count": 0, "license": null, "allow_forking": true, "is_template": false, "web_commit_signoff_required": false, "topics": [], "default_branch": "master", "permissions": {"admin": false, "maintain": false, "push": false, "triage": false, "pull": true}, "_id": 819662}, {"owner": {"type": "User", "site_admin": false}, "fork": false, "created_at": "2010-08-05T17:50:39Z", "updated_at": "2021-06-14T03:15:27Z", "pushed_at": "2019-03-08T10:35:48Z", "size": 635, "stargazers_count": 38, "watchers_count": 38, "language": "JavaScript", "has_issues": true, "has_projects": true, "has_downloads": true, "has_wiki": true, "has_pages": false, "has_discussions": false, "forks_count": 25, "mirror_url": null, "archived": false, "disabled": false, "open_issues_count": 17, "license": {"key": "mit", "name": "MIT License", "spdx_id": "MIT", "url": "https://api.github.com/licenses/mit", "node_id": "MDc6TGljZW5zZTEz"}, "allow_forking": true, "is_template": false, "web_commit_signoff_required": false, "topics": [], "default_branch": "master", "permissions": {"admin": false, "maintain": false, "push": false, "triage": false, "pull": true}, "_id": 819690}, {"owner": {"type": "Organization", "site_admin": false}, "fork": false, "created_at": "2010-08-05T17:54:05Z", "updated_at": "2021-12-09T13:51:08Z", "pushed_at": "2022-11-01T11:01:38Z", "size": 3168, "stargazers_count": 7, "watchers_count": 7, "language": null, "has_issues": false, "has_projects": true, "has_downloads": false, "has_wiki": false, "has_pages": false, "has_discussions": false, "forks_count": 11, "mirror_url": null, "archived": false, "disabled": false, "open_issues_count": 10, "license": null, "allow_forking": true, "is_template": false, "web_commit_signoff_required": false, "topics": [], "default_branch": "master", "permissions": {"admin": false, "maintain": false, "push": false, "triage": false, "pull": true}, "_id": 819695}, {"owner": {"type": "User", "site_admin": false}, "fork": false, "created_at": "2010-08-05T17:56:44Z", "updated_at": "2022-11-17T12:09:06Z", "pushed_at": "2010-11-25T22:54:04Z", "size": 1912, "stargazers_count": 43, "watchers_count": 43, "language": "JavaScript", "has_issues": true, "has_projects": true, "has_downloads": true, "has_wiki": true, "has_pages": false, "has_discussions": false, "forks_count": 2, "mirror_url": null, "archived": false, "disabled": false, "open_issues_count": 16, "license": {"key": "apache-2.0", "name": "Apache License 2.0", "spdx_id": "Apache-2.0", "url": "https://api.github.com/licenses/apache-2.0", "node_id": "MDc6TGljZW5zZTI="}, "allow_forking": true, "is_template": false, "web_commit_signoff_required": false, "topics": [], "default_branch": "master", "permissions": {"admin": false, "maintain": false, "push": false, "triage": false, "pull": true}, "_id": 819703}, {"owner": {"type": "Organization", "site_admin": false}, "fork": false, "created_at": "2010-08-05T18:12:45Z", "updated_at": "2022-05-03T07:09:47Z", "pushed_at": "2015-03-10T18:44:21Z", "size": 2431, "stargazers_count": 29, "watchers_count": 29, "language": "C", "has_issues": false, "has_projects": true, "has_downloads": true, "has_wiki": false, "has_pages": false, "has_discussions": false, "forks_count": 55, "mirror_url": null, "archived": false, "disabled": false, "open_issues_count": 0, "license": {"key": "gpl-2.0", "name": "GNU General Public License v2.0", "spdx_id": "GPL-2.0", "url": "https://api.github.com/licenses/gpl-2.0", "node_id": "MDc6TGljZW5zZTg="}, "allow_forking": true, "is_template": false, "web_commit_signoff_required": false, "topics": [], "default_branch": "cm-9.1.0", "permissions": {"admin": false, "maintain": false, "push": false, "triage": false, "pull": true}, "_id": 819742}, {"owner": {"type": "User", "site_admin": false}, "fork": false, "created_at": "2010-08-05T18:22:32Z", "updated_at": "2022-06-08T18:22:14Z", "pushed_at": "2015-03-20T19:36:05Z", "size": 400, "stargazers_count": 37, "watchers_count": 37, "language": "Java", "has_issues": true, "has_projects": true, "has_downloads": true, "has_wiki": true, "has_pages": false, "has_discussions": false, "forks_count": 22, "mirror_url": null, "archived": false, "disabled": false, "open_issues_count": 3, "license": null, "allow_forking": true, "is_template": false, "web_commit_signoff_required": false, "topics": [], "default_branch": "master", "permissions": {"admin": false, "maintain": false, "push": false, "triage": false, "pull": true}, "_id": 819768}, {"owner": {"type": "User", "site_admin": false}, "fork": false, "created_at": "2010-08-05T18:27:43Z", "updated_at": "2013-01-08T00:08:21Z", "pushed_at": "2013-01-08T00:08:20Z", "size": 962, "stargazers_count": 11, "watchers_count": 11, "language": "Perl", "has_issues": true, "has_projects": true, "has_downloads": true, "has_wiki": true, "has_pages": false, "has_discussions": false, "forks_count": 1, "mirror_url": null, "archived": false, "disabled": false, "open_issues_count": 0, "license": null, "allow_forking": true, "is_template": false, "web_commit_signoff_required": false, "topics": [], "default_branch": "master", "permissions": {"admin": false, "maintain": false, "push": false, "triage": false, "pull": true}, "_id": 819777}, {"owner": {"type": "User", "site_admin": false}, "fork": false, "created_at": "2010-08-05T18:38:01Z", "updated_at": "2021-01-04T05:51:37Z", "pushed_at": "2011-09-14T23:19:40Z", "size": 1573, "stargazers_count": 57, "watchers_count": 57, "language": "Haskell", "has_issues": true, "has_projects": true, "has_downloads": true, "has_wiki": true, "has_pages": false, "has_discussions": false, "forks_count": 4, "mirror_url": null, "archived": false, "disabled": false, "open_issues_count": 0, "license": {"key": "other", "name": "Other", "spdx_id": "NOASSERTION", "url": null, "node_id": "MDc6TGljZW5zZTA="}, "allow_forking": true, "is_template": false, "web_commit_signoff_required": false, "topics": [], "default_branch": "master", "permissions": {"admin": false, "maintain": false, "push": false, "triage": false, "pull": true}, "_id": 819796}, {"owner": {"type": "Organization", "site_admin": false}, "fork": false, "created_at": "2010-08-05T19:11:00Z", "updated_at": "2020-06-30T19:28:41Z", "pushed_at": "2014-04-23T20:31:58Z", "size": 272, "stargazers_count": 13, "watchers_count": 13, "language": "Perl", "has_issues": true, "has_projects": true, "has_downloads": true, "has_wiki": true, "has_pages": false, "has_discussions": false, "forks_count": 0, "mirror_url": null, "archived": false, "disabled": false, "open_issues_count": 0, "license": null, "allow_forking": true, "is_template": false, "web_commit_signoff_required": false, "topics": [], "default_branch": "master", "permissions": {"admin": false, "maintain": false, "push": false, "triage": false, "pull": true}, "_id": 819852}, {"owner": {"type": "User", "site_admin": false}, "fork": false, "created_at": "2010-08-05T19:16:14Z", "updated_at": "2022-05-26T18:24:28Z", "pushed_at": "2022-04-06T11:00:16Z", "size": 221, "stargazers_count": 178, "watchers_count": 178, "language": "Python", "has_issues": true, "has_projects": true, "has_downloads": true, "has_wiki": true, "has_pages": false, "has_discussions": false, "forks_count": 17, "mirror_url": null, "archived": false, "disabled": false, "open_issues_count": 8, "license": {"key": "other", "name": "Other", "spdx_id": "NOASSERTION", "url": null, "node_id": "MDc6TGljZW5zZTA="}, "allow_forking": true, "is_template": false, "web_commit_signoff_required": false, "topics": [], "default_branch": "master", "permissions": {"admin": false, "maintain": false, "push": false, "triage": false, "pull": true}, "_id": 819864}, {"owner": {"type": "Organization", "site_admin": false}, "fork": false, "created_at": "2010-08-05T19:19:00Z", "updated_at": "2017-06-05T17:50:11Z", "pushed_at": "2010-12-08T03:21:50Z", "size": 425, "stargazers_count": 6, "watchers_count": 6, "language": "Java", "has_issues": true, "has_projects": true, "has_downloads": true, "has_wiki": true, "has_pages": false, "has_discussions": false, "forks_count": 3, "mirror_url": null, "archived": false, "disabled": false, "open_issues_count": 0, "license": {"key": "apache-2.0", "name": "Apache License 2.0", "spdx_id": "Apache-2.0", "url": "https://api.github.com/licenses/apache-2.0", "node_id": "MDc6TGljZW5zZTI="}, "allow_forking": true, "is_template": false, "web_commit_signoff_required": false, "topics": [], "default_branch": "master", "permissions": {"admin": false, "maintain": false, "push": false, "triage": false, "pull": true}, "_id": 819868}, {"owner": {"type": "Organization", "site_admin": false}, "fork": false, "created_at": "2010-08-05T19:20:48Z", "updated_at": "2022-09-01T06:38:06Z", "pushed_at": "2011-04-28T02:05:16Z", "size": 984, "stargazers_count": 61, "watchers_count": 61, "language": "Objective-C", "has_issues": true, "has_projects": true, "has_downloads": true, "has_wiki": true, "has_pages": false, "has_discussions": false, "forks_count": 18, "mirror_url": null, "archived": false, "disabled": false, "open_issues_count": 2, "license": null, "allow_forking": true, "is_template": false, "web_commit_signoff_required": false, "topics": [], "default_branch": "master", "permissions": {"admin": false, "maintain": false, "push": false, "triage": false, "pull": true}, "_id": 819871}, {"owner": {"type": "User", "site_admin": false}, "fork": false, "created_at": "2010-08-05T19:21:00Z", "updated_at": "2021-08-19T07:50:13Z", "pushed_at": "2010-08-12T18:12:21Z", "size": 192, "stargazers_count": 7, "watchers_count": 7, "language": "JavaScript", "has_issues": true, "has_projects": true, "has_downloads": true, "has_wiki": true, "has_pages": false, "has_discussions": false, "forks_count": 0, "mirror_url": null, "archived": false, "disabled": false, "open_issues_count": 1, "license": null, "allow_forking": true, "is_template": false, "web_commit_signoff_required": false, "topics": [], "default_branch": "master", "permissions": {"admin": false, "maintain": false, "push": false, "triage": false, "pull": true}, "_id": 819872}, {"owner": {"type": "User", "site_admin": false}, "fork": false, "created_at": "2010-08-05T19:39:08Z", "updated_at": "2017-04-22T22:55:16Z", "pushed_at": "2011-05-14T17:05:25Z", "size": 1299, "stargazers_count": 17, "watchers_count": 17, "language": "OCaml", "has_issues": true, "has_projects": true, "has_downloads": true, "has_wiki": true, "has_pages": false, "has_discussions": false, "forks_count": 3, "mirror_url": null, "archived": false, "disabled": false, "open_issues_count": 0, "license": null, "allow_forking": true, "is_template": false, "web_commit_signoff_required": false, "topics": [], "default_branch": "master", "permissions": {"admin": false, "maintain": false, "push": false, "triage": false, "pull": true}, "_id": 819905}, {"owner": {"type": "Organization", "site_admin": false}, "fork": false, "created_at": "2010-08-05T19:41:31Z", "updated_at": "2022-10-28T15:02:36Z", "pushed_at": "2022-11-10T08:13:51Z", "size": 54485, "stargazers_count": 345, "watchers_count": 345, "language": "Java", "has_issues": false, "has_projects": true, "has_downloads": false, "has_wiki": false, "has_pages": false, "has_discussions": false, "forks_count": 280, "mirror_url": null, "archived": false, "disabled": false, "open_issues_count": 16, "license": {"key": "apache-2.0", "name": "Apache License 2.0", "spdx_id": "Apache-2.0", "url": "https://api.github.com/licenses/apache-2.0", "node_id": "MDc6TGljZW5zZTI="}, "allow_forking": true, "is_template": false, "web_commit_signoff_required": false, "topics": [], "default_branch": "master", "permissions": {"admin": false, "maintain": false, "push": false, "triage": false, "pull": true}, "_id": 819907}, {"owner": {"type": "User", "site_admin": false}, "fork": false, "created_at": "2010-08-05T20:00:16Z", "updated_at": "2022-07-28T10:40:53Z", "pushed_at": "2010-08-05T20:18:24Z", "size": 208, "stargazers_count": 7, "watchers_count": 7, "language": "ActionScript", "has_issues": true, "has_projects": true, "has_downloads": true, "has_wiki": true, "has_pages": false, "has_discussions": false, "forks_count": 0, "mirror_url": null, "archived": false, "disabled": false, "open_issues_count": 0, "license": null, "allow_forking": true, "is_template": false, "web_commit_signoff_required": false, "topics": [], "default_branch": "master", "permissions": {"admin": false, "maintain": false, "push": false, "triage": false, "pull": true}, "_id": 819954}, {"owner": {"type": "User", "site_admin": false}, "fork": false, "created_at": "2010-08-05T20:05:55Z", "updated_at": "2013-12-15T18:09:33Z", "pushed_at": "2011-05-01T19:49:32Z", "size": 767, "stargazers_count": 8, "watchers_count": 8, "language": "JavaScript", "has_issues": true, "has_projects": true, "has_downloads": true, "has_wiki": true, "has_pages": false, "has_discussions": false, "forks_count": 4, "mirror_url": null, "archived": false, "disabled": false, "open_issues_count": 0, "license": null, "allow_forking": true, "is_template": false, "web_commit_signoff_required": false, "topics": [], "default_branch": "master", "permissions": {"admin": false, "maintain": false, "push": false, "triage": false, "pull": true}, "_id": 819967}, {"owner": {"type": "User", "site_admin": false}, "fork": false, "created_at": "2010-08-05T20:16:52Z", "updated_at": "2013-12-13T13:43:17Z", "pushed_at": "2010-08-09T23:38:38Z", "size": 288, "stargazers_count": 6, "watchers_count": 6, "language": "Ruby", "has_issues": true, "has_projects": true, "has_downloads": true, "has_wiki": true, "has_pages": false, "has_discussions": false, "forks_count": 0, "mirror_url": null, "archived": false, "disabled": false, "open_issues_count": 0, "license": null, "allow_forking": true, "is_template": false, "web_commit_signoff_required": false, "topics": [], "default_branch": "master", "permissions": {"admin": false, "maintain": false, "push": false, "triage": false, "pull": true}, "_id": 819994}, {"owner": {"type": "Organization", "site_admin": false}, "fork": false, "created_at": "2010-08-05T20:34:56Z", "updated_at": "2022-11-24T07:45:24Z", "pushed_at": "2022-11-24T12:32:22Z", "size": 2988, "stargazers_count": 326, "watchers_count": 326, "language": "Java", "has_issues": true, "has_projects": true, "has_downloads": true, "has_wiki": true, "has_pages": true, "has_discussions": false, "forks_count": 84, "mirror_url": null, "archived": false, "disabled": false, "open_issues_count": 12, "license": {"key": "apache-2.0", "name": "Apache License 2.0", "spdx_id": "Apache-2.0", "url": "https://api.github.com/licenses/apache-2.0", "node_id": "MDc6TGljZW5zZTI="}, "allow_forking": true, "is_template": false, "web_commit_signoff_required": false, "topics": [], "default_branch": "main", "permissions": {"admin": false, "maintain": false, "push": false, "triage": false, "pull": true}, "_id": 820039}, {"owner": {"type": "Organization", "site_admin": false}, "fork": false, "created_at": "2010-08-05T20:38:32Z", "updated_at": "2019-03-04T07:28:55Z", "pushed_at": "2017-07-06T14:50:39Z", "size": 488, "stargazers_count": 34, "watchers_count": 34, "language": "PHP", "has_issues": true, "has_projects": true, "has_downloads": true, "has_wiki": true, "has_pages": false, "has_discussions": false, "forks_count": 6, "mirror_url": null, "archived": false, "disabled": false, "open_issues_count": 7, "license": null, "allow_forking": true, "is_template": false, "web_commit_signoff_required": false, "topics": [], "default_branch": "master", "permissions": {"admin": false, "maintain": false, "push": false, "triage": false, "pull": true}, "_id": 820045}, {"owner": {"type": "Organization", "site_admin": false}, "fork": false, "created_at": "2010-08-05T20:40:23Z", "updated_at": "2022-09-29T00:46:57Z", "pushed_at": "2018-07-18T07:41:00Z", "size": 453, "stargazers_count": 90, "watchers_count": 90, "language": "JavaScript", "has_issues": true, "has_projects": true, "has_downloads": true, "has_wiki": true, "has_pages": true, "has_discussions": false, "forks_count": 8, "mirror_url": null, "archived": false, "disabled": false, "open_issues_count": 3, "license": null, "allow_forking": true, "is_template": false, "web_commit_signoff_required": false, "topics": [], "default_branch": "gh-pages", "permissions": {"admin": false, "maintain": false, "push": false, "triage": false, "pull": true}, "_id": 820051}, {"owner": {"type": "User", "site_admin": false}, "fork": false, "created_at": "2010-08-05T20:45:56Z", "updated_at": "2020-08-18T22:08:50Z", "pushed_at": "2010-08-22T00:26:11Z", "size": 553, "stargazers_count": 49, "watchers_count": 49, "language": "JavaScript", "has_issues": true, "has_projects": true, "has_downloads": true, "has_wiki": true, "has_pages": false, "has_discussions": false, "forks_count": 4, "mirror_url": null, "archived": false, "disabled": false, "open_issues_count": 0, "license": null, "allow_forking": true, "is_template": false, "web_commit_signoff_required": false, "topics": [], "default_branch": "master", "permissions": {"admin": false, "maintain": false, "push": false, "triage": false, "pull": true}, "_id": 820065}, {"owner": {"type": "User", "site_admin": false}, "fork": false, "created_at": "2010-08-05T21:09:12Z", "updated_at": "2014-02-04T10:50:58Z", "pushed_at": "2012-01-15T17:16:15Z", "size": 524, "stargazers_count": 6, "watchers_count": 6, "language": "Ruby", "has_issues": true, "has_projects": true, "has_downloads": true, "has_wiki": true, "has_pages": false, "has_discussions": false, "forks_count": 0, "mirror_url": null, "archived": false, "disabled": false, "open_issues_count": 0, "license": {"key": "mit", "name": "MIT License", "spdx_id": "MIT", "url": "https://api.github.com/licenses/mit", "node_id": "MDc6TGljZW5zZTEz"}, "allow_forking": true, "is_template": false, "web_commit_signoff_required": false, "topics": [], "default_branch": "master", "permissions": {"admin": false, "maintain": false, "push": false, "triage": false, "pull": true}, "_id": 820110}, {"owner": {"type": "User", "site_admin": false}, "fork": false, "created_at": "2010-08-05T21:25:41Z", "updated_at": "2021-09-01T04:29:24Z", "pushed_at": "2015-04-01T16:31:04Z", "size": 6606, "stargazers_count": 14, "watchers_count": 14, "language": null, "has_issues": true, "has_projects": true, "has_downloads": true, "has_wiki": true, "has_pages": false, "has_discussions": false, "forks_count": 1, "mirror_url": null, "archived": false, "disabled": false, "open_issues_count": 0, "license": null, "allow_forking": true, "is_template": false, "web_commit_signoff_required": false, "topics": [], "default_branch": "master", "permissions": {"admin": false, "maintain": false, "push": false, "triage": false, "pull": true}, "_id": 820148}, {"owner": {"type": "User", "site_admin": false}, "fork": false, "created_at": "2010-08-05T21:29:12Z", "updated_at": "2022-07-31T14:28:32Z", "pushed_at": "2022-09-04T13:37:44Z", "size": 2973, "stargazers_count": 18, "watchers_count": 18, "language": "JavaScript", "has_issues": true, "has_projects": true, "has_downloads": true, "has_wiki": true, "has_pages": false, "has_discussions": false, "forks_count": 2, "mirror_url": null, "archived": false, "disabled": false, "open_issues_count": 0, "license": null, "allow_forking": true, "is_template": false, "web_commit_signoff_required": false, "topics": [], "default_branch": "master", "permissions": {"admin": false, "maintain": false, "push": false, "triage": false, "pull": true}, "_id": 820159}, {"owner": {"type": "User", "site_admin": false}, "fork": false, "created_at": "2010-08-05T21:53:30Z", "updated_at": "2019-07-08T22:10:10Z", "pushed_at": "2010-08-16T15:35:18Z", "size": 231, "stargazers_count": 9, "watchers_count": 9, "language": "Python", "has_issues": true, "has_projects": true, "has_downloads": true, "has_wiki": true, "has_pages": false, "has_discussions": false, "forks_count": 2, "mirror_url": null, "archived": false, "disabled": false, "open_issues_count": 0, "license": null, "allow_forking": true, "is_template": false, "web_commit_signoff_required": false, "topics": [], "default_branch": "master", "permissions": {"admin": false, "maintain": false, "push": false, "triage": false, "pull": true}, "_id": 820206}, {"owner": {"type": "User", "site_admin": false}, "fork": false, "created_at": "2010-08-05T22:14:44Z", "updated_at": "2022-06-15T07:24:53Z", "pushed_at": "2016-01-29T22:27:07Z", "size": 22, "stargazers_count": 25, "watchers_count": 25, "language": "Python", "has_issues": true, "has_projects": true, "has_downloads": true, "has_wiki": true, "has_pages": false, "has_discussions": false, "forks_count": 21, "mirror_url": null, "archived": false, "disabled": false, "open_issues_count": 0, "license": null, "allow_forking": true, "is_template": false, "web_commit_signoff_required": false, "topics": ["keyboard", "keystroke-duration", "keystroke-dynamics", "machine-learning", "python", "typing"], "default_branch": "master", "permissions": {"admin": false, "maintain": false, "push": false, "triage": false, "pull": true}, "_id": 820241}, {"owner": {"type": "User", "site_admin": false}, "fork": false, "created_at": "2010-08-05T22:19:44Z", "updated_at": "2013-10-08T00:58:39Z", "pushed_at": "2011-05-10T12:26:19Z", "size": 224, "stargazers_count": 6, "watchers_count": 6, "language": "PHP", "has_issues": true, "has_projects": true, "has_downloads": true, "has_wiki": true, "has_pages": false, "has_discussions": false, "forks_count": 1, "mirror_url": null, "archived": false, "disabled": false, "open_issues_count": 1, "license": {"key": "mit", "name": "MIT License", "spdx_id": "MIT", "url": "https://api.github.com/licenses/mit", "node_id": "MDc6TGljZW5zZTEz"}, "allow_forking": true, "is_template": false, "web_commit_signoff_required": false, "topics": [], "default_branch": "master", "permissions": {"admin": false, "maintain": false, "push": false, "triage": false, "pull": true}, "_id": 820252}, {"owner": {"type": "User", "site_admin": false}, "fork": false, "created_at": "2010-08-05T22:50:06Z", "updated_at": "2022-07-04T10:26:09Z", "pushed_at": "2012-08-30T15:27:24Z", "size": 911, "stargazers_count": 38, "watchers_count": 38, "language": "JavaScript", "has_issues": true, "has_projects": true, "has_downloads": true, "has_wiki": true, "has_pages": false, "has_discussions": false, "forks_count": 11, "mirror_url": null, "archived": false, "disabled": false, "open_issues_count": 0, "license": null, "allow_forking": true, "is_template": false, "web_commit_signoff_required": false, "topics": [], "default_branch": "master", "permissions": {"admin": false, "maintain": false, "push": false, "triage": false, "pull": true}, "_id": 820301}, {"owner": {"type": "User", "site_admin": false}, "fork": false, "created_at": "2010-08-05T23:32:28Z", "updated_at": "2020-05-06T07:25:01Z", "pushed_at": "2011-05-03T07:13:24Z", "size": 231, "stargazers_count": 10, "watchers_count": 10, "language": null, "has_issues": true, "has_projects": true, "has_downloads": true, "has_wiki": true, "has_pages": false, "has_discussions": false, "forks_count": 3, "mirror_url": null, "archived": false, "disabled": false, "open_issues_count": 0, "license": null, "allow_forking": true, "is_template": false, "web_commit_signoff_required": false, "topics": [], "default_branch": "master", "permissions": {"admin": false, "maintain": false, "push": false, "triage": false, "pull": true}, "_id": 820374}, {"owner": {"type": "User", "site_admin": false}, "fork": false, "created_at": "2010-08-05T23:38:08Z", "updated_at": "2022-11-09T17:28:55Z", "pushed_at": "2015-05-19T16:20:40Z", "size": 34187, "stargazers_count": 12, "watchers_count": 12, "language": "Python", "has_issues": true, "has_projects": true, "has_downloads": true, "has_wiki": true, "has_pages": false, "has_discussions": false, "forks_count": 7, "mirror_url": null, "archived": false, "disabled": false, "open_issues_count": 0, "license": null, "allow_forking": true, "is_template": false, "web_commit_signoff_required": false, "topics": [], "default_branch": "master", "permissions": {"admin": false, "maintain": false, "push": false, "triage": false, "pull": true}, "_id": 820388}, {"owner": {"type": "User", "site_admin": false}, "fork": false, "created_at": "2010-08-05T23:43:42Z", "updated_at": "2022-10-17T18:45:44Z", "pushed_at": "2014-02-28T19:06:45Z", "size": 212, "stargazers_count": 8, "watchers_count": 8, "language": "C", "has_issues": true, "has_projects": true, "has_downloads": true, "has_wiki": true, "has_pages": false, "has_discussions": false, "forks_count": 2, "mirror_url": null, "archived": false, "disabled": false, "open_issues_count": 1, "license": {"key": "other", "name": "Other", "spdx_id": "NOASSERTION", "url": null, "node_id": "MDc6TGljZW5zZTA="}, "allow_forking": true, "is_template": false, "web_commit_signoff_required": false, "topics": [], "default_branch": "master", "permissions": {"admin": false, "maintain": false, "push": false, "triage": false, "pull": true}, "_id": 820398}, {"owner": {"type": "User", "site_admin": false}, "fork": false, "created_at": "2010-08-05T23:46:47Z", "updated_at": "2022-10-31T15:46:14Z", "pushed_at": "2017-03-01T16:33:16Z", "size": 210, "stargazers_count": 37, "watchers_count": 37, "language": "PHP", "has_issues": true, "has_projects": true, "has_downloads": true, "has_wiki": false, "has_pages": false, "has_discussions": false, "forks_count": 6, "mirror_url": null, "archived": true, "disabled": false, "open_issues_count": 1, "license": {"key": "lgpl-3.0", "name": "GNU Lesser General Public License v3.0", "spdx_id": "LGPL-3.0", "url": "https://api.github.com/licenses/lgpl-3.0", "node_id": "MDc6TGljZW5zZTEy"}, "allow_forking": true, "is_template": false, "web_commit_signoff_required": false, "topics": ["spam-protection", "web-api", "webspam"], "default_branch": "master", "permissions": {"admin": false, "maintain": false, "push": false, "triage": false, "pull": true}, "_id": 820405}]