[{"owner": {"type": "User", "site_admin": false}, "fork": false, "created_at": "2010-05-26T00:08:52Z", "updated_at": "2022-02-12T15:53:30Z", "pushed_at": "2011-12-01T02:18:36Z", "size": 4342, "stargazers_count": 216, "watchers_count": 216, "language": "JavaScript", "has_issues": true, "has_projects": true, "has_downloads": true, "has_wiki": false, "has_pages": false, "has_discussions": false, "forks_count": 12, "mirror_url": null, "archived": false, "disabled": false, "open_issues_count": 1, "license": {"key": "mit", "name": "MIT License", "spdx_id": "MIT", "url": "https://api.github.com/licenses/mit", "node_id": "MDc6TGljZW5zZTEz"}, "allow_forking": true, "is_template": false, "web_commit_signoff_required": false, "topics": [], "default_branch": "master", "permissions": {"admin": false, "maintain": false, "push": false, "triage": false, "pull": true}, "_id": 686345}, {"owner": {"type": "User", "site_admin": false}, "fork": false, "created_at": "2010-05-26T00:31:00Z", "updated_at": "2014-02-16T06:11:37Z", "pushed_at": "2010-08-30T23:41:02Z", "size": 134, "stargazers_count": 14, "watchers_count": 14, "language": "PHP", "has_issues": true, "has_projects": true, "has_downloads": true, "has_wiki": true, "has_pages": false, "has_discussions": false, "forks_count": 2, "mirror_url": null, "archived": false, "disabled": false, "open_issues_count": 0, "license": {"key": "other", "name": "Other", "spdx_id": "NOASSERTION", "url": null, "node_id": "MDc6TGljZW5zZTA="}, "allow_forking": true, "is_template": false, "web_commit_signoff_required": false, "topics": [], "default_branch": "master", "permissions": {"admin": false, "maintain": false, "push": false, "triage": false, "pull": true}, "_id": 686370}, {"owner": {"type": "Organization", "site_admin": false}, "fork": false, "created_at": "2010-05-26T01:05:48Z", "updated_at": "2021-11-17T10:18:34Z", "pushed_at": "2015-11-09T01:34:30Z", "size": 101896, "stargazers_count": 6, "watchers_count": 6, "language": "Clojure", "has_issues": true, "has_projects": true, "has_downloads": true, "has_wiki": true, "has_pages": true, "has_discussions": false, "forks_count": 0, "mirror_url": null, "archived": false, "disabled": false, "open_issues_count": 0, "license": null, "allow_forking": true, "is_template": false, "web_commit_signoff_required": false, "topics": [], "default_branch": "master", "permissions": {"admin": false, "maintain": false, "push": false, "triage": false, "pull": true}, "_id": 686415}, {"owner": {"type": "User", "site_admin": false}, "fork": false, "created_at": "2010-05-26T01:37:29Z", "updated_at": "2022-07-30T03:20:19Z", "pushed_at": "2022-07-30T03:20:16Z", "size": 119, "stargazers_count": 43, "watchers_count": 43, "language": "Haxe", "has_issues": true, "has_projects": true, "has_downloads": true, "has_wiki": true, "has_pages": false, "has_discussions": false, "forks_count": 6, "mirror_url": null, "archived": false, "disabled": false, "open_issues_count": 1, "license": null, "allow_forking": true, "is_template": false, "web_commit_signoff_required": false, "topics": [], "default_branch": "master", "permissions": {"admin": false, "maintain": false, "push": false, "triage": false, "pull": true}, "_id": 686452}, {"owner": {"type": "User", "site_admin": false}, "fork": false, "created_at": "2010-05-26T02:34:53Z", "updated_at": "2013-10-20T07:36:52Z", "pushed_at": "2010-08-12T15:41:03Z", "size": 264, "stargazers_count": 6, "watchers_count": 6, "language": "Ruby", "has_issues": true, "has_projects": true, "has_downloads": true, "has_wiki": true, "has_pages": false, "has_discussions": false, "forks_count": 0, "mirror_url": null, "archived": false, "disabled": false, "open_issues_count": 0, "license": {"key": "mit", "name": "MIT License", "spdx_id": "MIT", "url": "https://api.github.com/licenses/mit", "node_id": "MDc6TGljZW5zZTEz"}, "allow_forking": true, "is_template": false, "web_commit_signoff_required": false, "topics": [], "default_branch": "master", "permissions": {"admin": false, "maintain": false, "push": false, "triage": false, "pull": true}, "_id": 686527}, {"owner": {"type": "Organization", "site_admin": false}, "fork": false, "created_at": "2010-05-26T02:47:19Z", "updated_at": "2022-11-24T16:18:38Z", "pushed_at": "2022-10-14T16:25:15Z", "size": 6307, "stargazers_count": 2080, "watchers_count": 2080, "language": "JavaScript", "has_issues": true, "has_projects": false, "has_downloads": true, "has_wiki": false, "has_pages": false, "has_discussions": true, "forks_count": 379, "mirror_url": null, "archived": false, "disabled": false, "open_issues_count": 33, "license": {"key": "isc", "name": "ISC License", "spdx_id": "ISC", "url": "https://api.github.com/licenses/isc", "node_id": "MDc6TGljZW5zZTEw"}, "allow_forking": true, "is_template": false, "web_commit_signoff_required": false, "topics": ["browser", "chat", "client", "component", "javascript", "node", "nodejs", "react-native", "real-time", "xmpp"], "default_branch": "main", "permissions": {"admin": false, "maintain": false, "push": false, "triage": false, "pull": true}, "_id": 686537}, {"owner": {"type": "User", "site_admin": false}, "fork": false, "created_at": "2010-05-26T03:11:57Z", "updated_at": "2020-05-05T20:59:00Z", "pushed_at": "2010-05-26T21:13:39Z", "size": 84, "stargazers_count": 8, "watchers_count": 8, "language": "Ruby", "has_issues": true, "has_projects": true, "has_downloads": true, "has_wiki": true, "has_pages": false, "has_discussions": false, "forks_count": 2, "mirror_url": null, "archived": false, "disabled": false, "open_issues_count": 0, "license": {"key": "mit", "name": "MIT License", "spdx_id": "MIT", "url": "https://api.github.com/licenses/mit", "node_id": "MDc6TGljZW5zZTEz"}, "allow_forking": true, "is_template": false, "web_commit_signoff_required": false, "topics": [], "default_branch": "master", "permissions": {"admin": false, "maintain": false, "push": false, "triage": false, "pull": true}, "_id": 686553}, {"owner": {"type": "User", "site_admin": false}, "fork": false, "created_at": "2010-05-26T03:17:11Z", "updated_at": "2022-11-23T18:07:33Z", "pushed_at": "2020-03-26T15:47:12Z", "size": 422, "stargazers_count": 246, "watchers_count": 246, "language": "Perl", "has_issues": true, "has_projects": true, "has_downloads": true, "has_wiki": true, "has_pages": false, "has_discussions": false, "forks_count": 57, "mirror_url": null, "archived": false, "disabled": false, "open_issues_count": 20, "license": null, "allow_forking": true, "is_template": false, "web_commit_signoff_required": false, "topics": [], "default_branch": "master", "permissions": {"admin": false, "maintain": false, "push": false, "triage": false, "pull": true}, "_id": 686561}, {"owner": {"type": "User", "site_admin": false}, "fork": false, "created_at": "2010-05-26T03:26:25Z", "updated_at": "2022-10-06T10:40:20Z", "pushed_at": "2010-06-01T04:57:36Z", "size": 32174, "stargazers_count": 22, "watchers_count": 22, "language": "Ruby", "has_issues": true, "has_projects": true, "has_downloads": false, "has_wiki": false, "has_pages": false, "has_discussions": false, "forks_count": 4, "mirror_url": null, "archived": false, "disabled": false, "open_issues_count": 0, "license": null, "allow_forking": true, "is_template": false, "web_commit_signoff_required": false, "topics": [], "default_branch": "master", "permissions": {"admin": false, "maintain": false, "push": false, "triage": false, "pull": true}, "_id": 686572}, {"owner": {"type": "User", "site_admin": false}, "fork": false, "created_at": "2010-05-26T03:30:16Z", "updated_at": "2022-06-22T02:36:57Z", "pushed_at": "2012-12-02T15:51:39Z", "size": 1095, "stargazers_count": 11, "watchers_count": 11, "language": "PHP", "has_issues": false, "has_projects": true, "has_downloads": false, "has_wiki": false, "has_pages": false, "has_discussions": false, "forks_count": 2, "mirror_url": null, "archived": false, "disabled": false, "open_issues_count": 0, "license": null, "allow_forking": true, "is_template": false, "web_commit_signoff_required": false, "topics": ["blog", "php", "zend-framework1"], "default_branch": "master", "permissions": {"admin": false, "maintain": false, "push": false, "triage": false, "pull": true}, "_id": 686580}, {"owner": {"type": "User", "site_admin": false}, "fork": false, "created_at": "2010-05-26T04:10:29Z", "updated_at": "2022-01-18T01:53:49Z", "pushed_at": "2010-05-26T04:19:10Z", "size": 98, "stargazers_count": 8, "watchers_count": 8, "language": "Objective-C", "has_issues": true, "has_projects": true, "has_downloads": true, "has_wiki": true, "has_pages": false, "has_discussions": false, "forks_count": 1, "mirror_url": null, "archived": false, "disabled": false, "open_issues_count": 0, "license": null, "allow_forking": true, "is_template": false, "web_commit_signoff_required": false, "topics": [], "default_branch": "master", "permissions": {"admin": false, "maintain": false, "push": false, "triage": false, "pull": true}, "_id": 686611}, {"owner": {"type": "User", "site_admin": false}, "fork": false, "created_at": "2010-05-26T04:41:31Z", "updated_at": "2019-10-18T13:57:24Z", "pushed_at": "2010-07-18T22:17:36Z", "size": 175, "stargazers_count": 29, "watchers_count": 29, "language": "Python", "has_issues": true, "has_projects": true, "has_downloads": true, "has_wiki": false, "has_pages": false, "has_discussions": false, "forks_count": 6, "mirror_url": null, "archived": true, "disabled": false, "open_issues_count": 0, "license": {"key": "other", "name": "Other", "spdx_id": "NOASSERTION", "url": null, "node_id": "MDc6TGljZW5zZTA="}, "allow_forking": true, "is_template": false, "web_commit_signoff_required": false, "topics": [], "default_branch": "master", "permissions": {"admin": false, "maintain": false, "push": false, "triage": false, "pull": true}, "_id": 686637}, {"owner": {"type": "Organization", "site_admin": false}, "fork": false, "created_at": "2010-05-26T05:33:14Z", "updated_at": "2019-02-13T08:28:30Z", "pushed_at": "2011-09-15T12:31:30Z", "size": 165, "stargazers_count": 9, "watchers_count": 9, "language": "JavaScript", "has_issues": true, "has_projects": true, "has_downloads": true, "has_wiki": true, "has_pages": false, "has_discussions": false, "forks_count": 6, "mirror_url": null, "archived": true, "disabled": false, "open_issues_count": 4, "license": {"key": "bsd-3-clause", "name": "BSD 3-Clause \"New\" or \"Revised\" License", "spdx_id": "BSD-3-Clause", "url": "https://api.github.com/licenses/bsd-3-clause", "node_id": "MDc6TGljZW5zZTU="}, "allow_forking": true, "is_template": false, "web_commit_signoff_required": false, "topics": [], "default_branch": "master", "permissions": {"admin": false, "maintain": false, "push": false, "triage": false, "pull": true}, "_id": 686679}, {"owner": {"type": "User", "site_admin": false}, "fork": false, "created_at": "2010-05-26T05:46:51Z", "updated_at": "2022-11-17T09:28:48Z", "pushed_at": "2010-09-07T07:51:34Z", "size": 844, "stargazers_count": 14, "watchers_count": 14, "language": "C", "has_issues": true, "has_projects": true, "has_downloads": true, "has_wiki": true, "has_pages": false, "has_discussions": false, "forks_count": 1, "mirror_url": null, "archived": false, "disabled": false, "open_issues_count": 11, "license": {"key": "gpl-3.0", "name": "GNU General Public License v3.0", "spdx_id": "GPL-3.0", "url": "https://api.github.com/licenses/gpl-3.0", "node_id": "MDc6TGljZW5zZTk="}, "allow_forking": true, "is_template": false, "web_commit_signoff_required": false, "topics": [], "default_branch": "master", "permissions": {"admin": false, "maintain": false, "push": false, "triage": false, "pull": true}, "_id": 686686}, {"owner": {"type": "User", "site_admin": false}, "fork": false, "created_at": "2010-05-26T06:44:21Z", "updated_at": "2022-08-24T06:14:46Z", "pushed_at": "2020-04-29T10:51:44Z", "size": 11376, "stargazers_count": 78, "watchers_count": 78, "language": "GLSL", "has_issues": true, "has_projects": true, "has_downloads": true, "has_wiki": false, "has_pages": false, "has_discussions": false, "forks_count": 72, "mirror_url": null, "archived": false, "disabled": false, "open_issues_count": 2, "license": null, "allow_forking": true, "is_template": false, "web_commit_signoff_required": false, "topics": [], "default_branch": "master", "permissions": {"admin": false, "maintain": false, "push": false, "triage": false, "pull": true}, "_id": 686743}, {"owner": {"type": "User", "site_admin": false}, "fork": false, "created_at": "2010-05-26T08:17:57Z", "updated_at": "2019-07-08T09:32:28Z", "pushed_at": "2011-12-31T09:06:27Z", "size": 160, "stargazers_count": 9, "watchers_count": 9, "language": "Ruby", "has_issues": true, "has_projects": true, "has_downloads": true, "has_wiki": true, "has_pages": false, "has_discussions": false, "forks_count": 2, "mirror_url": null, "archived": false, "disabled": false, "open_issues_count": 0, "license": null, "allow_forking": true, "is_template": false, "web_commit_signoff_required": false, "topics": [], "default_branch": "master", "permissions": {"admin": false, "maintain": false, "push": false, "triage": false, "pull": true}, "_id": 686833}, {"owner": {"type": "User", "site_admin": false}, "fork": false, "created_at": "2010-05-26T08:36:33Z", "updated_at": "2013-12-23T04:47:13Z", "pushed_at": "2010-07-20T01:20:48Z", "size": 94, "stargazers_count": 12, "watchers_count": 12, "language": null, "has_issues": true, "has_projects": true, "has_downloads": true, "has_wiki": true, "has_pages": false, "has_discussions": false, "forks_count": 2, "mirror_url": null, "archived": false, "disabled": false, "open_issues_count": 0, "license": null, "allow_forking": true, "is_template": false, "web_commit_signoff_required": false, "topics": [], "default_branch": "master", "permissions": {"admin": false, "maintain": false, "push": false, "triage": false, "pull": true}, "_id": 686854}, {"owner": {"type": "User", "site_admin": false}, "fork": false, "created_at": "2010-05-26T08:42:42Z", "updated_at": "2020-03-26T15:52:21Z", "pushed_at": "2011-06-25T02:03:23Z", "size": 854, "stargazers_count": 13, "watchers_count": 13, "language": "C++", "has_issues": true, "has_projects": true, "has_downloads": true, "has_wiki": true, "has_pages": false, "has_discussions": false, "forks_count": 0, "mirror_url": null, "archived": false, "disabled": false, "open_issues_count": 1, "license": null, "allow_forking": true, "is_template": false, "web_commit_signoff_required": false, "topics": [], "default_branch": "master", "permissions": {"admin": false, "maintain": false, "push": false, "triage": false, "pull": true}, "_id": 686866}, {"owner": {"type": "User", "site_admin": false}, "fork": false, "created_at": "2010-05-26T08:47:51Z", "updated_at": "2022-10-21T04:02:14Z", "pushed_at": "2022-11-19T08:47:15Z", "size": 186041, "stargazers_count": 134, "watchers_count": 134, "language": "Shell", "has_issues": true, "has_projects": true, "has_downloads": true, "has_wiki": true, "has_pages": false, "has_discussions": false, "forks_count": 57, "mirror_url": null, "archived": false, "disabled": false, "open_issues_count": 4, "license": null, "allow_forking": true, "is_template": false, "web_commit_signoff_required": false, "topics": [], "default_branch": "current", "permissions": {"admin": false, "maintain": false, "push": false, "triage": false, "pull": true}, "_id": 686868}, {"owner": {"type": "User", "site_admin": false}, "fork": false, "created_at": "2010-05-26T08:56:47Z", "updated_at": "2020-08-25T04:52:15Z", "pushed_at": "2017-07-30T08:49:52Z", "size": 279, "stargazers_count": 11, "watchers_count": 11, "language": "C++", "has_issues": true, "has_projects": true, "has_downloads": true, "has_wiki": true, "has_pages": false, "has_discussions": false, "forks_count": 2, "mirror_url": null, "archived": false, "disabled": false, "open_issues_count": 0, "license": null, "allow_forking": true, "is_template": false, "web_commit_signoff_required": false, "topics": [], "default_branch": "master", "permissions": {"admin": false, "maintain": false, "push": false, "triage": false, "pull": true}, "_id": 686881}, {"owner": {"type": "User", "site_admin": false}, "fork": false, "created_at": "2010-05-26T09:18:07Z", "updated_at": "2020-11-03T12:43:13Z", "pushed_at": "2012-08-22T07:26:07Z", "size": 130, "stargazers_count": 17, "watchers_count": 17, "language": "Ruby", "has_issues": true, "has_projects": true, "has_downloads": true, "has_wiki": true, "has_pages": false, "has_discussions": false, "forks_count": 13, "mirror_url": null, "archived": true, "disabled": false, "open_issues_count": 2, "license": null, "allow_forking": true, "is_template": false, "web_commit_signoff_required": false, "topics": [], "default_branch": "development", "permissions": {"admin": false, "maintain": false, "push": false, "triage": false, "pull": true}, "_id": 686915}, {"owner": {"type": "User", "site_admin": false}, "fork": false, "created_at": "2010-05-26T10:46:12Z", "updated_at": "2020-05-26T23:20:24Z", "pushed_at": "2015-06-05T01:00:07Z", "size": 237, "stargazers_count": 24, "watchers_count": 24, "language": "Python", "has_issues": true, "has_projects": true, "has_downloads": true, "has_wiki": true, "has_pages": false, "has_discussions": false, "forks_count": 10, "mirror_url": null, "archived": false, "disabled": false, "open_issues_count": 4, "license": null, "allow_forking": true, "is_template": false, "web_commit_signoff_required": false, "topics": [], "default_branch": "master", "permissions": {"admin": false, "maintain": false, "push": false, "triage": false, "pull": true}, "_id": 687014}, {"owner": {"type": "User", "site_admin": false}, "fork": false, "created_at": "2010-05-26T11:20:28Z", "updated_at": "2022-03-06T07:19:31Z", "pushed_at": "2010-05-28T19:25:03Z", "size": 129, "stargazers_count": 14, "watchers_count": 14, "language": "Ruby", "has_issues": true, "has_projects": true, "has_downloads": true, "has_wiki": true, "has_pages": false, "has_discussions": false, "forks_count": 2, "mirror_url": null, "archived": false, "disabled": false, "open_issues_count": 0, "license": {"key": "other", "name": "Other", "spdx_id": "NOASSERTION", "url": null, "node_id": "MDc6TGljZW5zZTA="}, "allow_forking": true, "is_template": false, "web_commit_signoff_required": false, "topics": [], "default_branch": "master", "permissions": {"admin": false, "maintain": false, "push": false, "triage": false, "pull": true}, "_id": 687059}, {"owner": {"type": "User", "site_admin": false}, "fork": false, "created_at": "2010-05-26T12:16:39Z", "updated_at": "2020-08-27T13:56:55Z", "pushed_at": "2020-01-04T09:05:41Z", "size": 114, "stargazers_count": 15, "watchers_count": 15, "language": "Ruby", "has_issues": true, "has_projects": true, "has_downloads": true, "has_wiki": true, "has_pages": false, "has_discussions": false, "forks_count": 4, "mirror_url": null, "archived": true, "disabled": false, "open_issues_count": 1, "license": {"key": "bsd-3-clause", "name": "BSD 3-Clause \"New\" or \"Revised\" License", "spdx_id": "BSD-3-Clause", "url": "https://api.github.com/licenses/bsd-3-clause", "node_id": "MDc6TGljZW5zZTU="}, "allow_forking": true, "is_template": false, "web_commit_signoff_required": false, "topics": [], "default_branch": "master", "permissions": {"admin": false, "maintain": false, "push": false, "triage": false, "pull": true}, "_id": 687133}, {"owner": {"type": "User", "site_admin": false}, "fork": false, "created_at": "2010-05-26T12:23:21Z", "updated_at": "2020-08-27T14:13:02Z", "pushed_at": "2010-09-20T08:04:48Z", "size": 78, "stargazers_count": 8, "watchers_count": 8, "language": null, "has_issues": true, "has_projects": true, "has_downloads": true, "has_wiki": true, "has_pages": false, "has_discussions": false, "forks_count": 0, "mirror_url": null, "archived": true, "disabled": false, "open_issues_count": 0, "license": null, "allow_forking": true, "is_template": false, "web_commit_signoff_required": false, "topics": [], "default_branch": "master", "permissions": {"admin": false, "maintain": false, "push": false, "triage": false, "pull": true}, "_id": 687143}, {"owner": {"type": "User", "site_admin": false}, "fork": false, "created_at": "2010-05-26T12:38:55Z", "updated_at": "2022-11-16T18:31:30Z", "pushed_at": "2022-11-11T01:14:39Z", "size": 1144, "stargazers_count": 339, "watchers_count": 339, "language": "Python", "has_issues": true, "has_projects": false, "has_downloads": true, "has_wiki": false, "has_pages": false, "has_discussions": false, "forks_count": 138, "mirror_url": null, "archived": false, "disabled": false, "open_issues_count": 22, "license": {"key": "bsd-3-clause", "name": "BSD 3-Clause \"New\" or \"Revised\" License", "spdx_id": "BSD-3-Clause", "url": "https://api.github.com/licenses/bsd-3-clause", "node_id": "MDc6TGljZW5zZTU="}, "allow_forking": true, "is_template": false, "web_commit_signoff_required": false, "topics": ["breadcrumbs", "django", "menu", "menu-generator", "menu-navigation", "navigation", "python", "sitetree"], "default_branch": "master", "permissions": {"admin": false, "maintain": false, "push": false, "triage": false, "pull": true}, "_id": 687157}, {"owner": {"type": "User", "site_admin": false}, "fork": false, "created_at": "2010-05-26T12:50:10Z", "updated_at": "2020-10-14T11:58:14Z", "pushed_at": "2010-05-26T13:04:14Z", "size": 90, "stargazers_count": 9, "watchers_count": 9, "language": null, "has_issues": true, "has_projects": true, "has_downloads": true, "has_wiki": true, "has_pages": false, "has_discussions": false, "forks_count": 2, "mirror_url": null, "archived": false, "disabled": false, "open_issues_count": 1, "license": null, "allow_forking": true, "is_template": false, "web_commit_signoff_required": false, "topics": [], "default_branch": "master", "permissions": {"admin": false, "maintain": false, "push": false, "triage": false, "pull": true}, "_id": 687168}, {"owner": {"type": "User", "site_admin": false}, "fork": false, "created_at": "2010-05-26T12:54:16Z", "updated_at": "2021-10-28T20:06:40Z", "pushed_at": "2010-05-26T13:19:55Z", "size": 118, "stargazers_count": 10, "watchers_count": 10, "language": "C#", "has_issues": true, "has_projects": true, "has_downloads": true, "has_wiki": true, "has_pages": false, "has_discussions": false, "forks_count": 3, "mirror_url": null, "archived": false, "disabled": false, "open_issues_count": 1, "license": {"key": "bsd-3-clause", "name": "BSD 3-Clause \"New\" or \"Revised\" License", "spdx_id": "BSD-3-Clause", "url": "https://api.github.com/licenses/bsd-3-clause", "node_id": "MDc6TGljZW5zZTU="}, "allow_forking": true, "is_template": false, "web_commit_signoff_required": false, "topics": [], "default_branch": "master", "permissions": {"admin": false, "maintain": false, "push": false, "triage": false, "pull": true}, "_id": 687173}, {"owner": {"type": "Organization", "site_admin": false}, "fork": false, "created_at": "2010-05-26T13:54:50Z", "updated_at": "2018-11-29T16:53:18Z", "pushed_at": "2011-09-22T10:52:39Z", "size": 588, "stargazers_count": 10, "watchers_count": 10, "language": "Ruby", "has_issues": true, "has_projects": true, "has_downloads": true, "has_wiki": true, "has_pages": false, "has_discussions": false, "forks_count": 7, "mirror_url": null, "archived": false, "disabled": false, "open_issues_count": 1, "license": {"key": "mit", "name": "MIT License", "spdx_id": "MIT", "url": "https://api.github.com/licenses/mit", "node_id": "MDc6TGljZW5zZTEz"}, "allow_forking": true, "is_template": false, "web_commit_signoff_required": false, "topics": [], "default_branch": "master", "permissions": {"admin": false, "maintain": false, "push": false, "triage": false, "pull": true}, "_id": 687274}, {"owner": {"type": "User", "site_admin": false}, "fork": false, "created_at": "2010-05-26T14:13:22Z", "updated_at": "2017-05-19T16:16:19Z", "pushed_at": "2010-06-09T17:16:00Z", "size": 92, "stargazers_count": 9, "watchers_count": 9, "language": "JavaScript", "has_issues": true, "has_projects": true, "has_downloads": true, "has_wiki": true, "has_pages": false, "has_discussions": false, "forks_count": 0, "mirror_url": null, "archived": false, "disabled": false, "open_issues_count": 0, "license": null, "allow_forking": true, "is_template": false, "web_commit_signoff_required": false, "topics": [], "default_branch": "master", "permissions": {"admin": false, "maintain": false, "push": false, "triage": false, "pull": true}, "_id": 687314}, {"owner": {"type": "User", "site_admin": false}, "fork": false, "created_at": "2010-05-26T14:15:07Z", "updated_at": "2022-11-11T12:06:06Z", "pushed_at": "2018-08-08T14:43:36Z", "size": 190, "stargazers_count": 307, "watchers_count": 307, "language": "Java", "has_issues": true, "has_projects": true, "has_downloads": true, "has_wiki": true, "has_pages": true, "has_discussions": false, "forks_count": 144, "mirror_url": null, "archived": false, "disabled": false, "open_issues_count": 20, "license": null, "allow_forking": true, "is_template": false, "web_commit_signoff_required": false, "topics": [], "default_branch": "master", "permissions": {"admin": false, "maintain": false, "push": false, "triage": false, "pull": true}, "_id": 687316}, {"owner": {"type": "User", "site_admin": false}, "fork": false, "created_at": "2010-05-26T14:35:11Z", "updated_at": "2022-03-15T18:38:09Z", "pushed_at": "2010-06-11T19:48:10Z", "size": 45273, "stargazers_count": 7, "watchers_count": 7, "language": "Python", "has_issues": true, "has_projects": true, "has_downloads": true, "has_wiki": true, "has_pages": false, "has_discussions": false, "forks_count": 2, "mirror_url": null, "archived": false, "disabled": false, "open_issues_count": 0, "license": null, "allow_forking": true, "is_template": false, "web_commit_signoff_required": false, "topics": [], "default_branch": "master", "permissions": {"admin": false, "maintain": false, "push": false, "triage": false, "pull": true}, "_id": 687353}, {"owner": {"type": "Organization", "site_admin": false}, "fork": false, "created_at": "2010-05-26T14:53:21Z", "updated_at": "2021-05-25T05:23:21Z", "pushed_at": "2020-09-27T13:49:38Z", "size": 6516, "stargazers_count": 29, "watchers_count": 29, "language": "C", "has_issues": true, "has_projects": true, "has_downloads": true, "has_wiki": true, "has_pages": true, "has_discussions": false, "forks_count": 19, "mirror_url": null, "archived": false, "disabled": false, "open_issues_count": 7, "license": null, "allow_forking": true, "is_template": false, "web_commit_signoff_required": false, "topics": ["iot", "operating-system"], "default_branch": "master", "permissions": {"admin": false, "maintain": false, "push": false, "triage": false, "pull": true}, "_id": 687385}, {"owner": {"type": "User", "site_admin": false}, "fork": false, "created_at": "2010-05-26T15:24:25Z", "updated_at": "2022-03-10T06:33:00Z", "pushed_at": "2011-04-28T03:00:59Z", "size": 690, "stargazers_count": 46, "watchers_count": 46, "language": "Ruby", "has_issues": true, "has_projects": true, "has_downloads": true, "has_wiki": true, "has_pages": false, "has_discussions": false, "forks_count": 10, "mirror_url": null, "archived": true, "disabled": false, "open_issues_count": 0, "license": {"key": "mit", "name": "MIT License", "spdx_id": "MIT", "url": "https://api.github.com/licenses/mit", "node_id": "MDc6TGljZW5zZTEz"}, "allow_forking": true, "is_template": false, "web_commit_signoff_required": false, "topics": [], "default_branch": "master", "permissions": {"admin": false, "maintain": false, "push": false, "triage": false, "pull": true}, "_id": 687428}, {"owner": {"type": "User", "site_admin": false}, "fork": false, "created_at": "2010-05-26T15:35:53Z", "updated_at": "2021-09-08T16:31:21Z", "pushed_at": "2020-05-04T22:52:02Z", "size": 938, "stargazers_count": 17, "watchers_count": 17, "language": "JavaScript", "has_issues": true, "has_projects": false, "has_downloads": false, "has_wiki": false, "has_pages": false, "has_discussions": false, "forks_count": 4, "mirror_url": null, "archived": true, "disabled": false, "open_issues_count": 1, "license": {"key": "gpl-3.0", "name": "GNU General Public License v3.0", "spdx_id": "GPL-3.0", "url": "https://api.github.com/licenses/gpl-3.0", "node_id": "MDc6TGljZW5zZTk="}, "allow_forking": true, "is_template": false, "web_commit_signoff_required": false, "topics": [], "default_branch": "master", "permissions": {"admin": false, "maintain": false, "push": false, "triage": false, "pull": true}, "_id": 687459}, {"owner": {"type": "User", "site_admin": false}, "fork": false, "created_at": "2010-05-26T15:38:31Z", "updated_at": "2020-05-06T10:25:48Z", "pushed_at": "2011-12-16T06:03:21Z", "size": 946, "stargazers_count": 25, "watchers_count": 25, "language": "Ruby", "has_issues": true, "has_projects": true, "has_downloads": true, "has_wiki": true, "has_pages": false, "has_discussions": false, "forks_count": 15, "mirror_url": null, "archived": false, "disabled": false, "open_issues_count": 4, "license": {"key": "mit", "name": "MIT License", "spdx_id": "MIT", "url": "https://api.github.com/licenses/mit", "node_id": "MDc6TGljZW5zZTEz"}, "allow_forking": true, "is_template": false, "web_commit_signoff_required": false, "topics": [], "default_branch": "master", "permissions": {"admin": false, "maintain": false, "push": false, "triage": false, "pull": true}, "_id": 687468}, {"owner": {"type": "Organization", "site_admin": false}, "fork": false, "created_at": "2010-05-26T15:44:33Z", "updated_at": "2018-05-27T01:05:12Z", "pushed_at": "2010-10-17T15:51:53Z", "size": 203, "stargazers_count": 18, "watchers_count": 18, "language": "Java", "has_issues": true, "has_projects": true, "has_downloads": true, "has_wiki": true, "has_pages": false, "has_discussions": false, "forks_count": 2, "mirror_url": null, "archived": false, "disabled": false, "open_issues_count": 1, "license": {"key": "bsd-3-clause", "name": "BSD 3-Clause \"New\" or \"Revised\" License", "spdx_id": "BSD-3-Clause", "url": "https://api.github.com/licenses/bsd-3-clause", "node_id": "MDc6TGljZW5zZTU="}, "allow_forking": true, "is_template": false, "web_commit_signoff_required": false, "topics": [], "default_branch": "master", "permissions": {"admin": false, "maintain": false, "push": false, "triage": false, "pull": true}, "_id": 687479}, {"owner": {"type": "User", "site_admin": false}, "fork": false, "created_at": "2010-05-26T15:54:22Z", "updated_at": "2022-11-20T21:17:14Z", "pushed_at": "2020-06-01T21:04:28Z", "size": 9706, "stargazers_count": 199, "watchers_count": 199, "language": "C#", "has_issues": true, "has_projects": true, "has_downloads": true, "has_wiki": true, "has_pages": false, "has_discussions": false, "forks_count": 110, "mirror_url": null, "archived": false, "disabled": false, "open_issues_count": 26, "license": {"key": "gpl-2.0", "name": "GNU General Public License v2.0", "spdx_id": "GPL-2.0", "url": "https://api.github.com/licenses/gpl-2.0", "node_id": "MDc6TGljZW5zZTg="}, "allow_forking": true, "is_template": false, "web_commit_signoff_required": false, "topics": [], "default_branch": "master", "permissions": {"admin": false, "maintain": false, "push": false, "triage": false, "pull": true}, "_id": 687504}, {"owner": {"type": "User", "site_admin": false}, "fork": false, "created_at": "2010-05-26T15:58:32Z", "updated_at": "2017-07-07T06:45:01Z", "pushed_at": "2016-05-19T15:20:42Z", "size": 244, "stargazers_count": 28, "watchers_count": 28, "language": "JavaScript", "has_issues": true, "has_projects": true, "has_downloads": true, "has_wiki": true, "has_pages": false, "has_discussions": false, "forks_count": 11, "mirror_url": null, "archived": false, "disabled": false, "open_issues_count": 7, "license": null, "allow_forking": true, "is_template": false, "web_commit_signoff_required": false, "topics": [], "default_branch": "master", "permissions": {"admin": false, "maintain": false, "push": false, "triage": false, "pull": true}, "_id": 687510}, {"owner": {"type": "User", "site_admin": false}, "fork": false, "created_at": "2010-05-26T16:25:46Z", "updated_at": "2022-07-25T08:25:49Z", "pushed_at": "2013-05-07T10:15:09Z", "size": 175641, "stargazers_count": 15, "watchers_count": 15, "language": "Python", "has_issues": true, "has_projects": true, "has_downloads": true, "has_wiki": true, "has_pages": false, "has_discussions": false, "forks_count": 7, "mirror_url": null, "archived": false, "disabled": false, "open_issues_count": 0, "license": null, "allow_forking": true, "is_template": false, "web_commit_signoff_required": false, "topics": [], "default_branch": "master", "permissions": {"admin": false, "maintain": false, "push": false, "triage": false, "pull": true}, "_id": 687559}, {"owner": {"type": "User", "site_admin": false}, "fork": false, "created_at": "2010-05-26T16:32:53Z", "updated_at": "2019-08-13T14:33:54Z", "pushed_at": "2011-03-19T17:14:20Z", "size": 1642, "stargazers_count": 6, "watchers_count": 6, "language": "JavaScript", "has_issues": true, "has_projects": true, "has_downloads": true, "has_wiki": true, "has_pages": false, "has_discussions": false, "forks_count": 2, "mirror_url": null, "archived": false, "disabled": false, "open_issues_count": 0, "license": null, "allow_forking": true, "is_template": false, "web_commit_signoff_required": false, "topics": [], "default_branch": "master", "permissions": {"admin": false, "maintain": false, "push": false, "triage": false, "pull": true}, "_id": 687568}, {"owner": {"type": "User", "site_admin": false}, "fork": false, "created_at": "2010-05-26T16:49:07Z", "updated_at": "2013-12-16T19:18:24Z", "pushed_at": "2010-06-20T13:21:26Z", "size": 112, "stargazers_count": 6, "watchers_count": 6, "language": "C++", "has_issues": true, "has_projects": true, "has_downloads": true, "has_wiki": true, "has_pages": false, "has_discussions": false, "forks_count": 1, "mirror_url": null, "archived": false, "disabled": false, "open_issues_count": 0, "license": null, "allow_forking": true, "is_template": false, "web_commit_signoff_required": false, "topics": [], "default_branch": "master", "permissions": {"admin": false, "maintain": false, "push": false, "triage": false, "pull": true}, "_id": 687588}, {"owner": {"type": "Organization", "site_admin": false}, "fork": false, "created_at": "2010-05-26T16:49:56Z", "updated_at": "2019-07-15T21:14:44Z", "pushed_at": "2010-06-14T19:47:06Z", "size": 148, "stargazers_count": 28, "watchers_count": 28, "language": "C++", "has_issues": true, "has_projects": true, "has_downloads": true, "has_wiki": true, "has_pages": false, "has_discussions": false, "forks_count": 14, "mirror_url": null, "archived": false, "disabled": false, "open_issues_count": 1, "license": {"key": "other", "name": "Other", "spdx_id": "NOASSERTION", "url": null, "node_id": "MDc6TGljZW5zZTA="}, "allow_forking": true, "is_template": false, "web_commit_signoff_required": false, "topics": [], "default_branch": "master", "permissions": {"admin": false, "maintain": false, "push": false, "triage": false, "pull": true}, "_id": 687592}, {"owner": {"type": "User", "site_admin": false}, "fork": false, "created_at": "2010-05-26T17:02:56Z", "updated_at": "2022-11-10T13:42:32Z", "pushed_at": "2021-03-04T23:04:58Z", "size": 10861, "stargazers_count": 286, "watchers_count": 286, "language": "Haskell", "has_issues": true, "has_projects": true, "has_downloads": true, "has_wiki": true, "has_pages": true, "has_discussions": false, "forks_count": 25, "mirror_url": null, "archived": false, "disabled": false, "open_issues_count": 30, "license": {"key": "mit", "name": "MIT License", "spdx_id": "MIT", "url": "https://api.github.com/licenses/mit", "node_id": "MDc6TGljZW5zZTEz"}, "allow_forking": true, "is_template": false, "web_commit_signoff_required": false, "topics": ["haskell", "scheme"], "default_branch": "master", "permissions": {"admin": false, "maintain": false, "push": false, "triage": false, "pull": true}, "_id": 687620}, {"owner": {"type": "User", "site_admin": false}, "fork": false, "created_at": "2010-05-26T17:09:33Z", "updated_at": "2020-12-03T13:06:07Z", "pushed_at": "2016-03-11T13:31:35Z", "size": 9514, "stargazers_count": 7, "watchers_count": 7, "language": "C++", "has_issues": true, "has_projects": true, "has_downloads": true, "has_wiki": true, "has_pages": false, "has_discussions": false, "forks_count": 2, "mirror_url": null, "archived": false, "disabled": false, "open_issues_count": 0, "license": null, "allow_forking": true, "is_template": false, "web_commit_signoff_required": false, "topics": [], "default_branch": "master", "permissions": {"admin": false, "maintain": false, "push": false, "triage": false, "pull": true}, "_id": 687644}, {"owner": {"type": "User", "site_admin": false}, "fork": false, "created_at": "2010-05-26T17:18:08Z", "updated_at": "2013-11-14T09:59:47Z", "pushed_at": "2010-06-18T07:30:53Z", "size": 300, "stargazers_count": 8, "watchers_count": 8, "language": "Python", "has_issues": true, "has_projects": true, "has_downloads": true, "has_wiki": true, "has_pages": false, "has_discussions": false, "forks_count": 4, "mirror_url": null, "archived": false, "disabled": false, "open_issues_count": 2, "license": {"key": "mit", "name": "MIT License", "spdx_id": "MIT", "url": "https://api.github.com/licenses/mit", "node_id": "MDc6TGljZW5zZTEz"}, "allow_forking": true, "is_template": false, "web_commit_signoff_required": false, "topics": [], "default_branch": "master", "permissions": {"admin": false, "maintain": false, "push": false, "triage": false, "pull": true}, "_id": 687654}, {"owner": {"type": "User", "site_admin": false}, "fork": false, "created_at": "2010-05-26T17:53:00Z", "updated_at": "2020-12-14T15:24:11Z", "pushed_at": "2013-06-24T08:45:50Z", "size": 241, "stargazers_count": 26, "watchers_count": 26, "language": "JavaScript", "has_issues": true, "has_projects": true, "has_downloads": false, "has_wiki": false, "has_pages": false, "has_discussions": false, "forks_count": 11, "mirror_url": null, "archived": false, "disabled": false, "open_issues_count": 1, "license": null, "allow_forking": true, "is_template": false, "web_commit_signoff_required": false, "topics": [], "default_branch": "master", "permissions": {"admin": false, "maintain": false, "push": false, "triage": false, "pull": true}, "_id": 687729}, {"owner": {"type": "User", "site_admin": false}, "fork": false, "created_at": "2010-05-26T18:03:58Z", "updated_at": "2019-12-31T20:53:09Z", "pushed_at": "2011-07-11T01:02:56Z", "size": 8958, "stargazers_count": 8, "watchers_count": 8, "language": "JavaScript", "has_issues": true, "has_projects": true, "has_downloads": true, "has_wiki": true, "has_pages": true, "has_discussions": false, "forks_count": 3, "mirror_url": null, "archived": false, "disabled": false, "open_issues_count": 0, "license": null, "allow_forking": true, "is_template": false, "web_commit_signoff_required": false, "topics": [], "default_branch": "master", "permissions": {"admin": false, "maintain": false, "push": false, "triage": false, "pull": true}, "_id": 687744}, {"owner": {"type": "User", "site_admin": false}, "fork": false, "created_at": "2010-05-26T18:13:42Z", "updated_at": "2022-03-30T10:43:31Z", "pushed_at": "2016-03-21T12:42:55Z", "size": 1348, "stargazers_count": 14, "watchers_count": 14, "language": "Python", "has_issues": true, "has_projects": true, "has_downloads": true, "has_wiki": true, "has_pages": false, "has_discussions": false, "forks_count": 9, "mirror_url": null, "archived": false, "disabled": false, "open_issues_count": 1, "license": {"key": "mit", "name": "MIT License", "spdx_id": "MIT", "url": "https://api.github.com/licenses/mit", "node_id": "MDc6TGljZW5zZTEz"}, "allow_forking": true, "is_template": false, "web_commit_signoff_required": false, "topics": [], "default_branch": "master", "permissions": {"admin": false, "maintain": false, "push": false, "triage": false, "pull": true}, "_id": 687759}, {"owner": {"type": "Organization", "site_admin": false}, "fork": false, "created_at": "2010-05-26T18:22:52Z", "updated_at": "2022-07-20T05:29:10Z", "pushed_at": "2017-11-02T00:30:47Z", "size": 709, "stargazers_count": 52, "watchers_count": 52, "language": "C", "has_issues": true, "has_projects": true, "has_downloads": true, "has_wiki": true, "has_pages": true, "has_discussions": false, "forks_count": 17, "mirror_url": null, "archived": false, "disabled": false, "open_issues_count": 2, "license": {"key": "apache-2.0", "name": "Apache License 2.0", "spdx_id": "Apache-2.0", "url": "https://api.github.com/licenses/apache-2.0", "node_id": "MDc6TGljZW5zZTI="}, "allow_forking": true, "is_template": false, "web_commit_signoff_required": false, "topics": [], "default_branch": "master", "permissions": {"admin": false, "maintain": false, "push": false, "triage": false, "pull": true}, "_id": 687769}, {"owner": {"type": "User", "site_admin": false}, "fork": false, "created_at": "2010-05-26T18:38:06Z", "updated_at": "2022-08-26T17:30:14Z", "pushed_at": "2010-08-17T19:03:33Z", "size": 280, "stargazers_count": 6, "watchers_count": 6, "language": "C", "has_issues": false, "has_projects": true, "has_downloads": true, "has_wiki": false, "has_pages": false, "has_discussions": false, "forks_count": 0, "mirror_url": null, "archived": false, "disabled": false, "open_issues_count": 2, "license": null, "allow_forking": true, "is_template": false, "web_commit_signoff_required": false, "topics": [], "default_branch": "master", "permissions": {"admin": false, "maintain": false, "push": false, "triage": false, "pull": true}, "_id": 687802}, {"owner": {"type": "Organization", "site_admin": false}, "fork": false, "created_at": "2010-05-26T18:42:33Z", "updated_at": "2013-09-30T10:33:06Z", "pushed_at": "2010-06-22T16:43:22Z", "size": 132, "stargazers_count": 7, "watchers_count": 7, "language": "C++", "has_issues": true, "has_projects": true, "has_downloads": true, "has_wiki": true, "has_pages": false, "has_discussions": false, "forks_count": 5, "mirror_url": null, "archived": false, "disabled": false, "open_issues_count": 0, "license": {"key": "apache-2.0", "name": "Apache License 2.0", "spdx_id": "Apache-2.0", "url": "https://api.github.com/licenses/apache-2.0", "node_id": "MDc6TGljZW5zZTI="}, "allow_forking": true, "is_template": false, "web_commit_signoff_required": false, "topics": [], "default_branch": "master", "permissions": {"admin": false, "maintain": false, "push": false, "triage": false, "pull": true}, "_id": 687809}, {"owner": {"type": "User", "site_admin": false}, "fork": false, "created_at": "2010-05-26T18:47:43Z", "updated_at": "2019-02-18T15:41:22Z", "pushed_at": "2010-11-29T19:06:20Z", "size": 126, "stargazers_count": 6, "watchers_count": 6, "language": "C#", "has_issues": true, "has_projects": true, "has_downloads": true, "has_wiki": true, "has_pages": false, "has_discussions": false, "forks_count": 0, "mirror_url": null, "archived": false, "disabled": false, "open_issues_count": 0, "license": null, "allow_forking": true, "is_template": false, "web_commit_signoff_required": false, "topics": [], "default_branch": "master", "permissions": {"admin": false, "maintain": false, "push": false, "triage": false, "pull": true}, "_id": 687818}, {"owner": {"type": "User", "site_admin": false}, "fork": false, "created_at": "2010-05-26T18:48:43Z", "updated_at": "2019-08-22T22:51:18Z", "pushed_at": "2013-01-18T16:03:24Z", "size": 5230, "stargazers_count": 6, "watchers_count": 6, "language": "JavaScript", "has_issues": true, "has_projects": true, "has_downloads": true, "has_wiki": true, "has_pages": true, "has_discussions": false, "forks_count": 0, "mirror_url": null, "archived": false, "disabled": false, "open_issues_count": 4, "license": null, "allow_forking": true, "is_template": false, "web_commit_signoff_required": false, "topics": [], "default_branch": "master", "permissions": {"admin": false, "maintain": false, "push": false, "triage": false, "pull": true}, "_id": 687821}, {"owner": {"type": "Organization", "site_admin": false}, "fork": false, "created_at": "2010-05-26T18:55:41Z", "updated_at": "2022-11-25T06:58:28Z", "pushed_at": "2022-04-12T07:13:54Z", "size": 5327, "stargazers_count": 9573, "watchers_count": 9573, "language": "JavaScript", "has_issues": true, "has_projects": false, "has_downloads": true, "has_wiki": true, "has_pages": true, "has_discussions": false, "forks_count": 1147, "mirror_url": null, "archived": false, "disabled": false, "open_issues_count": 4, "license": {"key": "mit", "name": "MIT License", "spdx_id": "MIT", "url": "https://api.github.com/licenses/mit", "node_id": "MDc6TGljZW5zZTEz"}, "allow_forking": true, "is_template": false, "web_commit_signoff_required": false, "topics": ["javascript", "nodejs"], "default_branch": "master", "permissions": {"admin": false, "maintain": false, "push": false, "triage": false, "pull": true}, "_id": 687836}, {"owner": {"type": "User", "site_admin": false}, "fork": false, "created_at": "2010-05-26T18:58:52Z", "updated_at": "2020-06-10T10:13:07Z", "pushed_at": "2014-04-06T13:39:38Z", "size": 295, "stargazers_count": 24, "watchers_count": 24, "language": "CSS", "has_issues": false, "has_projects": true, "has_downloads": true, "has_wiki": false, "has_pages": false, "has_discussions": false, "forks_count": 12, "mirror_url": null, "archived": true, "disabled": false, "open_issues_count": 0, "license": {"key": "other", "name": "Other", "spdx_id": "NOASSERTION", "url": null, "node_id": "MDc6TGljZW5zZTA="}, "allow_forking": true, "is_template": false, "web_commit_signoff_required": false, "topics": ["deprecated"], "default_branch": "master", "permissions": {"admin": false, "maintain": false, "push": false, "triage": false, "pull": true}, "_id": 687847}, {"owner": {"type": "User", "site_admin": false}, "fork": false, "created_at": "2010-05-26T19:08:02Z", "updated_at": "2016-03-16T18:31:26Z", "pushed_at": "2012-12-11T21:28:06Z", "size": 3981, "stargazers_count": 11, "watchers_count": 11, "language": "JavaScript", "has_issues": true, "has_projects": true, "has_downloads": true, "has_wiki": true, "has_pages": false, "has_discussions": false, "forks_count": 1, "mirror_url": null, "archived": false, "disabled": false, "open_issues_count": 0, "license": {"key": "other", "name": "Other", "spdx_id": "NOASSERTION", "url": null, "node_id": "MDc6TGljZW5zZTA="}, "allow_forking": true, "is_template": false, "web_commit_signoff_required": false, "topics": [], "default_branch": "master", "permissions": {"admin": false, "maintain": false, "push": false, "triage": false, "pull": true}, "_id": 687859}, {"owner": {"type": "User", "site_admin": false}, "fork": false, "created_at": "2010-05-26T19:26:32Z", "updated_at": "2014-09-08T20:58:00Z", "pushed_at": "2010-05-29T17:56:58Z", "size": 100, "stargazers_count": 8, "watchers_count": 8, "language": "Perl", "has_issues": true, "has_projects": true, "has_downloads": true, "has_wiki": true, "has_pages": false, "has_discussions": false, "forks_count": 0, "mirror_url": null, "archived": false, "disabled": false, "open_issues_count": 0, "license": null, "allow_forking": true, "is_template": false, "web_commit_signoff_required": false, "topics": [], "default_branch": "master", "permissions": {"admin": false, "maintain": false, "push": false, "triage": false, "pull": true}, "_id": 687891}, {"owner": {"type": "User", "site_admin": false}, "fork": false, "created_at": "2010-05-26T19:29:37Z", "updated_at": "2019-09-18T20:41:22Z", "pushed_at": "2012-07-27T00:19:47Z", "size": 1352, "stargazers_count": 7, "watchers_count": 7, "language": "C", "has_issues": true, "has_projects": true, "has_downloads": true, "has_wiki": true, "has_pages": false, "has_discussions": false, "forks_count": 0, "mirror_url": null, "archived": false, "disabled": false, "open_issues_count": 0, "license": {"key": "gpl-3.0", "name": "GNU General Public License v3.0", "spdx_id": "GPL-3.0", "url": "https://api.github.com/licenses/gpl-3.0", "node_id": "MDc6TGljZW5zZTk="}, "allow_forking": true, "is_template": false, "web_commit_signoff_required": false, "topics": [], "default_branch": "master", "permissions": {"admin": false, "maintain": false, "push": false, "triage": false, "pull": true}, "_id": 687899}, {"owner": {"type": "Organization", "site_admin": false}, "fork": false, "created_at": "2010-05-26T19:56:10Z", "updated_at": "2021-12-08T14:43:20Z", "pushed_at": "2022-11-21T20:17:40Z", "size": 138184, "stargazers_count": 27, "watchers_count": 27, "language": "Java", "has_issues": true, "has_projects": true, "has_downloads": true, "has_wiki": true, "has_pages": false, "has_discussions": false, "forks_count": 37, "mirror_url": null, "archived": false, "disabled": false, "open_issues_count": 7, "license": null, "allow_forking": true, "is_template": false, "web_commit_signoff_required": false, "topics": [], "default_branch": "master", "permissions": {"admin": false, "maintain": false, "push": false, "triage": false, "pull": true}, "_id": 687946}, {"owner": {"type": "User", "site_admin": false}, "fork": false, "created_at": "2010-05-26T20:16:21Z", "updated_at": "2022-10-16T17:51:48Z", "pushed_at": "2019-03-26T11:33:02Z", "size": 468, "stargazers_count": 87, "watchers_count": 87, "language": "C", "has_issues": true, "has_projects": true, "has_downloads": true, "has_wiki": true, "has_pages": true, "has_discussions": false, "forks_count": 24, "mirror_url": null, "archived": false, "disabled": false, "open_issues_count": 11, "license": {"key": "mit", "name": "MIT License", "spdx_id": "MIT", "url": "https://api.github.com/licenses/mit", "node_id": "MDc6TGljZW5zZTEz"}, "allow_forking": true, "is_template": false, "web_commit_signoff_required": false, "topics": [], "default_branch": "master", "permissions": {"admin": false, "maintain": false, "push": false, "triage": false, "pull": true}, "_id": 687986}, {"owner": {"type": "User", "site_admin": false}, "fork": false, "created_at": "2010-05-26T20:28:33Z", "updated_at": "2018-06-29T11:33:28Z", "pushed_at": "2011-01-19T10:54:20Z", "size": 170, "stargazers_count": 15, "watchers_count": 15, "language": "Python", "has_issues": true, "has_projects": true, "has_downloads": true, "has_wiki": false, "has_pages": false, "has_discussions": false, "forks_count": 4, "mirror_url": null, "archived": false, "disabled": false, "open_issues_count": 1, "license": {"key": "other", "name": "Other", "spdx_id": "NOASSERTION", "url": null, "node_id": "MDc6TGljZW5zZTA="}, "allow_forking": true, "is_template": false, "web_commit_signoff_required": false, "topics": [], "default_branch": "master", "permissions": {"admin": false, "maintain": false, "push": false, "triage": false, "pull": true}, "_id": 688018}, {"owner": {"type": "User", "site_admin": false}, "fork": false, "created_at": "2010-05-26T20:33:03Z", "updated_at": "2022-11-25T16:42:52Z", "pushed_at": "2022-06-21T21:07:18Z", "size": 1663, "stargazers_count": 62, "watchers_count": 62, "language": "C", "has_issues": true, "has_projects": true, "has_downloads": false, "has_wiki": false, "has_pages": false, "has_discussions": false, "forks_count": 35, "mirror_url": null, "archived": false, "disabled": false, "open_issues_count": 19, "license": {"key": "gpl-3.0", "name": "GNU General Public License v3.0", "spdx_id": "GPL-3.0", "url": "https://api.github.com/licenses/gpl-3.0", "node_id": "MDc6TGljZW5zZTk="}, "allow_forking": true, "is_template": false, "web_commit_signoff_required": false, "topics": [], "default_branch": "master", "permissions": {"admin": false, "maintain": false, "push": false, "triage": false, "pull": true}, "_id": 688025}, {"owner": {"type": "User", "site_admin": false}, "fork": false, "created_at": "2010-05-26T20:39:28Z", "updated_at": "2022-07-12T12:33:35Z", "pushed_at": "2022-10-07T14:45:41Z", "size": 287185, "stargazers_count": 23, "watchers_count": 23, "language": "Lex", "has_issues": true, "has_projects": true, "has_downloads": true, "has_wiki": true, "has_pages": false, "has_discussions": false, "forks_count": 2, "mirror_url": null, "archived": false, "disabled": false, "open_issues_count": 187, "license": null, "allow_forking": true, "is_template": false, "web_commit_signoff_required": false, "topics": [], "default_branch": "master", "permissions": {"admin": false, "maintain": false, "push": false, "triage": false, "pull": true}, "_id": 688042}, {"owner": {"type": "User", "site_admin": false}, "fork": false, "created_at": "2010-05-26T21:11:34Z", "updated_at": "2022-09-06T02:42:05Z", "pushed_at": "2011-02-09T08:28:01Z", "size": 2535, "stargazers_count": 13, "watchers_count": 13, "language": "Objective-C", "has_issues": true, "has_projects": true, "has_downloads": true, "has_wiki": true, "has_pages": false, "has_discussions": false, "forks_count": 3, "mirror_url": null, "archived": false, "disabled": false, "open_issues_count": 0, "license": null, "allow_forking": true, "is_template": false, "web_commit_signoff_required": false, "topics": [], "default_branch": "master", "permissions": {"admin": false, "maintain": false, "push": false, "triage": false, "pull": true}, "_id": 688110}, {"owner": {"type": "Organization", "site_admin": false}, "fork": false, "created_at": "2010-05-26T21:28:09Z", "updated_at": "2022-11-16T15:54:24Z", "pushed_at": "2019-01-05T20:55:22Z", "size": 98908, "stargazers_count": 382, "watchers_count": 382, "language": "Java", "has_issues": true, "has_projects": true, "has_downloads": true, "has_wiki": true, "has_pages": true, "has_discussions": false, "forks_count": 57, "mirror_url": null, "archived": false, "disabled": false, "open_issues_count": 10, "license": null, "allow_forking": true, "is_template": false, "web_commit_signoff_required": false, "topics": [], "default_branch": "master", "permissions": {"admin": false, "maintain": false, "push": false, "triage": false, "pull": true}, "_id": 688133}, {"owner": {"type": "User", "site_admin": false}, "fork": false, "created_at": "2010-05-26T21:29:51Z", "updated_at": "2022-11-15T20:40:48Z", "pushed_at": "2022-10-12T17:52:33Z", "size": 4201, "stargazers_count": 97, "watchers_count": 97, "language": "C", "has_issues": true, "has_projects": true, "has_downloads": true, "has_wiki": true, "has_pages": false, "has_discussions": false, "forks_count": 65, "mirror_url": null, "archived": false, "disabled": false, "open_issues_count": 29, "license": {"key": "gpl-2.0", "name": "GNU General Public License v2.0", "spdx_id": "GPL-2.0", "url": "https://api.github.com/licenses/gpl-2.0", "node_id": "MDc6TGljZW5zZTg="}, "allow_forking": true, "is_template": false, "web_commit_signoff_required": false, "topics": [], "default_branch": "master", "permissions": {"admin": false, "maintain": false, "push": false, "triage": false, "pull": true}, "_id": 688140}, {"owner": {"type": "User", "site_admin": false}, "fork": false, "created_at": "2010-05-26T21:31:05Z", "updated_at": "2022-10-31T13:45:03Z", "pushed_at": "2012-07-17T13:58:42Z", "size": 7609, "stargazers_count": 53, "watchers_count": 53, "language": "Python", "has_issues": true, "has_projects": true, "has_downloads": true, "has_wiki": true, "has_pages": false, "has_discussions": false, "forks_count": 31, "mirror_url": null, "archived": false, "disabled": false, "open_issues_count": 2, "license": {"key": "other", "name": "Other", "spdx_id": "NOASSERTION", "url": null, "node_id": "MDc6TGljZW5zZTA="}, "allow_forking": true, "is_template": false, "web_commit_signoff_required": false, "topics": [], "default_branch": "master", "permissions": {"admin": false, "maintain": false, "push": false, "triage": false, "pull": true}, "_id": 688143}, {"owner": {"type": "User", "site_admin": false}, "fork": false, "created_at": "2010-05-26T21:33:56Z", "updated_at": "2017-02-25T01:38:26Z", "pushed_at": "2010-05-26T21:34:25Z", "size": 688, "stargazers_count": 7, "watchers_count": 7, "language": null, "has_issues": true, "has_projects": true, "has_downloads": true, "has_wiki": true, "has_pages": false, "has_discussions": false, "forks_count": 7, "mirror_url": null, "archived": false, "disabled": false, "open_issues_count": 0, "license": null, "allow_forking": true, "is_template": false, "web_commit_signoff_required": false, "topics": [], "default_branch": "master", "permissions": {"admin": false, "maintain": false, "push": false, "triage": false, "pull": true}, "_id": 688149}, {"owner": {"type": "User", "site_admin": false}, "fork": false, "created_at": "2010-05-26T21:35:57Z", "updated_at": "2022-10-30T08:12:37Z", "pushed_at": "2010-05-26T23:19:46Z", "size": 1916, "stargazers_count": 312, "watchers_count": 312, "language": null, "has_issues": false, "has_projects": true, "has_downloads": true, "has_wiki": false, "has_pages": false, "has_discussions": false, "forks_count": 99, "mirror_url": null, "archived": false, "disabled": false, "open_issues_count": 49, "license": null, "allow_forking": true, "is_template": false, "web_commit_signoff_required": false, "topics": [], "default_branch": "master", "permissions": {"admin": false, "maintain": false, "push": false, "triage": false, "pull": true}, "_id": 688155}, {"owner": {"type": "Organization", "site_admin": false}, "fork": false, "created_at": "2010-05-26T21:38:36Z", "updated_at": "2022-11-25T12:01:32Z", "pushed_at": "2022-01-14T18:21:11Z", "size": 729, "stargazers_count": 3513, "watchers_count": 3513, "language": "JavaScript", "has_issues": true, "has_projects": true, "has_downloads": true, "has_wiki": true, "has_pages": true, "has_discussions": false, "forks_count": 1714, "mirror_url": null, "archived": false, "disabled": false, "open_issues_count": 93, "license": {"key": "other", "name": "Other", "spdx_id": "NOASSERTION", "url": null, "node_id": "MDc6TGljZW5zZTA="}, "allow_forking": true, "is_template": false, "web_commit_signoff_required": false, "topics": ["ajax-autocomplete", "autocomplete", "autosuggest"], "default_branch": "master", "permissions": {"admin": false, "maintain": false, "push": false, "triage": false, "pull": true}, "_id": 688157}, {"owner": {"type": "User", "site_admin": false}, "fork": false, "created_at": "2010-05-26T21:48:16Z", "updated_at": "2022-06-12T07:33:05Z", "pushed_at": "2012-10-04T23:29:07Z", "size": 140, "stargazers_count": 28, "watchers_count": 28, "language": "Emacs Lisp", "has_issues": true, "has_projects": true, "has_downloads": true, "has_wiki": true, "has_pages": true, "has_discussions": false, "forks_count": 2, "mirror_url": null, "archived": false, "disabled": false, "open_issues_count": 0, "license": null, "allow_forking": true, "is_template": false, "web_commit_signoff_required": false, "topics": ["emacs", "jenkins"], "default_branch": "master", "permissions": {"admin": false, "maintain": false, "push": false, "triage": false, "pull": true}, "_id": 688175}, {"owner": {"type": "User", "site_admin": false}, "fork": false, "created_at": "2010-05-26T21:57:29Z", "updated_at": "2013-10-21T11:16:15Z", "pushed_at": "2011-05-04T14:25:59Z", "size": 122, "stargazers_count": 8, "watchers_count": 8, "language": "Ruby", "has_issues": true, "has_projects": true, "has_downloads": true, "has_wiki": true, "has_pages": false, "has_discussions": false, "forks_count": 4, "mirror_url": null, "archived": false, "disabled": false, "open_issues_count": 0, "license": {"key": "mit", "name": "MIT License", "spdx_id": "MIT", "url": "https://api.github.com/licenses/mit", "node_id": "MDc6TGljZW5zZTEz"}, "allow_forking": true, "is_template": false, "web_commit_signoff_required": false, "topics": [], "default_branch": "master", "permissions": {"admin": false, "maintain": false, "push": false, "triage": false, "pull": true}, "_id": 688189}, {"owner": {"type": "User", "site_admin": false}, "fork": false, "created_at": "2010-05-26T22:01:53Z", "updated_at": "2019-10-11T16:26:07Z", "pushed_at": "2010-06-18T15:34:40Z", "size": 140, "stargazers_count": 7, "watchers_count": 7, "language": "Ruby", "has_issues": true, "has_projects": true, "has_downloads": true, "has_wiki": false, "has_pages": false, "has_discussions": false, "forks_count": 2, "mirror_url": null, "archived": false, "disabled": false, "open_issues_count": 0, "license": null, "allow_forking": true, "is_template": false, "web_commit_signoff_required": false, "topics": [], "default_branch": "master", "permissions": {"admin": false, "maintain": false, "push": false, "triage": false, "pull": true}, "_id": 688196}, {"owner": {"type": "User", "site_admin": false}, "fork": false, "created_at": "2010-05-26T22:12:06Z", "updated_at": "2022-11-25T09:30:56Z", "pushed_at": "2022-06-06T20:08:45Z", "size": 44921, "stargazers_count": 6972, "watchers_count": 6972, "language": "JavaScript", "has_issues": true, "has_projects": true, "has_downloads": true, "has_wiki": true, "has_pages": true, "has_discussions": false, "forks_count": 933, "mirror_url": null, "archived": false, "disabled": false, "open_issues_count": 112, "license": {"key": "other", "name": "Other", "spdx_id": "NOASSERTION", "url": null, "node_id": "MDc6TGljZW5zZTA="}, "allow_forking": true, "is_template": false, "web_commit_signoff_required": false, "topics": [], "default_branch": "master", "permissions": {"admin": false, "maintain": false, "push": false, "triage": false, "pull": true}, "_id": 688208}, {"owner": {"type": "User", "site_admin": false}, "fork": false, "created_at": "2010-05-26T22:16:30Z", "updated_at": "2015-11-02T19:32:02Z", "pushed_at": "2010-07-01T06:02:43Z", "size": 108, "stargazers_count": 6, "watchers_count": 6, "language": "Ruby", "has_issues": false, "has_projects": true, "has_downloads": true, "has_wiki": true, "has_pages": false, "has_discussions": false, "forks_count": 0, "mirror_url": null, "archived": false, "disabled": false, "open_issues_count": 0, "license": null, "allow_forking": true, "is_template": false, "web_commit_signoff_required": false, "topics": [], "default_branch": "master", "permissions": {"admin": false, "maintain": false, "push": false, "triage": false, "pull": true}, "_id": 688220}, {"owner": {"type": "User", "site_admin": false}, "fork": false, "created_at": "2010-05-26T22:25:30Z", "updated_at": "2014-06-01T03:44:07Z", "pushed_at": "2012-10-06T13:21:23Z", "size": 22588, "stargazers_count": 6, "watchers_count": 6, "language": "Python", "has_issues": true, "has_projects": true, "has_downloads": true, "has_wiki": true, "has_pages": false, "has_discussions": false, "forks_count": 2, "mirror_url": null, "archived": false, "disabled": false, "open_issues_count": 0, "license": null, "allow_forking": true, "is_template": false, "web_commit_signoff_required": false, "topics": [], "default_branch": "master", "permissions": {"admin": false, "maintain": false, "push": false, "triage": false, "pull": true}, "_id": 688236}, {"owner": {"type": "User", "site_admin": false}, "fork": false, "created_at": "2010-05-26T23:19:51Z", "updated_at": "2014-01-09T05:25:27Z", "pushed_at": "2010-06-04T03:19:51Z", "size": 2280, "stargazers_count": 12, "watchers_count": 12, "language": "Objective-J", "has_issues": true, "has_projects": true, "has_downloads": true, "has_wiki": true, "has_pages": false, "has_discussions": false, "forks_count": 0, "mirror_url": null, "archived": false, "disabled": false, "open_issues_count": 0, "license": null, "allow_forking": true, "is_template": false, "web_commit_signoff_required": false, "topics": [], "default_branch": "master", "permissions": {"admin": false, "maintain": false, "push": false, "triage": false, "pull": true}, "_id": 688320}, {"owner": {"type": "Organization", "site_admin": false}, "fork": false, "created_at": "2010-05-26T23:38:07Z", "updated_at": "2022-11-26T00:58:28Z", "pushed_at": "2022-11-19T16:26:48Z", "size": 91305, "stargazers_count": 6601, "watchers_count": 6601, "language": "Java", "has_issues": true, "has_projects": false, "has_downloads": true, "has_wiki": false, "has_pages": false, "has_discussions": false, "forks_count": 1799, "mirror_url": null, "archived": false, "disabled": false, "open_issues_count": 628, "license": {"key": "apache-2.0", "name": "Apache License 2.0", "spdx_id": "Apache-2.0", "url": "https://api.github.com/licenses/apache-2.0", "node_id": "MDc6TGljZW5zZTI="}, "allow_forking": true, "is_template": false, "web_commit_signoff_required": false, "topics": ["java", "performance", "test"], "default_branch": "master", "permissions": {"admin": false, "maintain": false, "push": false, "triage": false, "pull": true}, "_id": 688352}, {"owner": {"type": "Organization", "site_admin": false}, "fork": false, "created_at": "2010-05-26T23:38:07Z", "updated_at": "2021-11-10T13:40:23Z", "pushed_at": "2017-04-28T16:50:30Z", "size": 292, "stargazers_count": 6, "watchers_count": 6, "language": "CSS", "has_issues": false, "has_projects": true, "has_downloads": true, "has_wiki": false, "has_pages": false, "has_discussions": false, "forks_count": 7, "mirror_url": null, "archived": false, "disabled": false, "open_issues_count": 0, "license": {"key": "apache-2.0", "name": "Apache License 2.0", "spdx_id": "Apache-2.0", "url": "https://api.github.com/licenses/apache-2.0", "node_id": "MDc6TGljZW5zZTI="}, "allow_forking": true, "is_template": false, "web_commit_signoff_required": false, "topics": ["log4j"], "default_branch": "trunk", "permissions": {"admin": false, "maintain": false, "push": false, "triage": false, "pull": true}, "_id": 688354}, {"owner": {"type": "Organization", "site_admin": false}, "fork": false, "created_at": "2010-05-26T23:38:07Z", "updated_at": "2022-10-04T09:53:22Z", "pushed_at": "2017-04-28T17:01:59Z", "size": 402, "stargazers_count": 10, "watchers_count": 10, "language": "C", "has_issues": false, "has_projects": true, "has_downloads": true, "has_wiki": false, "has_pages": false, "has_discussions": false, "forks_count": 7, "mirror_url": null, "archived": false, "disabled": false, "open_issues_count": 0, "license": {"key": "apache-2.0", "name": "Apache License 2.0", "spdx_id": "Apache-2.0", "url": "https://api.github.com/licenses/apache-2.0", "node_id": "MDc6TGljZW5zZTI="}, "allow_forking": true, "is_template": false, "web_commit_signoff_required": false, "topics": ["flood"], "default_branch": "trunk", "permissions": {"admin": false, "maintain": false, "push": false, "triage": false, "pull": true}, "_id": 688355}, {"owner": {"type": "Organization", "site_admin": false}, "fork": false, "created_at": "2010-05-26T23:38:07Z", "updated_at": "2022-09-28T23:10:40Z", "pushed_at": "2022-07-01T22:19:19Z", "size": 12560, "stargazers_count": 13, "watchers_count": 13, "language": "Java", "has_issues": false, "has_projects": true, "has_downloads": true, "has_wiki": false, "has_pages": false, "has_discussions": false, "forks_count": 14, "mirror_url": null, "archived": false, "disabled": false, "open_issues_count": 2, "license": null, "allow_forking": true, "is_template": false, "web_commit_signoff_required": false, "topics": ["build-management", "java", "maven"], "default_branch": "maven-2.2.x", "permissions": {"admin": false, "maintain": false, "push": false, "triage": false, "pull": true}, "_id": 688356}, {"owner": {"type": "Organization", "site_admin": false}, "fork": false, "created_at": "2010-05-26T23:38:08Z", "updated_at": "2022-06-28T02:59:19Z", "pushed_at": "2021-01-14T11:03:03Z", "size": 180955, "stargazers_count": 27, "watchers_count": 27, "language": "Java", "has_issues": false, "has_projects": true, "has_downloads": true, "has_wiki": false, "has_pages": false, "has_discussions": false, "forks_count": 25, "mirror_url": null, "archived": false, "disabled": false, "open_issues_count": 4, "license": null, "allow_forking": true, "is_template": false, "web_commit_signoff_required": false, "topics": ["ace"], "default_branch": "trunk", "permissions": {"admin": false, "maintain": false, "push": false, "triage": false, "pull": true}, "_id": 688359}, {"owner": {"type": "Organization", "site_admin": false}, "fork": false, "created_at": "2010-05-26T23:38:08Z", "updated_at": "2022-11-24T16:44:33Z", "pushed_at": "2022-11-25T20:07:11Z", "size": 18195, "stargazers_count": 610, "watchers_count": 610, "language": "Java", "has_issues": true, "has_projects": false, "has_downloads": true, "has_wiki": false, "has_pages": false, "has_discussions": false, "forks_count": 284, "mirror_url": null, "archived": false, "disabled": false, "open_issues_count": 10, "license": {"key": "apache-2.0", "name": "Apache License 2.0", "spdx_id": "Apache-2.0", "url": "https://api.github.com/licenses/apache-2.0", "node_id": "MDc6TGljZW5zZTI="}, "allow_forking": true, "is_template": false, "web_commit_signoff_required": false, "topics": ["apache", "java", "library", "ssh"], "default_branch": "master", "permissions": {"admin": false, "maintain": false, "push": false, "triage": false, "pull": true}, "_id": 688360}, {"owner": {"type": "Organization", "site_admin": false}, "fork": false, "created_at": "2010-05-26T23:38:08Z", "updated_at": "2022-06-28T03:11:40Z", "pushed_at": "2022-07-13T18:09:37Z", "size": 3406, "stargazers_count": 16, "watchers_count": 16, "language": "Scala", "has_issues": false, "has_projects": true, "has_downloads": true, "has_wiki": false, "has_pages": false, "has_discussions": false, "forks_count": 12, "mirror_url": null, "archived": false, "disabled": false, "open_issues_count": 3, "license": {"key": "apache-2.0", "name": "Apache License 2.0", "spdx_id": "Apache-2.0", "url": "https://api.github.com/licenses/apache-2.0", "node_id": "MDc6TGljZW5zZTI="}, "allow_forking": true, "is_template": false, "web_commit_signoff_required": false, "topics": ["esme"], "default_branch": "trunk", "permissions": {"admin": false, "maintain": false, "push": false, "triage": false, "pull": true}, "_id": 688361}, {"owner": {"type": "Organization", "site_admin": false}, "fork": false, "created_at": "2010-05-26T23:38:08Z", "updated_at": "2022-07-11T06:45:19Z", "pushed_at": "2017-04-28T19:47:40Z", "size": 57816, "stargazers_count": 72, "watchers_count": 72, "language": "Java", "has_issues": false, "has_projects": true, "has_downloads": true, "has_wiki": false, "has_pages": false, "has_discussions": false, "forks_count": 38, "mirror_url": null, "archived": false, "disabled": false, "open_issues_count": 0, "license": {"key": "apache-2.0", "name": "Apache License 2.0", "spdx_id": "Apache-2.0", "url": "https://api.github.com/licenses/apache-2.0", "node_id": "MDc6TGljZW5zZTI="}, "allow_forking": true, "is_template": false, "web_commit_signoff_required": false, "topics": ["harmony"], "default_branch": "trunk", "permissions": {"admin": false, "maintain": false, "push": false, "triage": false, "pull": true}, "_id": 688363}, {"owner": {"type": "Organization", "site_admin": false}, "fork": false, "created_at": "2010-05-26T23:38:08Z", "updated_at": "2022-06-28T03:11:42Z", "pushed_at": "2017-04-28T17:03:23Z", "size": 848, "stargazers_count": 16, "watchers_count": 16, "language": "Java", "has_issues": false, "has_projects": true, "has_downloads": true, "has_wiki": false, "has_pages": false, "has_discussions": false, "forks_count": 11, "mirror_url": null, "archived": false, "disabled": false, "open_issues_count": 0, "license": {"key": "apache-2.0", "name": "Apache License 2.0", "spdx_id": "Apache-2.0", "url": "https://api.github.com/licenses/apache-2.0", "node_id": "MDc6TGljZW5zZTI="}, "allow_forking": true, "is_template": false, "web_commit_signoff_required": false, "topics": ["log4j"], "default_branch": "trunk", "permissions": {"admin": false, "maintain": false, "push": false, "triage": false, "pull": true}, "_id": 688364}, {"owner": {"type": "User", "site_admin": false}, "fork": false, "created_at": "2010-05-26T23:53:28Z", "updated_at": "2020-03-31T04:49:05Z", "pushed_at": "2011-07-21T15:52:11Z", "size": 24175, "stargazers_count": 26, "watchers_count": 26, "language": "PHP", "has_issues": true, "has_projects": true, "has_downloads": true, "has_wiki": true, "has_pages": false, "has_discussions": false, "forks_count": 11, "mirror_url": null, "archived": false, "disabled": false, "open_issues_count": 0, "license": null, "allow_forking": true, "is_template": false, "web_commit_signoff_required": false, "topics": [], "default_branch": "master", "permissions": {"admin": false, "maintain": false, "push": false, "triage": false, "pull": true}, "_id": 688389}]