[{"owner": {"type": "User", "site_admin": false}, "fork": false, "created_at": "2010-05-30T00:02:09Z", "updated_at": "2019-08-03T02:47:14Z", "pushed_at": "2019-08-02T21:09:37Z", "size": 1262, "stargazers_count": 91, "watchers_count": 91, "language": "Ruby", "has_issues": true, "has_projects": true, "has_downloads": true, "has_wiki": true, "has_pages": false, "has_discussions": false, "forks_count": 16, "mirror_url": null, "archived": false, "disabled": false, "open_issues_count": 6, "license": {"key": "mit", "name": "MIT License", "spdx_id": "MIT", "url": "https://api.github.com/licenses/mit", "node_id": "MDc6TGljZW5zZTEz"}, "allow_forking": true, "is_template": false, "web_commit_signoff_required": false, "topics": [], "default_branch": "master", "permissions": {"admin": false, "maintain": false, "push": false, "triage": false, "pull": true}, "_id": 693361}, {"owner": {"type": "User", "site_admin": false}, "fork": false, "created_at": "2010-05-30T00:49:32Z", "updated_at": "2022-08-31T13:24:03Z", "pushed_at": "2017-07-25T08:27:40Z", "size": 565, "stargazers_count": 649, "watchers_count": 649, "language": "JavaScript", "has_issues": true, "has_projects": true, "has_downloads": true, "has_wiki": false, "has_pages": false, "has_discussions": false, "forks_count": 47, "mirror_url": null, "archived": true, "disabled": false, "open_issues_count": 29, "license": {"key": "bsd-3-clause", "name": "BSD 3-Clause \"New\" or \"Revised\" License", "spdx_id": "BSD-3-Clause", "url": "https://api.github.com/licenses/bsd-3-clause", "node_id": "MDc6TGljZW5zZTU="}, "allow_forking": true, "is_template": false, "web_commit_signoff_required": false, "topics": [], "default_branch": "master", "permissions": {"admin": false, "maintain": false, "push": false, "triage": false, "pull": true}, "_id": 693403}, {"owner": {"type": "User", "site_admin": false}, "fork": false, "created_at": "2010-05-30T00:58:40Z", "updated_at": "2022-11-25T16:53:21Z", "pushed_at": "2016-07-12T11:47:21Z", "size": 282, "stargazers_count": 169, "watchers_count": 169, "language": "JavaScript", "has_issues": true, "has_projects": true, "has_downloads": true, "has_wiki": true, "has_pages": false, "has_discussions": false, "forks_count": 67, "mirror_url": null, "archived": false, "disabled": false, "open_issues_count": 8, "license": null, "allow_forking": true, "is_template": false, "web_commit_signoff_required": false, "topics": [], "default_branch": "master", "permissions": {"admin": false, "maintain": false, "push": false, "triage": false, "pull": true}, "_id": 693410}, {"owner": {"type": "User", "site_admin": false}, "fork": false, "created_at": "2010-05-30T01:03:17Z", "updated_at": "2016-02-25T01:27:09Z", "pushed_at": "2011-09-21T13:08:09Z", "size": 470, "stargazers_count": 12, "watchers_count": 12, "language": "JavaScript", "has_issues": true, "has_projects": true, "has_downloads": true, "has_wiki": true, "has_pages": false, "has_discussions": false, "forks_count": 3, "mirror_url": null, "archived": false, "disabled": false, "open_issues_count": 1, "license": null, "allow_forking": true, "is_template": false, "web_commit_signoff_required": false, "topics": [], "default_branch": "master", "permissions": {"admin": false, "maintain": false, "push": false, "triage": false, "pull": true}, "_id": 693416}, {"owner": {"type": "User", "site_admin": false}, "fork": false, "created_at": "2010-05-30T01:05:43Z", "updated_at": "2021-09-25T16:28:45Z", "pushed_at": "2010-08-24T01:14:29Z", "size": 157, "stargazers_count": 14, "watchers_count": 14, "language": null, "has_issues": true, "has_projects": true, "has_downloads": true, "has_wiki": true, "has_pages": false, "has_discussions": false, "forks_count": 7, "mirror_url": null, "archived": false, "disabled": false, "open_issues_count": 0, "license": null, "allow_forking": true, "is_template": false, "web_commit_signoff_required": false, "topics": [], "default_branch": "master", "permissions": {"admin": false, "maintain": false, "push": false, "triage": false, "pull": true}, "_id": 693423}, {"owner": {"type": "User", "site_admin": false}, "fork": false, "created_at": "2010-05-30T01:10:18Z", "updated_at": "2020-10-06T01:49:57Z", "pushed_at": "2010-06-04T07:00:40Z", "size": 960, "stargazers_count": 6, "watchers_count": 6, "language": "Java", "has_issues": false, "has_projects": true, "has_downloads": false, "has_wiki": false, "has_pages": false, "has_discussions": false, "forks_count": 0, "mirror_url": null, "archived": false, "disabled": false, "open_issues_count": 0, "license": null, "allow_forking": true, "is_template": false, "web_commit_signoff_required": false, "topics": [], "default_branch": "master", "permissions": {"admin": false, "maintain": false, "push": false, "triage": false, "pull": true}, "_id": 693427}, {"owner": {"type": "User", "site_admin": false}, "fork": false, "created_at": "2010-05-30T01:19:53Z", "updated_at": "2022-11-24T15:29:44Z", "pushed_at": "2013-02-22T11:56:07Z", "size": 52662, "stargazers_count": 118, "watchers_count": 118, "language": "ActionScript", "has_issues": true, "has_projects": true, "has_downloads": true, "has_wiki": true, "has_pages": false, "has_discussions": false, "forks_count": 22, "mirror_url": null, "archived": false, "disabled": false, "open_issues_count": 3, "license": {"key": "mit", "name": "MIT License", "spdx_id": "MIT", "url": "https://api.github.com/licenses/mit", "node_id": "MDc6TGljZW5zZTEz"}, "allow_forking": true, "is_template": false, "web_commit_signoff_required": false, "topics": [], "default_branch": "master", "permissions": {"admin": false, "maintain": false, "push": false, "triage": false, "pull": true}, "_id": 693433}, {"owner": {"type": "User", "site_admin": false}, "fork": false, "created_at": "2010-05-30T02:08:39Z", "updated_at": "2016-11-16T17:36:03Z", "pushed_at": "2013-07-17T19:55:42Z", "size": 1066, "stargazers_count": 9, "watchers_count": 9, "language": "Ruby", "has_issues": true, "has_projects": true, "has_downloads": true, "has_wiki": true, "has_pages": true, "has_discussions": false, "forks_count": 0, "mirror_url": null, "archived": false, "disabled": false, "open_issues_count": 0, "license": null, "allow_forking": true, "is_template": false, "web_commit_signoff_required": false, "topics": [], "default_branch": "master", "permissions": {"admin": false, "maintain": false, "push": false, "triage": false, "pull": true}, "_id": 693464}, {"owner": {"type": "User", "site_admin": false}, "fork": false, "created_at": "2010-05-30T03:12:20Z", "updated_at": "2019-09-16T12:56:44Z", "pushed_at": "2017-04-18T11:17:40Z", "size": 3842, "stargazers_count": 6, "watchers_count": 6, "language": "TeX", "has_issues": true, "has_projects": true, "has_downloads": true, "has_wiki": true, "has_pages": false, "has_discussions": false, "forks_count": 6, "mirror_url": null, "archived": false, "disabled": false, "open_issues_count": 0, "license": {"key": "gpl-3.0", "name": "GNU General Public License v3.0", "spdx_id": "GPL-3.0", "url": "https://api.github.com/licenses/gpl-3.0", "node_id": "MDc6TGljZW5zZTk="}, "allow_forking": true, "is_template": false, "web_commit_signoff_required": false, "topics": [], "default_branch": "master", "permissions": {"admin": false, "maintain": false, "push": false, "triage": false, "pull": true}, "_id": 693499}, {"owner": {"type": "User", "site_admin": false}, "fork": false, "created_at": "2010-05-30T03:22:04Z", "updated_at": "2013-11-28T06:53:25Z", "pushed_at": "2010-05-30T12:00:10Z", "size": 860, "stargazers_count": 10, "watchers_count": 10, "language": null, "has_issues": true, "has_projects": true, "has_downloads": true, "has_wiki": true, "has_pages": false, "has_discussions": false, "forks_count": 0, "mirror_url": null, "archived": false, "disabled": false, "open_issues_count": 0, "license": null, "allow_forking": true, "is_template": false, "web_commit_signoff_required": false, "topics": [], "default_branch": "master", "permissions": {"admin": false, "maintain": false, "push": false, "triage": false, "pull": true}, "_id": 693506}, {"owner": {"type": "User", "site_admin": false}, "fork": false, "created_at": "2010-05-30T03:24:19Z", "updated_at": "2019-09-17T10:14:02Z", "pushed_at": "2010-06-02T19:54:16Z", "size": 104, "stargazers_count": 8, "watchers_count": 8, "language": "JavaScript", "has_issues": true, "has_projects": true, "has_downloads": true, "has_wiki": true, "has_pages": false, "has_discussions": false, "forks_count": 1, "mirror_url": null, "archived": false, "disabled": false, "open_issues_count": 0, "license": null, "allow_forking": true, "is_template": false, "web_commit_signoff_required": false, "topics": [], "default_branch": "master", "permissions": {"admin": false, "maintain": false, "push": false, "triage": false, "pull": true}, "_id": 693510}, {"owner": {"type": "User", "site_admin": false}, "fork": false, "created_at": "2010-05-30T03:51:23Z", "updated_at": "2021-12-28T20:04:05Z", "pushed_at": "2010-06-17T14:27:49Z", "size": 10510, "stargazers_count": 8, "watchers_count": 8, "language": "Objective-C", "has_issues": true, "has_projects": true, "has_downloads": true, "has_wiki": true, "has_pages": false, "has_discussions": false, "forks_count": 1, "mirror_url": null, "archived": false, "disabled": false, "open_issues_count": 0, "license": null, "allow_forking": true, "is_template": false, "web_commit_signoff_required": false, "topics": [], "default_branch": "master", "permissions": {"admin": false, "maintain": false, "push": false, "triage": false, "pull": true}, "_id": 693530}, {"owner": {"type": "User", "site_admin": false}, "fork": false, "created_at": "2010-05-30T03:51:31Z", "updated_at": "2018-01-22T10:36:33Z", "pushed_at": "2010-05-30T03:52:34Z", "size": 2365, "stargazers_count": 12, "watchers_count": 12, "language": "Objective-C", "has_issues": true, "has_projects": true, "has_downloads": true, "has_wiki": true, "has_pages": false, "has_discussions": false, "forks_count": 1, "mirror_url": null, "archived": false, "disabled": false, "open_issues_count": 0, "license": null, "allow_forking": true, "is_template": false, "web_commit_signoff_required": false, "topics": [], "default_branch": "master", "permissions": {"admin": false, "maintain": false, "push": false, "triage": false, "pull": true}, "_id": 693531}, {"owner": {"type": "User", "site_admin": false}, "fork": false, "created_at": "2010-05-30T03:53:52Z", "updated_at": "2021-11-25T06:56:56Z", "pushed_at": "2017-12-26T16:36:18Z", "size": 266, "stargazers_count": 23, "watchers_count": 23, "language": "C", "has_issues": true, "has_projects": true, "has_downloads": true, "has_wiki": true, "has_pages": true, "has_discussions": false, "forks_count": 12, "mirror_url": null, "archived": false, "disabled": false, "open_issues_count": 1, "license": null, "allow_forking": true, "is_template": false, "web_commit_signoff_required": false, "topics": [], "default_branch": "master", "permissions": {"admin": false, "maintain": false, "push": false, "triage": false, "pull": true}, "_id": 693533}, {"owner": {"type": "User", "site_admin": false}, "fork": false, "created_at": "2010-05-30T04:56:34Z", "updated_at": "2022-08-10T15:48:50Z", "pushed_at": "2022-11-23T13:15:37Z", "size": 9869, "stargazers_count": 41, "watchers_count": 41, "language": "C#", "has_issues": true, "has_projects": true, "has_downloads": true, "has_wiki": true, "has_pages": true, "has_discussions": false, "forks_count": 8, "mirror_url": null, "archived": false, "disabled": false, "open_issues_count": 0, "license": {"key": "mit", "name": "MIT License", "spdx_id": "MIT", "url": "https://api.github.com/licenses/mit", "node_id": "MDc6TGljZW5zZTEz"}, "allow_forking": true, "is_template": false, "web_commit_signoff_required": false, "topics": ["agent", "c-sharp", "dotnet", "graphical-user-interface", "gui", "machine-learning", "neural-networks", "rss-aggregator", "ui", "user-interface", "windows-app", "windows-desktop", "wpf", "wpf-application"], "default_branch": "master", "permissions": {"admin": false, "maintain": false, "push": false, "triage": false, "pull": true}, "_id": 693579}, {"owner": {"type": "User", "site_admin": false}, "fork": false, "created_at": "2010-05-30T05:13:09Z", "updated_at": "2017-01-19T21:24:18Z", "pushed_at": "2010-08-02T04:51:13Z", "size": 217, "stargazers_count": 9, "watchers_count": 9, "language": "Emacs Lisp", "has_issues": true, "has_projects": true, "has_downloads": true, "has_wiki": true, "has_pages": false, "has_discussions": false, "forks_count": 2, "mirror_url": null, "archived": false, "disabled": false, "open_issues_count": 9, "license": null, "allow_forking": true, "is_template": false, "web_commit_signoff_required": false, "topics": [], "default_branch": "master", "permissions": {"admin": false, "maintain": false, "push": false, "triage": false, "pull": true}, "_id": 693588}, {"owner": {"type": "Organization", "site_admin": false}, "fork": false, "created_at": "2010-05-30T06:04:11Z", "updated_at": "2022-11-24T22:30:17Z", "pushed_at": "2022-11-25T14:31:37Z", "size": 14983, "stargazers_count": 205, "watchers_count": 205, "language": "D", "has_issues": true, "has_projects": true, "has_downloads": true, "has_wiki": true, "has_pages": false, "has_discussions": false, "forks_count": 47, "mirror_url": null, "archived": false, "disabled": false, "open_issues_count": 58, "license": {"key": "mit", "name": "MIT License", "spdx_id": "MIT", "url": "https://api.github.com/licenses/mit", "node_id": "MDc6TGljZW5zZTEz"}, "allow_forking": true, "is_template": false, "web_commit_signoff_required": false, "topics": [], "default_branch": "master", "permissions": {"admin": false, "maintain": false, "push": false, "triage": false, "pull": true}, "_id": 693617}, {"owner": {"type": "Organization", "site_admin": false}, "fork": false, "created_at": "2010-05-30T07:14:38Z", "updated_at": "2022-04-29T11:45:15Z", "pushed_at": "2011-08-23T18:23:53Z", "size": 856, "stargazers_count": 13, "watchers_count": 13, "language": "JavaScript", "has_issues": true, "has_projects": true, "has_downloads": true, "has_wiki": true, "has_pages": false, "has_discussions": false, "forks_count": 15, "mirror_url": null, "archived": false, "disabled": false, "open_issues_count": 2, "license": null, "allow_forking": true, "is_template": false, "web_commit_signoff_required": false, "topics": [], "default_branch": "master", "permissions": {"admin": false, "maintain": false, "push": false, "triage": false, "pull": true}, "_id": 693652}, {"owner": {"type": "User", "site_admin": false}, "fork": false, "created_at": "2010-05-30T07:18:30Z", "updated_at": "2013-11-21T23:43:20Z", "pushed_at": "2010-10-17T02:46:57Z", "size": 208, "stargazers_count": 6, "watchers_count": 6, "language": "Emacs Lisp", "has_issues": true, "has_projects": true, "has_downloads": true, "has_wiki": true, "has_pages": false, "has_discussions": false, "forks_count": 0, "mirror_url": null, "archived": false, "disabled": false, "open_issues_count": 0, "license": null, "allow_forking": true, "is_template": false, "web_commit_signoff_required": false, "topics": [], "default_branch": "master", "permissions": {"admin": false, "maintain": false, "push": false, "triage": false, "pull": true}, "_id": 693656}, {"owner": {"type": "User", "site_admin": false}, "fork": false, "created_at": "2010-05-30T07:33:12Z", "updated_at": "2019-12-22T07:59:28Z", "pushed_at": "2019-06-05T14:57:15Z", "size": 43545, "stargazers_count": 22, "watchers_count": 22, "language": "Java", "has_issues": true, "has_projects": true, "has_downloads": true, "has_wiki": true, "has_pages": false, "has_discussions": false, "forks_count": 3, "mirror_url": null, "archived": false, "disabled": false, "open_issues_count": 7, "license": {"key": "apache-2.0", "name": "Apache License 2.0", "spdx_id": "Apache-2.0", "url": "https://api.github.com/licenses/apache-2.0", "node_id": "MDc6TGljZW5zZTI="}, "allow_forking": true, "is_template": false, "web_commit_signoff_required": false, "topics": [], "default_branch": "master", "permissions": {"admin": false, "maintain": false, "push": false, "triage": false, "pull": true}, "_id": 693666}, {"owner": {"type": "User", "site_admin": false}, "fork": false, "created_at": "2010-05-30T08:20:43Z", "updated_at": "2021-12-06T09:51:39Z", "pushed_at": "2022-05-27T16:43:44Z", "size": 591, "stargazers_count": 17, "watchers_count": 17, "language": "Sass", "has_issues": true, "has_projects": true, "has_downloads": true, "has_wiki": true, "has_pages": false, "has_discussions": false, "forks_count": 25, "mirror_url": null, "archived": false, "disabled": false, "open_issues_count": 1, "license": null, "allow_forking": true, "is_template": false, "web_commit_signoff_required": false, "topics": [], "default_branch": "master", "permissions": {"admin": false, "maintain": false, "push": false, "triage": false, "pull": true}, "_id": 693685}, {"owner": {"type": "User", "site_admin": false}, "fork": false, "created_at": "2010-05-30T08:57:43Z", "updated_at": "2022-11-07T20:41:54Z", "pushed_at": "2017-01-12T14:19:55Z", "size": 17024, "stargazers_count": 302, "watchers_count": 302, "language": "C", "has_issues": true, "has_projects": true, "has_downloads": true, "has_wiki": true, "has_pages": false, "has_discussions": false, "forks_count": 54, "mirror_url": null, "archived": false, "disabled": false, "open_issues_count": 9, "license": {"key": "other", "name": "Other", "spdx_id": "NOASSERTION", "url": null, "node_id": "MDc6TGljZW5zZTA="}, "allow_forking": true, "is_template": false, "web_commit_signoff_required": false, "topics": [], "default_branch": "master", "permissions": {"admin": false, "maintain": false, "push": false, "triage": false, "pull": true}, "_id": 693713}, {"owner": {"type": "User", "site_admin": false}, "fork": false, "created_at": "2010-05-30T08:58:27Z", "updated_at": "2021-07-20T05:27:47Z", "pushed_at": "2010-06-08T15:08:27Z", "size": 125, "stargazers_count": 6, "watchers_count": 6, "language": "Ruby", "has_issues": true, "has_projects": true, "has_downloads": true, "has_wiki": true, "has_pages": false, "has_discussions": false, "forks_count": 2, "mirror_url": null, "archived": false, "disabled": false, "open_issues_count": 0, "license": null, "allow_forking": true, "is_template": false, "web_commit_signoff_required": false, "topics": [], "default_branch": "master", "permissions": {"admin": false, "maintain": false, "push": false, "triage": false, "pull": true}, "_id": 693714}, {"owner": {"type": "User", "site_admin": false}, "fork": false, "created_at": "2010-05-30T09:22:46Z", "updated_at": "2022-11-18T00:26:39Z", "pushed_at": "2021-08-02T04:16:58Z", "size": 6799, "stargazers_count": 1363, "watchers_count": 1363, "language": "JavaScript", "has_issues": true, "has_projects": true, "has_downloads": true, "has_wiki": true, "has_pages": false, "has_discussions": false, "forks_count": 244, "mirror_url": null, "archived": false, "disabled": false, "open_issues_count": 21, "license": {"key": "wtfpl", "name": "Do What The F*ck You Want To Public License", "spdx_id": "WTFPL", "url": "https://api.github.com/licenses/wtfpl", "node_id": "MDc6TGljZW5zZTE4"}, "allow_forking": true, "is_template": false, "web_commit_signoff_required": false, "topics": [], "default_branch": "master", "permissions": {"admin": false, "maintain": false, "push": false, "triage": false, "pull": true}, "_id": 693735}, {"owner": {"type": "User", "site_admin": false}, "fork": false, "created_at": "2010-05-30T09:29:22Z", "updated_at": "2019-09-11T22:08:48Z", "pushed_at": "2011-01-03T03:58:00Z", "size": 1141, "stargazers_count": 59, "watchers_count": 59, "language": "Objective-J", "has_issues": true, "has_projects": true, "has_downloads": true, "has_wiki": true, "has_pages": false, "has_discussions": false, "forks_count": 14, "mirror_url": null, "archived": false, "disabled": false, "open_issues_count": 1, "license": null, "allow_forking": true, "is_template": false, "web_commit_signoff_required": false, "topics": [], "default_branch": "master", "permissions": {"admin": false, "maintain": false, "push": false, "triage": false, "pull": true}, "_id": 693744}, {"owner": {"type": "Organization", "site_admin": false}, "fork": false, "created_at": "2010-05-30T10:06:57Z", "updated_at": "2019-08-13T14:33:59Z", "pushed_at": "2011-09-17T04:39:17Z", "size": 177, "stargazers_count": 42, "watchers_count": 42, "language": "Ruby", "has_issues": true, "has_projects": true, "has_downloads": false, "has_wiki": true, "has_pages": false, "has_discussions": false, "forks_count": 5, "mirror_url": null, "archived": false, "disabled": false, "open_issues_count": 0, "license": {"key": "other", "name": "Other", "spdx_id": "NOASSERTION", "url": null, "node_id": "MDc6TGljZW5zZTA="}, "allow_forking": true, "is_template": false, "web_commit_signoff_required": false, "topics": [], "default_branch": "master", "permissions": {"admin": false, "maintain": false, "push": false, "triage": false, "pull": true}, "_id": 693780}, {"owner": {"type": "User", "site_admin": false}, "fork": false, "created_at": "2010-05-30T12:42:02Z", "updated_at": "2019-02-17T19:01:04Z", "pushed_at": "2010-05-30T12:43:17Z", "size": 131, "stargazers_count": 8, "watchers_count": 8, "language": "JavaScript", "has_issues": true, "has_projects": true, "has_downloads": true, "has_wiki": true, "has_pages": false, "has_discussions": false, "forks_count": 4, "mirror_url": null, "archived": false, "disabled": false, "open_issues_count": 0, "license": null, "allow_forking": true, "is_template": false, "web_commit_signoff_required": false, "topics": [], "default_branch": "master", "permissions": {"admin": false, "maintain": false, "push": false, "triage": false, "pull": true}, "_id": 693908}, {"owner": {"type": "User", "site_admin": false}, "fork": false, "created_at": "2010-05-30T13:08:10Z", "updated_at": "2013-09-29T06:21:27Z", "pushed_at": "2011-03-04T15:02:25Z", "size": 299, "stargazers_count": 6, "watchers_count": 6, "language": "Python", "has_issues": true, "has_projects": true, "has_downloads": true, "has_wiki": true, "has_pages": false, "has_discussions": false, "forks_count": 2, "mirror_url": null, "archived": false, "disabled": false, "open_issues_count": 0, "license": null, "allow_forking": true, "is_template": false, "web_commit_signoff_required": false, "topics": [], "default_branch": "master", "permissions": {"admin": false, "maintain": false, "push": false, "triage": false, "pull": true}, "_id": 693941}, {"owner": {"type": "User", "site_admin": false}, "fork": false, "created_at": "2010-05-30T14:28:35Z", "updated_at": "2022-05-22T16:26:25Z", "pushed_at": "2011-02-01T22:54:11Z", "size": 120, "stargazers_count": 15, "watchers_count": 15, "language": "Python", "has_issues": true, "has_projects": true, "has_downloads": true, "has_wiki": true, "has_pages": false, "has_discussions": false, "forks_count": 1, "mirror_url": null, "archived": false, "disabled": false, "open_issues_count": 0, "license": null, "allow_forking": true, "is_template": false, "web_commit_signoff_required": false, "topics": [], "default_branch": "master", "permissions": {"admin": false, "maintain": false, "push": false, "triage": false, "pull": true}, "_id": 694015}, {"owner": {"type": "User", "site_admin": false}, "fork": false, "created_at": "2010-05-30T14:40:26Z", "updated_at": "2022-02-08T16:30:13Z", "pushed_at": "2016-01-16T18:24:40Z", "size": 4665, "stargazers_count": 90, "watchers_count": 90, "language": "JavaScript", "has_issues": true, "has_projects": true, "has_downloads": true, "has_wiki": true, "has_pages": true, "has_discussions": false, "forks_count": 35, "mirror_url": null, "archived": false, "disabled": false, "open_issues_count": 0, "license": null, "allow_forking": true, "is_template": false, "web_commit_signoff_required": false, "topics": [], "default_branch": "master", "permissions": {"admin": false, "maintain": false, "push": false, "triage": false, "pull": true}, "_id": 694033}, {"owner": {"type": "User", "site_admin": false}, "fork": false, "created_at": "2010-05-30T14:52:40Z", "updated_at": "2022-06-17T01:08:58Z", "pushed_at": "2015-02-22T19:29:20Z", "size": 180, "stargazers_count": 19, "watchers_count": 19, "language": "C++", "has_issues": true, "has_projects": true, "has_downloads": true, "has_wiki": true, "has_pages": false, "has_discussions": false, "forks_count": 2, "mirror_url": null, "archived": false, "disabled": false, "open_issues_count": 0, "license": {"key": "gpl-3.0", "name": "GNU General Public License v3.0", "spdx_id": "GPL-3.0", "url": "https://api.github.com/licenses/gpl-3.0", "node_id": "MDc6TGljZW5zZTk="}, "allow_forking": true, "is_template": false, "web_commit_signoff_required": false, "topics": [], "default_branch": "master", "permissions": {"admin": false, "maintain": false, "push": false, "triage": false, "pull": true}, "_id": 694050}, {"owner": {"type": "User", "site_admin": false}, "fork": false, "created_at": "2010-05-30T14:58:05Z", "updated_at": "2022-10-29T14:34:13Z", "pushed_at": "2015-01-16T05:24:44Z", "size": 174, "stargazers_count": 11, "watchers_count": 11, "language": "C", "has_issues": true, "has_projects": true, "has_downloads": true, "has_wiki": true, "has_pages": false, "has_discussions": false, "forks_count": 2, "mirror_url": null, "archived": true, "disabled": false, "open_issues_count": 0, "license": {"key": "gpl-3.0", "name": "GNU General Public License v3.0", "spdx_id": "GPL-3.0", "url": "https://api.github.com/licenses/gpl-3.0", "node_id": "MDc6TGljZW5zZTk="}, "allow_forking": true, "is_template": false, "web_commit_signoff_required": false, "topics": [], "default_branch": "master", "permissions": {"admin": false, "maintain": false, "push": false, "triage": false, "pull": true}, "_id": 694053}, {"owner": {"type": "User", "site_admin": false}, "fork": false, "created_at": "2010-05-30T16:05:44Z", "updated_at": "2022-11-14T11:51:25Z", "pushed_at": "2022-07-26T20:48:56Z", "size": 647, "stargazers_count": 166, "watchers_count": 166, "language": "Lua", "has_issues": true, "has_projects": true, "has_downloads": true, "has_wiki": false, "has_pages": true, "has_discussions": false, "forks_count": 37, "mirror_url": null, "archived": false, "disabled": false, "open_issues_count": 4, "license": null, "allow_forking": true, "is_template": false, "web_commit_signoff_required": false, "topics": ["awesome", "awesome-wm", "dot-config", "dotfiles", "tiling", "tiling-window-manager"], "default_branch": "master", "permissions": {"admin": false, "maintain": false, "push": false, "triage": false, "pull": true}, "_id": 694131}, {"owner": {"type": "User", "site_admin": false}, "fork": false, "created_at": "2010-05-30T16:13:23Z", "updated_at": "2022-08-12T01:36:44Z", "pushed_at": "2011-01-22T11:03:08Z", "size": 328, "stargazers_count": 54, "watchers_count": 54, "language": "Python", "has_issues": true, "has_projects": true, "has_downloads": true, "has_wiki": true, "has_pages": false, "has_discussions": false, "forks_count": 9, "mirror_url": null, "archived": false, "disabled": false, "open_issues_count": 1, "license": null, "allow_forking": true, "is_template": false, "web_commit_signoff_required": false, "topics": [], "default_branch": "master", "permissions": {"admin": false, "maintain": false, "push": false, "triage": false, "pull": true}, "_id": 694144}, {"owner": {"type": "User", "site_admin": false}, "fork": false, "created_at": "2010-05-30T16:55:51Z", "updated_at": "2017-10-18T20:57:58Z", "pushed_at": "2012-11-05T14:50:32Z", "size": 710, "stargazers_count": 9, "watchers_count": 9, "language": "C++", "has_issues": true, "has_projects": true, "has_downloads": true, "has_wiki": true, "has_pages": false, "has_discussions": false, "forks_count": 2, "mirror_url": null, "archived": false, "disabled": false, "open_issues_count": 3, "license": {"key": "bsd-2-clause", "name": "BSD 2-Clause \"Simplified\" License", "spdx_id": "BSD-2-Clause", "url": "https://api.github.com/licenses/bsd-2-clause", "node_id": "MDc6TGljZW5zZTQ="}, "allow_forking": true, "is_template": false, "web_commit_signoff_required": false, "topics": [], "default_branch": "master", "permissions": {"admin": false, "maintain": false, "push": false, "triage": false, "pull": true}, "_id": 694195}, {"owner": {"type": "Organization", "site_admin": false}, "fork": false, "created_at": "2010-05-30T17:00:37Z", "updated_at": "2015-11-25T13:08:19Z", "pushed_at": "2013-04-10T17:35:58Z", "size": 227, "stargazers_count": 6, "watchers_count": 6, "language": "Java", "has_issues": true, "has_projects": true, "has_downloads": true, "has_wiki": true, "has_pages": false, "has_discussions": false, "forks_count": 4, "mirror_url": null, "archived": false, "disabled": false, "open_issues_count": 2, "license": null, "allow_forking": true, "is_template": false, "web_commit_signoff_required": false, "topics": [], "default_branch": "master", "permissions": {"admin": false, "maintain": false, "push": false, "triage": false, "pull": true}, "_id": 694202}, {"owner": {"type": "User", "site_admin": false}, "fork": false, "created_at": "2010-05-30T17:15:36Z", "updated_at": "2022-11-17T11:38:58Z", "pushed_at": "2021-06-07T20:39:31Z", "size": 64, "stargazers_count": 1358, "watchers_count": 1358, "language": "JavaScript", "has_issues": true, "has_projects": true, "has_downloads": true, "has_wiki": true, "has_pages": false, "has_discussions": false, "forks_count": 78, "mirror_url": null, "archived": false, "disabled": false, "open_issues_count": 14, "license": {"key": "apache-2.0", "name": "Apache License 2.0", "spdx_id": "Apache-2.0", "url": "https://api.github.com/licenses/apache-2.0", "node_id": "MDc6TGljZW5zZTI="}, "allow_forking": true, "is_template": false, "web_commit_signoff_required": false, "topics": [], "default_branch": "master", "permissions": {"admin": false, "maintain": false, "push": false, "triage": false, "pull": true}, "_id": 694225}, {"owner": {"type": "User", "site_admin": false}, "fork": false, "created_at": "2010-05-30T17:27:03Z", "updated_at": "2022-05-19T10:19:01Z", "pushed_at": "2010-12-09T16:06:47Z", "size": 1690, "stargazers_count": 14, "watchers_count": 14, "language": "C", "has_issues": true, "has_projects": true, "has_downloads": true, "has_wiki": true, "has_pages": false, "has_discussions": false, "forks_count": 13, "mirror_url": null, "archived": false, "disabled": false, "open_issues_count": 3, "license": {"key": "gpl-3.0", "name": "GNU General Public License v3.0", "spdx_id": "GPL-3.0", "url": "https://api.github.com/licenses/gpl-3.0", "node_id": "MDc6TGljZW5zZTk="}, "allow_forking": true, "is_template": false, "web_commit_signoff_required": false, "topics": [], "default_branch": "master", "permissions": {"admin": false, "maintain": false, "push": false, "triage": false, "pull": true}, "_id": 694240}, {"owner": {"type": "User", "site_admin": false}, "fork": false, "created_at": "2010-05-30T17:28:00Z", "updated_at": "2022-09-30T19:37:54Z", "pushed_at": "2022-04-05T14:15:59Z", "size": 5167, "stargazers_count": 226, "watchers_count": 226, "language": "ColdFusion", "has_issues": true, "has_projects": true, "has_downloads": true, "has_wiki": true, "has_pages": true, "has_discussions": false, "forks_count": 119, "mirror_url": null, "archived": false, "disabled": false, "open_issues_count": 40, "license": {"key": "other", "name": "Other", "spdx_id": "NOASSERTION", "url": null, "node_id": "MDc6TGljZW5zZTA="}, "allow_forking": true, "is_template": false, "web_commit_signoff_required": false, "topics": ["cfml", "coldfusion", "hacktoberfest", "lucee", "rest-api"], "default_branch": "main", "permissions": {"admin": false, "maintain": false, "push": false, "triage": false, "pull": true}, "_id": 694242}, {"owner": {"type": "Organization", "site_admin": false}, "fork": false, "created_at": "2010-05-30T17:44:24Z", "updated_at": "2022-08-15T11:52:01Z", "pushed_at": "2015-06-29T21:17:53Z", "size": 284, "stargazers_count": 34, "watchers_count": 34, "language": "Java", "has_issues": true, "has_projects": true, "has_downloads": true, "has_wiki": true, "has_pages": false, "has_discussions": false, "forks_count": 18, "mirror_url": null, "archived": false, "disabled": false, "open_issues_count": 5, "license": null, "allow_forking": true, "is_template": false, "web_commit_signoff_required": false, "topics": [], "default_branch": "master", "permissions": {"admin": false, "maintain": false, "push": false, "triage": false, "pull": true}, "_id": 694255}, {"owner": {"type": "Organization", "site_admin": false}, "fork": false, "created_at": "2010-05-30T17:44:50Z", "updated_at": "2022-10-14T20:07:14Z", "pushed_at": "2012-07-02T20:04:51Z", "size": 257, "stargazers_count": 11, "watchers_count": 11, "language": "Java", "has_issues": true, "has_projects": true, "has_downloads": true, "has_wiki": true, "has_pages": false, "has_discussions": false, "forks_count": 13, "mirror_url": null, "archived": false, "disabled": false, "open_issues_count": 2, "license": null, "allow_forking": true, "is_template": false, "web_commit_signoff_required": false, "topics": [], "default_branch": "master", "permissions": {"admin": false, "maintain": false, "push": false, "triage": false, "pull": true}, "_id": 694256}, {"owner": {"type": "User", "site_admin": false}, "fork": false, "created_at": "2010-05-30T18:51:05Z", "updated_at": "2022-06-20T00:10:27Z", "pushed_at": "2017-03-02T21:10:08Z", "size": 390, "stargazers_count": 67, "watchers_count": 67, "language": "PowerShell", "has_issues": false, "has_projects": true, "has_downloads": true, "has_wiki": false, "has_pages": false, "has_discussions": false, "forks_count": 40, "mirror_url": null, "archived": false, "disabled": false, "open_issues_count": 0, "license": {"key": "other", "name": "Other", "spdx_id": "NOASSERTION", "url": null, "node_id": "MDc6TGljZW5zZTA="}, "allow_forking": true, "is_template": false, "web_commit_signoff_required": false, "topics": [], "default_branch": "master", "permissions": {"admin": false, "maintain": false, "push": false, "triage": false, "pull": true}, "_id": 694325}, {"owner": {"type": "User", "site_admin": false}, "fork": false, "created_at": "2010-05-30T19:03:44Z", "updated_at": "2018-12-23T15:32:23Z", "pushed_at": "2012-06-30T16:11:58Z", "size": 1920, "stargazers_count": 9, "watchers_count": 9, "language": "PHP", "has_issues": true, "has_projects": true, "has_downloads": true, "has_wiki": false, "has_pages": false, "has_discussions": false, "forks_count": 1, "mirror_url": null, "archived": false, "disabled": false, "open_issues_count": 0, "license": null, "allow_forking": true, "is_template": false, "web_commit_signoff_required": false, "topics": [], "default_branch": "master", "permissions": {"admin": false, "maintain": false, "push": false, "triage": false, "pull": true}, "_id": 694336}, {"owner": {"type": "User", "site_admin": false}, "fork": false, "created_at": "2010-05-30T19:20:07Z", "updated_at": "2020-02-06T01:26:39Z", "pushed_at": "2011-11-29T17:04:36Z", "size": 399, "stargazers_count": 13, "watchers_count": 13, "language": "C", "has_issues": true, "has_projects": true, "has_downloads": true, "has_wiki": true, "has_pages": false, "has_discussions": false, "forks_count": 3, "mirror_url": null, "archived": false, "disabled": false, "open_issues_count": 4, "license": null, "allow_forking": true, "is_template": false, "web_commit_signoff_required": false, "topics": [], "default_branch": "master", "permissions": {"admin": false, "maintain": false, "push": false, "triage": false, "pull": true}, "_id": 694353}, {"owner": {"type": "Organization", "site_admin": false}, "fork": false, "created_at": "2010-05-30T19:56:53Z", "updated_at": "2020-03-02T17:01:41Z", "pushed_at": "2012-01-09T16:21:25Z", "size": 340, "stargazers_count": 15, "watchers_count": 15, "language": "C++", "has_issues": true, "has_projects": true, "has_downloads": true, "has_wiki": true, "has_pages": false, "has_discussions": false, "forks_count": 0, "mirror_url": null, "archived": false, "disabled": false, "open_issues_count": 0, "license": {"key": "apache-2.0", "name": "Apache License 2.0", "spdx_id": "Apache-2.0", "url": "https://api.github.com/licenses/apache-2.0", "node_id": "MDc6TGljZW5zZTI="}, "allow_forking": true, "is_template": false, "web_commit_signoff_required": false, "topics": [], "default_branch": "master", "permissions": {"admin": false, "maintain": false, "push": false, "triage": false, "pull": true}, "_id": 694395}, {"owner": {"type": "User", "site_admin": false}, "fork": false, "created_at": "2010-05-30T20:09:01Z", "updated_at": "2020-09-04T13:59:09Z", "pushed_at": "2012-09-02T16:31:14Z", "size": 730, "stargazers_count": 8, "watchers_count": 8, "language": "C++", "has_issues": true, "has_projects": true, "has_downloads": true, "has_wiki": true, "has_pages": false, "has_discussions": false, "forks_count": 2, "mirror_url": null, "archived": false, "disabled": false, "open_issues_count": 2, "license": null, "allow_forking": true, "is_template": false, "web_commit_signoff_required": false, "topics": [], "default_branch": "master", "permissions": {"admin": false, "maintain": false, "push": false, "triage": false, "pull": true}, "_id": 694418}, {"owner": {"type": "User", "site_admin": false}, "fork": false, "created_at": "2010-05-30T21:30:42Z", "updated_at": "2019-08-13T14:34:00Z", "pushed_at": "2016-05-12T23:08:26Z", "size": 192, "stargazers_count": 7, "watchers_count": 7, "language": "HTML", "has_issues": true, "has_projects": true, "has_downloads": true, "has_wiki": true, "has_pages": true, "has_discussions": false, "forks_count": 0, "mirror_url": null, "archived": false, "disabled": false, "open_issues_count": 0, "license": null, "allow_forking": true, "is_template": false, "web_commit_signoff_required": false, "topics": [], "default_branch": "master", "permissions": {"admin": false, "maintain": false, "push": false, "triage": false, "pull": true}, "_id": 694523}, {"owner": {"type": "User", "site_admin": false}, "fork": false, "created_at": "2010-05-30T22:53:25Z", "updated_at": "2017-10-30T19:03:34Z", "pushed_at": "2010-10-09T17:04:39Z", "size": 274, "stargazers_count": 14, "watchers_count": 14, "language": "PHP", "has_issues": true, "has_projects": true, "has_downloads": true, "has_wiki": true, "has_pages": false, "has_discussions": false, "forks_count": 7, "mirror_url": null, "archived": false, "disabled": false, "open_issues_count": 0, "license": {"key": "mit", "name": "MIT License", "spdx_id": "MIT", "url": "https://api.github.com/licenses/mit", "node_id": "MDc6TGljZW5zZTEz"}, "allow_forking": true, "is_template": false, "web_commit_signoff_required": false, "topics": [], "default_branch": "master", "permissions": {"admin": false, "maintain": false, "push": false, "triage": false, "pull": true}, "_id": 694607}, {"owner": {"type": "User", "site_admin": false}, "fork": false, "created_at": "2010-05-30T23:25:57Z", "updated_at": "2021-10-16T11:59:53Z", "pushed_at": "2010-06-02T06:12:22Z", "size": 95, "stargazers_count": 6, "watchers_count": 6, "language": "Ruby", "has_issues": true, "has_projects": true, "has_downloads": true, "has_wiki": true, "has_pages": false, "has_discussions": false, "forks_count": 3, "mirror_url": null, "archived": true, "disabled": false, "open_issues_count": 0, "license": {"key": "mit", "name": "MIT License", "spdx_id": "MIT", "url": "https://api.github.com/licenses/mit", "node_id": "MDc6TGljZW5zZTEz"}, "allow_forking": true, "is_template": false, "web_commit_signoff_required": false, "topics": [], "default_branch": "master", "permissions": {"admin": false, "maintain": false, "push": false, "triage": false, "pull": true}, "_id": 694631}, {"owner": {"type": "User", "site_admin": false}, "fork": false, "created_at": "2010-05-30T23:36:15Z", "updated_at": "2022-01-28T08:08:55Z", "pushed_at": "2010-05-30T23:42:47Z", "size": 230, "stargazers_count": 18, "watchers_count": 18, "language": "JavaScript", "has_issues": true, "has_projects": true, "has_downloads": true, "has_wiki": true, "has_pages": false, "has_discussions": false, "forks_count": 2, "mirror_url": null, "archived": false, "disabled": false, "open_issues_count": 0, "license": null, "allow_forking": true, "is_template": false, "web_commit_signoff_required": false, "topics": [], "default_branch": "master", "permissions": {"admin": false, "maintain": false, "push": false, "triage": false, "pull": true}, "_id": 694640}]