[{"owner": {"type": "User", "site_admin": false}, "fork": false, "created_at": "2010-08-07T00:02:49Z", "updated_at": "2019-01-28T19:10:53Z", "pushed_at": "2018-07-02T11:44:41Z", "size": 1256, "stargazers_count": 17, "watchers_count": 17, "language": "PHP", "has_issues": true, "has_projects": true, "has_downloads": true, "has_wiki": true, "has_pages": false, "has_discussions": false, "forks_count": 10, "mirror_url": null, "archived": false, "disabled": false, "open_issues_count": 2, "license": null, "allow_forking": true, "is_template": false, "web_commit_signoff_required": false, "topics": [], "default_branch": "master", "permissions": {"admin": false, "maintain": false, "push": false, "triage": false, "pull": true}, "_id": 822466}, {"owner": {"type": "User", "site_admin": false}, "fork": false, "created_at": "2010-08-07T00:31:26Z", "updated_at": "2019-11-10T02:58:43Z", "pushed_at": "2011-07-06T20:10:33Z", "size": 98, "stargazers_count": 6, "watchers_count": 6, "language": "Ruby", "has_issues": true, "has_projects": true, "has_downloads": true, "has_wiki": true, "has_pages": false, "has_discussions": false, "forks_count": 2, "mirror_url": null, "archived": false, "disabled": false, "open_issues_count": 0, "license": null, "allow_forking": true, "is_template": false, "web_commit_signoff_required": false, "topics": [], "default_branch": "master", "permissions": {"admin": false, "maintain": false, "push": false, "triage": false, "pull": true}, "_id": 822489}, {"owner": {"type": "User", "site_admin": false}, "fork": false, "created_at": "2010-08-07T00:42:37Z", "updated_at": "2019-07-08T22:10:10Z", "pushed_at": "2014-07-14T22:27:03Z", "size": 2134, "stargazers_count": 16, "watchers_count": 16, "language": "Python", "has_issues": true, "has_projects": true, "has_downloads": true, "has_wiki": true, "has_pages": false, "has_discussions": false, "forks_count": 2, "mirror_url": null, "archived": false, "disabled": false, "open_issues_count": 5, "license": {"key": "mit", "name": "MIT License", "spdx_id": "MIT", "url": "https://api.github.com/licenses/mit", "node_id": "MDc6TGljZW5zZTEz"}, "allow_forking": true, "is_template": false, "web_commit_signoff_required": false, "topics": [], "default_branch": "master", "permissions": {"admin": false, "maintain": false, "push": false, "triage": false, "pull": true}, "_id": 822499}, {"owner": {"type": "User", "site_admin": false}, "fork": false, "created_at": "2010-08-07T01:10:54Z", "updated_at": "2020-09-16T11:32:54Z", "pushed_at": "2010-08-26T06:08:02Z", "size": 117, "stargazers_count": 23, "watchers_count": 23, "language": "Java", "has_issues": true, "has_projects": true, "has_downloads": true, "has_wiki": true, "has_pages": false, "has_discussions": false, "forks_count": 4, "mirror_url": null, "archived": false, "disabled": false, "open_issues_count": 1, "license": {"key": "apache-2.0", "name": "Apache License 2.0", "spdx_id": "Apache-2.0", "url": "https://api.github.com/licenses/apache-2.0", "node_id": "MDc6TGljZW5zZTI="}, "allow_forking": true, "is_template": false, "web_commit_signoff_required": false, "topics": [], "default_branch": "master", "permissions": {"admin": false, "maintain": false, "push": false, "triage": false, "pull": true}, "_id": 822521}, {"owner": {"type": "User", "site_admin": false}, "fork": false, "created_at": "2010-08-07T01:56:22Z", "updated_at": "2013-11-09T04:08:23Z", "pushed_at": "2010-08-07T02:10:09Z", "size": 417, "stargazers_count": 8, "watchers_count": 8, "language": "JavaScript", "has_issues": true, "has_projects": true, "has_downloads": true, "has_wiki": true, "has_pages": false, "has_discussions": false, "forks_count": 0, "mirror_url": null, "archived": false, "disabled": false, "open_issues_count": 0, "license": null, "allow_forking": true, "is_template": false, "web_commit_signoff_required": false, "topics": [], "default_branch": "master", "permissions": {"admin": false, "maintain": false, "push": false, "triage": false, "pull": true}, "_id": 822568}, {"owner": {"type": "Organization", "site_admin": false}, "fork": false, "created_at": "2010-08-07T02:14:20Z", "updated_at": "2020-12-26T21:40:02Z", "pushed_at": "2010-08-24T19:54:27Z", "size": 689, "stargazers_count": 7, "watchers_count": 7, "language": "Ruby", "has_issues": true, "has_projects": true, "has_downloads": true, "has_wiki": true, "has_pages": false, "has_discussions": false, "forks_count": 3, "mirror_url": null, "archived": false, "disabled": false, "open_issues_count": 0, "license": null, "allow_forking": true, "is_template": false, "web_commit_signoff_required": false, "topics": [], "default_branch": "master", "permissions": {"admin": false, "maintain": false, "push": false, "triage": false, "pull": true}, "_id": 822583}, {"owner": {"type": "Organization", "site_admin": false}, "fork": false, "created_at": "2010-08-07T02:27:58Z", "updated_at": "2020-11-09T03:33:21Z", "pushed_at": "2019-01-28T07:50:18Z", "size": 235, "stargazers_count": 87, "watchers_count": 87, "language": "Python", "has_issues": true, "has_projects": true, "has_downloads": true, "has_wiki": true, "has_pages": false, "has_discussions": false, "forks_count": 34, "mirror_url": null, "archived": false, "disabled": false, "open_issues_count": 3, "license": {"key": "mit", "name": "MIT License", "spdx_id": "MIT", "url": "https://api.github.com/licenses/mit", "node_id": "MDc6TGljZW5zZTEz"}, "allow_forking": true, "is_template": false, "web_commit_signoff_required": false, "topics": [], "default_branch": "master", "permissions": {"admin": false, "maintain": false, "push": false, "triage": false, "pull": true}, "_id": 822606}, {"owner": {"type": "User", "site_admin": false}, "fork": false, "created_at": "2010-08-07T02:39:32Z", "updated_at": "2015-07-14T04:04:48Z", "pushed_at": "2010-08-07T05:54:09Z", "size": 96, "stargazers_count": 6, "watchers_count": 6, "language": "Python", "has_issues": true, "has_projects": true, "has_downloads": true, "has_wiki": true, "has_pages": false, "has_discussions": false, "forks_count": 0, "mirror_url": null, "archived": false, "disabled": false, "open_issues_count": 0, "license": null, "allow_forking": true, "is_template": false, "web_commit_signoff_required": false, "topics": [], "default_branch": "master", "permissions": {"admin": false, "maintain": false, "push": false, "triage": false, "pull": true}, "_id": 822615}, {"owner": {"type": "User", "site_admin": false}, "fork": false, "created_at": "2010-08-07T04:14:53Z", "updated_at": "2017-06-22T00:41:16Z", "pushed_at": "2010-08-20T17:26:04Z", "size": 102, "stargazers_count": 23, "watchers_count": 23, "language": "Clojure", "has_issues": true, "has_projects": true, "has_downloads": true, "has_wiki": true, "has_pages": false, "has_discussions": false, "forks_count": 3, "mirror_url": null, "archived": false, "disabled": false, "open_issues_count": 0, "license": {"key": "mit", "name": "MIT License", "spdx_id": "MIT", "url": "https://api.github.com/licenses/mit", "node_id": "MDc6TGljZW5zZTEz"}, "allow_forking": true, "is_template": false, "web_commit_signoff_required": false, "topics": [], "default_branch": "master", "permissions": {"admin": false, "maintain": false, "push": false, "triage": false, "pull": true}, "_id": 822698}, {"owner": {"type": "User", "site_admin": false}, "fork": false, "created_at": "2010-08-07T04:25:24Z", "updated_at": "2021-01-05T23:24:32Z", "pushed_at": "2014-03-25T21:07:58Z", "size": 398, "stargazers_count": 6, "watchers_count": 6, "language": "PHP", "has_issues": true, "has_projects": true, "has_downloads": true, "has_wiki": true, "has_pages": false, "has_discussions": false, "forks_count": 1, "mirror_url": null, "archived": true, "disabled": false, "open_issues_count": 0, "license": null, "allow_forking": true, "is_template": false, "web_commit_signoff_required": false, "topics": [], "default_branch": "master", "permissions": {"admin": false, "maintain": false, "push": false, "triage": false, "pull": true}, "_id": 822703}, {"owner": {"type": "User", "site_admin": false}, "fork": false, "created_at": "2010-08-07T04:49:19Z", "updated_at": "2021-07-13T10:55:05Z", "pushed_at": "2010-08-21T21:28:41Z", "size": 151, "stargazers_count": 11, "watchers_count": 11, "language": null, "has_issues": true, "has_projects": true, "has_downloads": true, "has_wiki": true, "has_pages": false, "has_discussions": false, "forks_count": 8, "mirror_url": null, "archived": false, "disabled": false, "open_issues_count": 0, "license": null, "allow_forking": true, "is_template": false, "web_commit_signoff_required": false, "topics": [], "default_branch": "master", "permissions": {"admin": false, "maintain": false, "push": false, "triage": false, "pull": true}, "_id": 822722}, {"owner": {"type": "User", "site_admin": false}, "fork": false, "created_at": "2010-08-07T05:13:18Z", "updated_at": "2014-05-22T16:31:07Z", "pushed_at": "2011-08-10T20:21:21Z", "size": 569, "stargazers_count": 6, "watchers_count": 6, "language": "Python", "has_issues": true, "has_projects": true, "has_downloads": true, "has_wiki": true, "has_pages": false, "has_discussions": false, "forks_count": 0, "mirror_url": null, "archived": false, "disabled": false, "open_issues_count": 0, "license": null, "allow_forking": true, "is_template": false, "web_commit_signoff_required": false, "topics": [], "default_branch": "master", "permissions": {"admin": false, "maintain": false, "push": false, "triage": false, "pull": true}, "_id": 822742}, {"owner": {"type": "User", "site_admin": false}, "fork": false, "created_at": "2010-08-07T05:21:15Z", "updated_at": "2022-10-11T19:52:06Z", "pushed_at": "2011-02-02T17:57:02Z", "size": 210, "stargazers_count": 21, "watchers_count": 21, "language": "C", "has_issues": true, "has_projects": true, "has_downloads": false, "has_wiki": false, "has_pages": false, "has_discussions": false, "forks_count": 5, "mirror_url": null, "archived": false, "disabled": false, "open_issues_count": 0, "license": {"key": "other", "name": "Other", "spdx_id": "NOASSERTION", "url": null, "node_id": "MDc6TGljZW5zZTA="}, "allow_forking": true, "is_template": false, "web_commit_signoff_required": false, "topics": [], "default_branch": "master", "permissions": {"admin": false, "maintain": false, "push": false, "triage": false, "pull": true}, "_id": 822753}, {"owner": {"type": "Organization", "site_admin": false}, "fork": false, "created_at": "2010-08-07T05:53:43Z", "updated_at": "2022-11-24T11:24:03Z", "pushed_at": "2016-07-06T12:04:07Z", "size": 3356, "stargazers_count": 85, "watchers_count": 85, "language": "Java", "has_issues": false, "has_projects": true, "has_downloads": false, "has_wiki": false, "has_pages": false, "has_discussions": false, "forks_count": 161, "mirror_url": null, "archived": false, "disabled": false, "open_issues_count": 0, "license": {"key": "other", "name": "Other", "spdx_id": "NOASSERTION", "url": null, "node_id": "MDc6TGljZW5zZTA="}, "allow_forking": true, "is_template": false, "web_commit_signoff_required": false, "topics": [], "default_branch": "cm-10.2", "permissions": {"admin": false, "maintain": false, "push": false, "triage": false, "pull": true}, "_id": 822781}, {"owner": {"type": "Organization", "site_admin": false}, "fork": false, "created_at": "2010-08-07T05:54:14Z", "updated_at": "2020-07-16T18:36:42Z", "pushed_at": "2017-06-15T05:27:00Z", "size": 209, "stargazers_count": 10, "watchers_count": 10, "language": "Python", "has_issues": true, "has_projects": true, "has_downloads": true, "has_wiki": true, "has_pages": true, "has_discussions": false, "forks_count": 4, "mirror_url": null, "archived": true, "disabled": false, "open_issues_count": 2, "license": null, "allow_forking": true, "is_template": false, "web_commit_signoff_required": false, "topics": [], "default_branch": "master", "permissions": {"admin": false, "maintain": false, "push": false, "triage": false, "pull": true}, "_id": 822782}, {"owner": {"type": "User", "site_admin": false}, "fork": false, "created_at": "2010-08-07T06:16:17Z", "updated_at": "2018-12-13T17:28:41Z", "pushed_at": "2018-12-13T17:28:39Z", "size": 476, "stargazers_count": 6, "watchers_count": 6, "language": "Java", "has_issues": true, "has_projects": true, "has_downloads": true, "has_wiki": true, "has_pages": false, "has_discussions": false, "forks_count": 6, "mirror_url": null, "archived": false, "disabled": false, "open_issues_count": 0, "license": {"key": "apache-2.0", "name": "Apache License 2.0", "spdx_id": "Apache-2.0", "url": "https://api.github.com/licenses/apache-2.0", "node_id": "MDc6TGljZW5zZTI="}, "allow_forking": true, "is_template": false, "web_commit_signoff_required": false, "topics": [], "default_branch": "master", "permissions": {"admin": false, "maintain": false, "push": false, "triage": false, "pull": true}, "_id": 822793}, {"owner": {"type": "User", "site_admin": false}, "fork": false, "created_at": "2010-08-07T06:34:45Z", "updated_at": "2020-02-24T19:09:45Z", "pushed_at": "2012-02-19T07:09:03Z", "size": 429, "stargazers_count": 27, "watchers_count": 27, "language": "JavaScript", "has_issues": true, "has_projects": true, "has_downloads": true, "has_wiki": true, "has_pages": true, "has_discussions": false, "forks_count": 2, "mirror_url": null, "archived": false, "disabled": false, "open_issues_count": 0, "license": {"key": "other", "name": "Other", "spdx_id": "NOASSERTION", "url": null, "node_id": "MDc6TGljZW5zZTA="}, "allow_forking": true, "is_template": false, "web_commit_signoff_required": false, "topics": [], "default_branch": "master", "permissions": {"admin": false, "maintain": false, "push": false, "triage": false, "pull": true}, "_id": 822811}, {"owner": {"type": "User", "site_admin": false}, "fork": false, "created_at": "2010-08-07T06:43:56Z", "updated_at": "2016-01-29T05:59:31Z", "pushed_at": "2010-08-07T14:19:21Z", "size": 181, "stargazers_count": 16, "watchers_count": 16, "language": "Ruby", "has_issues": true, "has_projects": true, "has_downloads": true, "has_wiki": true, "has_pages": false, "has_discussions": false, "forks_count": 7, "mirror_url": null, "archived": false, "disabled": false, "open_issues_count": 3, "license": null, "allow_forking": true, "is_template": false, "web_commit_signoff_required": false, "topics": [], "default_branch": "master", "permissions": {"admin": false, "maintain": false, "push": false, "triage": false, "pull": true}, "_id": 822822}, {"owner": {"type": "User", "site_admin": false}, "fork": false, "created_at": "2010-08-07T07:42:15Z", "updated_at": "2019-10-22T16:55:19Z", "pushed_at": "2011-04-09T12:50:05Z", "size": 619, "stargazers_count": 8, "watchers_count": 8, "language": null, "has_issues": true, "has_projects": true, "has_downloads": true, "has_wiki": true, "has_pages": false, "has_discussions": false, "forks_count": 6, "mirror_url": null, "archived": false, "disabled": false, "open_issues_count": 2, "license": null, "allow_forking": true, "is_template": false, "web_commit_signoff_required": false, "topics": [], "default_branch": "master", "permissions": {"admin": false, "maintain": false, "push": false, "triage": false, "pull": true}, "_id": 822866}, {"owner": {"type": "User", "site_admin": false}, "fork": false, "created_at": "2010-08-07T08:13:52Z", "updated_at": "2022-02-17T02:01:32Z", "pushed_at": "2022-10-13T03:54:54Z", "size": 1031, "stargazers_count": 20, "watchers_count": 20, "language": "Emacs Lisp", "has_issues": true, "has_projects": true, "has_downloads": true, "has_wiki": true, "has_pages": false, "has_discussions": false, "forks_count": 12, "mirror_url": null, "archived": false, "disabled": false, "open_issues_count": 4, "license": {"key": "other", "name": "Other", "spdx_id": "NOASSERTION", "url": null, "node_id": "MDc6TGljZW5zZTA="}, "allow_forking": true, "is_template": false, "web_commit_signoff_required": false, "topics": ["calendar", "emacs-lisp", "ruby"], "default_branch": "master", "permissions": {"admin": false, "maintain": false, "push": false, "triage": false, "pull": true}, "_id": 822897}, {"owner": {"type": "User", "site_admin": false}, "fork": false, "created_at": "2010-08-07T08:58:37Z", "updated_at": "2022-10-26T04:53:52Z", "pushed_at": "2019-05-08T19:28:20Z", "size": 3347, "stargazers_count": 55, "watchers_count": 55, "language": "C", "has_issues": true, "has_projects": true, "has_downloads": true, "has_wiki": false, "has_pages": false, "has_discussions": false, "forks_count": 17, "mirror_url": null, "archived": false, "disabled": false, "open_issues_count": 5, "license": {"key": "gpl-3.0", "name": "GNU General Public License v3.0", "spdx_id": "GPL-3.0", "url": "https://api.github.com/licenses/gpl-3.0", "node_id": "MDc6TGljZW5zZTk="}, "allow_forking": true, "is_template": false, "web_commit_signoff_required": false, "topics": ["embedding-strings", "machine-learning"], "default_branch": "master", "permissions": {"admin": false, "maintain": false, "push": false, "triage": false, "pull": true}, "_id": 822936}, {"owner": {"type": "User", "site_admin": false}, "fork": false, "created_at": "2010-08-07T10:41:35Z", "updated_at": "2022-11-24T18:05:33Z", "pushed_at": "2010-09-18T09:03:35Z", "size": 480, "stargazers_count": 158, "watchers_count": 158, "language": "Python", "has_issues": true, "has_projects": true, "has_downloads": true, "has_wiki": true, "has_pages": false, "has_discussions": false, "forks_count": 29, "mirror_url": null, "archived": false, "disabled": false, "open_issues_count": 0, "license": {"key": "other", "name": "Other", "spdx_id": "NOASSERTION", "url": null, "node_id": "MDc6TGljZW5zZTA="}, "allow_forking": true, "is_template": false, "web_commit_signoff_required": false, "topics": [], "default_branch": "master", "permissions": {"admin": false, "maintain": false, "push": false, "triage": false, "pull": true}, "_id": 823024}, {"owner": {"type": "User", "site_admin": false}, "fork": false, "created_at": "2010-08-07T10:58:44Z", "updated_at": "2022-10-10T00:52:28Z", "pushed_at": "2013-02-09T20:35:36Z", "size": 116, "stargazers_count": 10, "watchers_count": 10, "language": "C++", "has_issues": true, "has_projects": true, "has_downloads": true, "has_wiki": true, "has_pages": false, "has_discussions": false, "forks_count": 4, "mirror_url": null, "archived": false, "disabled": false, "open_issues_count": 0, "license": null, "allow_forking": true, "is_template": false, "web_commit_signoff_required": false, "topics": [], "default_branch": "master", "permissions": {"admin": false, "maintain": false, "push": false, "triage": false, "pull": true}, "_id": 823042}, {"owner": {"type": "User", "site_admin": false}, "fork": false, "created_at": "2010-08-07T12:56:57Z", "updated_at": "2020-05-12T20:34:56Z", "pushed_at": "2010-08-16T15:59:24Z", "size": 208, "stargazers_count": 6, "watchers_count": 6, "language": "JavaScript", "has_issues": true, "has_projects": true, "has_downloads": true, "has_wiki": true, "has_pages": false, "has_discussions": false, "forks_count": 2, "mirror_url": null, "archived": false, "disabled": false, "open_issues_count": 0, "license": null, "allow_forking": true, "is_template": false, "web_commit_signoff_required": false, "topics": [], "default_branch": "master", "permissions": {"admin": false, "maintain": false, "push": false, "triage": false, "pull": true}, "_id": 823134}, {"owner": {"type": "User", "site_admin": false}, "fork": false, "created_at": "2010-08-07T13:21:05Z", "updated_at": "2022-08-31T21:33:40Z", "pushed_at": "2022-04-08T08:40:03Z", "size": 490, "stargazers_count": 157, "watchers_count": 157, "language": "Vim script", "has_issues": true, "has_projects": true, "has_downloads": true, "has_wiki": true, "has_pages": false, "has_discussions": false, "forks_count": 11, "mirror_url": null, "archived": false, "disabled": false, "open_issues_count": 3, "license": {"key": "other", "name": "Other", "spdx_id": "NOASSERTION", "url": null, "node_id": "MDc6TGljZW5zZTA="}, "allow_forking": true, "is_template": false, "web_commit_signoff_required": false, "topics": [], "default_branch": "master", "permissions": {"admin": false, "maintain": false, "push": false, "triage": false, "pull": true}, "_id": 823168}, {"owner": {"type": "User", "site_admin": false}, "fork": false, "created_at": "2010-08-07T13:24:17Z", "updated_at": "2019-12-19T16:54:58Z", "pushed_at": "2013-03-26T06:01:58Z", "size": 301, "stargazers_count": 12, "watchers_count": 12, "language": "JavaScript", "has_issues": true, "has_projects": true, "has_downloads": true, "has_wiki": true, "has_pages": true, "has_discussions": false, "forks_count": 6, "mirror_url": null, "archived": false, "disabled": false, "open_issues_count": 5, "license": null, "allow_forking": true, "is_template": false, "web_commit_signoff_required": false, "topics": [], "default_branch": "gh-pages", "permissions": {"admin": false, "maintain": false, "push": false, "triage": false, "pull": true}, "_id": 823172}, {"owner": {"type": "User", "site_admin": false}, "fork": false, "created_at": "2010-08-07T13:28:38Z", "updated_at": "2015-12-04T20:43:43Z", "pushed_at": "2014-12-01T02:21:13Z", "size": 162, "stargazers_count": 9, "watchers_count": 9, "language": "PHP", "has_issues": true, "has_projects": true, "has_downloads": true, "has_wiki": false, "has_pages": false, "has_discussions": false, "forks_count": 1, "mirror_url": null, "archived": false, "disabled": false, "open_issues_count": 0, "license": null, "allow_forking": true, "is_template": false, "web_commit_signoff_required": false, "topics": [], "default_branch": "master", "permissions": {"admin": false, "maintain": false, "push": false, "triage": false, "pull": true}, "_id": 823180}, {"owner": {"type": "User", "site_admin": false}, "fork": false, "created_at": "2010-08-07T13:46:50Z", "updated_at": "2022-04-02T19:35:11Z", "pushed_at": "2017-07-31T03:16:11Z", "size": 132, "stargazers_count": 24, "watchers_count": 24, "language": "Java", "has_issues": true, "has_projects": true, "has_downloads": true, "has_wiki": true, "has_pages": false, "has_discussions": false, "forks_count": 13, "mirror_url": null, "archived": false, "disabled": false, "open_issues_count": 4, "license": {"key": "gpl-3.0", "name": "GNU General Public License v3.0", "spdx_id": "GPL-3.0", "url": "https://api.github.com/licenses/gpl-3.0", "node_id": "MDc6TGljZW5zZTk="}, "allow_forking": true, "is_template": false, "web_commit_signoff_required": false, "topics": [], "default_branch": "master", "permissions": {"admin": false, "maintain": false, "push": false, "triage": false, "pull": true}, "_id": 823198}, {"owner": {"type": "User", "site_admin": false}, "fork": false, "created_at": "2010-08-07T14:19:47Z", "updated_at": "2019-04-10T02:14:36Z", "pushed_at": "2011-08-21T15:43:09Z", "size": 97, "stargazers_count": 10, "watchers_count": 10, "language": "JavaScript", "has_issues": true, "has_projects": true, "has_downloads": true, "has_wiki": true, "has_pages": false, "has_discussions": false, "forks_count": 3, "mirror_url": null, "archived": false, "disabled": false, "open_issues_count": 1, "license": null, "allow_forking": true, "is_template": false, "web_commit_signoff_required": false, "topics": [], "default_branch": "master", "permissions": {"admin": false, "maintain": false, "push": false, "triage": false, "pull": true}, "_id": 823235}, {"owner": {"type": "Organization", "site_admin": false}, "fork": false, "created_at": "2010-08-07T15:27:54Z", "updated_at": "2022-11-15T07:54:14Z", "pushed_at": "2016-03-08T11:31:57Z", "size": 26513, "stargazers_count": 520, "watchers_count": 520, "language": "Groovy", "has_issues": true, "has_projects": true, "has_downloads": true, "has_wiki": true, "has_pages": false, "has_discussions": false, "forks_count": 98, "mirror_url": null, "archived": false, "disabled": false, "open_issues_count": 75, "license": {"key": "apache-2.0", "name": "Apache License 2.0", "spdx_id": "Apache-2.0", "url": "https://api.github.com/licenses/apache-2.0", "node_id": "MDc6TGljZW5zZTI="}, "allow_forking": true, "is_template": false, "web_commit_signoff_required": false, "topics": [], "default_branch": "master", "permissions": {"admin": false, "maintain": false, "push": false, "triage": false, "pull": true}, "_id": 823322}, {"owner": {"type": "User", "site_admin": false}, "fork": false, "created_at": "2010-08-07T15:27:55Z", "updated_at": "2020-06-18T00:13:45Z", "pushed_at": "2014-06-15T17:44:57Z", "size": 173, "stargazers_count": 22, "watchers_count": 22, "language": "VimL", "has_issues": true, "has_projects": true, "has_downloads": true, "has_wiki": true, "has_pages": false, "has_discussions": false, "forks_count": 12, "mirror_url": null, "archived": false, "disabled": false, "open_issues_count": 1, "license": null, "allow_forking": true, "is_template": false, "web_commit_signoff_required": false, "topics": [], "default_branch": "master", "permissions": {"admin": false, "maintain": false, "push": false, "triage": false, "pull": true}, "_id": 823324}, {"owner": {"type": "Organization", "site_admin": false}, "fork": false, "created_at": "2010-08-07T17:07:07Z", "updated_at": "2022-05-03T07:09:42Z", "pushed_at": "2016-08-27T03:28:09Z", "size": 43154, "stargazers_count": 31, "watchers_count": 31, "language": "C++", "has_issues": false, "has_projects": true, "has_downloads": true, "has_wiki": false, "has_pages": false, "has_discussions": false, "forks_count": 56, "mirror_url": null, "archived": false, "disabled": false, "open_issues_count": 0, "license": {"key": "other", "name": "Other", "spdx_id": "NOASSERTION", "url": null, "node_id": "MDc6TGljZW5zZTA="}, "allow_forking": true, "is_template": false, "web_commit_signoff_required": false, "topics": [], "default_branch": "cm-10.2", "permissions": {"admin": false, "maintain": false, "push": false, "triage": false, "pull": true}, "_id": 823442}, {"owner": {"type": "User", "site_admin": false}, "fork": false, "created_at": "2010-08-07T17:08:56Z", "updated_at": "2021-05-04T23:01:04Z", "pushed_at": "2010-08-07T18:38:08Z", "size": 108, "stargazers_count": 7, "watchers_count": 7, "language": "Python", "has_issues": true, "has_projects": true, "has_downloads": true, "has_wiki": true, "has_pages": false, "has_discussions": false, "forks_count": 0, "mirror_url": null, "archived": false, "disabled": false, "open_issues_count": 1, "license": null, "allow_forking": true, "is_template": false, "web_commit_signoff_required": false, "topics": [], "default_branch": "master", "permissions": {"admin": false, "maintain": false, "push": false, "triage": false, "pull": true}, "_id": 823445}, {"owner": {"type": "User", "site_admin": false}, "fork": false, "created_at": "2010-08-07T17:53:14Z", "updated_at": "2022-05-26T02:20:07Z", "pushed_at": "2018-03-05T22:21:34Z", "size": 117, "stargazers_count": 9, "watchers_count": 9, "language": "Python", "has_issues": true, "has_projects": true, "has_downloads": true, "has_wiki": true, "has_pages": false, "has_discussions": false, "forks_count": 3, "mirror_url": null, "archived": false, "disabled": false, "open_issues_count": 0, "license": {"key": "mit", "name": "MIT License", "spdx_id": "MIT", "url": "https://api.github.com/licenses/mit", "node_id": "MDc6TGljZW5zZTEz"}, "allow_forking": true, "is_template": false, "web_commit_signoff_required": false, "topics": [], "default_branch": "master", "permissions": {"admin": false, "maintain": false, "push": false, "triage": false, "pull": true}, "_id": 823501}, {"owner": {"type": "User", "site_admin": false}, "fork": false, "created_at": "2010-08-07T18:06:20Z", "updated_at": "2022-11-13T18:48:18Z", "pushed_at": "2017-05-15T13:28:55Z", "size": 49, "stargazers_count": 50, "watchers_count": 50, "language": "PHP", "has_issues": true, "has_projects": true, "has_downloads": true, "has_wiki": true, "has_pages": false, "has_discussions": false, "forks_count": 19, "mirror_url": null, "archived": false, "disabled": false, "open_issues_count": 0, "license": {"key": "mit", "name": "MIT License", "spdx_id": "MIT", "url": "https://api.github.com/licenses/mit", "node_id": "MDc6TGljZW5zZTEz"}, "allow_forking": true, "is_template": false, "web_commit_signoff_required": false, "topics": [], "default_branch": "master", "permissions": {"admin": false, "maintain": false, "push": false, "triage": false, "pull": true}, "_id": 823520}, {"owner": {"type": "User", "site_admin": false}, "fork": false, "created_at": "2010-08-07T18:12:26Z", "updated_at": "2019-08-13T14:35:35Z", "pushed_at": "2010-08-07T22:36:12Z", "size": 96, "stargazers_count": 11, "watchers_count": 11, "language": "Python", "has_issues": true, "has_projects": true, "has_downloads": true, "has_wiki": true, "has_pages": false, "has_discussions": false, "forks_count": 0, "mirror_url": null, "archived": false, "disabled": false, "open_issues_count": 0, "license": null, "allow_forking": true, "is_template": false, "web_commit_signoff_required": false, "topics": [], "default_branch": "master", "permissions": {"admin": false, "maintain": false, "push": false, "triage": false, "pull": true}, "_id": 823526}, {"owner": {"type": "User", "site_admin": false}, "fork": false, "created_at": "2010-08-07T18:17:27Z", "updated_at": "2022-11-08T18:47:25Z", "pushed_at": "2012-08-13T21:48:59Z", "size": 396, "stargazers_count": 52, "watchers_count": 52, "language": "C++", "has_issues": true, "has_projects": true, "has_downloads": true, "has_wiki": true, "has_pages": false, "has_discussions": false, "forks_count": 8, "mirror_url": null, "archived": false, "disabled": false, "open_issues_count": 3, "license": {"key": "mit", "name": "MIT License", "spdx_id": "MIT", "url": "https://api.github.com/licenses/mit", "node_id": "MDc6TGljZW5zZTEz"}, "allow_forking": true, "is_template": false, "web_commit_signoff_required": false, "topics": [], "default_branch": "master", "permissions": {"admin": false, "maintain": false, "push": false, "triage": false, "pull": true}, "_id": 823532}, {"owner": {"type": "User", "site_admin": false}, "fork": false, "created_at": "2010-08-07T18:39:05Z", "updated_at": "2021-03-02T07:54:17Z", "pushed_at": "2011-02-25T17:39:26Z", "size": 1308, "stargazers_count": 13, "watchers_count": 13, "language": "Lua", "has_issues": true, "has_projects": true, "has_downloads": true, "has_wiki": true, "has_pages": false, "has_discussions": false, "forks_count": 1, "mirror_url": null, "archived": false, "disabled": false, "open_issues_count": 1, "license": null, "allow_forking": true, "is_template": false, "web_commit_signoff_required": false, "topics": [], "default_branch": "master", "permissions": {"admin": false, "maintain": false, "push": false, "triage": false, "pull": true}, "_id": 823568}, {"owner": {"type": "Organization", "site_admin": false}, "fork": false, "created_at": "2010-08-07T18:47:17Z", "updated_at": "2021-09-05T12:28:41Z", "pushed_at": "2019-01-23T22:40:46Z", "size": 2371, "stargazers_count": 15, "watchers_count": 15, "language": "PHP", "has_issues": true, "has_projects": true, "has_downloads": true, "has_wiki": true, "has_pages": false, "has_discussions": false, "forks_count": 6, "mirror_url": null, "archived": false, "disabled": false, "open_issues_count": 3, "license": null, "allow_forking": true, "is_template": false, "web_commit_signoff_required": false, "topics": [], "default_branch": "master", "permissions": {"admin": false, "maintain": false, "push": false, "triage": false, "pull": true}, "_id": 823582}, {"owner": {"type": "User", "site_admin": false}, "fork": false, "created_at": "2010-08-07T18:57:44Z", "updated_at": "2022-11-21T03:19:13Z", "pushed_at": "2022-07-21T22:15:51Z", "size": 193, "stargazers_count": 253, "watchers_count": 253, "language": "Ruby", "has_issues": true, "has_projects": true, "has_downloads": true, "has_wiki": true, "has_pages": false, "has_discussions": false, "forks_count": 24, "mirror_url": null, "archived": false, "disabled": false, "open_issues_count": 6, "license": null, "allow_forking": true, "is_template": false, "web_commit_signoff_required": false, "topics": [], "default_branch": "master", "permissions": {"admin": false, "maintain": false, "push": false, "triage": false, "pull": true}, "_id": 823598}, {"owner": {"type": "User", "site_admin": false}, "fork": false, "created_at": "2010-08-07T18:58:50Z", "updated_at": "2022-01-31T20:53:48Z", "pushed_at": "2010-08-07T19:29:04Z", "size": 272, "stargazers_count": 25, "watchers_count": 25, "language": "C#", "has_issues": true, "has_projects": true, "has_downloads": true, "has_wiki": true, "has_pages": false, "has_discussions": false, "forks_count": 10, "mirror_url": null, "archived": false, "disabled": false, "open_issues_count": 1, "license": {"key": "mit", "name": "MIT License", "spdx_id": "MIT", "url": "https://api.github.com/licenses/mit", "node_id": "MDc6TGljZW5zZTEz"}, "allow_forking": true, "is_template": false, "web_commit_signoff_required": false, "topics": [], "default_branch": "master", "permissions": {"admin": false, "maintain": false, "push": false, "triage": false, "pull": true}, "_id": 823600}, {"owner": {"type": "Organization", "site_admin": false}, "fork": false, "created_at": "2010-08-07T19:01:27Z", "updated_at": "2016-06-11T20:19:11Z", "pushed_at": "2013-10-14T22:00:52Z", "size": 363, "stargazers_count": 8, "watchers_count": 8, "language": "PHP", "has_issues": false, "has_projects": true, "has_downloads": true, "has_wiki": true, "has_pages": false, "has_discussions": false, "forks_count": 3, "mirror_url": null, "archived": false, "disabled": false, "open_issues_count": 0, "license": null, "allow_forking": true, "is_template": false, "web_commit_signoff_required": false, "topics": [], "default_branch": "master", "permissions": {"admin": false, "maintain": false, "push": false, "triage": false, "pull": true}, "_id": 823603}, {"owner": {"type": "User", "site_admin": false}, "fork": false, "created_at": "2010-08-07T19:13:05Z", "updated_at": "2021-01-30T02:17:14Z", "pushed_at": "2010-08-09T02:42:27Z", "size": 122, "stargazers_count": 14, "watchers_count": 14, "language": "Python", "has_issues": true, "has_projects": true, "has_downloads": true, "has_wiki": true, "has_pages": false, "has_discussions": false, "forks_count": 3, "mirror_url": null, "archived": false, "disabled": false, "open_issues_count": 0, "license": {"key": "gpl-3.0", "name": "GNU General Public License v3.0", "spdx_id": "GPL-3.0", "url": "https://api.github.com/licenses/gpl-3.0", "node_id": "MDc6TGljZW5zZTk="}, "allow_forking": true, "is_template": false, "web_commit_signoff_required": false, "topics": [], "default_branch": "master", "permissions": {"admin": false, "maintain": false, "push": false, "triage": false, "pull": true}, "_id": 823613}, {"owner": {"type": "User", "site_admin": false}, "fork": false, "created_at": "2010-08-07T19:19:04Z", "updated_at": "2022-09-13T01:12:52Z", "pushed_at": "2012-04-29T11:08:33Z", "size": 2781, "stargazers_count": 260, "watchers_count": 260, "language": "CoffeeScript", "has_issues": true, "has_projects": true, "has_downloads": true, "has_wiki": true, "has_pages": true, "has_discussions": false, "forks_count": 42, "mirror_url": null, "archived": true, "disabled": false, "open_issues_count": 10, "license": {"key": "gpl-2.0", "name": "GNU General Public License v2.0", "spdx_id": "GPL-2.0", "url": "https://api.github.com/licenses/gpl-2.0", "node_id": "MDc6TGljZW5zZTg="}, "allow_forking": true, "is_template": false, "web_commit_signoff_required": false, "topics": [], "default_branch": "master", "permissions": {"admin": false, "maintain": false, "push": false, "triage": false, "pull": true}, "_id": 823619}, {"owner": {"type": "User", "site_admin": false}, "fork": false, "created_at": "2010-08-07T19:28:28Z", "updated_at": "2020-09-30T20:51:18Z", "pushed_at": "2016-08-22T12:14:02Z", "size": 116, "stargazers_count": 6, "watchers_count": 6, "language": "Ruby", "has_issues": true, "has_projects": true, "has_downloads": true, "has_wiki": true, "has_pages": false, "has_discussions": false, "forks_count": 2, "mirror_url": null, "archived": false, "disabled": false, "open_issues_count": 1, "license": {"key": "mit", "name": "MIT License", "spdx_id": "MIT", "url": "https://api.github.com/licenses/mit", "node_id": "MDc6TGljZW5zZTEz"}, "allow_forking": true, "is_template": false, "web_commit_signoff_required": false, "topics": [], "default_branch": "master", "permissions": {"admin": false, "maintain": false, "push": false, "triage": false, "pull": true}, "_id": 823629}, {"owner": {"type": "User", "site_admin": false}, "fork": false, "created_at": "2010-08-07T20:13:37Z", "updated_at": "2021-04-28T17:15:02Z", "pushed_at": "2010-08-21T17:25:37Z", "size": 335, "stargazers_count": 9, "watchers_count": 9, "language": "Python", "has_issues": true, "has_projects": true, "has_downloads": true, "has_wiki": true, "has_pages": false, "has_discussions": false, "forks_count": 0, "mirror_url": null, "archived": true, "disabled": false, "open_issues_count": 0, "license": {"key": "mit", "name": "MIT License", "spdx_id": "MIT", "url": "https://api.github.com/licenses/mit", "node_id": "MDc6TGljZW5zZTEz"}, "allow_forking": true, "is_template": false, "web_commit_signoff_required": false, "topics": [], "default_branch": "master", "permissions": {"admin": false, "maintain": false, "push": false, "triage": false, "pull": true}, "_id": 823690}, {"owner": {"type": "Organization", "site_admin": false}, "fork": false, "created_at": "2010-08-07T20:21:23Z", "updated_at": "2020-10-16T23:32:28Z", "pushed_at": "2019-06-22T21:55:16Z", "size": 26844, "stargazers_count": 24, "watchers_count": 24, "language": "Objective-C", "has_issues": true, "has_projects": false, "has_downloads": false, "has_wiki": true, "has_pages": false, "has_discussions": false, "forks_count": 5, "mirror_url": null, "archived": true, "disabled": false, "open_issues_count": 0, "license": {"key": "bsd-3-clause", "name": "BSD 3-Clause \"New\" or \"Revised\" License", "spdx_id": "BSD-3-Clause", "url": "https://api.github.com/licenses/bsd-3-clause", "node_id": "MDc6TGljZW5zZTU="}, "allow_forking": true, "is_template": false, "web_commit_signoff_required": false, "topics": ["macos", "myanimelist", "scrobble"], "default_branch": "master", "permissions": {"admin": false, "maintain": false, "push": false, "triage": false, "pull": true}, "_id": 823698}, {"owner": {"type": "User", "site_admin": false}, "fork": false, "created_at": "2010-08-07T20:25:21Z", "updated_at": "2022-08-21T15:44:49Z", "pushed_at": "2015-08-07T11:32:44Z", "size": 1006, "stargazers_count": 42, "watchers_count": 42, "language": "C", "has_issues": true, "has_projects": true, "has_downloads": true, "has_wiki": true, "has_pages": false, "has_discussions": false, "forks_count": 6, "mirror_url": null, "archived": false, "disabled": false, "open_issues_count": 1, "license": null, "allow_forking": true, "is_template": false, "web_commit_signoff_required": false, "topics": [], "default_branch": "master", "permissions": {"admin": false, "maintain": false, "push": false, "triage": false, "pull": true}, "_id": 823705}, {"owner": {"type": "User", "site_admin": false}, "fork": false, "created_at": "2010-08-07T20:27:42Z", "updated_at": "2021-03-18T05:07:37Z", "pushed_at": "2012-05-08T02:31:58Z", "size": 498, "stargazers_count": 10, "watchers_count": 10, "language": "Ruby", "has_issues": true, "has_projects": true, "has_downloads": true, "has_wiki": false, "has_pages": false, "has_discussions": false, "forks_count": 3, "mirror_url": null, "archived": true, "disabled": false, "open_issues_count": 1, "license": null, "allow_forking": true, "is_template": false, "web_commit_signoff_required": false, "topics": [], "default_branch": "master", "permissions": {"admin": false, "maintain": false, "push": false, "triage": false, "pull": true}, "_id": 823709}, {"owner": {"type": "User", "site_admin": false}, "fork": false, "created_at": "2010-08-07T20:37:00Z", "updated_at": "2019-08-13T14:35:35Z", "pushed_at": "2010-12-22T16:00:23Z", "size": 303, "stargazers_count": 8, "watchers_count": 8, "language": "Eiffel", "has_issues": true, "has_projects": true, "has_downloads": true, "has_wiki": true, "has_pages": false, "has_discussions": false, "forks_count": 2, "mirror_url": null, "archived": false, "disabled": false, "open_issues_count": 0, "license": null, "allow_forking": true, "is_template": false, "web_commit_signoff_required": false, "topics": [], "default_branch": "master", "permissions": {"admin": false, "maintain": false, "push": false, "triage": false, "pull": true}, "_id": 823719}, {"owner": {"type": "User", "site_admin": false}, "fork": false, "created_at": "2010-08-07T20:58:43Z", "updated_at": "2014-09-08T21:12:06Z", "pushed_at": "2011-09-06T11:46:03Z", "size": 180, "stargazers_count": 11, "watchers_count": 11, "language": "Perl", "has_issues": true, "has_projects": true, "has_downloads": true, "has_wiki": true, "has_pages": false, "has_discussions": false, "forks_count": 5, "mirror_url": null, "archived": false, "disabled": false, "open_issues_count": 3, "license": null, "allow_forking": true, "is_template": false, "web_commit_signoff_required": false, "topics": [], "default_branch": "master", "permissions": {"admin": false, "maintain": false, "push": false, "triage": false, "pull": true}, "_id": 823747}, {"owner": {"type": "User", "site_admin": false}, "fork": false, "created_at": "2010-08-07T20:59:58Z", "updated_at": "2013-10-18T06:56:04Z", "pushed_at": "2010-08-08T05:15:42Z", "size": 88, "stargazers_count": 6, "watchers_count": 6, "language": null, "has_issues": true, "has_projects": true, "has_downloads": true, "has_wiki": true, "has_pages": false, "has_discussions": false, "forks_count": 3, "mirror_url": null, "archived": false, "disabled": false, "open_issues_count": 0, "license": null, "allow_forking": true, "is_template": false, "web_commit_signoff_required": false, "topics": [], "default_branch": "master", "permissions": {"admin": false, "maintain": false, "push": false, "triage": false, "pull": true}, "_id": 823748}, {"owner": {"type": "User", "site_admin": false}, "fork": false, "created_at": "2010-08-07T21:21:52Z", "updated_at": "2019-08-13T14:35:35Z", "pushed_at": "2010-08-30T03:21:51Z", "size": 196, "stargazers_count": 51, "watchers_count": 51, "language": "Ruby", "has_issues": true, "has_projects": true, "has_downloads": true, "has_wiki": true, "has_pages": false, "has_discussions": false, "forks_count": 2, "mirror_url": null, "archived": false, "disabled": false, "open_issues_count": 0, "license": {"key": "mit", "name": "MIT License", "spdx_id": "MIT", "url": "https://api.github.com/licenses/mit", "node_id": "MDc6TGljZW5zZTEz"}, "allow_forking": true, "is_template": false, "web_commit_signoff_required": false, "topics": [], "default_branch": "master", "permissions": {"admin": false, "maintain": false, "push": false, "triage": false, "pull": true}, "_id": 823777}, {"owner": {"type": "User", "site_admin": false}, "fork": false, "created_at": "2010-08-07T21:24:37Z", "updated_at": "2021-05-26T10:55:33Z", "pushed_at": "2012-04-12T02:25:17Z", "size": 165, "stargazers_count": 14, "watchers_count": 14, "language": "Ruby", "has_issues": true, "has_projects": true, "has_downloads": true, "has_wiki": true, "has_pages": false, "has_discussions": false, "forks_count": 5, "mirror_url": null, "archived": false, "disabled": false, "open_issues_count": 1, "license": {"key": "mit", "name": "MIT License", "spdx_id": "MIT", "url": "https://api.github.com/licenses/mit", "node_id": "MDc6TGljZW5zZTEz"}, "allow_forking": true, "is_template": false, "web_commit_signoff_required": false, "topics": [], "default_branch": "master", "permissions": {"admin": false, "maintain": false, "push": false, "triage": false, "pull": true}, "_id": 823783}, {"owner": {"type": "User", "site_admin": false}, "fork": false, "created_at": "2010-08-07T21:24:38Z", "updated_at": "2021-12-14T01:26:34Z", "pushed_at": "2010-08-07T21:26:27Z", "size": 96, "stargazers_count": 6, "watchers_count": 6, "language": "Python", "has_issues": true, "has_projects": true, "has_downloads": true, "has_wiki": true, "has_pages": false, "has_discussions": false, "forks_count": 3, "mirror_url": null, "archived": false, "disabled": false, "open_issues_count": 0, "license": null, "allow_forking": true, "is_template": false, "web_commit_signoff_required": false, "topics": [], "default_branch": "master", "permissions": {"admin": false, "maintain": false, "push": false, "triage": false, "pull": true}, "_id": 823784}, {"owner": {"type": "User", "site_admin": false}, "fork": false, "created_at": "2010-08-07T21:25:04Z", "updated_at": "2016-06-03T17:34:36Z", "pushed_at": "2012-02-06T12:09:16Z", "size": 114, "stargazers_count": 6, "watchers_count": 6, "language": "Python", "has_issues": true, "has_projects": true, "has_downloads": true, "has_wiki": true, "has_pages": false, "has_discussions": false, "forks_count": 1, "mirror_url": null, "archived": false, "disabled": false, "open_issues_count": 0, "license": null, "allow_forking": true, "is_template": false, "web_commit_signoff_required": false, "topics": [], "default_branch": "master", "permissions": {"admin": false, "maintain": false, "push": false, "triage": false, "pull": true}, "_id": 823785}, {"owner": {"type": "User", "site_admin": false}, "fork": false, "created_at": "2010-08-07T21:46:03Z", "updated_at": "2019-08-15T04:40:34Z", "pushed_at": "2010-08-08T00:52:15Z", "size": 93, "stargazers_count": 11, "watchers_count": 11, "language": "Ruby", "has_issues": true, "has_projects": true, "has_downloads": true, "has_wiki": true, "has_pages": false, "has_discussions": false, "forks_count": 1, "mirror_url": null, "archived": false, "disabled": false, "open_issues_count": 0, "license": null, "allow_forking": true, "is_template": false, "web_commit_signoff_required": false, "topics": [], "default_branch": "master", "permissions": {"admin": false, "maintain": false, "push": false, "triage": false, "pull": true}, "_id": 823813}, {"owner": {"type": "User", "site_admin": false}, "fork": false, "created_at": "2010-08-07T22:02:28Z", "updated_at": "2020-06-27T04:35:47Z", "pushed_at": "2010-08-07T23:28:28Z", "size": 100, "stargazers_count": 8, "watchers_count": 8, "language": "Java", "has_issues": false, "has_projects": true, "has_downloads": true, "has_wiki": true, "has_pages": false, "has_discussions": false, "forks_count": 3, "mirror_url": null, "archived": false, "disabled": false, "open_issues_count": 0, "license": null, "allow_forking": true, "is_template": false, "web_commit_signoff_required": false, "topics": [], "default_branch": "master", "permissions": {"admin": false, "maintain": false, "push": false, "triage": false, "pull": true}, "_id": 823829}, {"owner": {"type": "User", "site_admin": true}, "fork": false, "created_at": "2010-08-07T22:08:53Z", "updated_at": "2019-07-08T22:11:05Z", "pushed_at": "2010-08-16T22:19:07Z", "size": 745, "stargazers_count": 8, "watchers_count": 8, "language": "Python", "has_issues": true, "has_projects": true, "has_downloads": true, "has_wiki": true, "has_pages": false, "has_discussions": false, "forks_count": 0, "mirror_url": null, "archived": false, "disabled": false, "open_issues_count": 0, "license": {"key": "bsd-3-clause", "name": "BSD 3-Clause \"New\" or \"Revised\" License", "spdx_id": "BSD-3-Clause", "url": "https://api.github.com/licenses/bsd-3-clause", "node_id": "MDc6TGljZW5zZTU="}, "allow_forking": true, "is_template": false, "web_commit_signoff_required": false, "topics": [], "default_branch": "master", "permissions": {"admin": false, "maintain": false, "push": false, "triage": false, "pull": true}, "_id": 823838}, {"owner": {"type": "User", "site_admin": false}, "fork": false, "created_at": "2010-08-07T22:11:51Z", "updated_at": "2019-07-08T22:11:05Z", "pushed_at": "2010-09-04T02:59:09Z", "size": 338, "stargazers_count": 9, "watchers_count": 9, "language": "JavaScript", "has_issues": true, "has_projects": true, "has_downloads": true, "has_wiki": true, "has_pages": false, "has_discussions": false, "forks_count": 4, "mirror_url": null, "archived": false, "disabled": false, "open_issues_count": 0, "license": null, "allow_forking": true, "is_template": false, "web_commit_signoff_required": false, "topics": [], "default_branch": "master", "permissions": {"admin": false, "maintain": false, "push": false, "triage": false, "pull": true}, "_id": 823841}, {"owner": {"type": "User", "site_admin": false}, "fork": false, "created_at": "2010-08-07T22:18:06Z", "updated_at": "2021-11-15T09:42:52Z", "pushed_at": "2010-08-24T07:35:58Z", "size": 488, "stargazers_count": 7, "watchers_count": 7, "language": "JavaScript", "has_issues": true, "has_projects": true, "has_downloads": true, "has_wiki": true, "has_pages": false, "has_discussions": false, "forks_count": 2, "mirror_url": null, "archived": false, "disabled": false, "open_issues_count": 0, "license": {"key": "mit", "name": "MIT License", "spdx_id": "MIT", "url": "https://api.github.com/licenses/mit", "node_id": "MDc6TGljZW5zZTEz"}, "allow_forking": true, "is_template": false, "web_commit_signoff_required": false, "topics": [], "default_branch": "master", "permissions": {"admin": false, "maintain": false, "push": false, "triage": false, "pull": true}, "_id": 823844}, {"owner": {"type": "User", "site_admin": false}, "fork": false, "created_at": "2010-08-07T22:39:42Z", "updated_at": "2022-04-06T11:21:56Z", "pushed_at": "2022-10-11T04:00:18Z", "size": 117, "stargazers_count": 60, "watchers_count": 60, "language": "Shell", "has_issues": true, "has_projects": true, "has_downloads": false, "has_wiki": false, "has_pages": false, "has_discussions": false, "forks_count": 10, "mirror_url": null, "archived": false, "disabled": false, "open_issues_count": 0, "license": {"key": "mit", "name": "MIT License", "spdx_id": "MIT", "url": "https://api.github.com/licenses/mit", "node_id": "MDc6TGljZW5zZTEz"}, "allow_forking": true, "is_template": false, "web_commit_signoff_required": false, "topics": ["shell", "zsh"], "default_branch": "main", "permissions": {"admin": false, "maintain": false, "push": false, "triage": false, "pull": true}, "_id": 823874}, {"owner": {"type": "User", "site_admin": false}, "fork": false, "created_at": "2010-08-07T22:55:23Z", "updated_at": "2019-08-13T14:35:35Z", "pushed_at": "2011-07-20T04:30:25Z", "size": 161, "stargazers_count": 17, "watchers_count": 17, "language": "JavaScript", "has_issues": true, "has_projects": true, "has_downloads": true, "has_wiki": true, "has_pages": false, "has_discussions": false, "forks_count": 1, "mirror_url": null, "archived": false, "disabled": false, "open_issues_count": 3, "license": {"key": "gpl-3.0", "name": "GNU General Public License v3.0", "spdx_id": "GPL-3.0", "url": "https://api.github.com/licenses/gpl-3.0", "node_id": "MDc6TGljZW5zZTk="}, "allow_forking": true, "is_template": false, "web_commit_signoff_required": false, "topics": [], "default_branch": "master", "permissions": {"admin": false, "maintain": false, "push": false, "triage": false, "pull": true}, "_id": 823892}, {"owner": {"type": "User", "site_admin": false}, "fork": false, "created_at": "2010-08-07T23:02:26Z", "updated_at": "2021-07-11T01:25:55Z", "pushed_at": "2011-11-09T18:36:56Z", "size": 2893, "stargazers_count": 28, "watchers_count": 28, "language": "Java", "has_issues": true, "has_projects": true, "has_downloads": true, "has_wiki": false, "has_pages": false, "has_discussions": false, "forks_count": 5, "mirror_url": null, "archived": false, "disabled": false, "open_issues_count": 2, "license": null, "allow_forking": true, "is_template": false, "web_commit_signoff_required": false, "topics": [], "default_branch": "master", "permissions": {"admin": false, "maintain": false, "push": false, "triage": false, "pull": true}, "_id": 823901}, {"owner": {"type": "User", "site_admin": false}, "fork": false, "created_at": "2010-08-07T23:12:02Z", "updated_at": "2022-11-25T05:45:48Z", "pushed_at": "2018-03-13T01:37:24Z", "size": 58, "stargazers_count": 17, "watchers_count": 17, "language": "LSL", "has_issues": true, "has_projects": true, "has_downloads": true, "has_wiki": true, "has_pages": true, "has_discussions": false, "forks_count": 6, "mirror_url": null, "archived": false, "disabled": false, "open_issues_count": 2, "license": null, "allow_forking": true, "is_template": false, "web_commit_signoff_required": false, "topics": [], "default_branch": "master", "permissions": {"admin": false, "maintain": false, "push": false, "triage": false, "pull": true}, "_id": 823910}, {"owner": {"type": "User", "site_admin": false}, "fork": false, "created_at": "2010-08-07T23:26:55Z", "updated_at": "2021-03-07T23:29:58Z", "pushed_at": "2010-08-07T23:27:58Z", "size": 177, "stargazers_count": 12, "watchers_count": 12, "language": "C", "has_issues": true, "has_projects": true, "has_downloads": true, "has_wiki": true, "has_pages": false, "has_discussions": false, "forks_count": 6, "mirror_url": null, "archived": false, "disabled": false, "open_issues_count": 0, "license": {"key": "gpl-2.0", "name": "GNU General Public License v2.0", "spdx_id": "GPL-2.0", "url": "https://api.github.com/licenses/gpl-2.0", "node_id": "MDc6TGljZW5zZTg="}, "allow_forking": true, "is_template": false, "web_commit_signoff_required": false, "topics": [], "default_branch": "master", "permissions": {"admin": false, "maintain": false, "push": false, "triage": false, "pull": true}, "_id": 823932}, {"owner": {"type": "User", "site_admin": false}, "fork": false, "created_at": "2010-08-07T23:28:35Z", "updated_at": "2014-12-10T10:22:06Z", "pushed_at": "2011-03-24T22:38:10Z", "size": 160, "stargazers_count": 11, "watchers_count": 11, "language": "JavaScript", "has_issues": true, "has_projects": true, "has_downloads": true, "has_wiki": true, "has_pages": false, "has_discussions": false, "forks_count": 0, "mirror_url": null, "archived": false, "disabled": false, "open_issues_count": 2, "license": null, "allow_forking": true, "is_template": false, "web_commit_signoff_required": false, "topics": [], "default_branch": "master", "permissions": {"admin": false, "maintain": false, "push": false, "triage": false, "pull": true}, "_id": 823933}, {"owner": {"type": "User", "site_admin": false}, "fork": false, "created_at": "2010-08-07T23:29:36Z", "updated_at": "2015-10-20T01:57:25Z", "pushed_at": "2010-08-07T23:30:02Z", "size": 209, "stargazers_count": 20, "watchers_count": 20, "language": "C", "has_issues": true, "has_projects": true, "has_downloads": true, "has_wiki": true, "has_pages": false, "has_discussions": false, "forks_count": 25, "mirror_url": null, "archived": false, "disabled": false, "open_issues_count": 2, "license": null, "allow_forking": true, "is_template": false, "web_commit_signoff_required": false, "topics": [], "default_branch": "master", "permissions": {"admin": false, "maintain": false, "push": false, "triage": false, "pull": true}, "_id": 823934}, {"owner": {"type": "User", "site_admin": false}, "fork": false, "created_at": "2010-08-07T23:55:36Z", "updated_at": "2022-11-23T21:34:45Z", "pushed_at": "2013-11-14T08:46:23Z", "size": 98, "stargazers_count": 18, "watchers_count": 18, "language": "Python", "has_issues": true, "has_projects": true, "has_downloads": true, "has_wiki": true, "has_pages": false, "has_discussions": false, "forks_count": 5, "mirror_url": null, "archived": false, "disabled": false, "open_issues_count": 1, "license": {"key": "other", "name": "Other", "spdx_id": "NOASSERTION", "url": null, "node_id": "MDc6TGljZW5zZTA="}, "allow_forking": true, "is_template": false, "web_commit_signoff_required": false, "topics": [], "default_branch": "master", "permissions": {"admin": false, "maintain": false, "push": false, "triage": false, "pull": true}, "_id": 823956}, {"owner": {"type": "User", "site_admin": false}, "fork": false, "created_at": "2010-08-07T23:58:42Z", "updated_at": "2017-12-26T07:04:17Z", "pushed_at": "2015-07-06T23:27:23Z", "size": 125, "stargazers_count": 23, "watchers_count": 23, "language": "Emacs Lisp", "has_issues": true, "has_projects": true, "has_downloads": true, "has_wiki": true, "has_pages": false, "has_discussions": false, "forks_count": 12, "mirror_url": null, "archived": false, "disabled": false, "open_issues_count": 0, "license": null, "allow_forking": true, "is_template": false, "web_commit_signoff_required": false, "topics": [], "default_branch": "master", "permissions": {"admin": false, "maintain": false, "push": false, "triage": false, "pull": true}, "_id": 823963}]