[{"owner": {"type": "User", "site_admin": false}, "fork": false, "created_at": "2010-11-02T00:04:07Z", "updated_at": "2020-07-18T16:38:45Z", "pushed_at": "2019-01-29T18:24:29Z", "size": 6, "stargazers_count": 6, "watchers_count": 6, "language": "Perl", "has_issues": true, "has_projects": true, "has_downloads": true, "has_wiki": true, "has_pages": false, "has_discussions": false, "forks_count": 6, "mirror_url": null, "archived": false, "disabled": false, "open_issues_count": 3, "license": null, "allow_forking": true, "is_template": false, "web_commit_signoff_required": false, "topics": [], "default_branch": "master", "permissions": {"admin": false, "maintain": false, "push": false, "triage": false, "pull": true}, "_id": 1043361}, {"owner": {"type": "User", "site_admin": false}, "fork": false, "created_at": "2010-11-02T00:08:28Z", "updated_at": "2021-03-04T10:22:07Z", "pushed_at": "2010-11-02T03:31:28Z", "size": 118, "stargazers_count": 19, "watchers_count": 19, "language": "JavaScript", "has_issues": true, "has_projects": true, "has_downloads": true, "has_wiki": true, "has_pages": false, "has_discussions": false, "forks_count": 4, "mirror_url": null, "archived": false, "disabled": false, "open_issues_count": 0, "license": null, "allow_forking": true, "is_template": false, "web_commit_signoff_required": false, "topics": [], "default_branch": "master", "permissions": {"admin": false, "maintain": false, "push": false, "triage": false, "pull": true}, "_id": 1043370}, {"owner": {"type": "Organization", "site_admin": false}, "fork": false, "created_at": "2010-11-02T00:41:32Z", "updated_at": "2017-05-26T01:47:11Z", "pushed_at": "2010-12-15T19:44:28Z", "size": 140, "stargazers_count": 10, "watchers_count": 10, "language": "Python", "has_issues": true, "has_projects": true, "has_downloads": true, "has_wiki": true, "has_pages": false, "has_discussions": false, "forks_count": 0, "mirror_url": null, "archived": false, "disabled": false, "open_issues_count": 0, "license": null, "allow_forking": true, "is_template": false, "web_commit_signoff_required": false, "topics": [], "default_branch": "master", "permissions": {"admin": false, "maintain": false, "push": false, "triage": false, "pull": true}, "_id": 1043425}, {"owner": {"type": "User", "site_admin": false}, "fork": false, "created_at": "2010-11-02T00:52:14Z", "updated_at": "2022-10-12T14:17:09Z", "pushed_at": "2018-02-27T09:15:29Z", "size": 143, "stargazers_count": 36, "watchers_count": 36, "language": "C", "has_issues": true, "has_projects": true, "has_downloads": true, "has_wiki": true, "has_pages": false, "has_discussions": false, "forks_count": 44, "mirror_url": null, "archived": false, "disabled": false, "open_issues_count": 1, "license": null, "allow_forking": true, "is_template": false, "web_commit_signoff_required": false, "topics": [], "default_branch": "master", "permissions": {"admin": false, "maintain": false, "push": false, "triage": false, "pull": true}, "_id": 1043446}, {"owner": {"type": "Organization", "site_admin": false}, "fork": false, "created_at": "2010-11-02T01:35:26Z", "updated_at": "2021-10-14T19:37:14Z", "pushed_at": "2019-07-17T19:05:13Z", "size": 522, "stargazers_count": 14, "watchers_count": 14, "language": null, "has_issues": true, "has_projects": true, "has_downloads": true, "has_wiki": false, "has_pages": false, "has_discussions": false, "forks_count": 9, "mirror_url": null, "archived": false, "disabled": false, "open_issues_count": 1, "license": {"key": "other", "name": "Other", "spdx_id": "NOASSERTION", "url": null, "node_id": "MDc6TGljZW5zZTA="}, "allow_forking": true, "is_template": false, "web_commit_signoff_required": false, "topics": [], "default_branch": "master", "permissions": {"admin": false, "maintain": false, "push": false, "triage": false, "pull": true}, "_id": 1043515}, {"owner": {"type": "User", "site_admin": false}, "fork": false, "created_at": "2010-11-02T01:58:31Z", "updated_at": "2021-04-02T10:27:00Z", "pushed_at": "2013-12-23T18:00:43Z", "size": 384, "stargazers_count": 12, "watchers_count": 12, "language": "C++", "has_issues": true, "has_projects": true, "has_downloads": true, "has_wiki": true, "has_pages": true, "has_discussions": false, "forks_count": 3, "mirror_url": null, "archived": false, "disabled": false, "open_issues_count": 0, "license": {"key": "gpl-3.0", "name": "GNU General Public License v3.0", "spdx_id": "GPL-3.0", "url": "https://api.github.com/licenses/gpl-3.0", "node_id": "MDc6TGljZW5zZTk="}, "allow_forking": true, "is_template": false, "web_commit_signoff_required": false, "topics": [], "default_branch": "develop", "permissions": {"admin": false, "maintain": false, "push": false, "triage": false, "pull": true}, "_id": 1043556}, {"owner": {"type": "User", "site_admin": false}, "fork": false, "created_at": "2010-11-02T02:10:03Z", "updated_at": "2022-06-03T11:21:01Z", "pushed_at": "2015-04-03T01:30:13Z", "size": 778, "stargazers_count": 98, "watchers_count": 98, "language": "VimL", "has_issues": false, "has_projects": true, "has_downloads": true, "has_wiki": false, "has_pages": false, "has_discussions": false, "forks_count": 20, "mirror_url": null, "archived": false, "disabled": false, "open_issues_count": 0, "license": null, "allow_forking": true, "is_template": false, "web_commit_signoff_required": false, "topics": [], "default_branch": "master", "permissions": {"admin": false, "maintain": false, "push": false, "triage": false, "pull": true}, "_id": 1043584}, {"owner": {"type": "User", "site_admin": false}, "fork": false, "created_at": "2010-11-02T04:15:32Z", "updated_at": "2020-04-08T22:02:10Z", "pushed_at": "2010-11-24T15:21:48Z", "size": 182, "stargazers_count": 13, "watchers_count": 13, "language": "Ruby", "has_issues": true, "has_projects": true, "has_downloads": true, "has_wiki": true, "has_pages": false, "has_discussions": false, "forks_count": 2, "mirror_url": null, "archived": false, "disabled": false, "open_issues_count": 0, "license": null, "allow_forking": true, "is_template": false, "web_commit_signoff_required": false, "topics": [], "default_branch": "master", "permissions": {"admin": false, "maintain": false, "push": false, "triage": false, "pull": true}, "_id": 1043770}, {"owner": {"type": "User", "site_admin": false}, "fork": false, "created_at": "2010-11-02T04:29:11Z", "updated_at": "2022-02-07T22:21:53Z", "pushed_at": "2013-02-11T23:23:10Z", "size": 464, "stargazers_count": 19, "watchers_count": 19, "language": "JavaScript", "has_issues": true, "has_projects": true, "has_downloads": true, "has_wiki": true, "has_pages": false, "has_discussions": false, "forks_count": 2, "mirror_url": null, "archived": false, "disabled": false, "open_issues_count": 0, "license": null, "allow_forking": true, "is_template": false, "web_commit_signoff_required": false, "topics": [], "default_branch": "master", "permissions": {"admin": false, "maintain": false, "push": false, "triage": false, "pull": true}, "_id": 1043791}, {"owner": {"type": "User", "site_admin": false}, "fork": false, "created_at": "2010-11-02T04:31:07Z", "updated_at": "2022-08-01T05:20:03Z", "pushed_at": "2010-11-09T19:40:48Z", "size": 1208, "stargazers_count": 23, "watchers_count": 23, "language": "C", "has_issues": true, "has_projects": true, "has_downloads": true, "has_wiki": true, "has_pages": false, "has_discussions": false, "forks_count": 8, "mirror_url": null, "archived": false, "disabled": false, "open_issues_count": 0, "license": null, "allow_forking": true, "is_template": false, "web_commit_signoff_required": false, "topics": [], "default_branch": "master", "permissions": {"admin": false, "maintain": false, "push": false, "triage": false, "pull": true}, "_id": 1043795}, {"owner": {"type": "User", "site_admin": false}, "fork": false, "created_at": "2010-11-02T05:07:27Z", "updated_at": "2020-02-15T09:57:45Z", "pushed_at": "2011-07-20T08:24:14Z", "size": 4562, "stargazers_count": 7, "watchers_count": 7, "language": "PHP", "has_issues": true, "has_projects": true, "has_downloads": true, "has_wiki": false, "has_pages": false, "has_discussions": false, "forks_count": 1, "mirror_url": null, "archived": false, "disabled": false, "open_issues_count": 0, "license": null, "allow_forking": true, "is_template": false, "web_commit_signoff_required": false, "topics": [], "default_branch": "master", "permissions": {"admin": false, "maintain": false, "push": false, "triage": false, "pull": true}, "_id": 1043841}, {"owner": {"type": "User", "site_admin": false}, "fork": false, "created_at": "2010-11-02T05:33:52Z", "updated_at": "2022-09-15T07:14:14Z", "pushed_at": "2019-02-07T15:01:05Z", "size": 1906, "stargazers_count": 70, "watchers_count": 70, "language": "C", "has_issues": true, "has_projects": true, "has_downloads": true, "has_wiki": true, "has_pages": false, "has_discussions": false, "forks_count": 8, "mirror_url": null, "archived": false, "disabled": false, "open_issues_count": 0, "license": {"key": "other", "name": "Other", "spdx_id": "NOASSERTION", "url": null, "node_id": "MDc6TGljZW5zZTA="}, "allow_forking": true, "is_template": false, "web_commit_signoff_required": false, "topics": [], "default_branch": "master", "permissions": {"admin": false, "maintain": false, "push": false, "triage": false, "pull": true}, "_id": 1043878}, {"owner": {"type": "Organization", "site_admin": false}, "fork": false, "created_at": "2010-11-02T05:40:58Z", "updated_at": "2018-04-11T14:31:18Z", "pushed_at": "2011-07-23T03:24:42Z", "size": 481, "stargazers_count": 6, "watchers_count": 6, "language": "JavaScript", "has_issues": true, "has_projects": true, "has_downloads": true, "has_wiki": true, "has_pages": true, "has_discussions": false, "forks_count": 3, "mirror_url": null, "archived": true, "disabled": false, "open_issues_count": 5, "license": null, "allow_forking": true, "is_template": false, "web_commit_signoff_required": false, "topics": [], "default_branch": "develop", "permissions": {"admin": false, "maintain": false, "push": false, "triage": false, "pull": true}, "_id": 1043895}, {"owner": {"type": "User", "site_admin": false}, "fork": false, "created_at": "2010-11-02T06:00:49Z", "updated_at": "2019-08-13T14:38:20Z", "pushed_at": "2011-06-15T01:22:25Z", "size": 136, "stargazers_count": 14, "watchers_count": 14, "language": "JavaScript", "has_issues": true, "has_projects": true, "has_downloads": true, "has_wiki": true, "has_pages": false, "has_discussions": false, "forks_count": 0, "mirror_url": null, "archived": false, "disabled": false, "open_issues_count": 0, "license": null, "allow_forking": true, "is_template": false, "web_commit_signoff_required": false, "topics": [], "default_branch": "master", "permissions": {"admin": false, "maintain": false, "push": false, "triage": false, "pull": true}, "_id": 1043912}, {"owner": {"type": "User", "site_admin": false}, "fork": false, "created_at": "2010-11-02T06:21:51Z", "updated_at": "2021-12-31T02:12:17Z", "pushed_at": "2017-05-11T12:27:40Z", "size": 1107, "stargazers_count": 18, "watchers_count": 18, "language": "Puppet", "has_issues": true, "has_projects": true, "has_downloads": true, "has_wiki": true, "has_pages": false, "has_discussions": false, "forks_count": 9, "mirror_url": null, "archived": true, "disabled": false, "open_issues_count": 0, "license": {"key": "gpl-3.0", "name": "GNU General Public License v3.0", "spdx_id": "GPL-3.0", "url": "https://api.github.com/licenses/gpl-3.0", "node_id": "MDc6TGljZW5zZTk="}, "allow_forking": true, "is_template": false, "web_commit_signoff_required": false, "topics": [], "default_branch": "master", "permissions": {"admin": false, "maintain": false, "push": false, "triage": false, "pull": true}, "_id": 1043934}, {"owner": {"type": "User", "site_admin": false}, "fork": false, "created_at": "2010-11-02T06:37:10Z", "updated_at": "2020-11-05T01:13:48Z", "pushed_at": "2011-06-20T06:06:51Z", "size": 127, "stargazers_count": 20, "watchers_count": 20, "language": "Python", "has_issues": true, "has_projects": true, "has_downloads": true, "has_wiki": true, "has_pages": false, "has_discussions": false, "forks_count": 1, "mirror_url": null, "archived": false, "disabled": false, "open_issues_count": 1, "license": null, "allow_forking": true, "is_template": false, "web_commit_signoff_required": false, "topics": [], "default_branch": "master", "permissions": {"admin": false, "maintain": false, "push": false, "triage": false, "pull": true}, "_id": 1043949}, {"owner": {"type": "User", "site_admin": false}, "fork": false, "created_at": "2010-11-02T07:10:23Z", "updated_at": "2021-09-01T20:30:28Z", "pushed_at": "2012-03-27T09:28:07Z", "size": 1029, "stargazers_count": 10, "watchers_count": 10, "language": "PHP", "has_issues": true, "has_projects": true, "has_downloads": true, "has_wiki": true, "has_pages": false, "has_discussions": false, "forks_count": 1, "mirror_url": null, "archived": false, "disabled": false, "open_issues_count": 2, "license": null, "allow_forking": true, "is_template": false, "web_commit_signoff_required": false, "topics": [], "default_branch": "master", "permissions": {"admin": false, "maintain": false, "push": false, "triage": false, "pull": true}, "_id": 1043985}, {"owner": {"type": "User", "site_admin": false}, "fork": false, "created_at": "2010-11-02T08:17:16Z", "updated_at": "2022-05-02T12:34:17Z", "pushed_at": "2011-01-10T18:09:04Z", "size": 1172, "stargazers_count": 18, "watchers_count": 18, "language": "Java", "has_issues": true, "has_projects": true, "has_downloads": true, "has_wiki": true, "has_pages": false, "has_discussions": false, "forks_count": 9, "mirror_url": null, "archived": false, "disabled": false, "open_issues_count": 10, "license": null, "allow_forking": true, "is_template": false, "web_commit_signoff_required": false, "topics": [], "default_branch": "master", "permissions": {"admin": false, "maintain": false, "push": false, "triage": false, "pull": true}, "_id": 1044087}, {"owner": {"type": "User", "site_admin": false}, "fork": false, "created_at": "2010-11-02T08:22:47Z", "updated_at": "2022-05-11T14:07:59Z", "pushed_at": "2012-04-14T15:56:47Z", "size": 277, "stargazers_count": 43, "watchers_count": 43, "language": "Ruby", "has_issues": true, "has_projects": true, "has_downloads": true, "has_wiki": true, "has_pages": true, "has_discussions": false, "forks_count": 2, "mirror_url": null, "archived": false, "disabled": false, "open_issues_count": 3, "license": {"key": "mit", "name": "MIT License", "spdx_id": "MIT", "url": "https://api.github.com/licenses/mit", "node_id": "MDc6TGljZW5zZTEz"}, "allow_forking": true, "is_template": false, "web_commit_signoff_required": false, "topics": [], "default_branch": "master", "permissions": {"admin": false, "maintain": false, "push": false, "triage": false, "pull": true}, "_id": 1044092}, {"owner": {"type": "User", "site_admin": false}, "fork": false, "created_at": "2010-11-02T09:27:30Z", "updated_at": "2021-10-26T12:03:31Z", "pushed_at": "2016-07-18T02:00:44Z", "size": 194, "stargazers_count": 16, "watchers_count": 16, "language": "Python", "has_issues": true, "has_projects": true, "has_downloads": true, "has_wiki": true, "has_pages": false, "has_discussions": false, "forks_count": 15, "mirror_url": null, "archived": false, "disabled": false, "open_issues_count": 4, "license": {"key": "mit", "name": "MIT License", "spdx_id": "MIT", "url": "https://api.github.com/licenses/mit", "node_id": "MDc6TGljZW5zZTEz"}, "allow_forking": true, "is_template": false, "web_commit_signoff_required": false, "topics": [], "default_branch": "master", "permissions": {"admin": false, "maintain": false, "push": false, "triage": false, "pull": true}, "_id": 1044202}, {"owner": {"type": "Organization", "site_admin": false}, "fork": false, "created_at": "2010-11-02T09:28:16Z", "updated_at": "2020-09-18T08:18:00Z", "pushed_at": "2011-06-30T13:32:41Z", "size": 1932, "stargazers_count": 15, "watchers_count": 15, "language": "Java", "has_issues": true, "has_projects": true, "has_downloads": true, "has_wiki": true, "has_pages": false, "has_discussions": false, "forks_count": 4, "mirror_url": null, "archived": true, "disabled": false, "open_issues_count": 3, "license": {"key": "lgpl-3.0", "name": "GNU Lesser General Public License v3.0", "spdx_id": "LGPL-3.0", "url": "https://api.github.com/licenses/lgpl-3.0", "node_id": "MDc6TGljZW5zZTEy"}, "allow_forking": true, "is_template": false, "web_commit_signoff_required": false, "topics": [], "default_branch": "master", "permissions": {"admin": false, "maintain": false, "push": false, "triage": false, "pull": true}, "_id": 1044205}, {"owner": {"type": "User", "site_admin": false}, "fork": false, "created_at": "2010-11-02T09:36:01Z", "updated_at": "2022-11-20T18:28:13Z", "pushed_at": "2022-10-18T12:52:38Z", "size": 355, "stargazers_count": 203, "watchers_count": 203, "language": "JavaScript", "has_issues": true, "has_projects": true, "has_downloads": true, "has_wiki": true, "has_pages": false, "has_discussions": false, "forks_count": 74, "mirror_url": null, "archived": false, "disabled": false, "open_issues_count": 2, "license": null, "allow_forking": true, "is_template": false, "web_commit_signoff_required": false, "topics": ["color-picker", "hex", "javascript", "jscolor", "opacity", "palette", "rgba", "vanilla-javascript"], "default_branch": "master", "permissions": {"admin": false, "maintain": false, "push": false, "triage": false, "pull": true}, "_id": 1044221}, {"owner": {"type": "User", "site_admin": false}, "fork": false, "created_at": "2010-11-02T09:40:58Z", "updated_at": "2022-04-24T02:24:22Z", "pushed_at": "2021-12-02T22:42:34Z", "size": 164, "stargazers_count": 15, "watchers_count": 15, "language": "Java", "has_issues": true, "has_projects": true, "has_downloads": true, "has_wiki": true, "has_pages": false, "has_discussions": false, "forks_count": 7, "mirror_url": null, "archived": false, "disabled": false, "open_issues_count": 6, "license": null, "allow_forking": true, "is_template": false, "web_commit_signoff_required": false, "topics": [], "default_branch": "master", "permissions": {"admin": false, "maintain": false, "push": false, "triage": false, "pull": true}, "_id": 1044235}, {"owner": {"type": "User", "site_admin": false}, "fork": false, "created_at": "2010-11-02T09:49:24Z", "updated_at": "2022-03-12T01:28:26Z", "pushed_at": "2010-12-20T01:46:12Z", "size": 121, "stargazers_count": 31, "watchers_count": 31, "language": "Go", "has_issues": true, "has_projects": true, "has_downloads": true, "has_wiki": true, "has_pages": false, "has_discussions": false, "forks_count": 4, "mirror_url": null, "archived": false, "disabled": false, "open_issues_count": 3, "license": {"key": "other", "name": "Other", "spdx_id": "NOASSERTION", "url": null, "node_id": "MDc6TGljZW5zZTA="}, "allow_forking": true, "is_template": false, "web_commit_signoff_required": false, "topics": [], "default_branch": "master", "permissions": {"admin": false, "maintain": false, "push": false, "triage": false, "pull": true}, "_id": 1044248}, {"owner": {"type": "Organization", "site_admin": false}, "fork": false, "created_at": "2010-11-02T10:05:55Z", "updated_at": "2021-10-03T13:47:21Z", "pushed_at": "2022-10-26T20:42:00Z", "size": 142, "stargazers_count": 8, "watchers_count": 8, "language": null, "has_issues": false, "has_projects": true, "has_downloads": true, "has_wiki": false, "has_pages": false, "has_discussions": false, "forks_count": 1, "mirror_url": null, "archived": false, "disabled": false, "open_issues_count": 0, "license": null, "allow_forking": true, "is_template": false, "web_commit_signoff_required": false, "topics": [], "default_branch": "master", "permissions": {"admin": false, "maintain": false, "push": false, "triage": false, "pull": true}, "_id": 1044276}, {"owner": {"type": "User", "site_admin": false}, "fork": false, "created_at": "2010-11-02T10:18:16Z", "updated_at": "2015-06-17T06:27:41Z", "pushed_at": "2011-08-02T23:56:50Z", "size": 98, "stargazers_count": 12, "watchers_count": 12, "language": "JavaScript", "has_issues": true, "has_projects": true, "has_downloads": true, "has_wiki": true, "has_pages": false, "has_discussions": false, "forks_count": 1, "mirror_url": null, "archived": false, "disabled": false, "open_issues_count": 0, "license": null, "allow_forking": true, "is_template": false, "web_commit_signoff_required": false, "topics": [], "default_branch": "master", "permissions": {"admin": false, "maintain": false, "push": false, "triage": false, "pull": true}, "_id": 1044299}, {"owner": {"type": "User", "site_admin": false}, "fork": false, "created_at": "2010-11-02T10:21:18Z", "updated_at": "2016-01-11T11:02:35Z", "pushed_at": "2011-10-25T13:35:48Z", "size": 202, "stargazers_count": 10, "watchers_count": 10, "language": "Python", "has_issues": true, "has_projects": true, "has_downloads": true, "has_wiki": true, "has_pages": true, "has_discussions": false, "forks_count": 7, "mirror_url": null, "archived": false, "disabled": false, "open_issues_count": 0, "license": {"key": "gpl-3.0", "name": "GNU General Public License v3.0", "spdx_id": "GPL-3.0", "url": "https://api.github.com/licenses/gpl-3.0", "node_id": "MDc6TGljZW5zZTk="}, "allow_forking": true, "is_template": false, "web_commit_signoff_required": false, "topics": [], "default_branch": "master", "permissions": {"admin": false, "maintain": false, "push": false, "triage": false, "pull": true}, "_id": 1044306}, {"owner": {"type": "User", "site_admin": false}, "fork": false, "created_at": "2010-11-02T10:55:47Z", "updated_at": "2020-03-23T00:32:36Z", "pushed_at": "2013-08-08T13:12:16Z", "size": 108, "stargazers_count": 11, "watchers_count": 11, "language": "Ruby", "has_issues": true, "has_projects": true, "has_downloads": true, "has_wiki": true, "has_pages": false, "has_discussions": false, "forks_count": 0, "mirror_url": null, "archived": false, "disabled": false, "open_issues_count": 0, "license": null, "allow_forking": true, "is_template": false, "web_commit_signoff_required": false, "topics": [], "default_branch": "master", "permissions": {"admin": false, "maintain": false, "push": false, "triage": false, "pull": true}, "_id": 1044364}, {"owner": {"type": "User", "site_admin": false}, "fork": false, "created_at": "2010-11-02T10:56:26Z", "updated_at": "2022-11-23T21:14:21Z", "pushed_at": "2022-11-17T06:48:26Z", "size": 28490, "stargazers_count": 317, "watchers_count": 317, "language": "PHP", "has_issues": true, "has_projects": true, "has_downloads": true, "has_wiki": false, "has_pages": false, "has_discussions": false, "forks_count": 276, "mirror_url": null, "archived": false, "disabled": false, "open_issues_count": 45, "license": {"key": "other", "name": "Other", "spdx_id": "NOASSERTION", "url": null, "node_id": "MDc6TGljZW5zZTA="}, "allow_forking": true, "is_template": false, "web_commit_signoff_required": false, "topics": [], "default_branch": "master", "permissions": {"admin": false, "maintain": false, "push": false, "triage": false, "pull": true}, "_id": 1044366}, {"owner": {"type": "User", "site_admin": false}, "fork": false, "created_at": "2010-11-02T11:00:28Z", "updated_at": "2021-01-06T08:38:12Z", "pushed_at": "2011-04-09T00:11:32Z", "size": 428, "stargazers_count": 11, "watchers_count": 11, "language": "Java", "has_issues": true, "has_projects": true, "has_downloads": true, "has_wiki": true, "has_pages": false, "has_discussions": false, "forks_count": 8, "mirror_url": null, "archived": false, "disabled": false, "open_issues_count": 4, "license": null, "allow_forking": true, "is_template": false, "web_commit_signoff_required": false, "topics": [], "default_branch": "master", "permissions": {"admin": false, "maintain": false, "push": false, "triage": false, "pull": true}, "_id": 1044373}, {"owner": {"type": "User", "site_admin": false}, "fork": false, "created_at": "2010-11-02T11:23:51Z", "updated_at": "2012-12-15T22:32:17Z", "pushed_at": "2011-01-07T17:59:37Z", "size": 315969, "stargazers_count": 7, "watchers_count": 7, "language": "C", "has_issues": true, "has_projects": true, "has_downloads": true, "has_wiki": true, "has_pages": false, "has_discussions": false, "forks_count": 2, "mirror_url": null, "archived": false, "disabled": false, "open_issues_count": 2, "license": {"key": "other", "name": "Other", "spdx_id": "NOASSERTION", "url": null, "node_id": "MDc6TGljZW5zZTA="}, "allow_forking": true, "is_template": false, "web_commit_signoff_required": false, "topics": [], "default_branch": "zte/2.6.32", "permissions": {"admin": false, "maintain": false, "push": false, "triage": false, "pull": true}, "_id": 1044415}, {"owner": {"type": "User", "site_admin": false}, "fork": false, "created_at": "2010-11-02T11:55:39Z", "updated_at": "2022-01-17T15:10:53Z", "pushed_at": "2016-01-27T13:49:20Z", "size": 79, "stargazers_count": 42, "watchers_count": 42, "language": "Python", "has_issues": true, "has_projects": true, "has_downloads": true, "has_wiki": true, "has_pages": false, "has_discussions": false, "forks_count": 13, "mirror_url": null, "archived": false, "disabled": false, "open_issues_count": 4, "license": {"key": "agpl-3.0", "name": "GNU Affero General Public License v3.0", "spdx_id": "AGPL-3.0", "url": "https://api.github.com/licenses/agpl-3.0", "node_id": "MDc6TGljZW5zZTE="}, "allow_forking": true, "is_template": false, "web_commit_signoff_required": false, "topics": [], "default_branch": "master", "permissions": {"admin": false, "maintain": false, "push": false, "triage": false, "pull": true}, "_id": 1044473}, {"owner": {"type": "Organization", "site_admin": false}, "fork": false, "created_at": "2010-11-02T12:13:12Z", "updated_at": "2022-09-30T10:13:42Z", "pushed_at": "2021-09-11T03:58:09Z", "size": 1844, "stargazers_count": 174, "watchers_count": 174, "language": null, "has_issues": true, "has_projects": true, "has_downloads": true, "has_wiki": true, "has_pages": true, "has_discussions": false, "forks_count": 53, "mirror_url": null, "archived": false, "disabled": false, "open_issues_count": 3, "license": {"key": "epl-1.0", "name": "Eclipse Public License 1.0", "spdx_id": "EPL-1.0", "url": "https://api.github.com/licenses/epl-1.0", "node_id": "MDc6TGljZW5zZTc="}, "allow_forking": true, "is_template": false, "web_commit_signoff_required": false, "topics": ["logback", "logback-access", "logging", "tomcat", "tomcat-slf4j-logback"], "default_branch": "master", "permissions": {"admin": false, "maintain": false, "push": false, "triage": false, "pull": true}, "_id": 1044506}, {"owner": {"type": "Organization", "site_admin": false}, "fork": false, "created_at": "2010-11-02T12:41:26Z", "updated_at": "2022-10-28T17:02:40Z", "pushed_at": "2022-08-11T21:19:26Z", "size": 1527, "stargazers_count": 18, "watchers_count": 18, "language": "HTML", "has_issues": true, "has_projects": true, "has_downloads": true, "has_wiki": true, "has_pages": false, "has_discussions": false, "forks_count": 3, "mirror_url": null, "archived": false, "disabled": false, "open_issues_count": 0, "license": null, "allow_forking": true, "is_template": false, "web_commit_signoff_required": false, "topics": [], "default_branch": "main", "permissions": {"admin": false, "maintain": false, "push": false, "triage": false, "pull": true}, "_id": 1044558}, {"owner": {"type": "User", "site_admin": false}, "fork": false, "created_at": "2010-11-02T12:44:57Z", "updated_at": "2014-04-30T22:39:51Z", "pushed_at": "2010-12-12T23:44:42Z", "size": 16432, "stargazers_count": 8, "watchers_count": 8, "language": "Python", "has_issues": true, "has_projects": true, "has_downloads": true, "has_wiki": true, "has_pages": false, "has_discussions": false, "forks_count": 0, "mirror_url": null, "archived": false, "disabled": false, "open_issues_count": 0, "license": null, "allow_forking": true, "is_template": false, "web_commit_signoff_required": false, "topics": [], "default_branch": "master", "permissions": {"admin": false, "maintain": false, "push": false, "triage": false, "pull": true}, "_id": 1044565}, {"owner": {"type": "User", "site_admin": false}, "fork": false, "created_at": "2010-11-02T12:45:43Z", "updated_at": "2018-08-29T09:29:58Z", "pushed_at": "2015-02-05T12:59:34Z", "size": 103, "stargazers_count": 8, "watchers_count": 8, "language": "Haskell", "has_issues": true, "has_projects": true, "has_downloads": true, "has_wiki": true, "has_pages": false, "has_discussions": false, "forks_count": 2, "mirror_url": null, "archived": false, "disabled": false, "open_issues_count": 0, "license": null, "allow_forking": true, "is_template": false, "web_commit_signoff_required": false, "topics": [], "default_branch": "master", "permissions": {"admin": false, "maintain": false, "push": false, "triage": false, "pull": true}, "_id": 1044566}, {"owner": {"type": "User", "site_admin": false}, "fork": false, "created_at": "2010-11-02T12:55:15Z", "updated_at": "2014-11-10T19:45:44Z", "pushed_at": "2012-12-05T06:06:01Z", "size": 4419, "stargazers_count": 9, "watchers_count": 9, "language": "C", "has_issues": true, "has_projects": true, "has_downloads": true, "has_wiki": true, "has_pages": false, "has_discussions": false, "forks_count": 3, "mirror_url": null, "archived": false, "disabled": false, "open_issues_count": 1, "license": null, "allow_forking": true, "is_template": false, "web_commit_signoff_required": false, "topics": [], "default_branch": "master", "permissions": {"admin": false, "maintain": false, "push": false, "triage": false, "pull": true}, "_id": 1044597}, {"owner": {"type": "Organization", "site_admin": false}, "fork": false, "created_at": "2010-11-02T12:56:00Z", "updated_at": "2022-10-27T07:17:07Z", "pushed_at": "2010-11-02T13:56:42Z", "size": 136, "stargazers_count": 12, "watchers_count": 12, "language": "PHP", "has_issues": true, "has_projects": true, "has_downloads": true, "has_wiki": true, "has_pages": false, "has_discussions": false, "forks_count": 0, "mirror_url": null, "archived": false, "disabled": false, "open_issues_count": 0, "license": null, "allow_forking": true, "is_template": false, "web_commit_signoff_required": false, "topics": [], "default_branch": "master", "permissions": {"admin": false, "maintain": false, "push": false, "triage": false, "pull": true}, "_id": 1044603}, {"owner": {"type": "User", "site_admin": false}, "fork": false, "created_at": "2010-11-02T13:00:14Z", "updated_at": "2017-12-05T18:59:50Z", "pushed_at": "2011-01-07T00:30:59Z", "size": 267, "stargazers_count": 9, "watchers_count": 9, "language": null, "has_issues": true, "has_projects": true, "has_downloads": true, "has_wiki": true, "has_pages": false, "has_discussions": false, "forks_count": 5, "mirror_url": null, "archived": false, "disabled": false, "open_issues_count": 2, "license": null, "allow_forking": true, "is_template": false, "web_commit_signoff_required": false, "topics": [], "default_branch": "master", "permissions": {"admin": false, "maintain": false, "push": false, "triage": false, "pull": true}, "_id": 1044614}, {"owner": {"type": "Organization", "site_admin": false}, "fork": false, "created_at": "2010-11-02T13:00:46Z", "updated_at": "2019-02-09T17:28:54Z", "pushed_at": "2015-08-13T16:12:55Z", "size": 21048, "stargazers_count": 7, "watchers_count": 7, "language": "C#", "has_issues": true, "has_projects": true, "has_downloads": true, "has_wiki": true, "has_pages": true, "has_discussions": false, "forks_count": 3, "mirror_url": null, "archived": false, "disabled": false, "open_issues_count": 7, "license": {"key": "gpl-3.0", "name": "GNU General Public License v3.0", "spdx_id": "GPL-3.0", "url": "https://api.github.com/licenses/gpl-3.0", "node_id": "MDc6TGljZW5zZTk="}, "allow_forking": true, "is_template": false, "web_commit_signoff_required": false, "topics": [], "default_branch": "master", "permissions": {"admin": false, "maintain": false, "push": false, "triage": false, "pull": true}, "_id": 1044615}, {"owner": {"type": "User", "site_admin": false}, "fork": false, "created_at": "2010-11-02T13:06:05Z", "updated_at": "2022-10-06T12:34:34Z", "pushed_at": "2017-07-14T10:39:45Z", "size": 544, "stargazers_count": 74, "watchers_count": 74, "language": "C#", "has_issues": true, "has_projects": true, "has_downloads": true, "has_wiki": true, "has_pages": false, "has_discussions": false, "forks_count": 70, "mirror_url": null, "archived": false, "disabled": false, "open_issues_count": 9, "license": null, "allow_forking": true, "is_template": false, "web_commit_signoff_required": false, "topics": [], "default_branch": "master", "permissions": {"admin": false, "maintain": false, "push": false, "triage": false, "pull": true}, "_id": 1044637}, {"owner": {"type": "User", "site_admin": false}, "fork": false, "created_at": "2010-11-02T13:10:12Z", "updated_at": "2021-05-30T05:32:20Z", "pushed_at": "2012-05-16T13:15:41Z", "size": 355, "stargazers_count": 213, "watchers_count": 213, "language": "Ruby", "has_issues": true, "has_projects": true, "has_downloads": true, "has_wiki": true, "has_pages": false, "has_discussions": false, "forks_count": 59, "mirror_url": null, "archived": false, "disabled": false, "open_issues_count": 25, "license": {"key": "mit", "name": "MIT License", "spdx_id": "MIT", "url": "https://api.github.com/licenses/mit", "node_id": "MDc6TGljZW5zZTEz"}, "allow_forking": true, "is_template": false, "web_commit_signoff_required": false, "topics": [], "default_branch": "master", "permissions": {"admin": false, "maintain": false, "push": false, "triage": false, "pull": true}, "_id": 1044648}, {"owner": {"type": "User", "site_admin": false}, "fork": false, "created_at": "2010-11-02T13:10:28Z", "updated_at": "2022-10-14T17:58:09Z", "pushed_at": "2017-08-25T13:19:13Z", "size": 5266, "stargazers_count": 208, "watchers_count": 208, "language": "Prolog", "has_issues": true, "has_projects": true, "has_downloads": true, "has_wiki": false, "has_pages": false, "has_discussions": false, "forks_count": 38, "mirror_url": null, "archived": false, "disabled": false, "open_issues_count": 17, "license": null, "allow_forking": true, "is_template": false, "web_commit_signoff_required": false, "topics": [], "default_branch": "master", "permissions": {"admin": false, "maintain": false, "push": false, "triage": false, "pull": true}, "_id": 1044650}, {"owner": {"type": "User", "site_admin": false}, "fork": false, "created_at": "2010-11-02T13:15:56Z", "updated_at": "2020-01-18T16:38:29Z", "pushed_at": "2010-11-18T14:12:20Z", "size": 134, "stargazers_count": 20, "watchers_count": 20, "language": "JavaScript", "has_issues": true, "has_projects": true, "has_downloads": true, "has_wiki": false, "has_pages": false, "has_discussions": false, "forks_count": 9, "mirror_url": null, "archived": false, "disabled": false, "open_issues_count": 5, "license": null, "allow_forking": true, "is_template": false, "web_commit_signoff_required": false, "topics": [], "default_branch": "master", "permissions": {"admin": false, "maintain": false, "push": false, "triage": false, "pull": true}, "_id": 1044657}, {"owner": {"type": "Organization", "site_admin": false}, "fork": false, "created_at": "2010-11-02T13:28:11Z", "updated_at": "2022-01-19T06:02:09Z", "pushed_at": "2010-11-04T10:13:56Z", "size": 109, "stargazers_count": 8, "watchers_count": 8, "language": null, "has_issues": true, "has_projects": true, "has_downloads": true, "has_wiki": true, "has_pages": false, "has_discussions": false, "forks_count": 1, "mirror_url": null, "archived": true, "disabled": false, "open_issues_count": 0, "license": {"key": "other", "name": "Other", "spdx_id": "NOASSERTION", "url": null, "node_id": "MDc6TGljZW5zZTA="}, "allow_forking": true, "is_template": false, "web_commit_signoff_required": false, "topics": [], "default_branch": "master", "permissions": {"admin": false, "maintain": false, "push": false, "triage": false, "pull": true}, "_id": 1044693}, {"owner": {"type": "User", "site_admin": false}, "fork": false, "created_at": "2010-11-02T13:28:42Z", "updated_at": "2020-08-14T13:00:09Z", "pushed_at": "2013-08-10T09:30:39Z", "size": 202, "stargazers_count": 30, "watchers_count": 30, "language": "JavaScript", "has_issues": true, "has_projects": true, "has_downloads": true, "has_wiki": true, "has_pages": false, "has_discussions": false, "forks_count": 5, "mirror_url": null, "archived": false, "disabled": false, "open_issues_count": 8, "license": null, "allow_forking": true, "is_template": false, "web_commit_signoff_required": false, "topics": [], "default_branch": "master", "permissions": {"admin": false, "maintain": false, "push": false, "triage": false, "pull": true}, "_id": 1044695}, {"owner": {"type": "User", "site_admin": false}, "fork": false, "created_at": "2010-11-02T14:17:41Z", "updated_at": "2022-08-14T02:34:59Z", "pushed_at": "2022-04-06T16:34:53Z", "size": 29, "stargazers_count": 7, "watchers_count": 7, "language": "Vim script", "has_issues": true, "has_projects": true, "has_downloads": true, "has_wiki": true, "has_pages": false, "has_discussions": false, "forks_count": 1, "mirror_url": null, "archived": false, "disabled": false, "open_issues_count": 0, "license": null, "allow_forking": true, "is_template": false, "web_commit_signoff_required": false, "topics": [], "default_branch": "master", "permissions": {"admin": false, "maintain": false, "push": false, "triage": false, "pull": true}, "_id": 1044823}, {"owner": {"type": "User", "site_admin": false}, "fork": false, "created_at": "2010-11-02T14:22:18Z", "updated_at": "2022-03-05T17:34:34Z", "pushed_at": "2022-03-05T17:34:31Z", "size": 131, "stargazers_count": 10, "watchers_count": 10, "language": "Shell", "has_issues": true, "has_projects": true, "has_downloads": true, "has_wiki": true, "has_pages": false, "has_discussions": false, "forks_count": 1, "mirror_url": null, "archived": false, "disabled": false, "open_issues_count": 0, "license": null, "allow_forking": true, "is_template": false, "web_commit_signoff_required": false, "topics": [], "default_branch": "master", "permissions": {"admin": false, "maintain": false, "push": false, "triage": false, "pull": true}, "_id": 1044832}, {"owner": {"type": "User", "site_admin": false}, "fork": false, "created_at": "2010-11-02T14:57:22Z", "updated_at": "2019-04-10T07:02:16Z", "pushed_at": "2010-12-01T21:12:52Z", "size": 296, "stargazers_count": 6, "watchers_count": 6, "language": "JavaScript", "has_issues": true, "has_projects": true, "has_downloads": true, "has_wiki": true, "has_pages": false, "has_discussions": false, "forks_count": 1, "mirror_url": null, "archived": false, "disabled": false, "open_issues_count": 0, "license": null, "allow_forking": true, "is_template": false, "web_commit_signoff_required": false, "topics": [], "default_branch": "master", "permissions": {"admin": false, "maintain": false, "push": false, "triage": false, "pull": true}, "_id": 1044937}, {"owner": {"type": "User", "site_admin": false}, "fork": false, "created_at": "2010-11-02T14:59:00Z", "updated_at": "2014-01-25T19:30:01Z", "pushed_at": "2010-11-02T15:01:12Z", "size": 112, "stargazers_count": 7, "watchers_count": 7, "language": "Objective-C", "has_issues": true, "has_projects": true, "has_downloads": true, "has_wiki": true, "has_pages": false, "has_discussions": false, "forks_count": 0, "mirror_url": null, "archived": false, "disabled": false, "open_issues_count": 0, "license": null, "allow_forking": true, "is_template": false, "web_commit_signoff_required": false, "topics": [], "default_branch": "master", "permissions": {"admin": false, "maintain": false, "push": false, "triage": false, "pull": true}, "_id": 1044940}, {"owner": {"type": "User", "site_admin": false}, "fork": false, "created_at": "2010-11-02T14:59:43Z", "updated_at": "2021-02-10T11:35:48Z", "pushed_at": "2010-11-10T19:24:38Z", "size": 11328, "stargazers_count": 13, "watchers_count": 13, "language": "Java", "has_issues": true, "has_projects": true, "has_downloads": true, "has_wiki": true, "has_pages": false, "has_discussions": false, "forks_count": 3, "mirror_url": null, "archived": false, "disabled": false, "open_issues_count": 1, "license": null, "allow_forking": true, "is_template": false, "web_commit_signoff_required": false, "topics": [], "default_branch": "master", "permissions": {"admin": false, "maintain": false, "push": false, "triage": false, "pull": true}, "_id": 1044944}, {"owner": {"type": "User", "site_admin": false}, "fork": false, "created_at": "2010-11-02T15:01:43Z", "updated_at": "2016-08-03T21:12:23Z", "pushed_at": "2011-02-23T09:02:37Z", "size": 1103, "stargazers_count": 6, "watchers_count": 6, "language": "Java", "has_issues": true, "has_projects": true, "has_downloads": true, "has_wiki": true, "has_pages": false, "has_discussions": false, "forks_count": 3, "mirror_url": null, "archived": false, "disabled": false, "open_issues_count": 0, "license": {"key": "apache-2.0", "name": "Apache License 2.0", "spdx_id": "Apache-2.0", "url": "https://api.github.com/licenses/apache-2.0", "node_id": "MDc6TGljZW5zZTI="}, "allow_forking": true, "is_template": false, "web_commit_signoff_required": false, "topics": [], "default_branch": "master", "permissions": {"admin": false, "maintain": false, "push": false, "triage": false, "pull": true}, "_id": 1044957}, {"owner": {"type": "User", "site_admin": false}, "fork": false, "created_at": "2010-11-02T15:10:26Z", "updated_at": "2020-06-10T21:13:22Z", "pushed_at": "2011-06-10T03:27:41Z", "size": 570, "stargazers_count": 10, "watchers_count": 10, "language": "JavaScript", "has_issues": true, "has_projects": true, "has_downloads": true, "has_wiki": true, "has_pages": false, "has_discussions": false, "forks_count": 0, "mirror_url": null, "archived": false, "disabled": false, "open_issues_count": 0, "license": null, "allow_forking": true, "is_template": false, "web_commit_signoff_required": false, "topics": [], "default_branch": "master", "permissions": {"admin": false, "maintain": false, "push": false, "triage": false, "pull": true}, "_id": 1044982}, {"owner": {"type": "Organization", "site_admin": false}, "fork": false, "created_at": "2010-11-02T15:16:39Z", "updated_at": "2022-04-14T16:29:53Z", "pushed_at": "2022-11-22T16:18:05Z", "size": 843, "stargazers_count": 8, "watchers_count": 8, "language": "C++", "has_issues": true, "has_projects": true, "has_downloads": true, "has_wiki": false, "has_pages": true, "has_discussions": false, "forks_count": 20, "mirror_url": null, "archived": false, "disabled": false, "open_issues_count": 3, "license": {"key": "other", "name": "Other", "spdx_id": "NOASSERTION", "url": null, "node_id": "MDc6TGljZW5zZTA="}, "allow_forking": true, "is_template": false, "web_commit_signoff_required": false, "topics": [], "default_branch": "master", "permissions": {"admin": false, "maintain": false, "push": false, "triage": false, "pull": true}, "_id": 1044996}, {"owner": {"type": "User", "site_admin": false}, "fork": false, "created_at": "2010-11-02T15:26:57Z", "updated_at": "2017-01-17T15:49:58Z", "pushed_at": "2010-11-03T01:47:47Z", "size": 627, "stargazers_count": 8, "watchers_count": 8, "language": null, "has_issues": true, "has_projects": true, "has_downloads": true, "has_wiki": true, "has_pages": false, "has_discussions": false, "forks_count": 2, "mirror_url": null, "archived": false, "disabled": false, "open_issues_count": 0, "license": null, "allow_forking": true, "is_template": false, "web_commit_signoff_required": false, "topics": [], "default_branch": "master", "permissions": {"admin": false, "maintain": false, "push": false, "triage": false, "pull": true}, "_id": 1045027}, {"owner": {"type": "User", "site_admin": false}, "fork": false, "created_at": "2010-11-02T15:42:52Z", "updated_at": "2021-09-04T03:56:48Z", "pushed_at": "2010-11-02T17:13:02Z", "size": 363, "stargazers_count": 39, "watchers_count": 39, "language": "Objective-C", "has_issues": true, "has_projects": true, "has_downloads": true, "has_wiki": true, "has_pages": false, "has_discussions": false, "forks_count": 4, "mirror_url": null, "archived": false, "disabled": false, "open_issues_count": 3, "license": null, "allow_forking": true, "is_template": false, "web_commit_signoff_required": false, "topics": [], "default_branch": "master", "permissions": {"admin": false, "maintain": false, "push": false, "triage": false, "pull": true}, "_id": 1045074}, {"owner": {"type": "User", "site_admin": false}, "fork": false, "created_at": "2010-11-02T15:53:13Z", "updated_at": "2013-12-27T19:07:08Z", "pushed_at": "2011-08-16T14:36:22Z", "size": 2884, "stargazers_count": 12, "watchers_count": 12, "language": "C#", "has_issues": true, "has_projects": true, "has_downloads": true, "has_wiki": true, "has_pages": false, "has_discussions": false, "forks_count": 3, "mirror_url": null, "archived": false, "disabled": false, "open_issues_count": 0, "license": null, "allow_forking": true, "is_template": false, "web_commit_signoff_required": false, "topics": [], "default_branch": "master", "permissions": {"admin": false, "maintain": false, "push": false, "triage": false, "pull": true}, "_id": 1045092}, {"owner": {"type": "User", "site_admin": false}, "fork": false, "created_at": "2010-11-02T15:53:17Z", "updated_at": "2013-04-15T17:25:00Z", "pushed_at": "2011-06-17T23:45:00Z", "size": 156, "stargazers_count": 9, "watchers_count": 9, "language": "JavaScript", "has_issues": true, "has_projects": true, "has_downloads": true, "has_wiki": true, "has_pages": false, "has_discussions": false, "forks_count": 0, "mirror_url": null, "archived": false, "disabled": false, "open_issues_count": 1, "license": null, "allow_forking": true, "is_template": false, "web_commit_signoff_required": false, "topics": [], "default_branch": "master", "permissions": {"admin": false, "maintain": false, "push": false, "triage": false, "pull": true}, "_id": 1045093}, {"owner": {"type": "User", "site_admin": false}, "fork": false, "created_at": "2010-11-02T16:07:25Z", "updated_at": "2022-01-04T02:18:13Z", "pushed_at": "2015-11-13T09:48:47Z", "size": 76391, "stargazers_count": 34, "watchers_count": 34, "language": "C++", "has_issues": false, "has_projects": true, "has_downloads": true, "has_wiki": true, "has_pages": false, "has_discussions": false, "forks_count": 41, "mirror_url": null, "archived": false, "disabled": false, "open_issues_count": 0, "license": {"key": "bsl-1.0", "name": "Boost Software License 1.0", "spdx_id": "BSL-1.0", "url": "https://api.github.com/licenses/bsl-1.0", "node_id": "MDc6TGljZW5zZTI4"}, "allow_forking": true, "is_template": false, "web_commit_signoff_required": false, "topics": [], "default_branch": "master", "permissions": {"admin": false, "maintain": false, "push": false, "triage": false, "pull": true}, "_id": 1045122}, {"owner": {"type": "Organization", "site_admin": false}, "fork": false, "created_at": "2010-11-02T16:21:36Z", "updated_at": "2022-06-08T11:37:29Z", "pushed_at": "2013-12-09T12:46:17Z", "size": 22154, "stargazers_count": 84, "watchers_count": 84, "language": "JavaScript", "has_issues": true, "has_projects": true, "has_downloads": true, "has_wiki": true, "has_pages": false, "has_discussions": false, "forks_count": 30, "mirror_url": null, "archived": false, "disabled": false, "open_issues_count": 19, "license": {"key": "other", "name": "Other", "spdx_id": "NOASSERTION", "url": null, "node_id": "MDc6TGljZW5zZTA="}, "allow_forking": true, "is_template": false, "web_commit_signoff_required": false, "topics": [], "default_branch": "master", "permissions": {"admin": false, "maintain": false, "push": false, "triage": false, "pull": true}, "_id": 1045157}, {"owner": {"type": "User", "site_admin": false}, "fork": false, "created_at": "2010-11-02T16:34:02Z", "updated_at": "2022-10-17T22:09:21Z", "pushed_at": "2011-09-29T11:36:24Z", "size": 379, "stargazers_count": 86, "watchers_count": 86, "language": "Ruby", "has_issues": true, "has_projects": true, "has_downloads": true, "has_wiki": true, "has_pages": false, "has_discussions": false, "forks_count": 8, "mirror_url": null, "archived": false, "disabled": false, "open_issues_count": 1, "license": {"key": "mit", "name": "MIT License", "spdx_id": "MIT", "url": "https://api.github.com/licenses/mit", "node_id": "MDc6TGljZW5zZTEz"}, "allow_forking": true, "is_template": false, "web_commit_signoff_required": false, "topics": [], "default_branch": "master", "permissions": {"admin": false, "maintain": false, "push": false, "triage": false, "pull": true}, "_id": 1045189}, {"owner": {"type": "User", "site_admin": false}, "fork": false, "created_at": "2010-11-02T16:50:43Z", "updated_at": "2017-01-16T18:59:44Z", "pushed_at": "2010-11-18T14:01:44Z", "size": 1236, "stargazers_count": 13, "watchers_count": 13, "language": "C", "has_issues": true, "has_projects": true, "has_downloads": true, "has_wiki": false, "has_pages": false, "has_discussions": false, "forks_count": 3, "mirror_url": null, "archived": false, "disabled": false, "open_issues_count": 0, "license": {"key": "apache-2.0", "name": "Apache License 2.0", "spdx_id": "Apache-2.0", "url": "https://api.github.com/licenses/apache-2.0", "node_id": "MDc6TGljZW5zZTI="}, "allow_forking": true, "is_template": false, "web_commit_signoff_required": false, "topics": [], "default_branch": "master", "permissions": {"admin": false, "maintain": false, "push": false, "triage": false, "pull": true}, "_id": 1045229}, {"owner": {"type": "User", "site_admin": false}, "fork": false, "created_at": "2010-11-02T16:51:18Z", "updated_at": "2022-08-07T13:04:11Z", "pushed_at": "2013-02-22T18:36:47Z", "size": 1428, "stargazers_count": 108, "watchers_count": 108, "language": "Ruby", "has_issues": false, "has_projects": true, "has_downloads": true, "has_wiki": false, "has_pages": false, "has_discussions": false, "forks_count": 13, "mirror_url": null, "archived": false, "disabled": false, "open_issues_count": 0, "license": null, "allow_forking": true, "is_template": false, "web_commit_signoff_required": false, "topics": [], "default_branch": "master", "permissions": {"admin": false, "maintain": false, "push": false, "triage": false, "pull": true}, "_id": 1045235}, {"owner": {"type": "User", "site_admin": false}, "fork": false, "created_at": "2010-11-02T16:58:37Z", "updated_at": "2015-05-08T06:13:33Z", "pushed_at": "2015-05-08T06:14:05Z", "size": 285, "stargazers_count": 6, "watchers_count": 6, "language": "Perl", "has_issues": false, "has_projects": true, "has_downloads": true, "has_wiki": false, "has_pages": false, "has_discussions": false, "forks_count": 7, "mirror_url": null, "archived": false, "disabled": false, "open_issues_count": 0, "license": null, "allow_forking": true, "is_template": false, "web_commit_signoff_required": false, "topics": [], "default_branch": "master", "permissions": {"admin": false, "maintain": false, "push": false, "triage": false, "pull": true}, "_id": 1045250}, {"owner": {"type": "Organization", "site_admin": false}, "fork": false, "created_at": "2010-11-02T17:10:29Z", "updated_at": "2022-10-07T16:17:07Z", "pushed_at": "2018-11-15T10:36:14Z", "size": 2662, "stargazers_count": 26, "watchers_count": 26, "language": "Java", "has_issues": false, "has_projects": true, "has_downloads": true, "has_wiki": true, "has_pages": true, "has_discussions": false, "forks_count": 23, "mirror_url": null, "archived": true, "disabled": false, "open_issues_count": 1, "license": {"key": "other", "name": "Other", "spdx_id": "NOASSERTION", "url": null, "node_id": "MDc6TGljZW5zZTA="}, "allow_forking": true, "is_template": false, "web_commit_signoff_required": false, "topics": [], "default_branch": "master", "permissions": {"admin": false, "maintain": false, "push": false, "triage": false, "pull": true}, "_id": 1045277}, {"owner": {"type": "Organization", "site_admin": false}, "fork": false, "created_at": "2010-11-02T17:17:21Z", "updated_at": "2021-03-16T09:43:48Z", "pushed_at": "2015-09-17T21:09:51Z", "size": 4020, "stargazers_count": 12, "watchers_count": 12, "language": "Java", "has_issues": false, "has_projects": true, "has_downloads": true, "has_wiki": true, "has_pages": false, "has_discussions": false, "forks_count": 8, "mirror_url": null, "archived": true, "disabled": false, "open_issues_count": 0, "license": null, "allow_forking": true, "is_template": false, "web_commit_signoff_required": false, "topics": [], "default_branch": "plexus-containers-1.x", "permissions": {"admin": false, "maintain": false, "push": false, "triage": false, "pull": true}, "_id": 1045300}, {"owner": {"type": "User", "site_admin": false}, "fork": false, "created_at": "2010-11-02T17:28:50Z", "updated_at": "2022-04-06T11:24:58Z", "pushed_at": "2010-06-22T17:04:33Z", "size": 128, "stargazers_count": 41, "watchers_count": 41, "language": "PHP", "has_issues": false, "has_projects": true, "has_downloads": true, "has_wiki": true, "has_pages": false, "has_discussions": false, "forks_count": 36, "mirror_url": null, "archived": false, "disabled": false, "open_issues_count": 2, "license": {"key": "bsd-3-clause", "name": "BSD 3-Clause \"New\" or \"Revised\" License", "spdx_id": "BSD-3-Clause", "url": "https://api.github.com/licenses/bsd-3-clause", "node_id": "MDc6TGljZW5zZTU="}, "allow_forking": true, "is_template": false, "web_commit_signoff_required": false, "topics": [], "default_branch": "master", "permissions": {"admin": false, "maintain": false, "push": false, "triage": false, "pull": true}, "_id": 1045334}, {"owner": {"type": "User", "site_admin": false}, "fork": false, "created_at": "2010-11-02T17:41:31Z", "updated_at": "2015-06-08T11:24:26Z", "pushed_at": "2013-12-22T13:31:57Z", "size": 995, "stargazers_count": 13, "watchers_count": 13, "language": "PHP", "has_issues": true, "has_projects": true, "has_downloads": true, "has_wiki": true, "has_pages": false, "has_discussions": false, "forks_count": 5, "mirror_url": null, "archived": false, "disabled": false, "open_issues_count": 0, "license": null, "allow_forking": true, "is_template": false, "web_commit_signoff_required": false, "topics": [], "default_branch": "master", "permissions": {"admin": false, "maintain": false, "push": false, "triage": false, "pull": true}, "_id": 1045371}, {"owner": {"type": "Organization", "site_admin": false}, "fork": false, "created_at": "2010-11-02T17:45:54Z", "updated_at": "2022-11-25T05:23:11Z", "pushed_at": "2022-08-25T11:51:42Z", "size": 8050, "stargazers_count": 3415, "watchers_count": 3415, "language": "JavaScript", "has_issues": false, "has_projects": false, "has_downloads": true, "has_wiki": false, "has_pages": false, "has_discussions": false, "forks_count": 6609, "mirror_url": null, "archived": false, "disabled": false, "open_issues_count": 27, "license": {"key": "apache-2.0", "name": "Apache License 2.0", "spdx_id": "Apache-2.0", "url": "https://api.github.com/licenses/apache-2.0", "node_id": "MDc6TGljZW5zZTI="}, "allow_forking": true, "is_template": false, "web_commit_signoff_required": false, "topics": [], "default_branch": "master", "permissions": {"admin": false, "maintain": false, "push": false, "triage": false, "pull": true}, "_id": 1045381}, {"owner": {"type": "Organization", "site_admin": false}, "fork": false, "created_at": "2010-11-02T17:50:28Z", "updated_at": "2017-05-27T04:20:24Z", "pushed_at": "2016-02-29T20:42:27Z", "size": 4138, "stargazers_count": 7, "watchers_count": 7, "language": "C#", "has_issues": true, "has_projects": true, "has_downloads": true, "has_wiki": true, "has_pages": false, "has_discussions": false, "forks_count": 5, "mirror_url": null, "archived": false, "disabled": false, "open_issues_count": 3, "license": null, "allow_forking": true, "is_template": false, "web_commit_signoff_required": false, "topics": [], "default_branch": "master", "permissions": {"admin": false, "maintain": false, "push": false, "triage": false, "pull": true}, "_id": 1045396}, {"owner": {"type": "User", "site_admin": false}, "fork": false, "created_at": "2010-11-02T17:51:22Z", "updated_at": "2015-09-13T20:46:13Z", "pushed_at": "2010-11-02T18:30:07Z", "size": 112, "stargazers_count": 6, "watchers_count": 6, "language": "Ruby", "has_issues": true, "has_projects": true, "has_downloads": true, "has_wiki": true, "has_pages": false, "has_discussions": false, "forks_count": 0, "mirror_url": null, "archived": false, "disabled": false, "open_issues_count": 0, "license": {"key": "mit", "name": "MIT License", "spdx_id": "MIT", "url": "https://api.github.com/licenses/mit", "node_id": "MDc6TGljZW5zZTEz"}, "allow_forking": true, "is_template": false, "web_commit_signoff_required": false, "topics": [], "default_branch": "master", "permissions": {"admin": false, "maintain": false, "push": false, "triage": false, "pull": true}, "_id": 1045403}, {"owner": {"type": "User", "site_admin": false}, "fork": false, "created_at": "2010-11-02T17:53:47Z", "updated_at": "2022-03-01T20:03:23Z", "pushed_at": "2020-11-10T11:32:20Z", "size": 140, "stargazers_count": 24, "watchers_count": 24, "language": "Lua", "has_issues": true, "has_projects": true, "has_downloads": true, "has_wiki": true, "has_pages": true, "has_discussions": false, "forks_count": 2, "mirror_url": null, "archived": false, "disabled": false, "open_issues_count": 0, "license": null, "allow_forking": true, "is_template": false, "web_commit_signoff_required": false, "topics": ["textadept"], "default_branch": "master", "permissions": {"admin": false, "maintain": false, "push": false, "triage": false, "pull": true}, "_id": 1045414}, {"owner": {"type": "Organization", "site_admin": false}, "fork": false, "created_at": "2010-11-02T18:05:11Z", "updated_at": "2022-11-18T09:04:36Z", "pushed_at": "2022-10-25T17:13:04Z", "size": 21473, "stargazers_count": 878, "watchers_count": 878, "language": "C++", "has_issues": true, "has_projects": true, "has_downloads": true, "has_wiki": true, "has_pages": false, "has_discussions": true, "forks_count": 119, "mirror_url": null, "archived": false, "disabled": false, "open_issues_count": 154, "license": {"key": "gpl-3.0", "name": "GNU General Public License v3.0", "spdx_id": "GPL-3.0", "url": "https://api.github.com/licenses/gpl-3.0", "node_id": "MDc6TGljZW5zZTk="}, "allow_forking": true, "is_template": false, "web_commit_signoff_required": false, "topics": ["collaboration", "drawing"], "default_branch": "master", "permissions": {"admin": false, "maintain": false, "push": false, "triage": false, "pull": true}, "_id": 1045447}, {"owner": {"type": "User", "site_admin": false}, "fork": false, "created_at": "2010-11-02T18:10:25Z", "updated_at": "2018-09-05T12:54:57Z", "pushed_at": "2011-10-14T08:17:56Z", "size": 968, "stargazers_count": 7, "watchers_count": 7, "language": "PHP", "has_issues": true, "has_projects": true, "has_downloads": true, "has_wiki": true, "has_pages": false, "has_discussions": false, "forks_count": 0, "mirror_url": null, "archived": false, "disabled": false, "open_issues_count": 0, "license": null, "allow_forking": true, "is_template": false, "web_commit_signoff_required": false, "topics": [], "default_branch": "master", "permissions": {"admin": false, "maintain": false, "push": false, "triage": false, "pull": true}, "_id": 1045462}, {"owner": {"type": "User", "site_admin": false}, "fork": false, "created_at": "2010-11-02T18:16:31Z", "updated_at": "2019-06-20T23:37:35Z", "pushed_at": "2011-09-12T04:58:01Z", "size": 572, "stargazers_count": 25, "watchers_count": 25, "language": "Java", "has_issues": true, "has_projects": true, "has_downloads": true, "has_wiki": true, "has_pages": false, "has_discussions": false, "forks_count": 20, "mirror_url": null, "archived": false, "disabled": false, "open_issues_count": 0, "license": null, "allow_forking": true, "is_template": false, "web_commit_signoff_required": false, "topics": [], "default_branch": "master", "permissions": {"admin": false, "maintain": false, "push": false, "triage": false, "pull": true}, "_id": 1045480}, {"owner": {"type": "Organization", "site_admin": false}, "fork": false, "created_at": "2010-11-02T18:43:02Z", "updated_at": "2022-11-03T03:21:04Z", "pushed_at": "2022-11-08T00:52:35Z", "size": 167123, "stargazers_count": 12, "watchers_count": 12, "language": "Racket", "has_issues": false, "has_projects": true, "has_downloads": true, "has_wiki": false, "has_pages": false, "has_discussions": false, "forks_count": 14, "mirror_url": null, "archived": false, "disabled": false, "open_issues_count": 0, "license": null, "allow_forking": true, "is_template": false, "web_commit_signoff_required": false, "topics": ["racket"], "default_branch": "master", "permissions": {"admin": false, "maintain": false, "push": false, "triage": false, "pull": true}, "_id": 1045552}, {"owner": {"type": "User", "site_admin": false}, "fork": false, "created_at": "2010-11-02T18:43:07Z", "updated_at": "2020-05-28T10:11:35Z", "pushed_at": "2013-12-18T20:06:04Z", "size": 676, "stargazers_count": 20, "watchers_count": 20, "language": "Java", "has_issues": true, "has_projects": true, "has_downloads": true, "has_wiki": true, "has_pages": false, "has_discussions": false, "forks_count": 14, "mirror_url": null, "archived": false, "disabled": false, "open_issues_count": 36, "license": null, "allow_forking": true, "is_template": false, "web_commit_signoff_required": false, "topics": [], "default_branch": "master", "permissions": {"admin": false, "maintain": false, "push": false, "triage": false, "pull": true}, "_id": 1045553}, {"owner": {"type": "User", "site_admin": false}, "fork": false, "created_at": "2010-11-02T18:50:03Z", "updated_at": "2021-12-20T03:40:17Z", "pushed_at": "2011-06-22T09:37:50Z", "size": 141, "stargazers_count": 7, "watchers_count": 7, "language": "Python", "has_issues": true, "has_projects": true, "has_downloads": true, "has_wiki": true, "has_pages": false, "has_discussions": false, "forks_count": 4, "mirror_url": null, "archived": false, "disabled": false, "open_issues_count": 0, "license": null, "allow_forking": true, "is_template": false, "web_commit_signoff_required": false, "topics": [], "default_branch": "master", "permissions": {"admin": false, "maintain": false, "push": false, "triage": false, "pull": true}, "_id": 1045591}, {"owner": {"type": "User", "site_admin": false}, "fork": false, "created_at": "2010-11-02T18:50:23Z", "updated_at": "2019-10-14T20:24:11Z", "pushed_at": "2016-06-21T22:35:54Z", "size": 222, "stargazers_count": 52, "watchers_count": 52, "language": "JavaScript", "has_issues": true, "has_projects": true, "has_downloads": true, "has_wiki": true, "has_pages": false, "has_discussions": false, "forks_count": 27, "mirror_url": null, "archived": false, "disabled": false, "open_issues_count": 7, "license": null, "allow_forking": true, "is_template": false, "web_commit_signoff_required": false, "topics": ["javascript", "logging", "nlogger", "nodejs"], "default_branch": "master", "permissions": {"admin": false, "maintain": false, "push": false, "triage": false, "pull": true}, "_id": 1045592}, {"owner": {"type": "User", "site_admin": false}, "fork": false, "created_at": "2010-11-02T19:05:36Z", "updated_at": "2022-08-26T06:28:54Z", "pushed_at": "2022-11-15T10:52:30Z", "size": 771, "stargazers_count": 114, "watchers_count": 114, "language": "Clojure", "has_issues": true, "has_projects": true, "has_downloads": true, "has_wiki": true, "has_pages": false, "has_discussions": false, "forks_count": 20, "mirror_url": null, "archived": false, "disabled": false, "open_issues_count": 8, "license": {"key": "epl-1.0", "name": "Eclipse Public License 1.0", "spdx_id": "EPL-1.0", "url": "https://api.github.com/licenses/epl-1.0", "node_id": "MDc6TGljZW5zZTc="}, "allow_forking": true, "is_template": false, "web_commit_signoff_required": false, "topics": [], "default_branch": "master", "permissions": {"admin": false, "maintain": false, "push": false, "triage": false, "pull": true}, "_id": 1045663}, {"owner": {"type": "User", "site_admin": false}, "fork": false, "created_at": "2010-11-02T19:17:37Z", "updated_at": "2013-10-26T03:39:55Z", "pushed_at": "2011-09-27T04:29:26Z", "size": 99, "stargazers_count": 9, "watchers_count": 9, "language": "Ruby", "has_issues": true, "has_projects": true, "has_downloads": true, "has_wiki": true, "has_pages": false, "has_discussions": false, "forks_count": 1, "mirror_url": null, "archived": false, "disabled": false, "open_issues_count": 0, "license": null, "allow_forking": true, "is_template": false, "web_commit_signoff_required": false, "topics": [], "default_branch": "master", "permissions": {"admin": false, "maintain": false, "push": false, "triage": false, "pull": true}, "_id": 1045693}, {"owner": {"type": "Organization", "site_admin": false}, "fork": false, "created_at": "2010-11-02T19:20:22Z", "updated_at": "2022-09-02T19:14:53Z", "pushed_at": "2012-07-22T23:29:33Z", "size": 3358, "stargazers_count": 27, "watchers_count": 27, "language": "C#", "has_issues": true, "has_projects": true, "has_downloads": true, "has_wiki": true, "has_pages": false, "has_discussions": false, "forks_count": 22, "mirror_url": null, "archived": false, "disabled": false, "open_issues_count": 0, "license": {"key": "other", "name": "Other", "spdx_id": "NOASSERTION", "url": null, "node_id": "MDc6TGljZW5zZTA="}, "allow_forking": true, "is_template": false, "web_commit_signoff_required": false, "topics": [], "default_branch": "master", "permissions": {"admin": false, "maintain": false, "push": false, "triage": false, "pull": true}, "_id": 1045701}, {"owner": {"type": "User", "site_admin": false}, "fork": false, "created_at": "2010-11-02T19:29:45Z", "updated_at": "2022-10-13T17:05:47Z", "pushed_at": "2012-01-20T17:50:20Z", "size": 7908, "stargazers_count": 22, "watchers_count": 22, "language": "PHP", "has_issues": true, "has_projects": true, "has_downloads": true, "has_wiki": true, "has_pages": false, "has_discussions": false, "forks_count": 12, "mirror_url": null, "archived": false, "disabled": false, "open_issues_count": 12, "license": {"key": "bsd-3-clause", "name": "BSD 3-Clause \"New\" or \"Revised\" License", "spdx_id": "BSD-3-Clause", "url": "https://api.github.com/licenses/bsd-3-clause", "node_id": "MDc6TGljZW5zZTU="}, "allow_forking": true, "is_template": false, "web_commit_signoff_required": false, "topics": [], "default_branch": "master", "permissions": {"admin": false, "maintain": false, "push": false, "triage": false, "pull": true}, "_id": 1045718}, {"owner": {"type": "User", "site_admin": false}, "fork": false, "created_at": "2010-11-02T19:47:09Z", "updated_at": "2022-07-20T14:19:30Z", "pushed_at": "2022-04-19T15:23:57Z", "size": 278, "stargazers_count": 8, "watchers_count": 8, "language": "Shell", "has_issues": true, "has_projects": true, "has_downloads": true, "has_wiki": true, "has_pages": false, "has_discussions": false, "forks_count": 2, "mirror_url": null, "archived": false, "disabled": false, "open_issues_count": 0, "license": null, "allow_forking": true, "is_template": false, "web_commit_signoff_required": false, "topics": [], "default_branch": "master", "permissions": {"admin": false, "maintain": false, "push": false, "triage": false, "pull": true}, "_id": 1045762}, {"owner": {"type": "User", "site_admin": false}, "fork": false, "created_at": "2010-11-02T19:47:38Z", "updated_at": "2022-10-11T06:05:05Z", "pushed_at": "2019-03-09T13:55:02Z", "size": 156, "stargazers_count": 33, "watchers_count": 33, "language": "C", "has_issues": false, "has_projects": false, "has_downloads": true, "has_wiki": false, "has_pages": false, "has_discussions": false, "forks_count": 16, "mirror_url": null, "archived": false, "disabled": false, "open_issues_count": 0, "license": {"key": "gpl-2.0", "name": "GNU General Public License v2.0", "spdx_id": "GPL-2.0", "url": "https://api.github.com/licenses/gpl-2.0", "node_id": "MDc6TGljZW5zZTg="}, "allow_forking": true, "is_template": false, "web_commit_signoff_required": false, "topics": ["c", "tree"], "default_branch": "master", "permissions": {"admin": false, "maintain": false, "push": false, "triage": false, "pull": true}, "_id": 1045764}, {"owner": {"type": "User", "site_admin": false}, "fork": false, "created_at": "2010-11-02T19:51:36Z", "updated_at": "2022-09-16T22:22:07Z", "pushed_at": "2010-11-06T21:51:11Z", "size": 336, "stargazers_count": 72, "watchers_count": 72, "language": "C++", "has_issues": true, "has_projects": true, "has_downloads": true, "has_wiki": true, "has_pages": false, "has_discussions": false, "forks_count": 18, "mirror_url": null, "archived": false, "disabled": false, "open_issues_count": 8, "license": {"key": "other", "name": "Other", "spdx_id": "NOASSERTION", "url": null, "node_id": "MDc6TGljZW5zZTA="}, "allow_forking": true, "is_template": false, "web_commit_signoff_required": false, "topics": [], "default_branch": "master", "permissions": {"admin": false, "maintain": false, "push": false, "triage": false, "pull": true}, "_id": 1045777}, {"owner": {"type": "User", "site_admin": false}, "fork": false, "created_at": "2010-11-02T20:04:18Z", "updated_at": "2020-02-27T08:31:22Z", "pushed_at": "2016-10-25T20:42:32Z", "size": 103, "stargazers_count": 14, "watchers_count": 14, "language": "Emacs Lisp", "has_issues": true, "has_projects": true, "has_downloads": true, "has_wiki": true, "has_pages": false, "has_discussions": false, "forks_count": 5, "mirror_url": null, "archived": false, "disabled": false, "open_issues_count": 6, "license": null, "allow_forking": true, "is_template": false, "web_commit_signoff_required": false, "topics": [], "default_branch": "master", "permissions": {"admin": false, "maintain": false, "push": false, "triage": false, "pull": true}, "_id": 1045813}, {"owner": {"type": "User", "site_admin": false}, "fork": false, "created_at": "2010-11-02T20:05:56Z", "updated_at": "2015-05-06T15:39:36Z", "pushed_at": "2016-04-18T03:15:07Z", "size": 183, "stargazers_count": 7, "watchers_count": 7, "language": "JavaScript", "has_issues": true, "has_projects": true, "has_downloads": true, "has_wiki": true, "has_pages": false, "has_discussions": false, "forks_count": 1, "mirror_url": null, "archived": false, "disabled": false, "open_issues_count": 0, "license": null, "allow_forking": true, "is_template": false, "web_commit_signoff_required": false, "topics": [], "default_branch": "master", "permissions": {"admin": false, "maintain": false, "push": false, "triage": false, "pull": true}, "_id": 1045820}, {"owner": {"type": "User", "site_admin": false}, "fork": false, "created_at": "2010-11-02T20:11:50Z", "updated_at": "2017-04-05T00:11:17Z", "pushed_at": "2010-12-12T15:21:54Z", "size": 164, "stargazers_count": 6, "watchers_count": 6, "language": "C++", "has_issues": true, "has_projects": true, "has_downloads": true, "has_wiki": true, "has_pages": false, "has_discussions": false, "forks_count": 3, "mirror_url": null, "archived": false, "disabled": false, "open_issues_count": 0, "license": {"key": "mit", "name": "MIT License", "spdx_id": "MIT", "url": "https://api.github.com/licenses/mit", "node_id": "MDc6TGljZW5zZTEz"}, "allow_forking": true, "is_template": false, "web_commit_signoff_required": false, "topics": [], "default_branch": "master", "permissions": {"admin": false, "maintain": false, "push": false, "triage": false, "pull": true}, "_id": 1045845}, {"owner": {"type": "Organization", "site_admin": false}, "fork": false, "created_at": "2010-11-02T20:31:44Z", "updated_at": "2020-12-24T01:03:55Z", "pushed_at": "2011-12-13T19:08:43Z", "size": 63963, "stargazers_count": 47, "watchers_count": 47, "language": "Shell", "has_issues": true, "has_projects": true, "has_downloads": true, "has_wiki": true, "has_pages": false, "has_discussions": false, "forks_count": 3, "mirror_url": null, "archived": false, "disabled": false, "open_issues_count": 0, "license": {"key": "apache-2.0", "name": "Apache License 2.0", "spdx_id": "Apache-2.0", "url": "https://api.github.com/licenses/apache-2.0", "node_id": "MDc6TGljZW5zZTI="}, "allow_forking": true, "is_template": false, "web_commit_signoff_required": false, "topics": [], "default_branch": "master", "permissions": {"admin": false, "maintain": false, "push": false, "triage": false, "pull": true}, "_id": 1045890}, {"owner": {"type": "Organization", "site_admin": false}, "fork": false, "created_at": "2010-11-02T20:58:18Z", "updated_at": "2022-11-23T11:13:27Z", "pushed_at": "2022-10-14T15:42:47Z", "size": 17123, "stargazers_count": 1012, "watchers_count": 1012, "language": "Java", "has_issues": true, "has_projects": true, "has_downloads": true, "has_wiki": false, "has_pages": true, "has_discussions": false, "forks_count": 184, "mirror_url": null, "archived": false, "disabled": false, "open_issues_count": 140, "license": {"key": "other", "name": "Other", "spdx_id": "NOASSERTION", "url": null, "node_id": "MDc6TGljZW5zZTA="}, "allow_forking": true, "is_template": false, "web_commit_signoff_required": false, "topics": ["distributed-systems", "java", "programming-languages", "python"], "default_branch": "master", "permissions": {"admin": false, "maintain": false, "push": false, "triage": false, "pull": true}, "_id": 1045976}, {"owner": {"type": "User", "site_admin": false}, "fork": false, "created_at": "2010-11-02T21:15:30Z", "updated_at": "2020-05-17T14:22:09Z", "pushed_at": "2011-07-07T15:00:47Z", "size": 365, "stargazers_count": 6, "watchers_count": 6, "language": "Perl", "has_issues": true, "has_projects": true, "has_downloads": true, "has_wiki": true, "has_pages": false, "has_discussions": false, "forks_count": 4, "mirror_url": null, "archived": false, "disabled": false, "open_issues_count": 0, "license": null, "allow_forking": true, "is_template": false, "web_commit_signoff_required": false, "topics": [], "default_branch": "master", "permissions": {"admin": false, "maintain": false, "push": false, "triage": false, "pull": true}, "_id": 1046034}, {"owner": {"type": "User", "site_admin": false}, "fork": false, "created_at": "2010-11-02T21:16:13Z", "updated_at": "2020-03-21T01:09:01Z", "pushed_at": "2010-11-03T12:39:34Z", "size": 236, "stargazers_count": 20, "watchers_count": 20, "language": "Ruby", "has_issues": true, "has_projects": true, "has_downloads": true, "has_wiki": true, "has_pages": false, "has_discussions": false, "forks_count": 0, "mirror_url": null, "archived": false, "disabled": false, "open_issues_count": 0, "license": {"key": "mit", "name": "MIT License", "spdx_id": "MIT", "url": "https://api.github.com/licenses/mit", "node_id": "MDc6TGljZW5zZTEz"}, "allow_forking": true, "is_template": false, "web_commit_signoff_required": false, "topics": [], "default_branch": "master", "permissions": {"admin": false, "maintain": false, "push": false, "triage": false, "pull": true}, "_id": 1046040}, {"owner": {"type": "User", "site_admin": false}, "fork": false, "created_at": "2010-11-02T21:40:59Z", "updated_at": "2018-08-09T02:14:07Z", "pushed_at": "2012-12-06T02:33:54Z", "size": 191, "stargazers_count": 18, "watchers_count": 18, "language": "JavaScript", "has_issues": true, "has_projects": true, "has_downloads": true, "has_wiki": true, "has_pages": true, "has_discussions": false, "forks_count": 21, "mirror_url": null, "archived": false, "disabled": false, "open_issues_count": 1, "license": {"key": "mit", "name": "MIT License", "spdx_id": "MIT", "url": "https://api.github.com/licenses/mit", "node_id": "MDc6TGljZW5zZTEz"}, "allow_forking": true, "is_template": false, "web_commit_signoff_required": false, "topics": [], "default_branch": "master", "permissions": {"admin": false, "maintain": false, "push": false, "triage": false, "pull": true}, "_id": 1046124}, {"owner": {"type": "User", "site_admin": false}, "fork": false, "created_at": "2010-11-02T21:43:42Z", "updated_at": "2021-01-13T19:30:03Z", "pushed_at": "2020-09-05T23:26:18Z", "size": 15, "stargazers_count": 60, "watchers_count": 60, "language": "Ruby", "has_issues": true, "has_projects": true, "has_downloads": true, "has_wiki": true, "has_pages": false, "has_discussions": false, "forks_count": 2, "mirror_url": null, "archived": false, "disabled": false, "open_issues_count": 0, "license": null, "allow_forking": true, "is_template": false, "web_commit_signoff_required": false, "topics": ["activerecord", "database", "rails", "sql"], "default_branch": "main", "permissions": {"admin": false, "maintain": false, "push": false, "triage": false, "pull": true}, "_id": 1046128}, {"owner": {"type": "Organization", "site_admin": false}, "fork": false, "created_at": "2010-11-02T21:49:51Z", "updated_at": "2022-11-04T08:24:27Z", "pushed_at": "2014-05-03T17:06:42Z", "size": 521, "stargazers_count": 6, "watchers_count": 6, "language": "Shell", "has_issues": true, "has_projects": true, "has_downloads": true, "has_wiki": true, "has_pages": false, "has_discussions": false, "forks_count": 0, "mirror_url": null, "archived": true, "disabled": false, "open_issues_count": 0, "license": null, "allow_forking": true, "is_template": false, "web_commit_signoff_required": false, "topics": [], "default_branch": "master", "permissions": {"admin": false, "maintain": false, "push": false, "triage": false, "pull": true}, "_id": 1046142}, {"owner": {"type": "User", "site_admin": false}, "fork": false, "created_at": "2010-11-02T22:02:54Z", "updated_at": "2022-01-18T21:24:59Z", "pushed_at": "2022-01-18T21:24:56Z", "size": 2586, "stargazers_count": 34, "watchers_count": 34, "language": "Python", "has_issues": true, "has_projects": true, "has_downloads": true, "has_wiki": false, "has_pages": false, "has_discussions": false, "forks_count": 2, "mirror_url": null, "archived": false, "disabled": false, "open_issues_count": 1, "license": null, "allow_forking": true, "is_template": false, "web_commit_signoff_required": false, "topics": [], "default_branch": "master", "permissions": {"admin": false, "maintain": false, "push": false, "triage": false, "pull": true}, "_id": 1046182}, {"owner": {"type": "User", "site_admin": false}, "fork": false, "created_at": "2010-11-02T22:03:38Z", "updated_at": "2022-09-11T17:21:48Z", "pushed_at": "2019-05-30T22:07:11Z", "size": 130, "stargazers_count": 18, "watchers_count": 18, "language": "Haskell", "has_issues": true, "has_projects": true, "has_downloads": true, "has_wiki": true, "has_pages": false, "has_discussions": false, "forks_count": 2, "mirror_url": null, "archived": false, "disabled": false, "open_issues_count": 0, "license": null, "allow_forking": true, "is_template": false, "web_commit_signoff_required": false, "topics": [], "default_branch": "master", "permissions": {"admin": false, "maintain": false, "push": false, "triage": false, "pull": true}, "_id": 1046187}, {"owner": {"type": "User", "site_admin": false}, "fork": false, "created_at": "2010-11-02T22:06:17Z", "updated_at": "2018-05-24T09:51:43Z", "pushed_at": "2014-07-15T08:51:32Z", "size": 66492, "stargazers_count": 10, "watchers_count": 10, "language": "ColdFusion", "has_issues": true, "has_projects": true, "has_downloads": true, "has_wiki": true, "has_pages": false, "has_discussions": false, "forks_count": 9, "mirror_url": null, "archived": false, "disabled": false, "open_issues_count": 4, "license": null, "allow_forking": true, "is_template": false, "web_commit_signoff_required": false, "topics": [], "default_branch": "master", "permissions": {"admin": false, "maintain": false, "push": false, "triage": false, "pull": true}, "_id": 1046195}, {"owner": {"type": "Organization", "site_admin": false}, "fork": false, "created_at": "2010-11-02T22:12:23Z", "updated_at": "2022-11-25T00:30:48Z", "pushed_at": "2022-11-24T20:22:27Z", "size": 282, "stargazers_count": 3606, "watchers_count": 3606, "language": "Clojure", "has_issues": true, "has_projects": true, "has_downloads": true, "has_wiki": true, "has_pages": true, "has_discussions": false, "forks_count": 2088, "mirror_url": null, "archived": false, "disabled": false, "open_issues_count": 12, "license": null, "allow_forking": true, "is_template": false, "web_commit_signoff_required": false, "topics": [], "default_branch": "master", "permissions": {"admin": false, "maintain": false, "push": false, "triage": false, "pull": true}, "_id": 1046208}, {"owner": {"type": "User", "site_admin": false}, "fork": false, "created_at": "2010-11-02T22:13:46Z", "updated_at": "2022-11-23T18:16:32Z", "pushed_at": "2022-06-01T13:28:19Z", "size": 3339, "stargazers_count": 1469, "watchers_count": 1469, "language": "Erlang", "has_issues": true, "has_projects": true, "has_downloads": true, "has_wiki": true, "has_pages": true, "has_discussions": false, "forks_count": 336, "mirror_url": null, "archived": false, "disabled": false, "open_issues_count": 46, "license": {"key": "isc", "name": "ISC License", "spdx_id": "ISC", "url": "https://api.github.com/licenses/isc", "node_id": "MDc6TGljZW5zZTEw"}, "allow_forking": true, "is_template": false, "web_commit_signoff_required": false, "topics": ["erlang", "pool", "worker-pool"], "default_branch": "master", "permissions": {"admin": false, "maintain": false, "push": false, "triage": false, "pull": true}, "_id": 1046213}, {"owner": {"type": "User", "site_admin": false}, "fork": false, "created_at": "2010-11-02T22:14:09Z", "updated_at": "2022-07-09T22:11:32Z", "pushed_at": "2014-09-15T04:35:19Z", "size": 34873, "stargazers_count": 48, "watchers_count": 48, "language": "Ruby", "has_issues": true, "has_projects": true, "has_downloads": true, "has_wiki": true, "has_pages": false, "has_discussions": false, "forks_count": 21, "mirror_url": null, "archived": false, "disabled": false, "open_issues_count": 3, "license": {"key": "mit", "name": "MIT License", "spdx_id": "MIT", "url": "https://api.github.com/licenses/mit", "node_id": "MDc6TGljZW5zZTEz"}, "allow_forking": true, "is_template": false, "web_commit_signoff_required": false, "topics": [], "default_branch": "master", "permissions": {"admin": false, "maintain": false, "push": false, "triage": false, "pull": true}, "_id": 1046214}, {"owner": {"type": "User", "site_admin": false}, "fork": false, "created_at": "2010-11-02T22:16:44Z", "updated_at": "2020-09-25T20:48:19Z", "pushed_at": "2016-05-21T16:00:59Z", "size": 4, "stargazers_count": 13, "watchers_count": 13, "language": "Perl", "has_issues": true, "has_projects": true, "has_downloads": true, "has_wiki": true, "has_pages": false, "has_discussions": false, "forks_count": 6, "mirror_url": null, "archived": false, "disabled": false, "open_issues_count": 0, "license": null, "allow_forking": true, "is_template": false, "web_commit_signoff_required": false, "topics": [], "default_branch": "master", "permissions": {"admin": false, "maintain": false, "push": false, "triage": false, "pull": true}, "_id": 1046223}, {"owner": {"type": "User", "site_admin": false}, "fork": false, "created_at": "2010-11-02T22:19:13Z", "updated_at": "2022-09-30T08:40:34Z", "pushed_at": "2012-02-29T00:14:07Z", "size": 212, "stargazers_count": 6, "watchers_count": 6, "language": "C++", "has_issues": true, "has_projects": true, "has_downloads": true, "has_wiki": true, "has_pages": false, "has_discussions": false, "forks_count": 2, "mirror_url": null, "archived": false, "disabled": false, "open_issues_count": 0, "license": null, "allow_forking": true, "is_template": false, "web_commit_signoff_required": false, "topics": [], "default_branch": "master", "permissions": {"admin": false, "maintain": false, "push": false, "triage": false, "pull": true}, "_id": 1046229}, {"owner": {"type": "User", "site_admin": false}, "fork": false, "created_at": "2010-11-02T22:21:00Z", "updated_at": "2017-12-21T01:16:31Z", "pushed_at": "2012-12-13T16:56:04Z", "size": 600, "stargazers_count": 10, "watchers_count": 10, "language": "Python", "has_issues": true, "has_projects": true, "has_downloads": true, "has_wiki": false, "has_pages": false, "has_discussions": false, "forks_count": 2, "mirror_url": null, "archived": false, "disabled": false, "open_issues_count": 0, "license": null, "allow_forking": true, "is_template": false, "web_commit_signoff_required": false, "topics": [], "default_branch": "master", "permissions": {"admin": false, "maintain": false, "push": false, "triage": false, "pull": true}, "_id": 1046235}, {"owner": {"type": "User", "site_admin": false}, "fork": false, "created_at": "2010-11-02T22:25:47Z", "updated_at": "2022-02-18T13:51:16Z", "pushed_at": "2015-11-09T10:57:54Z", "size": 132, "stargazers_count": 6, "watchers_count": 6, "language": "Haskell", "has_issues": true, "has_projects": true, "has_downloads": true, "has_wiki": true, "has_pages": false, "has_discussions": false, "forks_count": 0, "mirror_url": null, "archived": false, "disabled": false, "open_issues_count": 0, "license": null, "allow_forking": true, "is_template": false, "web_commit_signoff_required": false, "topics": [], "default_branch": "master", "permissions": {"admin": false, "maintain": false, "push": false, "triage": false, "pull": true}, "_id": 1046252}, {"owner": {"type": "Organization", "site_admin": false}, "fork": false, "created_at": "2010-11-02T22:42:25Z", "updated_at": "2022-03-22T01:06:45Z", "pushed_at": "2022-02-20T16:07:30Z", "size": 23511, "stargazers_count": 60, "watchers_count": 60, "language": "Scala", "has_issues": true, "has_projects": true, "has_downloads": true, "has_wiki": true, "has_pages": false, "has_discussions": false, "forks_count": 136, "mirror_url": null, "archived": false, "disabled": false, "open_issues_count": 220, "license": null, "allow_forking": true, "is_template": false, "web_commit_signoff_required": false, "topics": [], "default_branch": "2.4.x", "permissions": {"admin": false, "maintain": false, "push": false, "triage": false, "pull": true}, "_id": 1046288}, {"owner": {"type": "User", "site_admin": false}, "fork": false, "created_at": "2010-11-02T22:45:09Z", "updated_at": "2022-08-07T02:14:19Z", "pushed_at": "2022-07-08T19:12:55Z", "size": 132, "stargazers_count": 204, "watchers_count": 204, "language": "Python", "has_issues": true, "has_projects": true, "has_downloads": true, "has_wiki": true, "has_pages": false, "has_discussions": false, "forks_count": 44, "mirror_url": null, "archived": false, "disabled": false, "open_issues_count": 10, "license": {"key": "mit", "name": "MIT License", "spdx_id": "MIT", "url": "https://api.github.com/licenses/mit", "node_id": "MDc6TGljZW5zZTEz"}, "allow_forking": true, "is_template": false, "web_commit_signoff_required": false, "topics": [], "default_branch": "master", "permissions": {"admin": false, "maintain": false, "push": false, "triage": false, "pull": true}, "_id": 1046298}, {"owner": {"type": "Organization", "site_admin": false}, "fork": false, "created_at": "2010-11-02T22:59:24Z", "updated_at": "2014-06-23T11:37:49Z", "pushed_at": "2011-06-14T02:51:02Z", "size": 156, "stargazers_count": 16, "watchers_count": 16, "language": "PHP", "has_issues": true, "has_projects": true, "has_downloads": true, "has_wiki": true, "has_pages": false, "has_discussions": false, "forks_count": 1, "mirror_url": null, "archived": false, "disabled": false, "open_issues_count": 7, "license": {"key": "isc", "name": "ISC License", "spdx_id": "ISC", "url": "https://api.github.com/licenses/isc", "node_id": "MDc6TGljZW5zZTEw"}, "allow_forking": true, "is_template": false, "web_commit_signoff_required": false, "topics": [], "default_branch": "develop", "permissions": {"admin": false, "maintain": false, "push": false, "triage": false, "pull": true}, "_id": 1046338}, {"owner": {"type": "Organization", "site_admin": false}, "fork": false, "created_at": "2010-11-02T23:00:23Z", "updated_at": "2021-06-20T20:37:02Z", "pushed_at": "2011-01-05T23:54:18Z", "size": 696, "stargazers_count": 22, "watchers_count": 22, "language": "PHP", "has_issues": true, "has_projects": true, "has_downloads": true, "has_wiki": true, "has_pages": false, "has_discussions": false, "forks_count": 7, "mirror_url": null, "archived": false, "disabled": false, "open_issues_count": 1, "license": {"key": "isc", "name": "ISC License", "spdx_id": "ISC", "url": "https://api.github.com/licenses/isc", "node_id": "MDc6TGljZW5zZTEw"}, "allow_forking": true, "is_template": false, "web_commit_signoff_required": false, "topics": [], "default_branch": "develop", "permissions": {"admin": false, "maintain": false, "push": false, "triage": false, "pull": true}, "_id": 1046343}, {"owner": {"type": "Organization", "site_admin": false}, "fork": false, "created_at": "2010-11-02T23:00:59Z", "updated_at": "2016-04-28T12:48:33Z", "pushed_at": "2011-06-14T02:48:56Z", "size": 148, "stargazers_count": 10, "watchers_count": 10, "language": "PHP", "has_issues": true, "has_projects": true, "has_downloads": true, "has_wiki": true, "has_pages": false, "has_discussions": false, "forks_count": 3, "mirror_url": null, "archived": false, "disabled": false, "open_issues_count": 0, "license": {"key": "isc", "name": "ISC License", "spdx_id": "ISC", "url": "https://api.github.com/licenses/isc", "node_id": "MDc6TGljZW5zZTEw"}, "allow_forking": true, "is_template": false, "web_commit_signoff_required": false, "topics": [], "default_branch": "develop", "permissions": {"admin": false, "maintain": false, "push": false, "triage": false, "pull": true}, "_id": 1046348}, {"owner": {"type": "Organization", "site_admin": false}, "fork": false, "created_at": "2010-11-02T23:01:35Z", "updated_at": "2014-03-19T16:41:54Z", "pushed_at": "2011-06-11T00:28:23Z", "size": 162, "stargazers_count": 9, "watchers_count": 9, "language": "PHP", "has_issues": true, "has_projects": true, "has_downloads": true, "has_wiki": true, "has_pages": false, "has_discussions": false, "forks_count": 1, "mirror_url": null, "archived": false, "disabled": false, "open_issues_count": 1, "license": {"key": "isc", "name": "ISC License", "spdx_id": "ISC", "url": "https://api.github.com/licenses/isc", "node_id": "MDc6TGljZW5zZTEw"}, "allow_forking": true, "is_template": false, "web_commit_signoff_required": false, "topics": [], "default_branch": "develop", "permissions": {"admin": false, "maintain": false, "push": false, "triage": false, "pull": true}, "_id": 1046351}, {"owner": {"type": "Organization", "site_admin": false}, "fork": false, "created_at": "2010-11-02T23:02:17Z", "updated_at": "2018-03-28T07:27:07Z", "pushed_at": "2011-06-14T02:59:31Z", "size": 151, "stargazers_count": 11, "watchers_count": 11, "language": "PHP", "has_issues": true, "has_projects": true, "has_downloads": true, "has_wiki": true, "has_pages": false, "has_discussions": false, "forks_count": 4, "mirror_url": null, "archived": false, "disabled": false, "open_issues_count": 1, "license": {"key": "isc", "name": "ISC License", "spdx_id": "ISC", "url": "https://api.github.com/licenses/isc", "node_id": "MDc6TGljZW5zZTEw"}, "allow_forking": true, "is_template": false, "web_commit_signoff_required": false, "topics": [], "default_branch": "develop", "permissions": {"admin": false, "maintain": false, "push": false, "triage": false, "pull": true}, "_id": 1046354}, {"owner": {"type": "User", "site_admin": false}, "fork": false, "created_at": "2010-11-02T23:04:27Z", "updated_at": "2022-08-23T16:36:23Z", "pushed_at": "2021-11-22T19:45:24Z", "size": 206, "stargazers_count": 124, "watchers_count": 124, "language": "Python", "has_issues": true, "has_projects": true, "has_downloads": true, "has_wiki": true, "has_pages": false, "has_discussions": false, "forks_count": 33, "mirror_url": null, "archived": false, "disabled": false, "open_issues_count": 0, "license": {"key": "bsd-3-clause", "name": "BSD 3-Clause \"New\" or \"Revised\" License", "spdx_id": "BSD-3-Clause", "url": "https://api.github.com/licenses/bsd-3-clause", "node_id": "MDc6TGljZW5zZTU="}, "allow_forking": true, "is_template": false, "web_commit_signoff_required": false, "topics": [], "default_branch": "master", "permissions": {"admin": false, "maintain": false, "push": false, "triage": false, "pull": true}, "_id": 1046376}, {"owner": {"type": "User", "site_admin": false}, "fork": false, "created_at": "2010-11-02T23:07:02Z", "updated_at": "2022-03-03T20:20:29Z", "pushed_at": "2010-11-03T06:00:44Z", "size": 797, "stargazers_count": 27, "watchers_count": 27, "language": "C", "has_issues": true, "has_projects": true, "has_downloads": true, "has_wiki": true, "has_pages": false, "has_discussions": false, "forks_count": 3, "mirror_url": null, "archived": false, "disabled": false, "open_issues_count": 1, "license": {"key": "gpl-2.0", "name": "GNU General Public License v2.0", "spdx_id": "GPL-2.0", "url": "https://api.github.com/licenses/gpl-2.0", "node_id": "MDc6TGljZW5zZTg="}, "allow_forking": true, "is_template": false, "web_commit_signoff_required": false, "topics": [], "default_branch": "master", "permissions": {"admin": false, "maintain": false, "push": false, "triage": false, "pull": true}, "_id": 1046385}, {"owner": {"type": "Organization", "site_admin": false}, "fork": false, "created_at": "2010-11-02T23:14:02Z", "updated_at": "2022-06-29T08:56:06Z", "pushed_at": "2021-01-29T19:49:39Z", "size": 12670, "stargazers_count": 126, "watchers_count": 126, "language": "C#", "has_issues": true, "has_projects": true, "has_downloads": true, "has_wiki": true, "has_pages": true, "has_discussions": false, "forks_count": 68, "mirror_url": null, "archived": false, "disabled": false, "open_issues_count": 2, "license": null, "allow_forking": true, "is_template": false, "web_commit_signoff_required": false, "topics": [], "default_branch": "master", "permissions": {"admin": false, "maintain": false, "push": false, "triage": false, "pull": true}, "_id": 1046405}, {"owner": {"type": "User", "site_admin": false}, "fork": false, "created_at": "2010-11-02T23:24:03Z", "updated_at": "2022-02-26T22:52:24Z", "pushed_at": "2013-01-25T22:58:02Z", "size": 1373, "stargazers_count": 46, "watchers_count": 46, "language": "VimL", "has_issues": true, "has_projects": true, "has_downloads": true, "has_wiki": true, "has_pages": false, "has_discussions": false, "forks_count": 22, "mirror_url": null, "archived": true, "disabled": false, "open_issues_count": 1, "license": null, "allow_forking": true, "is_template": false, "web_commit_signoff_required": false, "topics": [], "default_branch": "master", "permissions": {"admin": false, "maintain": false, "push": false, "triage": false, "pull": true}, "_id": 1046427}, {"owner": {"type": "User", "site_admin": false}, "fork": false, "created_at": "2010-11-02T23:28:20Z", "updated_at": "2019-11-11T05:47:13Z", "pushed_at": "2010-11-03T13:21:13Z", "size": 96, "stargazers_count": 8, "watchers_count": 8, "language": "JavaScript", "has_issues": true, "has_projects": true, "has_downloads": true, "has_wiki": true, "has_pages": false, "has_discussions": false, "forks_count": 0, "mirror_url": null, "archived": false, "disabled": false, "open_issues_count": 1, "license": null, "allow_forking": true, "is_template": false, "web_commit_signoff_required": false, "topics": [], "default_branch": "master", "permissions": {"admin": false, "maintain": false, "push": false, "triage": false, "pull": true}, "_id": 1046440}, {"owner": {"type": "Organization", "site_admin": false}, "fork": false, "created_at": "2010-11-02T23:39:23Z", "updated_at": "2022-08-30T21:16:55Z", "pushed_at": "2012-07-29T13:49:48Z", "size": 357, "stargazers_count": 13, "watchers_count": 13, "language": "C", "has_issues": true, "has_projects": true, "has_downloads": true, "has_wiki": true, "has_pages": false, "has_discussions": false, "forks_count": 8, "mirror_url": null, "archived": false, "disabled": false, "open_issues_count": 1, "license": null, "allow_forking": true, "is_template": false, "web_commit_signoff_required": false, "topics": [], "default_branch": "master", "permissions": {"admin": false, "maintain": false, "push": false, "triage": false, "pull": true}, "_id": 1046465}, {"owner": {"type": "User", "site_admin": false}, "fork": false, "created_at": "2010-11-02T23:39:45Z", "updated_at": "2022-11-17T10:52:51Z", "pushed_at": "2021-11-02T17:59:57Z", "size": 666, "stargazers_count": 506, "watchers_count": 506, "language": "PHP", "has_issues": true, "has_projects": true, "has_downloads": true, "has_wiki": true, "has_pages": false, "has_discussions": false, "forks_count": 90, "mirror_url": null, "archived": false, "disabled": false, "open_issues_count": 31, "license": {"key": "other", "name": "Other", "spdx_id": "NOASSERTION", "url": null, "node_id": "MDc6TGljZW5zZTA="}, "allow_forking": true, "is_template": false, "web_commit_signoff_required": false, "topics": [], "default_branch": "master", "permissions": {"admin": false, "maintain": false, "push": false, "triage": false, "pull": true}, "_id": 1046466}]