[{"owner": {"type": "User", "site_admin": false}, "fork": false, "created_at": "2010-02-19T00:17:14Z", "updated_at": "2021-01-13T19:28:11Z", "pushed_at": "2015-11-02T20:26:22Z", "size": 221, "stargazers_count": 27, "watchers_count": 27, "language": "Ruby", "has_issues": true, "has_projects": true, "has_downloads": true, "has_wiki": true, "has_pages": false, "has_discussions": false, "forks_count": 15, "mirror_url": null, "archived": false, "disabled": false, "open_issues_count": 3, "license": {"key": "mit", "name": "MIT License", "spdx_id": "MIT", "url": "https://api.github.com/licenses/mit", "node_id": "MDc6TGljZW5zZTEz"}, "allow_forking": true, "is_template": false, "web_commit_signoff_required": false, "topics": [], "default_branch": "master", "permissions": {"admin": false, "maintain": false, "push": false, "triage": false, "pull": true}, "_id": 525270}, {"owner": {"type": "User", "site_admin": false}, "fork": false, "created_at": "2010-02-19T00:33:52Z", "updated_at": "2017-03-30T06:15:47Z", "pushed_at": "2011-07-26T11:12:00Z", "size": 108, "stargazers_count": 19, "watchers_count": 19, "language": "PHP", "has_issues": true, "has_projects": true, "has_downloads": true, "has_wiki": true, "has_pages": false, "has_discussions": false, "forks_count": 4, "mirror_url": null, "archived": false, "disabled": false, "open_issues_count": 0, "license": null, "allow_forking": true, "is_template": false, "web_commit_signoff_required": false, "topics": [], "default_branch": "master", "permissions": {"admin": false, "maintain": false, "push": false, "triage": false, "pull": true}, "_id": 525290}, {"owner": {"type": "Organization", "site_admin": false}, "fork": false, "created_at": "2010-02-19T01:02:10Z", "updated_at": "2021-11-11T14:58:33Z", "pushed_at": "2013-04-13T18:29:10Z", "size": 1608, "stargazers_count": 87, "watchers_count": 87, "language": "Ruby", "has_issues": true, "has_projects": true, "has_downloads": true, "has_wiki": true, "has_pages": true, "has_discussions": false, "forks_count": 10, "mirror_url": null, "archived": false, "disabled": false, "open_issues_count": 9, "license": {"key": "other", "name": "Other", "spdx_id": "NOASSERTION", "url": null, "node_id": "MDc6TGljZW5zZTA="}, "allow_forking": true, "is_template": false, "web_commit_signoff_required": false, "topics": [], "default_branch": "master", "permissions": {"admin": false, "maintain": false, "push": false, "triage": false, "pull": true}, "_id": 525309}, {"owner": {"type": "Organization", "site_admin": false}, "fork": false, "created_at": "2010-02-19T01:12:41Z", "updated_at": "2022-11-25T01:28:39Z", "pushed_at": "2022-11-25T13:31:57Z", "size": 1235, "stargazers_count": 2419, "watchers_count": 2419, "language": "Python", "has_issues": true, "has_projects": false, "has_downloads": true, "has_wiki": false, "has_pages": true, "has_discussions": true, "forks_count": 247, "mirror_url": null, "archived": false, "disabled": false, "open_issues_count": 34, "license": {"key": "other", "name": "Other", "spdx_id": "NOASSERTION", "url": null, "node_id": "MDc6TGljZW5zZTA="}, "allow_forking": true, "is_template": false, "web_commit_signoff_required": false, "topics": [], "default_branch": "main", "permissions": {"admin": false, "maintain": false, "push": false, "triage": false, "pull": true}, "_id": 525316}, {"owner": {"type": "User", "site_admin": false}, "fork": false, "created_at": "2010-02-19T01:23:00Z", "updated_at": "2022-02-14T04:30:17Z", "pushed_at": "2010-05-31T14:00:02Z", "size": 114, "stargazers_count": 10, "watchers_count": 10, "language": "Ruby", "has_issues": true, "has_projects": true, "has_downloads": true, "has_wiki": true, "has_pages": false, "has_discussions": false, "forks_count": 3, "mirror_url": null, "archived": false, "disabled": false, "open_issues_count": 0, "license": null, "allow_forking": true, "is_template": false, "web_commit_signoff_required": false, "topics": [], "default_branch": "master", "permissions": {"admin": false, "maintain": false, "push": false, "triage": false, "pull": true}, "_id": 525325}, {"owner": {"type": "User", "site_admin": false}, "fork": false, "created_at": "2010-02-19T01:24:00Z", "updated_at": "2022-10-26T05:43:40Z", "pushed_at": "2020-12-25T16:39:22Z", "size": 0, "stargazers_count": 38, "watchers_count": 38, "language": null, "has_issues": true, "has_projects": true, "has_downloads": true, "has_wiki": true, "has_pages": true, "has_discussions": false, "forks_count": 16, "mirror_url": null, "archived": false, "disabled": false, "open_issues_count": 0, "license": null, "allow_forking": true, "is_template": false, "web_commit_signoff_required": false, "topics": [], "default_branch": "master", "permissions": {"admin": false, "maintain": false, "push": false, "triage": false, "pull": true}, "_id": 525326}, {"owner": {"type": "User", "site_admin": false}, "fork": false, "created_at": "2010-02-19T01:47:49Z", "updated_at": "2019-08-13T14:31:26Z", "pushed_at": "2010-03-29T23:20:07Z", "size": 120, "stargazers_count": 11, "watchers_count": 11, "language": "Common Lisp", "has_issues": true, "has_projects": true, "has_downloads": true, "has_wiki": true, "has_pages": false, "has_discussions": false, "forks_count": 0, "mirror_url": null, "archived": false, "disabled": false, "open_issues_count": 0, "license": null, "allow_forking": true, "is_template": false, "web_commit_signoff_required": false, "topics": [], "default_branch": "master", "permissions": {"admin": false, "maintain": false, "push": false, "triage": false, "pull": true}, "_id": 525352}, {"owner": {"type": "User", "site_admin": false}, "fork": false, "created_at": "2010-02-19T02:03:13Z", "updated_at": "2021-03-30T18:23:14Z", "pushed_at": "2012-01-20T18:04:22Z", "size": 7444, "stargazers_count": 35, "watchers_count": 35, "language": "Java", "has_issues": true, "has_projects": true, "has_downloads": true, "has_wiki": true, "has_pages": false, "has_discussions": false, "forks_count": 4, "mirror_url": null, "archived": false, "disabled": false, "open_issues_count": 3, "license": {"key": "apache-2.0", "name": "Apache License 2.0", "spdx_id": "Apache-2.0", "url": "https://api.github.com/licenses/apache-2.0", "node_id": "MDc6TGljZW5zZTI="}, "allow_forking": true, "is_template": false, "web_commit_signoff_required": false, "topics": [], "default_branch": "master", "permissions": {"admin": false, "maintain": false, "push": false, "triage": false, "pull": true}, "_id": 525369}, {"owner": {"type": "Organization", "site_admin": false}, "fork": false, "created_at": "2010-02-19T02:17:55Z", "updated_at": "2021-03-17T18:26:43Z", "pushed_at": "2017-01-31T05:47:37Z", "size": 11520, "stargazers_count": 6, "watchers_count": 6, "language": "C", "has_issues": true, "has_projects": true, "has_downloads": true, "has_wiki": true, "has_pages": false, "has_discussions": false, "forks_count": 1, "mirror_url": null, "archived": false, "disabled": false, "open_issues_count": 0, "license": {"key": "mit", "name": "MIT License", "spdx_id": "MIT", "url": "https://api.github.com/licenses/mit", "node_id": "MDc6TGljZW5zZTEz"}, "allow_forking": true, "is_template": false, "web_commit_signoff_required": false, "topics": [], "default_branch": "master", "permissions": {"admin": false, "maintain": false, "push": false, "triage": false, "pull": true}, "_id": 525385}, {"owner": {"type": "User", "site_admin": false}, "fork": false, "created_at": "2010-02-19T02:38:25Z", "updated_at": "2020-05-03T00:10:18Z", "pushed_at": "2010-02-22T04:55:54Z", "size": 87, "stargazers_count": 8, "watchers_count": 8, "language": null, "has_issues": true, "has_projects": true, "has_downloads": true, "has_wiki": true, "has_pages": false, "has_discussions": false, "forks_count": 2, "mirror_url": null, "archived": false, "disabled": false, "open_issues_count": 0, "license": null, "allow_forking": true, "is_template": false, "web_commit_signoff_required": false, "topics": [], "default_branch": "master", "permissions": {"admin": false, "maintain": false, "push": false, "triage": false, "pull": true}, "_id": 525401}, {"owner": {"type": "Organization", "site_admin": false}, "fork": false, "created_at": "2010-02-19T02:52:41Z", "updated_at": "2022-09-11T20:31:00Z", "pushed_at": "2015-05-22T23:12:04Z", "size": 6062, "stargazers_count": 170, "watchers_count": 170, "language": "PHP", "has_issues": true, "has_projects": true, "has_downloads": false, "has_wiki": true, "has_pages": false, "has_discussions": false, "forks_count": 66, "mirror_url": null, "archived": true, "disabled": false, "open_issues_count": 0, "license": {"key": "bsd-3-clause", "name": "BSD 3-Clause \"New\" or \"Revised\" License", "spdx_id": "BSD-3-Clause", "url": "https://api.github.com/licenses/bsd-3-clause", "node_id": "MDc6TGljZW5zZTU="}, "allow_forking": true, "is_template": false, "web_commit_signoff_required": false, "topics": [], "default_branch": "master", "permissions": {"admin": false, "maintain": false, "push": false, "triage": false, "pull": true}, "_id": 525415}, {"owner": {"type": "User", "site_admin": false}, "fork": false, "created_at": "2010-02-19T03:18:51Z", "updated_at": "2015-05-23T16:15:05Z", "pushed_at": "2011-10-29T21:54:16Z", "size": 7008, "stargazers_count": 11, "watchers_count": 11, "language": "JavaScript", "has_issues": true, "has_projects": true, "has_downloads": true, "has_wiki": true, "has_pages": false, "has_discussions": false, "forks_count": 3, "mirror_url": null, "archived": false, "disabled": false, "open_issues_count": 0, "license": null, "allow_forking": true, "is_template": false, "web_commit_signoff_required": false, "topics": [], "default_branch": "master", "permissions": {"admin": false, "maintain": false, "push": false, "triage": false, "pull": true}, "_id": 525440}, {"owner": {"type": "User", "site_admin": false}, "fork": false, "created_at": "2010-02-19T03:21:12Z", "updated_at": "2022-11-20T14:25:15Z", "pushed_at": "2014-06-06T14:24:40Z", "size": 344, "stargazers_count": 12, "watchers_count": 12, "language": "HaXe", "has_issues": true, "has_projects": true, "has_downloads": true, "has_wiki": true, "has_pages": false, "has_discussions": false, "forks_count": 0, "mirror_url": null, "archived": false, "disabled": false, "open_issues_count": 0, "license": null, "allow_forking": true, "is_template": false, "web_commit_signoff_required": false, "topics": [], "default_branch": "master", "permissions": {"admin": false, "maintain": false, "push": false, "triage": false, "pull": true}, "_id": 525441}, {"owner": {"type": "User", "site_admin": false}, "fork": false, "created_at": "2010-02-19T04:31:43Z", "updated_at": "2022-09-01T05:24:57Z", "pushed_at": "2010-02-26T11:49:59Z", "size": 84, "stargazers_count": 30, "watchers_count": 30, "language": "Perl", "has_issues": true, "has_projects": true, "has_downloads": true, "has_wiki": true, "has_pages": false, "has_discussions": false, "forks_count": 8, "mirror_url": null, "archived": false, "disabled": false, "open_issues_count": 0, "license": null, "allow_forking": true, "is_template": false, "web_commit_signoff_required": false, "topics": [], "default_branch": "master", "permissions": {"admin": false, "maintain": false, "push": false, "triage": false, "pull": true}, "_id": 525504}, {"owner": {"type": "User", "site_admin": false}, "fork": false, "created_at": "2010-02-19T04:52:56Z", "updated_at": "2021-02-24T08:50:14Z", "pushed_at": "2017-10-15T01:33:35Z", "size": 540, "stargazers_count": 26, "watchers_count": 26, "language": "Python", "has_issues": true, "has_projects": true, "has_downloads": true, "has_wiki": true, "has_pages": false, "has_discussions": false, "forks_count": 9, "mirror_url": null, "archived": false, "disabled": false, "open_issues_count": 3, "license": null, "allow_forking": true, "is_template": false, "web_commit_signoff_required": false, "topics": ["clustering", "statistical-analysis", "unsupervised-learning"], "default_branch": "master", "permissions": {"admin": false, "maintain": false, "push": false, "triage": false, "pull": true}, "_id": 525524}, {"owner": {"type": "User", "site_admin": false}, "fork": false, "created_at": "2010-02-19T05:36:52Z", "updated_at": "2016-08-24T20:02:20Z", "pushed_at": "2010-08-05T03:00:18Z", "size": 118, "stargazers_count": 13, "watchers_count": 13, "language": "JavaScript", "has_issues": true, "has_projects": true, "has_downloads": true, "has_wiki": true, "has_pages": false, "has_discussions": false, "forks_count": 3, "mirror_url": null, "archived": false, "disabled": false, "open_issues_count": 0, "license": null, "allow_forking": true, "is_template": false, "web_commit_signoff_required": false, "topics": [], "default_branch": "master", "permissions": {"admin": false, "maintain": false, "push": false, "triage": false, "pull": true}, "_id": 525571}, {"owner": {"type": "User", "site_admin": false}, "fork": false, "created_at": "2010-02-19T05:59:21Z", "updated_at": "2018-04-04T12:44:01Z", "pushed_at": "2012-11-01T02:32:17Z", "size": 204, "stargazers_count": 6, "watchers_count": 6, "language": "Python", "has_issues": true, "has_projects": true, "has_downloads": true, "has_wiki": true, "has_pages": false, "has_discussions": false, "forks_count": 9, "mirror_url": null, "archived": false, "disabled": false, "open_issues_count": 0, "license": null, "allow_forking": true, "is_template": false, "web_commit_signoff_required": false, "topics": [], "default_branch": "master", "permissions": {"admin": false, "maintain": false, "push": false, "triage": false, "pull": true}, "_id": 525592}, {"owner": {"type": "User", "site_admin": false}, "fork": false, "created_at": "2010-02-19T07:28:52Z", "updated_at": "2022-09-26T05:18:02Z", "pushed_at": "2019-01-27T01:14:22Z", "size": 744, "stargazers_count": 33, "watchers_count": 33, "language": "Objective-C", "has_issues": true, "has_projects": true, "has_downloads": true, "has_wiki": false, "has_pages": false, "has_discussions": false, "forks_count": 4, "mirror_url": null, "archived": false, "disabled": false, "open_issues_count": 1, "license": {"key": "bsd-2-clause", "name": "BSD 2-Clause \"Simplified\" License", "spdx_id": "BSD-2-Clause", "url": "https://api.github.com/licenses/bsd-2-clause", "node_id": "MDc6TGljZW5zZTQ="}, "allow_forking": true, "is_template": false, "web_commit_signoff_required": false, "topics": [], "default_branch": "master", "permissions": {"admin": false, "maintain": false, "push": false, "triage": false, "pull": true}, "_id": 525646}, {"owner": {"type": "User", "site_admin": false}, "fork": false, "created_at": "2010-02-19T07:45:50Z", "updated_at": "2020-12-28T16:20:52Z", "pushed_at": "2014-03-29T02:36:35Z", "size": 156, "stargazers_count": 12, "watchers_count": 12, "language": "Shell", "has_issues": true, "has_projects": true, "has_downloads": true, "has_wiki": true, "has_pages": false, "has_discussions": false, "forks_count": 6, "mirror_url": null, "archived": true, "disabled": false, "open_issues_count": 0, "license": {"key": "mit", "name": "MIT License", "spdx_id": "MIT", "url": "https://api.github.com/licenses/mit", "node_id": "MDc6TGljZW5zZTEz"}, "allow_forking": true, "is_template": false, "web_commit_signoff_required": false, "topics": [], "default_branch": "master", "permissions": {"admin": false, "maintain": false, "push": false, "triage": false, "pull": true}, "_id": 525661}, {"owner": {"type": "User", "site_admin": false}, "fork": false, "created_at": "2010-02-19T08:20:33Z", "updated_at": "2022-11-07T15:50:40Z", "pushed_at": "2022-04-09T12:47:49Z", "size": 5668, "stargazers_count": 933, "watchers_count": 933, "language": "JavaScript", "has_issues": true, "has_projects": true, "has_downloads": true, "has_wiki": true, "has_pages": true, "has_discussions": false, "forks_count": 357, "mirror_url": null, "archived": false, "disabled": false, "open_issues_count": 47, "license": null, "allow_forking": true, "is_template": false, "web_commit_signoff_required": false, "topics": ["connector", "filemanager", "javascript", "jquery", "php", "php-connector"], "default_branch": "master", "permissions": {"admin": false, "maintain": false, "push": false, "triage": false, "pull": true}, "_id": 525684}, {"owner": {"type": "User", "site_admin": false}, "fork": false, "created_at": "2010-02-19T08:46:00Z", "updated_at": "2022-10-17T12:55:58Z", "pushed_at": "2022-07-25T04:10:40Z", "size": 248, "stargazers_count": 147, "watchers_count": 147, "language": "C", "has_issues": true, "has_projects": true, "has_downloads": true, "has_wiki": true, "has_pages": false, "has_discussions": false, "forks_count": 33, "mirror_url": null, "archived": false, "disabled": false, "open_issues_count": 9, "license": {"key": "other", "name": "Other", "spdx_id": "NOASSERTION", "url": null, "node_id": "MDc6TGljZW5zZTA="}, "allow_forking": true, "is_template": false, "web_commit_signoff_required": false, "topics": [], "default_branch": "master", "permissions": {"admin": false, "maintain": false, "push": false, "triage": false, "pull": true}, "_id": 525704}, {"owner": {"type": "Organization", "site_admin": false}, "fork": false, "created_at": "2010-02-19T09:06:00Z", "updated_at": "2021-10-26T06:47:13Z", "pushed_at": "2010-04-06T13:43:32Z", "size": 273, "stargazers_count": 12, "watchers_count": 12, "language": "PHP", "has_issues": true, "has_projects": true, "has_downloads": true, "has_wiki": false, "has_pages": true, "has_discussions": false, "forks_count": 2, "mirror_url": null, "archived": false, "disabled": false, "open_issues_count": 3, "license": {"key": "gpl-3.0", "name": "GNU General Public License v3.0", "spdx_id": "GPL-3.0", "url": "https://api.github.com/licenses/gpl-3.0", "node_id": "MDc6TGljZW5zZTk="}, "allow_forking": true, "is_template": false, "web_commit_signoff_required": false, "topics": [], "default_branch": "master", "permissions": {"admin": false, "maintain": false, "push": false, "triage": false, "pull": true}, "_id": 525715}, {"owner": {"type": "User", "site_admin": false}, "fork": false, "created_at": "2010-02-19T09:15:33Z", "updated_at": "2014-05-22T17:21:03Z", "pushed_at": "2011-03-09T16:56:58Z", "size": 1612, "stargazers_count": 9, "watchers_count": 9, "language": "C++", "has_issues": true, "has_projects": true, "has_downloads": true, "has_wiki": true, "has_pages": false, "has_discussions": false, "forks_count": 6, "mirror_url": null, "archived": false, "disabled": false, "open_issues_count": 0, "license": null, "allow_forking": true, "is_template": false, "web_commit_signoff_required": false, "topics": [], "default_branch": "gaosp-froyo", "permissions": {"admin": false, "maintain": false, "push": false, "triage": false, "pull": true}, "_id": 525722}, {"owner": {"type": "User", "site_admin": false}, "fork": false, "created_at": "2010-02-19T09:15:52Z", "updated_at": "2020-03-19T20:16:27Z", "pushed_at": "2020-03-19T20:16:25Z", "size": 27, "stargazers_count": 11, "watchers_count": 11, "language": "JavaScript", "has_issues": false, "has_projects": false, "has_downloads": true, "has_wiki": true, "has_pages": false, "has_discussions": false, "forks_count": 4, "mirror_url": null, "archived": false, "disabled": false, "open_issues_count": 92, "license": null, "allow_forking": true, "is_template": false, "web_commit_signoff_required": false, "topics": [], "default_branch": "master", "permissions": {"admin": false, "maintain": false, "push": false, "triage": false, "pull": true}, "_id": 525723}, {"owner": {"type": "User", "site_admin": false}, "fork": false, "created_at": "2010-02-19T09:26:19Z", "updated_at": "2020-09-05T09:13:04Z", "pushed_at": "2010-02-20T05:54:53Z", "size": 3626, "stargazers_count": 6, "watchers_count": 6, "language": "VHDL", "has_issues": true, "has_projects": true, "has_downloads": true, "has_wiki": true, "has_pages": false, "has_discussions": false, "forks_count": 1, "mirror_url": null, "archived": false, "disabled": false, "open_issues_count": 0, "license": null, "allow_forking": true, "is_template": false, "web_commit_signoff_required": false, "topics": [], "default_branch": "master", "permissions": {"admin": false, "maintain": false, "push": false, "triage": false, "pull": true}, "_id": 525733}, {"owner": {"type": "User", "site_admin": false}, "fork": false, "created_at": "2010-02-19T09:26:20Z", "updated_at": "2022-11-20T17:41:36Z", "pushed_at": "2022-10-21T13:56:41Z", "size": 5593, "stargazers_count": 718, "watchers_count": 718, "language": "Perl", "has_issues": true, "has_projects": true, "has_downloads": true, "has_wiki": true, "has_pages": false, "has_discussions": false, "forks_count": 215, "mirror_url": null, "archived": false, "disabled": false, "open_issues_count": 122, "license": null, "allow_forking": true, "is_template": false, "web_commit_signoff_required": false, "topics": [], "default_branch": "devel", "permissions": {"admin": false, "maintain": false, "push": false, "triage": false, "pull": true}, "_id": 525734}, {"owner": {"type": "User", "site_admin": false}, "fork": false, "created_at": "2010-02-19T10:10:07Z", "updated_at": "2022-01-23T06:42:49Z", "pushed_at": "2014-04-13T12:14:11Z", "size": 182, "stargazers_count": 43, "watchers_count": 43, "language": "JavaScript", "has_issues": true, "has_projects": true, "has_downloads": true, "has_wiki": true, "has_pages": false, "has_discussions": false, "forks_count": 14, "mirror_url": null, "archived": false, "disabled": false, "open_issues_count": 0, "license": null, "allow_forking": true, "is_template": false, "web_commit_signoff_required": false, "topics": [], "default_branch": "master", "permissions": {"admin": false, "maintain": false, "push": false, "triage": false, "pull": true}, "_id": 525774}, {"owner": {"type": "User", "site_admin": false}, "fork": false, "created_at": "2010-02-19T10:11:50Z", "updated_at": "2022-08-03T07:27:55Z", "pushed_at": "2022-05-08T14:11:00Z", "size": 865, "stargazers_count": 15, "watchers_count": 15, "language": "TypeScript", "has_issues": true, "has_projects": true, "has_downloads": true, "has_wiki": false, "has_pages": true, "has_discussions": false, "forks_count": 5, "mirror_url": null, "archived": false, "disabled": false, "open_issues_count": 14, "license": null, "allow_forking": true, "is_template": false, "web_commit_signoff_required": false, "topics": ["bookmarks", "chrome"], "default_branch": "master", "permissions": {"admin": false, "maintain": false, "push": false, "triage": false, "pull": true}, "_id": 525776}, {"owner": {"type": "Organization", "site_admin": false}, "fork": false, "created_at": "2010-02-19T10:28:53Z", "updated_at": "2022-07-07T15:51:01Z", "pushed_at": "2011-04-05T00:15:53Z", "size": 4720, "stargazers_count": 17, "watchers_count": 17, "language": null, "has_issues": true, "has_projects": true, "has_downloads": true, "has_wiki": true, "has_pages": false, "has_discussions": false, "forks_count": 45, "mirror_url": null, "archived": false, "disabled": false, "open_issues_count": 0, "license": null, "allow_forking": true, "is_template": false, "web_commit_signoff_required": false, "topics": [], "default_branch": "master", "permissions": {"admin": false, "maintain": false, "push": false, "triage": false, "pull": true}, "_id": 525788}, {"owner": {"type": "Organization", "site_admin": false}, "fork": false, "created_at": "2010-02-19T11:08:22Z", "updated_at": "2022-11-21T15:55:31Z", "pushed_at": "2020-11-01T02:14:44Z", "size": 214, "stargazers_count": 1461, "watchers_count": 1461, "language": "PHP", "has_issues": true, "has_projects": false, "has_downloads": true, "has_wiki": false, "has_pages": false, "has_discussions": false, "forks_count": 276, "mirror_url": null, "archived": true, "disabled": false, "open_issues_count": 0, "license": {"key": "mit", "name": "MIT License", "spdx_id": "MIT", "url": "https://api.github.com/licenses/mit", "node_id": "MDc6TGljZW5zZTEz"}, "allow_forking": true, "is_template": false, "web_commit_signoff_required": false, "topics": ["php", "twig", "twig-extension"], "default_branch": "master", "permissions": {"admin": false, "maintain": false, "push": false, "triage": false, "pull": true}, "_id": 525836}, {"owner": {"type": "User", "site_admin": false}, "fork": false, "created_at": "2010-02-19T11:08:27Z", "updated_at": "2022-08-30T07:11:24Z", "pushed_at": "2010-01-12T10:31:59Z", "size": 371, "stargazers_count": 17, "watchers_count": 17, "language": "PHP", "has_issues": false, "has_projects": true, "has_downloads": true, "has_wiki": true, "has_pages": false, "has_discussions": false, "forks_count": 50, "mirror_url": null, "archived": false, "disabled": false, "open_issues_count": 1, "license": {"key": "bsd-3-clause", "name": "BSD 3-Clause \"New\" or \"Revised\" License", "spdx_id": "BSD-3-Clause", "url": "https://api.github.com/licenses/bsd-3-clause", "node_id": "MDc6TGljZW5zZTU="}, "allow_forking": true, "is_template": false, "web_commit_signoff_required": false, "topics": [], "default_branch": "master", "permissions": {"admin": false, "maintain": false, "push": false, "triage": false, "pull": true}, "_id": 525837}, {"owner": {"type": "User", "site_admin": false}, "fork": false, "created_at": "2010-02-19T12:42:52Z", "updated_at": "2022-11-09T21:58:04Z", "pushed_at": "2018-03-27T10:22:07Z", "size": 2123, "stargazers_count": 267, "watchers_count": 267, "language": "PHP", "has_issues": true, "has_projects": true, "has_downloads": true, "has_wiki": false, "has_pages": false, "has_discussions": false, "forks_count": 68, "mirror_url": null, "archived": false, "disabled": false, "open_issues_count": 39, "license": {"key": "bsd-3-clause", "name": "BSD 3-Clause \"New\" or \"Revised\" License", "spdx_id": "BSD-3-Clause", "url": "https://api.github.com/licenses/bsd-3-clause", "node_id": "MDc6TGljZW5zZTU="}, "allow_forking": true, "is_template": false, "web_commit_signoff_required": false, "topics": [], "default_branch": "master", "permissions": {"admin": false, "maintain": false, "push": false, "triage": false, "pull": true}, "_id": 525938}, {"owner": {"type": "User", "site_admin": false}, "fork": false, "created_at": "2010-02-19T12:46:58Z", "updated_at": "2020-07-07T17:48:11Z", "pushed_at": "2010-02-19T14:42:13Z", "size": 102, "stargazers_count": 49, "watchers_count": 49, "language": "Objective-C", "has_issues": true, "has_projects": true, "has_downloads": true, "has_wiki": true, "has_pages": false, "has_discussions": false, "forks_count": 6, "mirror_url": null, "archived": false, "disabled": false, "open_issues_count": 0, "license": null, "allow_forking": true, "is_template": false, "web_commit_signoff_required": false, "topics": [], "default_branch": "master", "permissions": {"admin": false, "maintain": false, "push": false, "triage": false, "pull": true}, "_id": 525944}, {"owner": {"type": "User", "site_admin": false}, "fork": false, "created_at": "2010-02-19T12:52:53Z", "updated_at": "2019-07-15T21:42:37Z", "pushed_at": "2013-03-07T13:18:05Z", "size": 224, "stargazers_count": 6, "watchers_count": 6, "language": "Java", "has_issues": true, "has_projects": true, "has_downloads": true, "has_wiki": true, "has_pages": true, "has_discussions": false, "forks_count": 2, "mirror_url": null, "archived": false, "disabled": false, "open_issues_count": 1, "license": {"key": "other", "name": "Other", "spdx_id": "NOASSERTION", "url": null, "node_id": "MDc6TGljZW5zZTA="}, "allow_forking": true, "is_template": false, "web_commit_signoff_required": false, "topics": [], "default_branch": "master", "permissions": {"admin": false, "maintain": false, "push": false, "triage": false, "pull": true}, "_id": 525951}, {"owner": {"type": "User", "site_admin": false}, "fork": false, "created_at": "2010-02-19T13:17:27Z", "updated_at": "2017-05-21T05:11:39Z", "pushed_at": "2010-02-22T23:58:20Z", "size": 930, "stargazers_count": 6, "watchers_count": 6, "language": "PHP", "has_issues": true, "has_projects": true, "has_downloads": true, "has_wiki": true, "has_pages": false, "has_discussions": false, "forks_count": 0, "mirror_url": null, "archived": false, "disabled": false, "open_issues_count": 0, "license": {"key": "other", "name": "Other", "spdx_id": "NOASSERTION", "url": null, "node_id": "MDc6TGljZW5zZTA="}, "allow_forking": true, "is_template": false, "web_commit_signoff_required": false, "topics": [], "default_branch": "master", "permissions": {"admin": false, "maintain": false, "push": false, "triage": false, "pull": true}, "_id": 525973}, {"owner": {"type": "User", "site_admin": false}, "fork": false, "created_at": "2010-02-19T13:35:54Z", "updated_at": "2016-09-22T11:15:48Z", "pushed_at": "2011-04-15T12:30:55Z", "size": 111, "stargazers_count": 13, "watchers_count": 13, "language": "Java", "has_issues": true, "has_projects": true, "has_downloads": true, "has_wiki": true, "has_pages": false, "has_discussions": false, "forks_count": 1, "mirror_url": null, "archived": false, "disabled": false, "open_issues_count": 0, "license": {"key": "mit", "name": "MIT License", "spdx_id": "MIT", "url": "https://api.github.com/licenses/mit", "node_id": "MDc6TGljZW5zZTEz"}, "allow_forking": true, "is_template": false, "web_commit_signoff_required": false, "topics": [], "default_branch": "master", "permissions": {"admin": false, "maintain": false, "push": false, "triage": false, "pull": true}, "_id": 525995}, {"owner": {"type": "User", "site_admin": false}, "fork": false, "created_at": "2010-02-19T13:40:25Z", "updated_at": "2014-03-15T01:41:09Z", "pushed_at": "2010-02-20T17:37:29Z", "size": 80, "stargazers_count": 6, "watchers_count": 6, "language": "PHP", "has_issues": true, "has_projects": true, "has_downloads": true, "has_wiki": true, "has_pages": false, "has_discussions": false, "forks_count": 0, "mirror_url": null, "archived": false, "disabled": false, "open_issues_count": 0, "license": null, "allow_forking": true, "is_template": false, "web_commit_signoff_required": false, "topics": [], "default_branch": "master", "permissions": {"admin": false, "maintain": false, "push": false, "triage": false, "pull": true}, "_id": 526002}, {"owner": {"type": "User", "site_admin": false}, "fork": false, "created_at": "2010-02-19T13:48:54Z", "updated_at": "2022-05-10T15:38:48Z", "pushed_at": "2012-03-29T11:51:26Z", "size": 14035, "stargazers_count": 7, "watchers_count": 7, "language": "Objective-C", "has_issues": true, "has_projects": true, "has_downloads": true, "has_wiki": true, "has_pages": false, "has_discussions": false, "forks_count": 0, "mirror_url": null, "archived": false, "disabled": false, "open_issues_count": 0, "license": null, "allow_forking": true, "is_template": false, "web_commit_signoff_required": false, "topics": [], "default_branch": "master", "permissions": {"admin": false, "maintain": false, "push": false, "triage": false, "pull": true}, "_id": 526012}, {"owner": {"type": "User", "site_admin": false}, "fork": false, "created_at": "2010-02-19T13:49:57Z", "updated_at": "2018-09-28T07:46:17Z", "pushed_at": "2010-02-19T13:50:13Z", "size": 80, "stargazers_count": 8, "watchers_count": 8, "language": "Python", "has_issues": true, "has_projects": true, "has_downloads": true, "has_wiki": true, "has_pages": false, "has_discussions": false, "forks_count": 0, "mirror_url": null, "archived": false, "disabled": false, "open_issues_count": 0, "license": {"key": "apache-2.0", "name": "Apache License 2.0", "spdx_id": "Apache-2.0", "url": "https://api.github.com/licenses/apache-2.0", "node_id": "MDc6TGljZW5zZTI="}, "allow_forking": true, "is_template": false, "web_commit_signoff_required": false, "topics": [], "default_branch": "master", "permissions": {"admin": false, "maintain": false, "push": false, "triage": false, "pull": true}, "_id": 526014}, {"owner": {"type": "Organization", "site_admin": false}, "fork": false, "created_at": "2010-02-19T13:55:59Z", "updated_at": "2021-12-23T15:32:00Z", "pushed_at": "2015-12-02T16:46:23Z", "size": 24039, "stargazers_count": 69, "watchers_count": 69, "language": "C#", "has_issues": true, "has_projects": true, "has_downloads": true, "has_wiki": true, "has_pages": false, "has_discussions": false, "forks_count": 17, "mirror_url": null, "archived": false, "disabled": false, "open_issues_count": 7, "license": null, "allow_forking": true, "is_template": false, "web_commit_signoff_required": false, "topics": [], "default_branch": "master", "permissions": {"admin": false, "maintain": false, "push": false, "triage": false, "pull": true}, "_id": 526021}, {"owner": {"type": "Organization", "site_admin": false}, "fork": false, "created_at": "2010-02-19T14:03:05Z", "updated_at": "2022-11-17T21:41:30Z", "pushed_at": "2022-10-21T04:02:48Z", "size": 13156, "stargazers_count": 356, "watchers_count": 356, "language": "Ruby", "has_issues": true, "has_projects": true, "has_downloads": false, "has_wiki": true, "has_pages": false, "has_discussions": false, "forks_count": 132, "mirror_url": null, "archived": false, "disabled": false, "open_issues_count": 48, "license": {"key": "other", "name": "Other", "spdx_id": "NOASSERTION", "url": null, "node_id": "MDc6TGljZW5zZTA="}, "allow_forking": true, "is_template": false, "web_commit_signoff_required": false, "topics": ["bulletin-board", "digital-signage"], "default_branch": "master", "permissions": {"admin": false, "maintain": false, "push": false, "triage": false, "pull": true}, "_id": 526028}, {"owner": {"type": "User", "site_admin": false}, "fork": false, "created_at": "2010-02-19T14:42:58Z", "updated_at": "2021-01-13T19:28:11Z", "pushed_at": "2010-07-15T07:56:00Z", "size": 111, "stargazers_count": 37, "watchers_count": 37, "language": "Go", "has_issues": true, "has_projects": true, "has_downloads": true, "has_wiki": true, "has_pages": false, "has_discussions": false, "forks_count": 2, "mirror_url": null, "archived": false, "disabled": false, "open_issues_count": 1, "license": null, "allow_forking": true, "is_template": false, "web_commit_signoff_required": false, "topics": [], "default_branch": "master", "permissions": {"admin": false, "maintain": false, "push": false, "triage": false, "pull": true}, "_id": 526055}, {"owner": {"type": "User", "site_admin": false}, "fork": false, "created_at": "2010-02-19T14:57:55Z", "updated_at": "2022-01-23T06:42:49Z", "pushed_at": "2020-10-01T17:47:50Z", "size": 2117, "stargazers_count": 17, "watchers_count": 17, "language": "Python", "has_issues": true, "has_projects": true, "has_downloads": false, "has_wiki": false, "has_pages": false, "has_discussions": false, "forks_count": 6, "mirror_url": null, "archived": false, "disabled": false, "open_issues_count": 1, "license": null, "allow_forking": true, "is_template": false, "web_commit_signoff_required": false, "topics": [], "default_branch": "master", "permissions": {"admin": false, "maintain": false, "push": false, "triage": false, "pull": true}, "_id": 526087}, {"owner": {"type": "User", "site_admin": false}, "fork": false, "created_at": "2010-02-19T15:08:38Z", "updated_at": "2021-03-26T18:12:39Z", "pushed_at": "2011-05-13T18:54:59Z", "size": 112, "stargazers_count": 6, "watchers_count": 6, "language": "JavaScript", "has_issues": true, "has_projects": true, "has_downloads": true, "has_wiki": true, "has_pages": false, "has_discussions": false, "forks_count": 1, "mirror_url": null, "archived": false, "disabled": false, "open_issues_count": 0, "license": {"key": "gpl-3.0", "name": "GNU General Public License v3.0", "spdx_id": "GPL-3.0", "url": "https://api.github.com/licenses/gpl-3.0", "node_id": "MDc6TGljZW5zZTk="}, "allow_forking": true, "is_template": false, "web_commit_signoff_required": false, "topics": [], "default_branch": "master", "permissions": {"admin": false, "maintain": false, "push": false, "triage": false, "pull": true}, "_id": 526100}, {"owner": {"type": "Organization", "site_admin": false}, "fork": false, "created_at": "2010-02-19T15:19:20Z", "updated_at": "2022-10-25T19:58:35Z", "pushed_at": "2022-09-25T14:14:29Z", "size": 2711, "stargazers_count": 755, "watchers_count": 755, "language": "PHP", "has_issues": true, "has_projects": true, "has_downloads": true, "has_wiki": true, "has_pages": false, "has_discussions": false, "forks_count": 271, "mirror_url": null, "archived": false, "disabled": false, "open_issues_count": 49, "license": {"key": "apache-2.0", "name": "Apache License 2.0", "spdx_id": "Apache-2.0", "url": "https://api.github.com/licenses/apache-2.0", "node_id": "MDc6TGljZW5zZTI="}, "allow_forking": true, "is_template": false, "web_commit_signoff_required": false, "topics": [], "default_branch": "master", "permissions": {"admin": false, "maintain": false, "push": false, "triage": false, "pull": true}, "_id": 526114}, {"owner": {"type": "Organization", "site_admin": false}, "fork": false, "created_at": "2010-02-19T15:24:18Z", "updated_at": "2022-10-14T09:51:30Z", "pushed_at": "2022-04-09T09:57:00Z", "size": 88, "stargazers_count": 341, "watchers_count": 341, "language": "Python", "has_issues": true, "has_projects": true, "has_downloads": true, "has_wiki": false, "has_pages": false, "has_discussions": false, "forks_count": 66, "mirror_url": null, "archived": false, "disabled": false, "open_issues_count": 11, "license": {"key": "other", "name": "Other", "spdx_id": "NOASSERTION", "url": null, "node_id": "MDc6TGljZW5zZTA="}, "allow_forking": true, "is_template": false, "web_commit_signoff_required": false, "topics": [], "default_branch": "master", "permissions": {"admin": false, "maintain": false, "push": false, "triage": false, "pull": true}, "_id": 526121}, {"owner": {"type": "Organization", "site_admin": false}, "fork": false, "created_at": "2010-02-19T15:24:48Z", "updated_at": "2022-10-17T16:00:46Z", "pushed_at": "2020-11-25T15:19:48Z", "size": 4600, "stargazers_count": 434, "watchers_count": 434, "language": "Python", "has_issues": true, "has_projects": true, "has_downloads": true, "has_wiki": true, "has_pages": false, "has_discussions": false, "forks_count": 191, "mirror_url": null, "archived": false, "disabled": false, "open_issues_count": 62, "license": {"key": "apache-2.0", "name": "Apache License 2.0", "spdx_id": "Apache-2.0", "url": "https://api.github.com/licenses/apache-2.0", "node_id": "MDc6TGljZW5zZTI="}, "allow_forking": true, "is_template": false, "web_commit_signoff_required": false, "topics": [], "default_branch": "master", "permissions": {"admin": false, "maintain": false, "push": false, "triage": false, "pull": true}, "_id": 526122}, {"owner": {"type": "Organization", "site_admin": false}, "fork": false, "created_at": "2010-02-19T15:25:30Z", "updated_at": "2022-05-20T08:30:35Z", "pushed_at": "2015-11-30T13:29:39Z", "size": 1007, "stargazers_count": 13, "watchers_count": 13, "language": "PHP", "has_issues": true, "has_projects": true, "has_downloads": true, "has_wiki": true, "has_pages": false, "has_discussions": false, "forks_count": 7, "mirror_url": null, "archived": false, "disabled": false, "open_issues_count": 1, "license": null, "allow_forking": true, "is_template": false, "web_commit_signoff_required": false, "topics": [], "default_branch": "master", "permissions": {"admin": false, "maintain": false, "push": false, "triage": false, "pull": true}, "_id": 526123}, {"owner": {"type": "Organization", "site_admin": false}, "fork": false, "created_at": "2010-02-19T15:25:51Z", "updated_at": "2022-10-20T18:34:23Z", "pushed_at": "2021-10-27T16:45:29Z", "size": 1833, "stargazers_count": 322, "watchers_count": 322, "language": "Ruby", "has_issues": true, "has_projects": true, "has_downloads": true, "has_wiki": false, "has_pages": false, "has_discussions": false, "forks_count": 162, "mirror_url": null, "archived": false, "disabled": false, "open_issues_count": 24, "license": {"key": "other", "name": "Other", "spdx_id": "NOASSERTION", "url": null, "node_id": "MDc6TGljZW5zZTA="}, "allow_forking": true, "is_template": false, "web_commit_signoff_required": false, "topics": [], "default_branch": "master", "permissions": {"admin": false, "maintain": false, "push": false, "triage": false, "pull": true}, "_id": 526124}, {"owner": {"type": "User", "site_admin": false}, "fork": false, "created_at": "2010-02-19T15:31:13Z", "updated_at": "2015-07-13T14:35:13Z", "pushed_at": "2015-04-21T13:15:20Z", "size": 94032, "stargazers_count": 7, "watchers_count": 7, "language": "Java", "has_issues": true, "has_projects": true, "has_downloads": true, "has_wiki": true, "has_pages": false, "has_discussions": false, "forks_count": 5, "mirror_url": null, "archived": false, "disabled": false, "open_issues_count": 0, "license": {"key": "gpl-3.0", "name": "GNU General Public License v3.0", "spdx_id": "GPL-3.0", "url": "https://api.github.com/licenses/gpl-3.0", "node_id": "MDc6TGljZW5zZTk="}, "allow_forking": true, "is_template": false, "web_commit_signoff_required": false, "topics": [], "default_branch": "master", "permissions": {"admin": false, "maintain": false, "push": false, "triage": false, "pull": true}, "_id": 526139}, {"owner": {"type": "User", "site_admin": false}, "fork": false, "created_at": "2010-02-19T15:35:29Z", "updated_at": "2014-02-24T13:03:30Z", "pushed_at": "2014-02-24T13:03:29Z", "size": 6440, "stargazers_count": 6, "watchers_count": 6, "language": "Java", "has_issues": true, "has_projects": true, "has_downloads": true, "has_wiki": true, "has_pages": false, "has_discussions": false, "forks_count": 1, "mirror_url": null, "archived": false, "disabled": false, "open_issues_count": 11, "license": {"key": "gpl-3.0", "name": "GNU General Public License v3.0", "spdx_id": "GPL-3.0", "url": "https://api.github.com/licenses/gpl-3.0", "node_id": "MDc6TGljZW5zZTk="}, "allow_forking": true, "is_template": false, "web_commit_signoff_required": false, "topics": [], "default_branch": "master", "permissions": {"admin": false, "maintain": false, "push": false, "triage": false, "pull": true}, "_id": 526150}, {"owner": {"type": "User", "site_admin": false}, "fork": false, "created_at": "2010-02-19T15:42:13Z", "updated_at": "2017-11-18T09:25:34Z", "pushed_at": "2010-07-29T03:16:27Z", "size": 276, "stargazers_count": 17, "watchers_count": 17, "language": "C", "has_issues": true, "has_projects": true, "has_downloads": true, "has_wiki": true, "has_pages": false, "has_discussions": false, "forks_count": 0, "mirror_url": null, "archived": false, "disabled": false, "open_issues_count": 0, "license": {"key": "mit", "name": "MIT License", "spdx_id": "MIT", "url": "https://api.github.com/licenses/mit", "node_id": "MDc6TGljZW5zZTEz"}, "allow_forking": true, "is_template": false, "web_commit_signoff_required": false, "topics": [], "default_branch": "master", "permissions": {"admin": false, "maintain": false, "push": false, "triage": false, "pull": true}, "_id": 526156}, {"owner": {"type": "User", "site_admin": false}, "fork": false, "created_at": "2010-02-19T16:23:11Z", "updated_at": "2019-08-13T14:31:27Z", "pushed_at": "2012-05-22T17:37:26Z", "size": 504, "stargazers_count": 7, "watchers_count": 7, "language": "C", "has_issues": true, "has_projects": true, "has_downloads": true, "has_wiki": true, "has_pages": false, "has_discussions": false, "forks_count": 2, "mirror_url": null, "archived": false, "disabled": false, "open_issues_count": 1, "license": null, "allow_forking": true, "is_template": false, "web_commit_signoff_required": false, "topics": [], "default_branch": "master", "permissions": {"admin": false, "maintain": false, "push": false, "triage": false, "pull": true}, "_id": 526207}, {"owner": {"type": "User", "site_admin": false}, "fork": false, "created_at": "2010-02-19T16:35:46Z", "updated_at": "2016-12-21T17:32:39Z", "pushed_at": "2010-03-18T01:35:09Z", "size": 668, "stargazers_count": 10, "watchers_count": 10, "language": "Python", "has_issues": true, "has_projects": true, "has_downloads": true, "has_wiki": true, "has_pages": false, "has_discussions": false, "forks_count": 2, "mirror_url": null, "archived": false, "disabled": false, "open_issues_count": 0, "license": {"key": "bsd-3-clause", "name": "BSD 3-Clause \"New\" or \"Revised\" License", "spdx_id": "BSD-3-Clause", "url": "https://api.github.com/licenses/bsd-3-clause", "node_id": "MDc6TGljZW5zZTU="}, "allow_forking": true, "is_template": false, "web_commit_signoff_required": false, "topics": [], "default_branch": "master", "permissions": {"admin": false, "maintain": false, "push": false, "triage": false, "pull": true}, "_id": 526228}, {"owner": {"type": "User", "site_admin": false}, "fork": false, "created_at": "2010-02-19T16:45:02Z", "updated_at": "2022-11-20T14:42:31Z", "pushed_at": "2018-12-10T09:17:53Z", "size": 1832, "stargazers_count": 2618, "watchers_count": 2618, "language": "Objective-C", "has_issues": true, "has_projects": true, "has_downloads": true, "has_wiki": true, "has_pages": false, "has_discussions": false, "forks_count": 253, "mirror_url": null, "archived": false, "disabled": false, "open_issues_count": 8, "license": null, "allow_forking": true, "is_template": false, "web_commit_signoff_required": false, "topics": [], "default_branch": "master", "permissions": {"admin": false, "maintain": false, "push": false, "triage": false, "pull": true}, "_id": 526250}, {"owner": {"type": "User", "site_admin": false}, "fork": false, "created_at": "2010-02-19T17:56:04Z", "updated_at": "2014-01-31T06:21:12Z", "pushed_at": "2011-05-16T13:55:35Z", "size": 360, "stargazers_count": 10, "watchers_count": 10, "language": "Python", "has_issues": true, "has_projects": true, "has_downloads": true, "has_wiki": false, "has_pages": false, "has_discussions": false, "forks_count": 1, "mirror_url": null, "archived": false, "disabled": false, "open_issues_count": 2, "license": null, "allow_forking": true, "is_template": false, "web_commit_signoff_required": false, "topics": [], "default_branch": "master", "permissions": {"admin": false, "maintain": false, "push": false, "triage": false, "pull": true}, "_id": 526347}, {"owner": {"type": "User", "site_admin": false}, "fork": false, "created_at": "2010-02-19T18:10:23Z", "updated_at": "2019-08-02T13:27:12Z", "pushed_at": "2010-05-02T23:33:42Z", "size": 175, "stargazers_count": 17, "watchers_count": 17, "language": "C#", "has_issues": true, "has_projects": true, "has_downloads": true, "has_wiki": true, "has_pages": false, "has_discussions": false, "forks_count": 1, "mirror_url": null, "archived": false, "disabled": false, "open_issues_count": 0, "license": {"key": "other", "name": "Other", "spdx_id": "NOASSERTION", "url": null, "node_id": "MDc6TGljZW5zZTA="}, "allow_forking": true, "is_template": false, "web_commit_signoff_required": false, "topics": [], "default_branch": "master", "permissions": {"admin": false, "maintain": false, "push": false, "triage": false, "pull": true}, "_id": 526372}, {"owner": {"type": "User", "site_admin": false}, "fork": false, "created_at": "2010-02-19T18:29:08Z", "updated_at": "2021-05-12T22:29:41Z", "pushed_at": "2013-02-26T23:26:35Z", "size": 2086, "stargazers_count": 14, "watchers_count": 14, "language": "Objective-C", "has_issues": true, "has_projects": true, "has_downloads": true, "has_wiki": false, "has_pages": false, "has_discussions": false, "forks_count": 0, "mirror_url": null, "archived": true, "disabled": false, "open_issues_count": 0, "license": {"key": "epl-1.0", "name": "Eclipse Public License 1.0", "spdx_id": "EPL-1.0", "url": "https://api.github.com/licenses/epl-1.0", "node_id": "MDc6TGljZW5zZTc="}, "allow_forking": true, "is_template": false, "web_commit_signoff_required": false, "topics": [], "default_branch": "master", "permissions": {"admin": false, "maintain": false, "push": false, "triage": false, "pull": true}, "_id": 526393}, {"owner": {"type": "User", "site_admin": false}, "fork": false, "created_at": "2010-02-19T18:46:17Z", "updated_at": "2015-11-16T22:55:39Z", "pushed_at": "2010-05-13T00:22:44Z", "size": 8858, "stargazers_count": 23, "watchers_count": 23, "language": "Ruby", "has_issues": false, "has_projects": true, "has_downloads": true, "has_wiki": true, "has_pages": false, "has_discussions": false, "forks_count": 15, "mirror_url": null, "archived": false, "disabled": false, "open_issues_count": 0, "license": null, "allow_forking": true, "is_template": false, "web_commit_signoff_required": false, "topics": [], "default_branch": "master", "permissions": {"admin": false, "maintain": false, "push": false, "triage": false, "pull": true}, "_id": 526423}, {"owner": {"type": "User", "site_admin": false}, "fork": false, "created_at": "2010-02-19T19:00:22Z", "updated_at": "2022-11-16T10:49:09Z", "pushed_at": "2022-06-11T13:20:52Z", "size": 123, "stargazers_count": 549, "watchers_count": 549, "language": "Python", "has_issues": true, "has_projects": true, "has_downloads": true, "has_wiki": true, "has_pages": true, "has_discussions": false, "forks_count": 83, "mirror_url": null, "archived": false, "disabled": false, "open_issues_count": 1, "license": {"key": "apache-2.0", "name": "Apache License 2.0", "spdx_id": "Apache-2.0", "url": "https://api.github.com/licenses/apache-2.0", "node_id": "MDc6TGljZW5zZTI="}, "allow_forking": true, "is_template": false, "web_commit_signoff_required": false, "topics": ["gh-pages", "hacktoberfest", "python2", "python3"], "default_branch": "master", "permissions": {"admin": false, "maintain": false, "push": false, "triage": false, "pull": true}, "_id": 526434}, {"owner": {"type": "User", "site_admin": false}, "fork": false, "created_at": "2010-02-19T19:30:44Z", "updated_at": "2019-08-13T14:31:27Z", "pushed_at": "2010-03-28T23:29:52Z", "size": 129, "stargazers_count": 15, "watchers_count": 15, "language": "JavaScript", "has_issues": true, "has_projects": true, "has_downloads": true, "has_wiki": true, "has_pages": false, "has_discussions": false, "forks_count": 5, "mirror_url": null, "archived": false, "disabled": false, "open_issues_count": 0, "license": null, "allow_forking": true, "is_template": false, "web_commit_signoff_required": false, "topics": [], "default_branch": "master", "permissions": {"admin": false, "maintain": false, "push": false, "triage": false, "pull": true}, "_id": 526467}, {"owner": {"type": "User", "site_admin": false}, "fork": false, "created_at": "2010-02-19T19:45:51Z", "updated_at": "2022-02-10T16:46:36Z", "pushed_at": "2019-02-06T20:22:16Z", "size": 373, "stargazers_count": 20, "watchers_count": 20, "language": "Python", "has_issues": true, "has_projects": true, "has_downloads": true, "has_wiki": true, "has_pages": true, "has_discussions": false, "forks_count": 8, "mirror_url": null, "archived": false, "disabled": false, "open_issues_count": 5, "license": {"key": "other", "name": "Other", "spdx_id": "NOASSERTION", "url": null, "node_id": "MDc6TGljZW5zZTA="}, "allow_forking": true, "is_template": false, "web_commit_signoff_required": false, "topics": [], "default_branch": "master", "permissions": {"admin": false, "maintain": false, "push": false, "triage": false, "pull": true}, "_id": 526490}, {"owner": {"type": "User", "site_admin": false}, "fork": false, "created_at": "2010-02-19T19:48:42Z", "updated_at": "2013-10-21T07:51:04Z", "pushed_at": "2010-03-04T13:48:40Z", "size": 354, "stargazers_count": 6, "watchers_count": 6, "language": "C#", "has_issues": true, "has_projects": true, "has_downloads": true, "has_wiki": true, "has_pages": false, "has_discussions": false, "forks_count": 3, "mirror_url": null, "archived": false, "disabled": false, "open_issues_count": 0, "license": null, "allow_forking": true, "is_template": false, "web_commit_signoff_required": false, "topics": [], "default_branch": "master", "permissions": {"admin": false, "maintain": false, "push": false, "triage": false, "pull": true}, "_id": 526493}, {"owner": {"type": "User", "site_admin": false}, "fork": false, "created_at": "2010-02-19T20:04:39Z", "updated_at": "2017-06-22T02:58:51Z", "pushed_at": "2010-02-26T21:56:46Z", "size": 110, "stargazers_count": 11, "watchers_count": 11, "language": "Clojure", "has_issues": true, "has_projects": true, "has_downloads": true, "has_wiki": true, "has_pages": false, "has_discussions": false, "forks_count": 1, "mirror_url": null, "archived": false, "disabled": false, "open_issues_count": 2, "license": null, "allow_forking": true, "is_template": false, "web_commit_signoff_required": false, "topics": [], "default_branch": "master", "permissions": {"admin": false, "maintain": false, "push": false, "triage": false, "pull": true}, "_id": 526511}, {"owner": {"type": "User", "site_admin": false}, "fork": false, "created_at": "2010-02-19T20:19:29Z", "updated_at": "2022-05-11T12:38:11Z", "pushed_at": "2012-05-02T18:59:05Z", "size": 2737, "stargazers_count": 62, "watchers_count": 62, "language": "Python", "has_issues": true, "has_projects": true, "has_downloads": true, "has_wiki": true, "has_pages": false, "has_discussions": false, "forks_count": 5, "mirror_url": null, "archived": false, "disabled": false, "open_issues_count": 4, "license": null, "allow_forking": true, "is_template": false, "web_commit_signoff_required": false, "topics": [], "default_branch": "master", "permissions": {"admin": false, "maintain": false, "push": false, "triage": false, "pull": true}, "_id": 526534}, {"owner": {"type": "User", "site_admin": false}, "fork": false, "created_at": "2010-02-19T20:20:13Z", "updated_at": "2021-08-27T16:10:55Z", "pushed_at": "2015-06-29T05:27:14Z", "size": 143, "stargazers_count": 12, "watchers_count": 12, "language": "C#", "has_issues": true, "has_projects": true, "has_downloads": true, "has_wiki": true, "has_pages": false, "has_discussions": false, "forks_count": 6, "mirror_url": null, "archived": false, "disabled": false, "open_issues_count": 0, "license": null, "allow_forking": true, "is_template": false, "web_commit_signoff_required": false, "topics": [], "default_branch": "master", "permissions": {"admin": false, "maintain": false, "push": false, "triage": false, "pull": true}, "_id": 526536}, {"owner": {"type": "Organization", "site_admin": false}, "fork": false, "created_at": "2010-02-19T20:22:28Z", "updated_at": "2017-05-21T05:55:59Z", "pushed_at": "2010-12-14T21:50:34Z", "size": 189, "stargazers_count": 17, "watchers_count": 17, "language": "Ruby", "has_issues": true, "has_projects": true, "has_downloads": true, "has_wiki": true, "has_pages": false, "has_discussions": false, "forks_count": 1, "mirror_url": null, "archived": false, "disabled": false, "open_issues_count": 1, "license": {"key": "mit", "name": "MIT License", "spdx_id": "MIT", "url": "https://api.github.com/licenses/mit", "node_id": "MDc6TGljZW5zZTEz"}, "allow_forking": true, "is_template": false, "web_commit_signoff_required": false, "topics": [], "default_branch": "master", "permissions": {"admin": false, "maintain": false, "push": false, "triage": false, "pull": true}, "_id": 526540}, {"owner": {"type": "Organization", "site_admin": false}, "fork": false, "created_at": "2010-02-19T20:54:07Z", "updated_at": "2021-06-23T12:29:02Z", "pushed_at": "2021-09-17T19:58:16Z", "size": 742, "stargazers_count": 28, "watchers_count": 28, "language": "Objective-J", "has_issues": true, "has_projects": true, "has_downloads": true, "has_wiki": true, "has_pages": true, "has_discussions": false, "forks_count": 13, "mirror_url": null, "archived": false, "disabled": false, "open_issues_count": 7, "license": {"key": "other", "name": "Other", "spdx_id": "NOASSERTION", "url": null, "node_id": "MDc6TGljZW5zZTA="}, "allow_forking": true, "is_template": false, "web_commit_signoff_required": false, "topics": [], "default_branch": "master", "permissions": {"admin": false, "maintain": false, "push": false, "triage": false, "pull": true}, "_id": 526572}, {"owner": {"type": "User", "site_admin": false}, "fork": false, "created_at": "2010-02-19T20:54:48Z", "updated_at": "2022-10-16T12:10:39Z", "pushed_at": "2016-10-20T22:02:01Z", "size": 146, "stargazers_count": 52, "watchers_count": 52, "language": "VimL", "has_issues": true, "has_projects": true, "has_downloads": true, "has_wiki": true, "has_pages": false, "has_discussions": false, "forks_count": 19, "mirror_url": null, "archived": false, "disabled": false, "open_issues_count": 4, "license": null, "allow_forking": true, "is_template": false, "web_commit_signoff_required": false, "topics": [], "default_branch": "master", "permissions": {"admin": false, "maintain": false, "push": false, "triage": false, "pull": true}, "_id": 526573}, {"owner": {"type": "User", "site_admin": false}, "fork": false, "created_at": "2010-02-19T21:09:48Z", "updated_at": "2021-01-06T14:15:06Z", "pushed_at": "2010-09-11T19:05:15Z", "size": 1760, "stargazers_count": 6, "watchers_count": 6, "language": "PHP", "has_issues": true, "has_projects": true, "has_downloads": true, "has_wiki": false, "has_pages": false, "has_discussions": false, "forks_count": 0, "mirror_url": null, "archived": false, "disabled": false, "open_issues_count": 0, "license": null, "allow_forking": true, "is_template": false, "web_commit_signoff_required": false, "topics": [], "default_branch": "master", "permissions": {"admin": false, "maintain": false, "push": false, "triage": false, "pull": true}, "_id": 526593}, {"owner": {"type": "User", "site_admin": false}, "fork": false, "created_at": "2010-02-19T21:15:12Z", "updated_at": "2022-06-07T19:10:47Z", "pushed_at": "2014-12-06T01:15:52Z", "size": 412, "stargazers_count": 259, "watchers_count": 259, "language": "Makefile", "has_issues": true, "has_projects": true, "has_downloads": true, "has_wiki": true, "has_pages": false, "has_discussions": false, "forks_count": 73, "mirror_url": null, "archived": false, "disabled": false, "open_issues_count": 14, "license": null, "allow_forking": true, "is_template": false, "web_commit_signoff_required": false, "topics": [], "default_branch": "master", "permissions": {"admin": false, "maintain": false, "push": false, "triage": false, "pull": true}, "_id": 526598}, {"owner": {"type": "User", "site_admin": false}, "fork": false, "created_at": "2010-02-19T21:16:23Z", "updated_at": "2022-11-24T05:25:48Z", "pushed_at": "2022-04-27T23:31:20Z", "size": 7946, "stargazers_count": 231, "watchers_count": 231, "language": "AutoHotkey", "has_issues": true, "has_projects": true, "has_downloads": true, "has_wiki": true, "has_pages": false, "has_discussions": false, "forks_count": 122, "mirror_url": null, "archived": false, "disabled": false, "open_issues_count": 0, "license": null, "allow_forking": true, "is_template": false, "web_commit_signoff_required": false, "topics": ["autohotkey"], "default_branch": "master", "permissions": {"admin": false, "maintain": false, "push": false, "triage": false, "pull": true}, "_id": 526602}, {"owner": {"type": "User", "site_admin": false}, "fork": false, "created_at": "2010-02-19T21:17:48Z", "updated_at": "2020-12-02T00:08:41Z", "pushed_at": "2010-09-03T14:50:25Z", "size": 152, "stargazers_count": 6, "watchers_count": 6, "language": "PHP", "has_issues": true, "has_projects": true, "has_downloads": true, "has_wiki": true, "has_pages": false, "has_discussions": false, "forks_count": 0, "mirror_url": null, "archived": true, "disabled": false, "open_issues_count": 2, "license": null, "allow_forking": true, "is_template": false, "web_commit_signoff_required": false, "topics": [], "default_branch": "master", "permissions": {"admin": false, "maintain": false, "push": false, "triage": false, "pull": true}, "_id": 526604}, {"owner": {"type": "User", "site_admin": false}, "fork": false, "created_at": "2010-02-19T21:32:46Z", "updated_at": "2022-04-06T01:27:06Z", "pushed_at": "2017-07-25T16:14:22Z", "size": 2473, "stargazers_count": 51, "watchers_count": 51, "language": "C", "has_issues": true, "has_projects": true, "has_downloads": true, "has_wiki": false, "has_pages": false, "has_discussions": false, "forks_count": 40, "mirror_url": null, "archived": false, "disabled": false, "open_issues_count": 1, "license": {"key": "other", "name": "Other", "spdx_id": "NOASSERTION", "url": null, "node_id": "MDc6TGljZW5zZTA="}, "allow_forking": true, "is_template": false, "web_commit_signoff_required": false, "topics": [], "default_branch": "master", "permissions": {"admin": false, "maintain": false, "push": false, "triage": false, "pull": true}, "_id": 526625}, {"owner": {"type": "User", "site_admin": false}, "fork": false, "created_at": "2010-02-19T21:36:26Z", "updated_at": "2014-05-30T13:37:30Z", "pushed_at": "2010-03-15T02:06:56Z", "size": 3919, "stargazers_count": 11, "watchers_count": 11, "language": "Objective-C", "has_issues": true, "has_projects": true, "has_downloads": true, "has_wiki": true, "has_pages": false, "has_discussions": false, "forks_count": 1, "mirror_url": null, "archived": false, "disabled": false, "open_issues_count": 0, "license": {"key": "mit", "name": "MIT License", "spdx_id": "MIT", "url": "https://api.github.com/licenses/mit", "node_id": "MDc6TGljZW5zZTEz"}, "allow_forking": true, "is_template": false, "web_commit_signoff_required": false, "topics": [], "default_branch": "master", "permissions": {"admin": false, "maintain": false, "push": false, "triage": false, "pull": true}, "_id": 526631}, {"owner": {"type": "User", "site_admin": false}, "fork": false, "created_at": "2010-02-19T21:46:20Z", "updated_at": "2022-04-05T12:17:45Z", "pushed_at": "2010-03-03T00:29:09Z", "size": 3188, "stargazers_count": 127, "watchers_count": 127, "language": "Objective-C", "has_issues": true, "has_projects": true, "has_downloads": true, "has_wiki": false, "has_pages": false, "has_discussions": false, "forks_count": 15, "mirror_url": null, "archived": false, "disabled": false, "open_issues_count": 3, "license": {"key": "mit", "name": "MIT License", "spdx_id": "MIT", "url": "https://api.github.com/licenses/mit", "node_id": "MDc6TGljZW5zZTEz"}, "allow_forking": true, "is_template": false, "web_commit_signoff_required": false, "topics": [], "default_branch": "master", "permissions": {"admin": false, "maintain": false, "push": false, "triage": false, "pull": true}, "_id": 526651}, {"owner": {"type": "User", "site_admin": false}, "fork": false, "created_at": "2010-02-19T21:54:49Z", "updated_at": "2014-09-04T22:32:53Z", "pushed_at": "2010-02-27T15:37:24Z", "size": 72, "stargazers_count": 6, "watchers_count": 6, "language": "Clojure", "has_issues": true, "has_projects": true, "has_downloads": true, "has_wiki": true, "has_pages": false, "has_discussions": false, "forks_count": 0, "mirror_url": null, "archived": false, "disabled": false, "open_issues_count": 0, "license": null, "allow_forking": true, "is_template": false, "web_commit_signoff_required": false, "topics": [], "default_branch": "master", "permissions": {"admin": false, "maintain": false, "push": false, "triage": false, "pull": true}, "_id": 526662}, {"owner": {"type": "User", "site_admin": false}, "fork": false, "created_at": "2010-02-19T22:14:12Z", "updated_at": "2022-08-20T20:12:25Z", "pushed_at": "2017-12-26T18:47:11Z", "size": 150, "stargazers_count": 45, "watchers_count": 45, "language": "PHP", "has_issues": true, "has_projects": false, "has_downloads": true, "has_wiki": false, "has_pages": false, "has_discussions": false, "forks_count": 25, "mirror_url": null, "archived": false, "disabled": false, "open_issues_count": 0, "license": {"key": "mit", "name": "MIT License", "spdx_id": "MIT", "url": "https://api.github.com/licenses/mit", "node_id": "MDc6TGljZW5zZTEz"}, "allow_forking": true, "is_template": false, "web_commit_signoff_required": false, "topics": [], "default_branch": "master", "permissions": {"admin": false, "maintain": false, "push": false, "triage": false, "pull": true}, "_id": 526686}, {"owner": {"type": "User", "site_admin": false}, "fork": false, "created_at": "2010-02-19T22:26:36Z", "updated_at": "2017-05-31T08:06:08Z", "pushed_at": "2010-02-19T22:32:52Z", "size": 71, "stargazers_count": 14, "watchers_count": 14, "language": "JavaScript", "has_issues": true, "has_projects": true, "has_downloads": true, "has_wiki": true, "has_pages": false, "has_discussions": false, "forks_count": 1, "mirror_url": null, "archived": false, "disabled": false, "open_issues_count": 0, "license": {"key": "other", "name": "Other", "spdx_id": "NOASSERTION", "url": null, "node_id": "MDc6TGljZW5zZTA="}, "allow_forking": true, "is_template": false, "web_commit_signoff_required": false, "topics": [], "default_branch": "master", "permissions": {"admin": false, "maintain": false, "push": false, "triage": false, "pull": true}, "_id": 526702}, {"owner": {"type": "User", "site_admin": false}, "fork": false, "created_at": "2010-02-19T22:27:30Z", "updated_at": "2021-09-30T05:38:01Z", "pushed_at": "2022-05-30T23:06:57Z", "size": 3661, "stargazers_count": 21, "watchers_count": 21, "language": "Emacs Lisp", "has_issues": true, "has_projects": true, "has_downloads": true, "has_wiki": true, "has_pages": false, "has_discussions": false, "forks_count": 2, "mirror_url": null, "archived": false, "disabled": false, "open_issues_count": 0, "license": null, "allow_forking": true, "is_template": false, "web_commit_signoff_required": false, "topics": [], "default_branch": "master", "permissions": {"admin": false, "maintain": false, "push": false, "triage": false, "pull": true}, "_id": 526703}, {"owner": {"type": "User", "site_admin": false}, "fork": false, "created_at": "2010-02-19T22:44:17Z", "updated_at": "2022-03-16T19:49:39Z", "pushed_at": "2011-09-23T14:57:03Z", "size": 132, "stargazers_count": 82, "watchers_count": 82, "language": "Ruby", "has_issues": true, "has_projects": true, "has_downloads": true, "has_wiki": true, "has_pages": false, "has_discussions": false, "forks_count": 4, "mirror_url": null, "archived": false, "disabled": false, "open_issues_count": 0, "license": {"key": "mit", "name": "MIT License", "spdx_id": "MIT", "url": "https://api.github.com/licenses/mit", "node_id": "MDc6TGljZW5zZTEz"}, "allow_forking": true, "is_template": false, "web_commit_signoff_required": false, "topics": [], "default_branch": "master", "permissions": {"admin": false, "maintain": false, "push": false, "triage": false, "pull": true}, "_id": 526732}, {"owner": {"type": "User", "site_admin": false}, "fork": false, "created_at": "2010-02-19T22:49:30Z", "updated_at": "2017-06-02T20:40:44Z", "pushed_at": "2010-02-19T22:51:58Z", "size": 80, "stargazers_count": 6, "watchers_count": 6, "language": null, "has_issues": true, "has_projects": true, "has_downloads": true, "has_wiki": true, "has_pages": false, "has_discussions": false, "forks_count": 1, "mirror_url": null, "archived": false, "disabled": false, "open_issues_count": 0, "license": null, "allow_forking": true, "is_template": false, "web_commit_signoff_required": false, "topics": [], "default_branch": "master", "permissions": {"admin": false, "maintain": false, "push": false, "triage": false, "pull": true}, "_id": 526742}, {"owner": {"type": "User", "site_admin": false}, "fork": false, "created_at": "2010-02-19T22:51:00Z", "updated_at": "2022-06-04T06:57:06Z", "pushed_at": "2011-10-28T16:31:03Z", "size": 3106, "stargazers_count": 28, "watchers_count": 28, "language": "C#", "has_issues": true, "has_projects": true, "has_downloads": true, "has_wiki": true, "has_pages": false, "has_discussions": false, "forks_count": 3, "mirror_url": null, "archived": false, "disabled": false, "open_issues_count": 0, "license": {"key": "ms-pl", "name": "Microsoft Public License", "spdx_id": "MS-PL", "url": "https://api.github.com/licenses/ms-pl", "node_id": "MDc6TGljZW5zZTE5"}, "allow_forking": true, "is_template": false, "web_commit_signoff_required": false, "topics": [], "default_branch": "master", "permissions": {"admin": false, "maintain": false, "push": false, "triage": false, "pull": true}, "_id": 526744}, {"owner": {"type": "User", "site_admin": false}, "fork": false, "created_at": "2010-02-19T22:51:29Z", "updated_at": "2018-07-16T04:01:47Z", "pushed_at": "2010-02-19T23:38:22Z", "size": 74, "stargazers_count": 7, "watchers_count": 7, "language": "Erlang", "has_issues": true, "has_projects": true, "has_downloads": true, "has_wiki": true, "has_pages": false, "has_discussions": false, "forks_count": 5, "mirror_url": null, "archived": false, "disabled": false, "open_issues_count": 0, "license": null, "allow_forking": true, "is_template": false, "web_commit_signoff_required": false, "topics": [], "default_branch": "master", "permissions": {"admin": false, "maintain": false, "push": false, "triage": false, "pull": true}, "_id": 526746}, {"owner": {"type": "Organization", "site_admin": false}, "fork": false, "created_at": "2010-02-19T22:57:35Z", "updated_at": "2018-06-29T11:33:19Z", "pushed_at": "2012-10-29T17:46:49Z", "size": 397, "stargazers_count": 19, "watchers_count": 19, "language": "Python", "has_issues": true, "has_projects": true, "has_downloads": true, "has_wiki": true, "has_pages": false, "has_discussions": false, "forks_count": 2, "mirror_url": null, "archived": false, "disabled": false, "open_issues_count": 1, "license": {"key": "bsd-3-clause", "name": "BSD 3-Clause \"New\" or \"Revised\" License", "spdx_id": "BSD-3-Clause", "url": "https://api.github.com/licenses/bsd-3-clause", "node_id": "MDc6TGljZW5zZTU="}, "allow_forking": true, "is_template": false, "web_commit_signoff_required": false, "topics": [], "default_branch": "master", "permissions": {"admin": false, "maintain": false, "push": false, "triage": false, "pull": true}, "_id": 526754}, {"owner": {"type": "User", "site_admin": false}, "fork": false, "created_at": "2010-02-19T23:51:30Z", "updated_at": "2017-05-14T04:58:39Z", "pushed_at": "2010-06-27T00:55:55Z", "size": 10635, "stargazers_count": 9, "watchers_count": 9, "language": "Groovy", "has_issues": true, "has_projects": true, "has_downloads": true, "has_wiki": true, "has_pages": false, "has_discussions": false, "forks_count": 1, "mirror_url": null, "archived": false, "disabled": false, "open_issues_count": 0, "license": {"key": "apache-2.0", "name": "Apache License 2.0", "spdx_id": "Apache-2.0", "url": "https://api.github.com/licenses/apache-2.0", "node_id": "MDc6TGljZW5zZTI="}, "allow_forking": true, "is_template": false, "web_commit_signoff_required": false, "topics": [], "default_branch": "master", "permissions": {"admin": false, "maintain": false, "push": false, "triage": false, "pull": true}, "_id": 526804}, {"owner": {"type": "User", "site_admin": false}, "fork": false, "created_at": "2010-02-19T23:51:42Z", "updated_at": "2021-02-08T15:08:43Z", "pushed_at": "2012-05-30T01:36:22Z", "size": 911, "stargazers_count": 94, "watchers_count": 94, "language": "JavaScript", "has_issues": true, "has_projects": true, "has_downloads": true, "has_wiki": true, "has_pages": false, "has_discussions": false, "forks_count": 7, "mirror_url": null, "archived": false, "disabled": false, "open_issues_count": 3, "license": {"key": "mit", "name": "MIT License", "spdx_id": "MIT", "url": "https://api.github.com/licenses/mit", "node_id": "MDc6TGljZW5zZTEz"}, "allow_forking": true, "is_template": false, "web_commit_signoff_required": false, "topics": [], "default_branch": "master", "permissions": {"admin": false, "maintain": false, "push": false, "triage": false, "pull": true}, "_id": 526805}]