[{"owner": {"type": "Organization", "site_admin": false}, "fork": false, "created_at": "2010-08-06T01:07:44Z", "updated_at": "2021-09-21T01:41:28Z", "pushed_at": "2010-11-06T14:42:36Z", "size": 188, "stargazers_count": 18, "watchers_count": 18, "language": "Python", "has_issues": true, "has_projects": true, "has_downloads": true, "has_wiki": true, "has_pages": false, "has_discussions": false, "forks_count": 0, "mirror_url": null, "archived": false, "disabled": false, "open_issues_count": 0, "license": null, "allow_forking": true, "is_template": false, "web_commit_signoff_required": false, "topics": [], "default_branch": "master", "permissions": {"admin": false, "maintain": false, "push": false, "triage": false, "pull": true}, "_id": 820510}, {"owner": {"type": "User", "site_admin": false}, "fork": false, "created_at": "2010-08-06T01:57:11Z", "updated_at": "2022-10-26T00:25:29Z", "pushed_at": "2019-11-25T00:28:06Z", "size": 212, "stargazers_count": 28, "watchers_count": 28, "language": "Haskell", "has_issues": true, "has_projects": true, "has_downloads": true, "has_wiki": true, "has_pages": false, "has_discussions": false, "forks_count": 51, "mirror_url": null, "archived": false, "disabled": false, "open_issues_count": 10, "license": {"key": "other", "name": "Other", "spdx_id": "NOASSERTION", "url": null, "node_id": "MDc6TGljZW5zZTA="}, "allow_forking": true, "is_template": false, "web_commit_signoff_required": false, "topics": [], "default_branch": "master", "permissions": {"admin": false, "maintain": false, "push": false, "triage": false, "pull": true}, "_id": 820557}, {"owner": {"type": "Organization", "site_admin": false}, "fork": false, "created_at": "2010-08-06T02:11:14Z", "updated_at": "2022-01-17T05:32:48Z", "pushed_at": "2014-05-16T14:25:34Z", "size": 116855, "stargazers_count": 19, "watchers_count": 19, "language": "Python", "has_issues": true, "has_projects": true, "has_downloads": true, "has_wiki": true, "has_pages": false, "has_discussions": false, "forks_count": 12, "mirror_url": null, "archived": false, "disabled": false, "open_issues_count": 6, "license": null, "allow_forking": true, "is_template": false, "web_commit_signoff_required": false, "topics": [], "default_branch": "frodo", "permissions": {"admin": false, "maintain": false, "push": false, "triage": false, "pull": true}, "_id": 820570}, {"owner": {"type": "User", "site_admin": true}, "fork": false, "created_at": "2010-08-06T02:36:35Z", "updated_at": "2019-07-11T09:05:15Z", "pushed_at": "2012-01-09T17:14:32Z", "size": 148, "stargazers_count": 49, "watchers_count": 49, "language": "Python", "has_issues": true, "has_projects": true, "has_downloads": true, "has_wiki": true, "has_pages": false, "has_discussions": false, "forks_count": 10, "mirror_url": null, "archived": false, "disabled": false, "open_issues_count": 1, "license": {"key": "other", "name": "Other", "spdx_id": "NOASSERTION", "url": null, "node_id": "MDc6TGljZW5zZTA="}, "allow_forking": true, "is_template": false, "web_commit_signoff_required": false, "topics": [], "default_branch": "master", "permissions": {"admin": false, "maintain": false, "push": false, "triage": false, "pull": true}, "_id": 820599}, {"owner": {"type": "Organization", "site_admin": false}, "fork": false, "created_at": "2010-08-06T02:55:58Z", "updated_at": "2022-08-05T12:00:00Z", "pushed_at": "2022-11-09T15:17:41Z", "size": 676, "stargazers_count": 24, "watchers_count": 24, "language": "Java", "has_issues": true, "has_projects": true, "has_downloads": true, "has_wiki": true, "has_pages": false, "has_discussions": false, "forks_count": 44, "mirror_url": null, "archived": false, "disabled": false, "open_issues_count": 11, "license": {"key": "apache-2.0", "name": "Apache License 2.0", "spdx_id": "Apache-2.0", "url": "https://api.github.com/licenses/apache-2.0", "node_id": "MDc6TGljZW5zZTI="}, "allow_forking": true, "is_template": false, "web_commit_signoff_required": false, "topics": [], "default_branch": "main", "permissions": {"admin": false, "maintain": false, "push": false, "triage": false, "pull": true}, "_id": 820623}, {"owner": {"type": "User", "site_admin": false}, "fork": false, "created_at": "2010-08-06T03:12:10Z", "updated_at": "2022-06-03T21:30:50Z", "pushed_at": "2013-05-10T02:47:19Z", "size": 681, "stargazers_count": 36, "watchers_count": 36, "language": "Python", "has_issues": true, "has_projects": true, "has_downloads": true, "has_wiki": true, "has_pages": false, "has_discussions": false, "forks_count": 8, "mirror_url": null, "archived": false, "disabled": false, "open_issues_count": 2, "license": null, "allow_forking": true, "is_template": false, "web_commit_signoff_required": false, "topics": [], "default_branch": "master", "permissions": {"admin": false, "maintain": false, "push": false, "triage": false, "pull": true}, "_id": 820640}, {"owner": {"type": "User", "site_admin": false}, "fork": false, "created_at": "2010-08-06T03:24:37Z", "updated_at": "2022-06-17T11:17:34Z", "pushed_at": "2022-11-25T09:15:48Z", "size": 524, "stargazers_count": 10, "watchers_count": 10, "language": "C", "has_issues": true, "has_projects": true, "has_downloads": true, "has_wiki": true, "has_pages": false, "has_discussions": false, "forks_count": 2, "mirror_url": null, "archived": false, "disabled": false, "open_issues_count": 3, "license": {"key": "gpl-2.0", "name": "GNU General Public License v2.0", "spdx_id": "GPL-2.0", "url": "https://api.github.com/licenses/gpl-2.0", "node_id": "MDc6TGljZW5zZTg="}, "allow_forking": true, "is_template": false, "web_commit_signoff_required": false, "topics": [], "default_branch": "master", "permissions": {"admin": false, "maintain": false, "push": false, "triage": false, "pull": true}, "_id": 820647}, {"owner": {"type": "User", "site_admin": false}, "fork": false, "created_at": "2010-08-06T03:48:24Z", "updated_at": "2014-06-23T04:06:24Z", "pushed_at": "2010-08-15T01:41:25Z", "size": 508, "stargazers_count": 8, "watchers_count": 8, "language": "Ruby", "has_issues": true, "has_projects": true, "has_downloads": true, "has_wiki": true, "has_pages": false, "has_discussions": false, "forks_count": 1, "mirror_url": null, "archived": false, "disabled": false, "open_issues_count": 0, "license": null, "allow_forking": true, "is_template": false, "web_commit_signoff_required": false, "topics": [], "default_branch": "master", "permissions": {"admin": false, "maintain": false, "push": false, "triage": false, "pull": true}, "_id": 820670}, {"owner": {"type": "User", "site_admin": false}, "fork": false, "created_at": "2010-08-06T04:34:35Z", "updated_at": "2018-05-01T04:52:02Z", "pushed_at": "2010-08-06T20:26:56Z", "size": 101, "stargazers_count": 9, "watchers_count": 9, "language": "Clojure", "has_issues": false, "has_projects": true, "has_downloads": true, "has_wiki": true, "has_pages": false, "has_discussions": false, "forks_count": 4, "mirror_url": null, "archived": false, "disabled": false, "open_issues_count": 0, "license": null, "allow_forking": true, "is_template": false, "web_commit_signoff_required": false, "topics": [], "default_branch": "master", "permissions": {"admin": false, "maintain": false, "push": false, "triage": false, "pull": true}, "_id": 820723}, {"owner": {"type": "User", "site_admin": false}, "fork": false, "created_at": "2010-08-06T05:01:26Z", "updated_at": "2020-10-26T12:57:57Z", "pushed_at": "2022-11-12T04:31:27Z", "size": 54, "stargazers_count": 10, "watchers_count": 10, "language": "Pascal", "has_issues": true, "has_projects": true, "has_downloads": true, "has_wiki": true, "has_pages": false, "has_discussions": false, "forks_count": 5, "mirror_url": null, "archived": false, "disabled": false, "open_issues_count": 5, "license": {"key": "other", "name": "Other", "spdx_id": "NOASSERTION", "url": null, "node_id": "MDc6TGljZW5zZTA="}, "allow_forking": true, "is_template": false, "web_commit_signoff_required": false, "topics": [], "default_branch": "master", "permissions": {"admin": false, "maintain": false, "push": false, "triage": false, "pull": true}, "_id": 820763}, {"owner": {"type": "Organization", "site_admin": false}, "fork": false, "created_at": "2010-08-06T05:15:47Z", "updated_at": "2019-08-13T14:35:33Z", "pushed_at": "2010-08-09T03:55:56Z", "size": 98, "stargazers_count": 12, "watchers_count": 12, "language": "Python", "has_issues": true, "has_projects": true, "has_downloads": true, "has_wiki": true, "has_pages": false, "has_discussions": false, "forks_count": 0, "mirror_url": null, "archived": false, "disabled": false, "open_issues_count": 1, "license": null, "allow_forking": true, "is_template": false, "web_commit_signoff_required": false, "topics": [], "default_branch": "master", "permissions": {"admin": false, "maintain": false, "push": false, "triage": false, "pull": true}, "_id": 820780}, {"owner": {"type": "User", "site_admin": false}, "fork": false, "created_at": "2010-08-06T05:41:39Z", "updated_at": "2022-11-07T04:06:12Z", "pushed_at": "2022-05-19T06:15:47Z", "size": 2472, "stargazers_count": 231, "watchers_count": 231, "language": "C", "has_issues": true, "has_projects": true, "has_downloads": true, "has_wiki": true, "has_pages": false, "has_discussions": false, "forks_count": 112, "mirror_url": null, "archived": false, "disabled": false, "open_issues_count": 28, "license": {"key": "other", "name": "Other", "spdx_id": "NOASSERTION", "url": null, "node_id": "MDc6TGljZW5zZTA="}, "allow_forking": true, "is_template": false, "web_commit_signoff_required": false, "topics": [], "default_branch": "master", "permissions": {"admin": false, "maintain": false, "push": false, "triage": false, "pull": true}, "_id": 820809}, {"owner": {"type": "Organization", "site_admin": false}, "fork": false, "created_at": "2010-08-06T05:50:55Z", "updated_at": "2022-05-03T07:09:44Z", "pushed_at": "2015-08-30T23:49:09Z", "size": 198, "stargazers_count": 18, "watchers_count": 18, "language": "Java", "has_issues": false, "has_projects": true, "has_downloads": false, "has_wiki": false, "has_pages": false, "has_discussions": false, "forks_count": 19, "mirror_url": null, "archived": false, "disabled": false, "open_issues_count": 0, "license": null, "allow_forking": true, "is_template": false, "web_commit_signoff_required": false, "topics": [], "default_branch": "master", "permissions": {"admin": false, "maintain": false, "push": false, "triage": false, "pull": true}, "_id": 820820}, {"owner": {"type": "User", "site_admin": false}, "fork": false, "created_at": "2010-08-06T05:55:02Z", "updated_at": "2022-10-27T22:25:10Z", "pushed_at": "2021-04-01T14:20:31Z", "size": 136, "stargazers_count": 961, "watchers_count": 961, "language": "Ruby", "has_issues": true, "has_projects": true, "has_downloads": false, "has_wiki": false, "has_pages": false, "has_discussions": false, "forks_count": 115, "mirror_url": null, "archived": false, "disabled": false, "open_issues_count": 13, "license": {"key": "mit", "name": "MIT License", "spdx_id": "MIT", "url": "https://api.github.com/licenses/mit", "node_id": "MDc6TGljZW5zZTEz"}, "allow_forking": true, "is_template": false, "web_commit_signoff_required": false, "topics": ["ffmpeg", "integration-testing", "ruby", "screenshot", "selenium", "video-capture", "xvfb"], "default_branch": "master", "permissions": {"admin": false, "maintain": false, "push": false, "triage": false, "pull": true}, "_id": 820826}, {"owner": {"type": "Organization", "site_admin": false}, "fork": false, "created_at": "2010-08-06T06:03:15Z", "updated_at": "2022-11-13T09:09:16Z", "pushed_at": "2022-10-21T08:10:22Z", "size": 5098, "stargazers_count": 260, "watchers_count": 260, "language": "Java", "has_issues": false, "has_projects": true, "has_downloads": true, "has_wiki": false, "has_pages": false, "has_discussions": false, "forks_count": 137, "mirror_url": null, "archived": false, "disabled": false, "open_issues_count": 7, "license": {"key": "apache-2.0", "name": "Apache License 2.0", "spdx_id": "Apache-2.0", "url": "https://api.github.com/licenses/apache-2.0", "node_id": "MDc6TGljZW5zZTI="}, "allow_forking": true, "is_template": false, "web_commit_signoff_required": false, "topics": [], "default_branch": "3.x", "permissions": {"admin": false, "maintain": false, "push": false, "triage": false, "pull": true}, "_id": 820836}, {"owner": {"type": "Organization", "site_admin": false}, "fork": false, "created_at": "2010-08-06T06:52:01Z", "updated_at": "2022-11-16T10:03:18Z", "pushed_at": "2022-09-27T19:32:55Z", "size": 37736, "stargazers_count": 592, "watchers_count": 592, "language": null, "has_issues": true, "has_projects": true, "has_downloads": true, "has_wiki": true, "has_pages": true, "has_discussions": false, "forks_count": 178, "mirror_url": null, "archived": false, "disabled": false, "open_issues_count": 121, "license": null, "allow_forking": true, "is_template": false, "web_commit_signoff_required": false, "topics": [], "default_branch": "bem-info-data", "permissions": {"admin": false, "maintain": false, "push": false, "triage": false, "pull": true}, "_id": 820900}, {"owner": {"type": "User", "site_admin": false}, "fork": false, "created_at": "2010-08-06T07:23:24Z", "updated_at": "2020-11-08T16:03:42Z", "pushed_at": "2010-08-15T18:16:36Z", "size": 132, "stargazers_count": 6, "watchers_count": 6, "language": "C", "has_issues": true, "has_projects": true, "has_downloads": true, "has_wiki": true, "has_pages": false, "has_discussions": false, "forks_count": 4, "mirror_url": null, "archived": false, "disabled": false, "open_issues_count": 0, "license": null, "allow_forking": true, "is_template": false, "web_commit_signoff_required": false, "topics": [], "default_branch": "master", "permissions": {"admin": false, "maintain": false, "push": false, "triage": false, "pull": true}, "_id": 820949}, {"owner": {"type": "User", "site_admin": false}, "fork": false, "created_at": "2010-08-06T08:36:17Z", "updated_at": "2014-06-16T04:36:14Z", "pushed_at": "2010-08-06T10:03:24Z", "size": 89, "stargazers_count": 7, "watchers_count": 7, "language": null, "has_issues": true, "has_projects": true, "has_downloads": true, "has_wiki": true, "has_pages": false, "has_discussions": false, "forks_count": 2, "mirror_url": null, "archived": false, "disabled": false, "open_issues_count": 0, "license": null, "allow_forking": true, "is_template": false, "web_commit_signoff_required": false, "topics": [], "default_branch": "master", "permissions": {"admin": false, "maintain": false, "push": false, "triage": false, "pull": true}, "_id": 821032}, {"owner": {"type": "User", "site_admin": false}, "fork": false, "created_at": "2010-08-06T10:06:44Z", "updated_at": "2019-03-21T08:33:31Z", "pushed_at": "2010-08-06T10:53:21Z", "size": 100, "stargazers_count": 8, "watchers_count": 8, "language": null, "has_issues": true, "has_projects": true, "has_downloads": false, "has_wiki": false, "has_pages": false, "has_discussions": false, "forks_count": 4, "mirror_url": null, "archived": false, "disabled": false, "open_issues_count": 2, "license": {"key": "mit", "name": "MIT License", "spdx_id": "MIT", "url": "https://api.github.com/licenses/mit", "node_id": "MDc6TGljZW5zZTEz"}, "allow_forking": true, "is_template": false, "web_commit_signoff_required": false, "topics": [], "default_branch": "master", "permissions": {"admin": false, "maintain": false, "push": false, "triage": false, "pull": true}, "_id": 821159}, {"owner": {"type": "User", "site_admin": false}, "fork": false, "created_at": "2010-08-06T10:24:46Z", "updated_at": "2018-10-12T00:38:12Z", "pushed_at": "2015-11-17T11:12:07Z", "size": 217, "stargazers_count": 12, "watchers_count": 12, "language": "Python", "has_issues": true, "has_projects": true, "has_downloads": true, "has_wiki": true, "has_pages": false, "has_discussions": false, "forks_count": 5, "mirror_url": null, "archived": false, "disabled": false, "open_issues_count": 1, "license": {"key": "mit", "name": "MIT License", "spdx_id": "MIT", "url": "https://api.github.com/licenses/mit", "node_id": "MDc6TGljZW5zZTEz"}, "allow_forking": true, "is_template": false, "web_commit_signoff_required": false, "topics": [], "default_branch": "master", "permissions": {"admin": false, "maintain": false, "push": false, "triage": false, "pull": true}, "_id": 821189}, {"owner": {"type": "User", "site_admin": false}, "fork": false, "created_at": "2010-08-06T10:40:53Z", "updated_at": "2017-03-21T10:23:57Z", "pushed_at": "2010-09-18T16:58:29Z", "size": 109, "stargazers_count": 8, "watchers_count": 8, "language": "PHP", "has_issues": true, "has_projects": true, "has_downloads": true, "has_wiki": true, "has_pages": false, "has_discussions": false, "forks_count": 0, "mirror_url": null, "archived": false, "disabled": false, "open_issues_count": 0, "license": null, "allow_forking": true, "is_template": false, "web_commit_signoff_required": false, "topics": [], "default_branch": "master", "permissions": {"admin": false, "maintain": false, "push": false, "triage": false, "pull": true}, "_id": 821200}, {"owner": {"type": "User", "site_admin": false}, "fork": false, "created_at": "2010-08-06T10:46:32Z", "updated_at": "2020-03-16T06:56:50Z", "pushed_at": "2015-03-17T04:23:29Z", "size": 1561, "stargazers_count": 12, "watchers_count": 12, "language": "C++", "has_issues": true, "has_projects": true, "has_downloads": true, "has_wiki": true, "has_pages": false, "has_discussions": false, "forks_count": 14, "mirror_url": null, "archived": false, "disabled": false, "open_issues_count": 0, "license": {"key": "other", "name": "Other", "spdx_id": "NOASSERTION", "url": null, "node_id": "MDc6TGljZW5zZTA="}, "allow_forking": true, "is_template": false, "web_commit_signoff_required": false, "topics": [], "default_branch": "master", "permissions": {"admin": false, "maintain": false, "push": false, "triage": false, "pull": true}, "_id": 821207}, {"owner": {"type": "User", "site_admin": false}, "fork": false, "created_at": "2010-08-06T11:38:55Z", "updated_at": "2014-01-08T21:03:21Z", "pushed_at": "2010-09-07T07:44:08Z", "size": 30140, "stargazers_count": 6, "watchers_count": 6, "language": "Java", "has_issues": true, "has_projects": true, "has_downloads": true, "has_wiki": true, "has_pages": false, "has_discussions": false, "forks_count": 0, "mirror_url": null, "archived": false, "disabled": false, "open_issues_count": 0, "license": null, "allow_forking": true, "is_template": false, "web_commit_signoff_required": false, "topics": [], "default_branch": "master", "permissions": {"admin": false, "maintain": false, "push": false, "triage": false, "pull": true}, "_id": 821271}, {"owner": {"type": "User", "site_admin": false}, "fork": false, "created_at": "2010-08-06T11:42:25Z", "updated_at": "2019-04-09T04:15:18Z", "pushed_at": "2017-05-24T05:19:42Z", "size": 1057, "stargazers_count": 6, "watchers_count": 6, "language": "C", "has_issues": true, "has_projects": true, "has_downloads": true, "has_wiki": true, "has_pages": true, "has_discussions": false, "forks_count": 1, "mirror_url": null, "archived": false, "disabled": false, "open_issues_count": 1, "license": null, "allow_forking": true, "is_template": false, "web_commit_signoff_required": false, "topics": [], "default_branch": "master", "permissions": {"admin": false, "maintain": false, "push": false, "triage": false, "pull": true}, "_id": 821274}, {"owner": {"type": "User", "site_admin": false}, "fork": false, "created_at": "2010-08-06T11:45:30Z", "updated_at": "2020-04-07T10:15:37Z", "pushed_at": "2012-09-14T12:48:17Z", "size": 179, "stargazers_count": 38, "watchers_count": 38, "language": "Python", "has_issues": true, "has_projects": true, "has_downloads": true, "has_wiki": true, "has_pages": false, "has_discussions": false, "forks_count": 3, "mirror_url": null, "archived": false, "disabled": false, "open_issues_count": 1, "license": {"key": "bsd-3-clause", "name": "BSD 3-Clause \"New\" or \"Revised\" License", "spdx_id": "BSD-3-Clause", "url": "https://api.github.com/licenses/bsd-3-clause", "node_id": "MDc6TGljZW5zZTU="}, "allow_forking": true, "is_template": false, "web_commit_signoff_required": false, "topics": [], "default_branch": "master", "permissions": {"admin": false, "maintain": false, "push": false, "triage": false, "pull": true}, "_id": 821280}, {"owner": {"type": "User", "site_admin": false}, "fork": false, "created_at": "2010-08-06T11:51:29Z", "updated_at": "2022-11-24T07:55:52Z", "pushed_at": "2022-08-18T15:11:43Z", "size": 267, "stargazers_count": 431, "watchers_count": 431, "language": "Python", "has_issues": true, "has_projects": true, "has_downloads": true, "has_wiki": true, "has_pages": false, "has_discussions": false, "forks_count": 93, "mirror_url": null, "archived": false, "disabled": false, "open_issues_count": 22, "license": {"key": "bsd-2-clause", "name": "BSD 2-Clause \"Simplified\" License", "spdx_id": "BSD-2-Clause", "url": "https://api.github.com/licenses/bsd-2-clause", "node_id": "MDc6TGljZW5zZTQ="}, "allow_forking": true, "is_template": false, "web_commit_signoff_required": false, "topics": [], "default_branch": "master", "permissions": {"admin": false, "maintain": false, "push": false, "triage": false, "pull": true}, "_id": 821291}, {"owner": {"type": "User", "site_admin": false}, "fork": false, "created_at": "2010-08-06T12:44:07Z", "updated_at": "2017-04-01T21:15:01Z", "pushed_at": "2010-08-09T17:11:45Z", "size": 96, "stargazers_count": 9, "watchers_count": 9, "language": "JavaScript", "has_issues": true, "has_projects": true, "has_downloads": true, "has_wiki": true, "has_pages": false, "has_discussions": false, "forks_count": 1, "mirror_url": null, "archived": false, "disabled": false, "open_issues_count": 0, "license": null, "allow_forking": true, "is_template": false, "web_commit_signoff_required": false, "topics": [], "default_branch": "master", "permissions": {"admin": false, "maintain": false, "push": false, "triage": false, "pull": true}, "_id": 821340}, {"owner": {"type": "Organization", "site_admin": false}, "fork": false, "created_at": "2010-08-06T12:58:21Z", "updated_at": "2022-08-30T07:11:05Z", "pushed_at": "2011-11-21T13:36:02Z", "size": 14807, "stargazers_count": 85, "watchers_count": 85, "language": "PHP", "has_issues": false, "has_projects": true, "has_downloads": true, "has_wiki": false, "has_pages": true, "has_discussions": false, "forks_count": 14, "mirror_url": null, "archived": false, "disabled": false, "open_issues_count": 6, "license": {"key": "bsd-3-clause", "name": "BSD 3-Clause \"New\" or \"Revised\" License", "spdx_id": "BSD-3-Clause", "url": "https://api.github.com/licenses/bsd-3-clause", "node_id": "MDc6TGljZW5zZTU="}, "allow_forking": true, "is_template": false, "web_commit_signoff_required": false, "topics": [], "default_branch": "master", "permissions": {"admin": false, "maintain": false, "push": false, "triage": false, "pull": true}, "_id": 821352}, {"owner": {"type": "Organization", "site_admin": false}, "fork": false, "created_at": "2010-08-06T13:37:55Z", "updated_at": "2022-09-21T00:30:07Z", "pushed_at": "2012-05-15T14:20:19Z", "size": 2239, "stargazers_count": 38, "watchers_count": 38, "language": "ActionScript", "has_issues": true, "has_projects": true, "has_downloads": true, "has_wiki": true, "has_pages": false, "has_discussions": false, "forks_count": 6, "mirror_url": null, "archived": false, "disabled": false, "open_issues_count": 1, "license": null, "allow_forking": true, "is_template": false, "web_commit_signoff_required": false, "topics": [], "default_branch": "master", "permissions": {"admin": false, "maintain": false, "push": false, "triage": false, "pull": true}, "_id": 821401}, {"owner": {"type": "User", "site_admin": false}, "fork": false, "created_at": "2010-08-06T13:58:57Z", "updated_at": "2016-06-14T19:35:13Z", "pushed_at": "2010-08-16T10:10:12Z", "size": 116, "stargazers_count": 8, "watchers_count": 8, "language": "Ruby", "has_issues": true, "has_projects": true, "has_downloads": true, "has_wiki": true, "has_pages": false, "has_discussions": false, "forks_count": 5, "mirror_url": null, "archived": false, "disabled": false, "open_issues_count": 1, "license": {"key": "gpl-2.0", "name": "GNU General Public License v2.0", "spdx_id": "GPL-2.0", "url": "https://api.github.com/licenses/gpl-2.0", "node_id": "MDc6TGljZW5zZTg="}, "allow_forking": true, "is_template": false, "web_commit_signoff_required": false, "topics": [], "default_branch": "master", "permissions": {"admin": false, "maintain": false, "push": false, "triage": false, "pull": true}, "_id": 821445}, {"owner": {"type": "User", "site_admin": false}, "fork": false, "created_at": "2010-08-06T14:03:55Z", "updated_at": "2022-10-06T17:32:46Z", "pushed_at": "2016-03-23T03:26:44Z", "size": 326, "stargazers_count": 153, "watchers_count": 153, "language": "JavaScript", "has_issues": true, "has_projects": true, "has_downloads": true, "has_wiki": true, "has_pages": true, "has_discussions": false, "forks_count": 29, "mirror_url": null, "archived": false, "disabled": false, "open_issues_count": 2, "license": null, "allow_forking": true, "is_template": false, "web_commit_signoff_required": false, "topics": [], "default_branch": "master", "permissions": {"admin": false, "maintain": false, "push": false, "triage": false, "pull": true}, "_id": 821458}, {"owner": {"type": "User", "site_admin": false}, "fork": false, "created_at": "2010-08-06T14:06:44Z", "updated_at": "2022-08-31T07:27:07Z", "pushed_at": "2022-09-06T12:50:58Z", "size": 3661, "stargazers_count": 13, "watchers_count": 13, "language": "Python", "has_issues": true, "has_projects": true, "has_downloads": true, "has_wiki": true, "has_pages": false, "has_discussions": false, "forks_count": 10, "mirror_url": null, "archived": false, "disabled": false, "open_issues_count": 2, "license": {"key": "gpl-2.0", "name": "GNU General Public License v2.0", "spdx_id": "GPL-2.0", "url": "https://api.github.com/licenses/gpl-2.0", "node_id": "MDc6TGljZW5zZTg="}, "allow_forking": true, "is_template": false, "web_commit_signoff_required": false, "topics": [], "default_branch": "master", "permissions": {"admin": false, "maintain": false, "push": false, "triage": false, "pull": true}, "_id": 821465}, {"owner": {"type": "User", "site_admin": false}, "fork": false, "created_at": "2010-08-06T14:08:31Z", "updated_at": "2019-07-08T22:10:10Z", "pushed_at": "2010-09-05T14:34:53Z", "size": 12150, "stargazers_count": 7, "watchers_count": 7, "language": "Python", "has_issues": true, "has_projects": true, "has_downloads": true, "has_wiki": true, "has_pages": false, "has_discussions": false, "forks_count": 0, "mirror_url": null, "archived": false, "disabled": false, "open_issues_count": 0, "license": null, "allow_forking": true, "is_template": false, "web_commit_signoff_required": false, "topics": [], "default_branch": "master", "permissions": {"admin": false, "maintain": false, "push": false, "triage": false, "pull": true}, "_id": 821470}, {"owner": {"type": "User", "site_admin": false}, "fork": false, "created_at": "2010-08-06T14:39:36Z", "updated_at": "2022-09-05T10:46:27Z", "pushed_at": "2011-05-25T17:57:03Z", "size": 146, "stargazers_count": 7, "watchers_count": 7, "language": "PHP", "has_issues": true, "has_projects": true, "has_downloads": false, "has_wiki": false, "has_pages": false, "has_discussions": false, "forks_count": 7, "mirror_url": null, "archived": false, "disabled": false, "open_issues_count": 7, "license": null, "allow_forking": true, "is_template": false, "web_commit_signoff_required": false, "topics": [], "default_branch": "develop", "permissions": {"admin": false, "maintain": false, "push": false, "triage": false, "pull": true}, "_id": 821529}, {"owner": {"type": "User", "site_admin": false}, "fork": false, "created_at": "2010-08-06T14:41:15Z", "updated_at": "2022-10-19T06:13:24Z", "pushed_at": "2010-09-29T00:08:07Z", "size": 97, "stargazers_count": 21, "watchers_count": 21, "language": "Erlang", "has_issues": true, "has_projects": true, "has_downloads": true, "has_wiki": true, "has_pages": false, "has_discussions": false, "forks_count": 6, "mirror_url": null, "archived": false, "disabled": false, "open_issues_count": 6, "license": {"key": "other", "name": "Other", "spdx_id": "NOASSERTION", "url": null, "node_id": "MDc6TGljZW5zZTA="}, "allow_forking": true, "is_template": false, "web_commit_signoff_required": false, "topics": [], "default_branch": "master", "permissions": {"admin": false, "maintain": false, "push": false, "triage": false, "pull": true}, "_id": 821532}, {"owner": {"type": "User", "site_admin": false}, "fork": false, "created_at": "2010-08-06T14:49:12Z", "updated_at": "2014-08-05T15:48:32Z", "pushed_at": "2010-08-09T14:08:04Z", "size": 181, "stargazers_count": 10, "watchers_count": 10, "language": "Ruby", "has_issues": true, "has_projects": true, "has_downloads": true, "has_wiki": true, "has_pages": false, "has_discussions": false, "forks_count": 1, "mirror_url": null, "archived": false, "disabled": false, "open_issues_count": 0, "license": null, "allow_forking": true, "is_template": false, "web_commit_signoff_required": false, "topics": [], "default_branch": "master", "permissions": {"admin": false, "maintain": false, "push": false, "triage": false, "pull": true}, "_id": 821549}, {"owner": {"type": "User", "site_admin": false}, "fork": false, "created_at": "2010-08-06T15:22:56Z", "updated_at": "2022-11-03T04:38:37Z", "pushed_at": "2014-02-12T03:42:05Z", "size": 396, "stargazers_count": 15, "watchers_count": 15, "language": "Ruby", "has_issues": true, "has_projects": true, "has_downloads": true, "has_wiki": true, "has_pages": false, "has_discussions": false, "forks_count": 7, "mirror_url": null, "archived": true, "disabled": false, "open_issues_count": 4, "license": {"key": "mit", "name": "MIT License", "spdx_id": "MIT", "url": "https://api.github.com/licenses/mit", "node_id": "MDc6TGljZW5zZTEz"}, "allow_forking": true, "is_template": false, "web_commit_signoff_required": false, "topics": [], "default_branch": "master", "permissions": {"admin": false, "maintain": false, "push": false, "triage": false, "pull": true}, "_id": 821612}, {"owner": {"type": "User", "site_admin": false}, "fork": false, "created_at": "2010-08-06T15:34:45Z", "updated_at": "2019-07-08T22:10:10Z", "pushed_at": "2011-01-17T12:27:17Z", "size": 1160, "stargazers_count": 11, "watchers_count": 11, "language": "JavaScript", "has_issues": false, "has_projects": true, "has_downloads": false, "has_wiki": false, "has_pages": false, "has_discussions": false, "forks_count": 0, "mirror_url": null, "archived": false, "disabled": false, "open_issues_count": 0, "license": null, "allow_forking": true, "is_template": false, "web_commit_signoff_required": false, "topics": [], "default_branch": "master", "permissions": {"admin": false, "maintain": false, "push": false, "triage": false, "pull": true}, "_id": 821640}, {"owner": {"type": "Organization", "site_admin": false}, "fork": false, "created_at": "2010-08-06T15:37:32Z", "updated_at": "2022-11-20T19:07:52Z", "pushed_at": "2021-10-19T17:55:10Z", "size": 3743017, "stargazers_count": 531, "watchers_count": 531, "language": "C", "has_issues": true, "has_projects": true, "has_downloads": true, "has_wiki": true, "has_pages": false, "has_discussions": false, "forks_count": 124, "mirror_url": null, "archived": false, "disabled": false, "open_issues_count": 45, "license": null, "allow_forking": true, "is_template": false, "web_commit_signoff_required": false, "topics": [], "default_branch": "master", "permissions": {"admin": false, "maintain": false, "push": false, "triage": false, "pull": true}, "_id": 821644}, {"owner": {"type": "Organization", "site_admin": false}, "fork": false, "created_at": "2010-08-06T15:55:02Z", "updated_at": "2015-12-11T07:11:12Z", "pushed_at": "2013-06-21T23:19:55Z", "size": 2217, "stargazers_count": 6, "watchers_count": 6, "language": "JavaScript", "has_issues": true, "has_projects": true, "has_downloads": true, "has_wiki": true, "has_pages": true, "has_discussions": false, "forks_count": 1, "mirror_url": null, "archived": false, "disabled": false, "open_issues_count": 0, "license": {"key": "gpl-3.0", "name": "GNU General Public License v3.0", "spdx_id": "GPL-3.0", "url": "https://api.github.com/licenses/gpl-3.0", "node_id": "MDc6TGljZW5zZTk="}, "allow_forking": true, "is_template": false, "web_commit_signoff_required": false, "topics": [], "default_branch": "master", "permissions": {"admin": false, "maintain": false, "push": false, "triage": false, "pull": true}, "_id": 821676}, {"owner": {"type": "Organization", "site_admin": false}, "fork": false, "created_at": "2010-08-06T16:04:00Z", "updated_at": "2020-06-05T10:49:44Z", "pushed_at": "2013-09-30T18:33:35Z", "size": 105, "stargazers_count": 10, "watchers_count": 10, "language": "Puppet", "has_issues": false, "has_projects": true, "has_downloads": true, "has_wiki": true, "has_pages": false, "has_discussions": false, "forks_count": 6, "mirror_url": null, "archived": true, "disabled": false, "open_issues_count": 0, "license": {"key": "apache-2.0", "name": "Apache License 2.0", "spdx_id": "Apache-2.0", "url": "https://api.github.com/licenses/apache-2.0", "node_id": "MDc6TGljZW5zZTI="}, "allow_forking": true, "is_template": false, "web_commit_signoff_required": false, "topics": [], "default_branch": "master", "permissions": {"admin": false, "maintain": false, "push": false, "triage": false, "pull": true}, "_id": 821694}, {"owner": {"type": "User", "site_admin": false}, "fork": false, "created_at": "2010-08-06T16:11:45Z", "updated_at": "2020-01-22T20:58:41Z", "pushed_at": "2013-02-22T20:02:11Z", "size": 555, "stargazers_count": 7, "watchers_count": 7, "language": "Ruby", "has_issues": true, "has_projects": true, "has_downloads": true, "has_wiki": true, "has_pages": false, "has_discussions": false, "forks_count": 4, "mirror_url": null, "archived": true, "disabled": false, "open_issues_count": 1, "license": null, "allow_forking": true, "is_template": false, "web_commit_signoff_required": false, "topics": [], "default_branch": "unmaintained", "permissions": {"admin": false, "maintain": false, "push": false, "triage": false, "pull": true}, "_id": 821708}, {"owner": {"type": "User", "site_admin": false}, "fork": false, "created_at": "2010-08-06T16:29:14Z", "updated_at": "2017-07-11T21:23:37Z", "pushed_at": "2011-09-16T17:52:12Z", "size": 568, "stargazers_count": 8, "watchers_count": 8, "language": "Shell", "has_issues": true, "has_projects": true, "has_downloads": true, "has_wiki": true, "has_pages": false, "has_discussions": false, "forks_count": 12, "mirror_url": null, "archived": false, "disabled": false, "open_issues_count": 0, "license": {"key": "other", "name": "Other", "spdx_id": "NOASSERTION", "url": null, "node_id": "MDc6TGljZW5zZTA="}, "allow_forking": true, "is_template": false, "web_commit_signoff_required": false, "topics": [], "default_branch": "master", "permissions": {"admin": false, "maintain": false, "push": false, "triage": false, "pull": true}, "_id": 821742}, {"owner": {"type": "User", "site_admin": false}, "fork": false, "created_at": "2010-08-06T16:39:47Z", "updated_at": "2019-12-27T08:00:51Z", "pushed_at": "2010-11-08T03:29:41Z", "size": 9551, "stargazers_count": 14, "watchers_count": 14, "language": "Python", "has_issues": true, "has_projects": true, "has_downloads": true, "has_wiki": true, "has_pages": false, "has_discussions": false, "forks_count": 3, "mirror_url": null, "archived": false, "disabled": false, "open_issues_count": 0, "license": null, "allow_forking": true, "is_template": false, "web_commit_signoff_required": false, "topics": [], "default_branch": "master", "permissions": {"admin": false, "maintain": false, "push": false, "triage": false, "pull": true}, "_id": 821764}, {"owner": {"type": "User", "site_admin": false}, "fork": false, "created_at": "2010-08-06T17:01:31Z", "updated_at": "2022-11-17T16:31:27Z", "pushed_at": "2022-10-31T23:55:09Z", "size": 2872, "stargazers_count": 248, "watchers_count": 248, "language": "C", "has_issues": true, "has_projects": true, "has_downloads": true, "has_wiki": true, "has_pages": false, "has_discussions": false, "forks_count": 68, "mirror_url": null, "archived": false, "disabled": false, "open_issues_count": 56, "license": {"key": "lgpl-2.1", "name": "GNU Lesser General Public License v2.1", "spdx_id": "LGPL-2.1", "url": "https://api.github.com/licenses/lgpl-2.1", "node_id": "MDc6TGljZW5zZTEx"}, "allow_forking": true, "is_template": false, "web_commit_signoff_required": false, "topics": [], "default_branch": "master", "permissions": {"admin": false, "maintain": false, "push": false, "triage": false, "pull": true}, "_id": 821809}, {"owner": {"type": "User", "site_admin": false}, "fork": false, "created_at": "2010-08-06T17:08:51Z", "updated_at": "2022-07-21T19:00:56Z", "pushed_at": "2013-10-18T17:24:12Z", "size": 4209, "stargazers_count": 56, "watchers_count": 56, "language": "Java", "has_issues": true, "has_projects": true, "has_downloads": true, "has_wiki": true, "has_pages": false, "has_discussions": false, "forks_count": 35, "mirror_url": null, "archived": false, "disabled": false, "open_issues_count": 7, "license": null, "allow_forking": true, "is_template": false, "web_commit_signoff_required": false, "topics": [], "default_branch": "master", "permissions": {"admin": false, "maintain": false, "push": false, "triage": false, "pull": true}, "_id": 821822}, {"owner": {"type": "Organization", "site_admin": false}, "fork": false, "created_at": "2010-08-06T17:11:27Z", "updated_at": "2022-06-03T07:49:03Z", "pushed_at": "2022-08-15T11:39:48Z", "size": 187, "stargazers_count": 7, "watchers_count": 7, "language": "Ruby", "has_issues": true, "has_projects": true, "has_downloads": true, "has_wiki": true, "has_pages": false, "has_discussions": false, "forks_count": 4, "mirror_url": null, "archived": false, "disabled": false, "open_issues_count": 2, "license": null, "allow_forking": true, "is_template": false, "web_commit_signoff_required": false, "topics": [], "default_branch": "master", "permissions": {"admin": false, "maintain": false, "push": false, "triage": false, "pull": true}, "_id": 821825}, {"owner": {"type": "Organization", "site_admin": false}, "fork": false, "created_at": "2010-08-06T17:17:03Z", "updated_at": "2022-10-17T08:11:16Z", "pushed_at": "2017-02-08T09:12:45Z", "size": 42522, "stargazers_count": 195, "watchers_count": 195, "language": "PHP", "has_issues": false, "has_projects": false, "has_downloads": false, "has_wiki": false, "has_pages": false, "has_discussions": false, "forks_count": 176, "mirror_url": null, "archived": true, "disabled": false, "open_issues_count": 0, "license": {"key": "mit", "name": "MIT License", "spdx_id": "MIT", "url": "https://api.github.com/licenses/mit", "node_id": "MDc6TGljZW5zZTEz"}, "allow_forking": true, "is_template": false, "web_commit_signoff_required": false, "topics": ["php", "symfony"], "default_branch": "1.4", "permissions": {"admin": false, "maintain": false, "push": false, "triage": false, "pull": true}, "_id": 821835}, {"owner": {"type": "Organization", "site_admin": false}, "fork": false, "created_at": "2010-08-06T18:16:14Z", "updated_at": "2020-10-07T18:44:30Z", "pushed_at": "2015-06-09T20:41:42Z", "size": 1308, "stargazers_count": 32, "watchers_count": 32, "language": "Python", "has_issues": true, "has_projects": true, "has_downloads": true, "has_wiki": true, "has_pages": false, "has_discussions": false, "forks_count": 6, "mirror_url": null, "archived": false, "disabled": false, "open_issues_count": 2, "license": {"key": "apache-2.0", "name": "Apache License 2.0", "spdx_id": "Apache-2.0", "url": "https://api.github.com/licenses/apache-2.0", "node_id": "MDc6TGljZW5zZTI="}, "allow_forking": true, "is_template": false, "web_commit_signoff_required": false, "topics": [], "default_branch": "master", "permissions": {"admin": false, "maintain": false, "push": false, "triage": false, "pull": true}, "_id": 821904}, {"owner": {"type": "User", "site_admin": false}, "fork": false, "created_at": "2010-08-06T18:20:07Z", "updated_at": "2020-09-22T16:01:41Z", "pushed_at": "2016-01-23T20:58:36Z", "size": 2341, "stargazers_count": 14, "watchers_count": 14, "language": "TeX", "has_issues": true, "has_projects": true, "has_downloads": true, "has_wiki": true, "has_pages": true, "has_discussions": false, "forks_count": 2, "mirror_url": null, "archived": false, "disabled": false, "open_issues_count": 4, "license": {"key": "other", "name": "Other", "spdx_id": "NOASSERTION", "url": null, "node_id": "MDc6TGljZW5zZTA="}, "allow_forking": true, "is_template": false, "web_commit_signoff_required": false, "topics": ["data-modeling", "diagrams", "tex", "tikz"], "default_branch": "master", "permissions": {"admin": false, "maintain": false, "push": false, "triage": false, "pull": true}, "_id": 821916}, {"owner": {"type": "User", "site_admin": false}, "fork": false, "created_at": "2010-08-06T18:29:03Z", "updated_at": "2022-11-22T20:35:12Z", "pushed_at": "2022-11-10T11:43:19Z", "size": 10005, "stargazers_count": 743, "watchers_count": 743, "language": "Go", "has_issues": true, "has_projects": true, "has_downloads": true, "has_wiki": true, "has_pages": false, "has_discussions": false, "forks_count": 108, "mirror_url": null, "archived": false, "disabled": false, "open_issues_count": 18, "license": {"key": "bsd-3-clause", "name": "BSD 3-Clause \"New\" or \"Revised\" License", "spdx_id": "BSD-3-Clause", "url": "https://api.github.com/licenses/bsd-3-clause", "node_id": "MDc6TGljZW5zZTU="}, "allow_forking": true, "is_template": false, "web_commit_signoff_required": false, "topics": [], "default_branch": "master", "permissions": {"admin": false, "maintain": false, "push": false, "triage": false, "pull": true}, "_id": 821929}, {"owner": {"type": "User", "site_admin": false}, "fork": false, "created_at": "2010-08-06T18:58:21Z", "updated_at": "2022-11-23T19:52:25Z", "pushed_at": "2020-05-29T19:35:28Z", "size": 63, "stargazers_count": 819, "watchers_count": 819, "language": "Vim script", "has_issues": true, "has_projects": true, "has_downloads": true, "has_wiki": true, "has_pages": false, "has_discussions": false, "forks_count": 77, "mirror_url": null, "archived": false, "disabled": false, "open_issues_count": 14, "license": null, "allow_forking": true, "is_template": false, "web_commit_signoff_required": false, "topics": [], "default_branch": "master", "permissions": {"admin": false, "maintain": false, "push": false, "triage": false, "pull": true}, "_id": 821987}, {"owner": {"type": "User", "site_admin": false}, "fork": false, "created_at": "2010-08-06T19:02:12Z", "updated_at": "2017-02-22T17:09:10Z", "pushed_at": "2010-08-07T12:38:16Z", "size": 172, "stargazers_count": 8, "watchers_count": 8, "language": "Python", "has_issues": true, "has_projects": true, "has_downloads": true, "has_wiki": true, "has_pages": true, "has_discussions": false, "forks_count": 0, "mirror_url": null, "archived": false, "disabled": false, "open_issues_count": 0, "license": {"key": "mit", "name": "MIT License", "spdx_id": "MIT", "url": "https://api.github.com/licenses/mit", "node_id": "MDc6TGljZW5zZTEz"}, "allow_forking": true, "is_template": false, "web_commit_signoff_required": false, "topics": [], "default_branch": "master", "permissions": {"admin": false, "maintain": false, "push": false, "triage": false, "pull": true}, "_id": 821995}, {"owner": {"type": "Organization", "site_admin": false}, "fork": false, "created_at": "2010-08-06T19:20:14Z", "updated_at": "2022-11-12T15:54:06Z", "pushed_at": "2019-08-08T09:20:40Z", "size": 36402, "stargazers_count": 495, "watchers_count": 495, "language": "HTML", "has_issues": true, "has_projects": true, "has_downloads": true, "has_wiki": true, "has_pages": true, "has_discussions": false, "forks_count": 140, "mirror_url": null, "archived": false, "disabled": false, "open_issues_count": 224, "license": null, "allow_forking": true, "is_template": false, "web_commit_signoff_required": false, "topics": [], "default_branch": "gh-pages", "permissions": {"admin": false, "maintain": false, "push": false, "triage": false, "pull": true}, "_id": 822025}, {"owner": {"type": "User", "site_admin": false}, "fork": false, "created_at": "2010-08-06T19:23:18Z", "updated_at": "2022-11-20T12:44:19Z", "pushed_at": "2019-01-18T08:57:41Z", "size": 676, "stargazers_count": 275, "watchers_count": 275, "language": "C", "has_issues": true, "has_projects": true, "has_downloads": true, "has_wiki": true, "has_pages": false, "has_discussions": false, "forks_count": 23, "mirror_url": null, "archived": false, "disabled": false, "open_issues_count": 7, "license": null, "allow_forking": true, "is_template": false, "web_commit_signoff_required": false, "topics": [], "default_branch": "master", "permissions": {"admin": false, "maintain": false, "push": false, "triage": false, "pull": true}, "_id": 822032}, {"owner": {"type": "Organization", "site_admin": false}, "fork": false, "created_at": "2010-08-06T19:55:18Z", "updated_at": "2022-11-17T21:47:22Z", "pushed_at": "2022-11-26T03:11:04Z", "size": 162, "stargazers_count": 23, "watchers_count": 23, "language": "Java", "has_issues": true, "has_projects": true, "has_downloads": true, "has_wiki": false, "has_pages": false, "has_discussions": false, "forks_count": 14, "mirror_url": null, "archived": false, "disabled": false, "open_issues_count": 2, "license": null, "allow_forking": true, "is_template": false, "web_commit_signoff_required": false, "topics": [], "default_branch": "master", "permissions": {"admin": false, "maintain": false, "push": false, "triage": false, "pull": true}, "_id": 822100}, {"owner": {"type": "Organization", "site_admin": false}, "fork": false, "created_at": "2010-08-06T20:26:40Z", "updated_at": "2022-08-08T16:17:18Z", "pushed_at": "2013-12-26T18:48:12Z", "size": 478, "stargazers_count": 50, "watchers_count": 50, "language": "Ruby", "has_issues": true, "has_projects": true, "has_downloads": true, "has_wiki": true, "has_pages": false, "has_discussions": false, "forks_count": 68, "mirror_url": null, "archived": false, "disabled": false, "open_issues_count": 1, "license": null, "allow_forking": true, "is_template": false, "web_commit_signoff_required": false, "topics": [], "default_branch": "stable", "permissions": {"admin": false, "maintain": false, "push": false, "triage": false, "pull": true}, "_id": 822153}, {"owner": {"type": "User", "site_admin": false}, "fork": false, "created_at": "2010-08-06T20:36:43Z", "updated_at": "2016-07-15T19:53:48Z", "pushed_at": "2010-08-10T07:15:33Z", "size": 1836, "stargazers_count": 9, "watchers_count": 9, "language": "Scala", "has_issues": true, "has_projects": true, "has_downloads": true, "has_wiki": true, "has_pages": false, "has_discussions": false, "forks_count": 0, "mirror_url": null, "archived": false, "disabled": false, "open_issues_count": 0, "license": null, "allow_forking": true, "is_template": false, "web_commit_signoff_required": false, "topics": [], "default_branch": "master", "permissions": {"admin": false, "maintain": false, "push": false, "triage": false, "pull": true}, "_id": 822167}, {"owner": {"type": "User", "site_admin": false}, "fork": false, "created_at": "2010-08-06T20:37:14Z", "updated_at": "2020-08-07T19:53:46Z", "pushed_at": "2020-02-29T08:31:53Z", "size": 2575, "stargazers_count": 27, "watchers_count": 27, "language": "Ruby", "has_issues": true, "has_projects": true, "has_downloads": true, "has_wiki": true, "has_pages": false, "has_discussions": false, "forks_count": 10, "mirror_url": null, "archived": false, "disabled": false, "open_issues_count": 9, "license": null, "allow_forking": true, "is_template": false, "web_commit_signoff_required": false, "topics": [], "default_branch": "master", "permissions": {"admin": false, "maintain": false, "push": false, "triage": false, "pull": true}, "_id": 822169}, {"owner": {"type": "User", "site_admin": false}, "fork": false, "created_at": "2010-08-06T21:09:33Z", "updated_at": "2022-05-15T21:51:27Z", "pushed_at": "2022-04-29T18:22:58Z", "size": 104, "stargazers_count": 41, "watchers_count": 41, "language": "Common Lisp", "has_issues": true, "has_projects": true, "has_downloads": true, "has_wiki": true, "has_pages": false, "has_discussions": false, "forks_count": 28, "mirror_url": null, "archived": false, "disabled": false, "open_issues_count": 10, "license": {"key": "bsd-2-clause", "name": "BSD 2-Clause \"Simplified\" License", "spdx_id": "BSD-2-Clause", "url": "https://api.github.com/licenses/bsd-2-clause", "node_id": "MDc6TGljZW5zZTQ="}, "allow_forking": true, "is_template": false, "web_commit_signoff_required": false, "topics": [], "default_branch": "master", "permissions": {"admin": false, "maintain": false, "push": false, "triage": false, "pull": true}, "_id": 822226}, {"owner": {"type": "User", "site_admin": false}, "fork": false, "created_at": "2010-08-06T21:23:42Z", "updated_at": "2015-04-21T20:35:55Z", "pushed_at": "2010-09-28T21:25:22Z", "size": 388, "stargazers_count": 9, "watchers_count": 9, "language": "Clojure", "has_issues": true, "has_projects": true, "has_downloads": true, "has_wiki": true, "has_pages": false, "has_discussions": false, "forks_count": 0, "mirror_url": null, "archived": false, "disabled": false, "open_issues_count": 0, "license": null, "allow_forking": true, "is_template": false, "web_commit_signoff_required": false, "topics": [], "default_branch": "master", "permissions": {"admin": false, "maintain": false, "push": false, "triage": false, "pull": true}, "_id": 822249}, {"owner": {"type": "User", "site_admin": false}, "fork": false, "created_at": "2010-08-06T21:29:25Z", "updated_at": "2022-10-04T09:53:08Z", "pushed_at": "2011-12-21T17:22:28Z", "size": 101, "stargazers_count": 21, "watchers_count": 21, "language": "JavaScript", "has_issues": true, "has_projects": true, "has_downloads": true, "has_wiki": true, "has_pages": false, "has_discussions": false, "forks_count": 9, "mirror_url": null, "archived": false, "disabled": false, "open_issues_count": 0, "license": null, "allow_forking": true, "is_template": false, "web_commit_signoff_required": false, "topics": [], "default_branch": "master", "permissions": {"admin": false, "maintain": false, "push": false, "triage": false, "pull": true}, "_id": 822260}, {"owner": {"type": "User", "site_admin": false}, "fork": false, "created_at": "2010-08-06T21:35:04Z", "updated_at": "2022-11-04T02:14:33Z", "pushed_at": "2018-11-14T13:07:08Z", "size": 1062, "stargazers_count": 277, "watchers_count": 277, "language": null, "has_issues": true, "has_projects": true, "has_downloads": true, "has_wiki": true, "has_pages": false, "has_discussions": false, "forks_count": 55, "mirror_url": null, "archived": false, "disabled": false, "open_issues_count": 0, "license": null, "allow_forking": true, "is_template": false, "web_commit_signoff_required": false, "topics": [], "default_branch": "master", "permissions": {"admin": false, "maintain": false, "push": false, "triage": false, "pull": true}, "_id": 822267}, {"owner": {"type": "Organization", "site_admin": false}, "fork": false, "created_at": "2010-08-06T22:02:09Z", "updated_at": "2021-10-23T11:40:19Z", "pushed_at": "2021-06-25T18:24:54Z", "size": 3860, "stargazers_count": 16, "watchers_count": 16, "language": "Python", "has_issues": true, "has_projects": true, "has_downloads": true, "has_wiki": true, "has_pages": false, "has_discussions": false, "forks_count": 20, "mirror_url": null, "archived": true, "disabled": false, "open_issues_count": 11, "license": null, "allow_forking": true, "is_template": false, "web_commit_signoff_required": false, "topics": ["high-energy-physics", "invenio", "inveniosoftware"], "default_branch": "master", "permissions": {"admin": false, "maintain": false, "push": false, "triage": false, "pull": true}, "_id": 822319}, {"owner": {"type": "User", "site_admin": false}, "fork": false, "created_at": "2010-08-06T22:21:48Z", "updated_at": "2021-01-11T05:09:28Z", "pushed_at": "2011-05-03T20:20:05Z", "size": 132, "stargazers_count": 10, "watchers_count": 10, "language": "Java", "has_issues": true, "has_projects": true, "has_downloads": true, "has_wiki": true, "has_pages": false, "has_discussions": false, "forks_count": 4, "mirror_url": null, "archived": false, "disabled": false, "open_issues_count": 0, "license": null, "allow_forking": true, "is_template": false, "web_commit_signoff_required": false, "topics": [], "default_branch": "master", "permissions": {"admin": false, "maintain": false, "push": false, "triage": false, "pull": true}, "_id": 822344}, {"owner": {"type": "User", "site_admin": false}, "fork": false, "created_at": "2010-08-06T22:32:23Z", "updated_at": "2014-09-15T19:39:31Z", "pushed_at": "2015-11-30T09:43:04Z", "size": 30310, "stargazers_count": 8, "watchers_count": 8, "language": "Python", "has_issues": true, "has_projects": true, "has_downloads": false, "has_wiki": false, "has_pages": false, "has_discussions": false, "forks_count": 0, "mirror_url": null, "archived": false, "disabled": false, "open_issues_count": 0, "license": null, "allow_forking": true, "is_template": false, "web_commit_signoff_required": false, "topics": [], "default_branch": "master", "permissions": {"admin": false, "maintain": false, "push": false, "triage": false, "pull": true}, "_id": 822360}, {"owner": {"type": "User", "site_admin": false}, "fork": false, "created_at": "2010-08-06T22:35:14Z", "updated_at": "2019-08-16T13:44:25Z", "pushed_at": "2010-08-06T22:36:21Z", "size": 94, "stargazers_count": 10, "watchers_count": 10, "language": null, "has_issues": true, "has_projects": true, "has_downloads": true, "has_wiki": true, "has_pages": false, "has_discussions": false, "forks_count": 1, "mirror_url": null, "archived": false, "disabled": false, "open_issues_count": 0, "license": null, "allow_forking": true, "is_template": false, "web_commit_signoff_required": false, "topics": [], "default_branch": "master", "permissions": {"admin": false, "maintain": false, "push": false, "triage": false, "pull": true}, "_id": 822362}, {"owner": {"type": "Organization", "site_admin": false}, "fork": false, "created_at": "2010-08-06T22:42:59Z", "updated_at": "2022-11-24T10:59:52Z", "pushed_at": "2016-12-24T03:24:49Z", "size": 3929, "stargazers_count": 384, "watchers_count": 384, "language": "C#", "has_issues": true, "has_projects": true, "has_downloads": true, "has_wiki": true, "has_pages": false, "has_discussions": false, "forks_count": 101, "mirror_url": null, "archived": false, "disabled": false, "open_issues_count": 20, "license": {"key": "other", "name": "Other", "spdx_id": "NOASSERTION", "url": null, "node_id": "MDc6TGljZW5zZTA="}, "allow_forking": true, "is_template": false, "web_commit_signoff_required": false, "topics": [], "default_branch": "master", "permissions": {"admin": false, "maintain": false, "push": false, "triage": false, "pull": true}, "_id": 822377}, {"owner": {"type": "User", "site_admin": false}, "fork": false, "created_at": "2010-08-06T22:55:31Z", "updated_at": "2022-03-03T21:15:40Z", "pushed_at": "2013-01-29T20:45:20Z", "size": 3106, "stargazers_count": 41, "watchers_count": 41, "language": "C", "has_issues": false, "has_projects": true, "has_downloads": true, "has_wiki": true, "has_pages": true, "has_discussions": false, "forks_count": 21, "mirror_url": null, "archived": false, "disabled": false, "open_issues_count": 2, "license": null, "allow_forking": true, "is_template": false, "web_commit_signoff_required": false, "topics": [], "default_branch": "master", "permissions": {"admin": false, "maintain": false, "push": false, "triage": false, "pull": true}, "_id": 822393}, {"owner": {"type": "User", "site_admin": false}, "fork": false, "created_at": "2010-08-06T23:00:34Z", "updated_at": "2018-02-11T18:24:50Z", "pushed_at": "2010-08-06T23:00:53Z", "size": 206, "stargazers_count": 8, "watchers_count": 8, "language": "Python", "has_issues": true, "has_projects": true, "has_downloads": true, "has_wiki": true, "has_pages": false, "has_discussions": false, "forks_count": 1, "mirror_url": null, "archived": false, "disabled": false, "open_issues_count": 0, "license": null, "allow_forking": true, "is_template": false, "web_commit_signoff_required": false, "topics": [], "default_branch": "master", "permissions": {"admin": false, "maintain": false, "push": false, "triage": false, "pull": true}, "_id": 822400}, {"owner": {"type": "Organization", "site_admin": false}, "fork": false, "created_at": "2010-08-06T23:03:16Z", "updated_at": "2018-03-17T10:11:51Z", "pushed_at": "2011-06-13T06:44:59Z", "size": 322, "stargazers_count": 14, "watchers_count": 14, "language": "ActionScript", "has_issues": true, "has_projects": true, "has_downloads": true, "has_wiki": false, "has_pages": true, "has_discussions": false, "forks_count": 4, "mirror_url": null, "archived": false, "disabled": false, "open_issues_count": 0, "license": null, "allow_forking": true, "is_template": false, "web_commit_signoff_required": false, "topics": [], "default_branch": "master", "permissions": {"admin": false, "maintain": false, "push": false, "triage": false, "pull": true}, "_id": 822408}, {"owner": {"type": "User", "site_admin": false}, "fork": false, "created_at": "2010-08-06T23:04:25Z", "updated_at": "2018-02-11T18:24:38Z", "pushed_at": "2010-08-06T23:08:25Z", "size": 1251, "stargazers_count": 14, "watchers_count": 14, "language": null, "has_issues": true, "has_projects": true, "has_downloads": true, "has_wiki": true, "has_pages": false, "has_discussions": false, "forks_count": 1, "mirror_url": null, "archived": false, "disabled": false, "open_issues_count": 0, "license": null, "allow_forking": true, "is_template": false, "web_commit_signoff_required": false, "topics": [], "default_branch": "master", "permissions": {"admin": false, "maintain": false, "push": false, "triage": false, "pull": true}, "_id": 822411}, {"owner": {"type": "Organization", "site_admin": false}, "fork": false, "created_at": "2010-08-06T23:23:26Z", "updated_at": "2022-08-14T14:39:34Z", "pushed_at": "2014-10-10T18:39:03Z", "size": 147, "stargazers_count": 80, "watchers_count": 80, "language": "Python", "has_issues": false, "has_projects": true, "has_downloads": true, "has_wiki": false, "has_pages": false, "has_discussions": false, "forks_count": 23, "mirror_url": null, "archived": true, "disabled": false, "open_issues_count": 0, "license": null, "allow_forking": true, "is_template": false, "web_commit_signoff_required": false, "topics": [], "default_branch": "master", "permissions": {"admin": false, "maintain": false, "push": false, "triage": false, "pull": true}, "_id": 822431}]