[{"owner": {"type": "User", "site_admin": false}, "fork": false, "created_at": "2010-08-17T00:07:36Z", "updated_at": "2019-12-05T06:31:49Z", "pushed_at": "2010-08-17T02:06:05Z", "size": 140, "stargazers_count": 7, "watchers_count": 7, "language": "Haskell", "has_issues": true, "has_projects": true, "has_downloads": true, "has_wiki": true, "has_pages": false, "has_discussions": false, "forks_count": 0, "mirror_url": null, "archived": false, "disabled": false, "open_issues_count": 0, "license": {"key": "wtfpl", "name": "Do What The F*ck You Want To Public License", "spdx_id": "WTFPL", "url": "https://api.github.com/licenses/wtfpl", "node_id": "MDc6TGljZW5zZTE4"}, "allow_forking": true, "is_template": false, "web_commit_signoff_required": false, "topics": [], "default_branch": "master", "permissions": {"admin": false, "maintain": false, "push": false, "triage": false, "pull": true}, "_id": 842449}, {"owner": {"type": "User", "site_admin": false}, "fork": false, "created_at": "2010-08-17T00:27:49Z", "updated_at": "2018-02-10T08:39:19Z", "pushed_at": "2010-11-01T22:44:03Z", "size": 88, "stargazers_count": 31, "watchers_count": 31, "language": "Objective-C", "has_issues": true, "has_projects": true, "has_downloads": true, "has_wiki": true, "has_pages": false, "has_discussions": false, "forks_count": 2, "mirror_url": null, "archived": false, "disabled": false, "open_issues_count": 0, "license": null, "allow_forking": true, "is_template": false, "web_commit_signoff_required": false, "topics": [], "default_branch": "master", "permissions": {"admin": false, "maintain": false, "push": false, "triage": false, "pull": true}, "_id": 842482}, {"owner": {"type": "User", "site_admin": false}, "fork": false, "created_at": "2010-08-17T00:42:23Z", "updated_at": "2022-04-02T09:23:15Z", "pushed_at": "2010-08-17T00:43:14Z", "size": 202, "stargazers_count": 35, "watchers_count": 35, "language": "Ruby", "has_issues": true, "has_projects": true, "has_downloads": true, "has_wiki": true, "has_pages": false, "has_discussions": false, "forks_count": 5, "mirror_url": null, "archived": false, "disabled": false, "open_issues_count": 3, "license": null, "allow_forking": true, "is_template": false, "web_commit_signoff_required": false, "topics": [], "default_branch": "master", "permissions": {"admin": false, "maintain": false, "push": false, "triage": false, "pull": true}, "_id": 842499}, {"owner": {"type": "User", "site_admin": false}, "fork": false, "created_at": "2010-08-17T00:43:04Z", "updated_at": "2016-09-20T16:45:21Z", "pushed_at": "2010-08-17T18:06:30Z", "size": 95, "stargazers_count": 7, "watchers_count": 7, "language": "Python", "has_issues": true, "has_projects": true, "has_downloads": true, "has_wiki": true, "has_pages": false, "has_discussions": false, "forks_count": 1, "mirror_url": null, "archived": false, "disabled": false, "open_issues_count": 1, "license": null, "allow_forking": true, "is_template": false, "web_commit_signoff_required": false, "topics": [], "default_branch": "master", "permissions": {"admin": false, "maintain": false, "push": false, "triage": false, "pull": true}, "_id": 842501}, {"owner": {"type": "User", "site_admin": false}, "fork": false, "created_at": "2010-08-17T01:02:55Z", "updated_at": "2021-02-19T03:22:28Z", "pushed_at": "2011-05-19T15:07:49Z", "size": 1429, "stargazers_count": 11, "watchers_count": 11, "language": "Erlang", "has_issues": true, "has_projects": true, "has_downloads": true, "has_wiki": true, "has_pages": true, "has_discussions": false, "forks_count": 2, "mirror_url": null, "archived": true, "disabled": false, "open_issues_count": 0, "license": null, "allow_forking": true, "is_template": false, "web_commit_signoff_required": false, "topics": ["chord", "dht", "erlang"], "default_branch": "master", "permissions": {"admin": false, "maintain": false, "push": false, "triage": false, "pull": true}, "_id": 842531}, {"owner": {"type": "User", "site_admin": false}, "fork": false, "created_at": "2010-08-17T01:52:31Z", "updated_at": "2019-09-24T06:06:32Z", "pushed_at": "2012-01-21T02:06:40Z", "size": 3295, "stargazers_count": 6, "watchers_count": 6, "language": "JavaScript", "has_issues": true, "has_projects": true, "has_downloads": true, "has_wiki": true, "has_pages": false, "has_discussions": false, "forks_count": 0, "mirror_url": null, "archived": false, "disabled": false, "open_issues_count": 0, "license": {"key": "bsd-2-clause", "name": "BSD 2-Clause \"Simplified\" License", "spdx_id": "BSD-2-Clause", "url": "https://api.github.com/licenses/bsd-2-clause", "node_id": "MDc6TGljZW5zZTQ="}, "allow_forking": true, "is_template": false, "web_commit_signoff_required": false, "topics": [], "default_branch": "master", "permissions": {"admin": false, "maintain": false, "push": false, "triage": false, "pull": true}, "_id": 842601}, {"owner": {"type": "User", "site_admin": false}, "fork": false, "created_at": "2010-08-17T02:29:59Z", "updated_at": "2022-10-27T11:41:25Z", "pushed_at": "2018-02-28T01:38:56Z", "size": 2993, "stargazers_count": 27, "watchers_count": 27, "language": "C", "has_issues": true, "has_projects": true, "has_downloads": true, "has_wiki": true, "has_pages": false, "has_discussions": false, "forks_count": 2, "mirror_url": null, "archived": false, "disabled": false, "open_issues_count": 5, "license": {"key": "other", "name": "Other", "spdx_id": "NOASSERTION", "url": null, "node_id": "MDc6TGljZW5zZTA="}, "allow_forking": true, "is_template": false, "web_commit_signoff_required": false, "topics": [], "default_branch": "master", "permissions": {"admin": false, "maintain": false, "push": false, "triage": false, "pull": true}, "_id": 842657}, {"owner": {"type": "User", "site_admin": false}, "fork": false, "created_at": "2010-08-17T02:42:49Z", "updated_at": "2016-07-01T17:35:16Z", "pushed_at": "2010-08-17T02:59:00Z", "size": 209, "stargazers_count": 7, "watchers_count": 7, "language": "C", "has_issues": true, "has_projects": true, "has_downloads": true, "has_wiki": true, "has_pages": false, "has_discussions": false, "forks_count": 4, "mirror_url": null, "archived": false, "disabled": false, "open_issues_count": 0, "license": null, "allow_forking": true, "is_template": false, "web_commit_signoff_required": false, "topics": [], "default_branch": "master", "permissions": {"admin": false, "maintain": false, "push": false, "triage": false, "pull": true}, "_id": 842681}, {"owner": {"type": "User", "site_admin": false}, "fork": false, "created_at": "2010-08-17T02:57:34Z", "updated_at": "2017-02-23T02:34:18Z", "pushed_at": "2010-10-07T04:41:39Z", "size": 268, "stargazers_count": 7, "watchers_count": 7, "language": "C", "has_issues": true, "has_projects": true, "has_downloads": true, "has_wiki": true, "has_pages": false, "has_discussions": false, "forks_count": 1, "mirror_url": null, "archived": false, "disabled": false, "open_issues_count": 0, "license": {"key": "gpl-3.0", "name": "GNU General Public License v3.0", "spdx_id": "GPL-3.0", "url": "https://api.github.com/licenses/gpl-3.0", "node_id": "MDc6TGljZW5zZTk="}, "allow_forking": true, "is_template": false, "web_commit_signoff_required": false, "topics": [], "default_branch": "rmfd", "permissions": {"admin": false, "maintain": false, "push": false, "triage": false, "pull": true}, "_id": 842702}, {"owner": {"type": "User", "site_admin": false}, "fork": false, "created_at": "2010-08-17T03:29:29Z", "updated_at": "2017-02-28T13:27:53Z", "pushed_at": "2010-08-17T03:31:13Z", "size": 211, "stargazers_count": 13, "watchers_count": 13, "language": "PHP", "has_issues": true, "has_projects": true, "has_downloads": true, "has_wiki": true, "has_pages": false, "has_discussions": false, "forks_count": 2, "mirror_url": null, "archived": false, "disabled": false, "open_issues_count": 1, "license": null, "allow_forking": true, "is_template": false, "web_commit_signoff_required": false, "topics": [], "default_branch": "master", "permissions": {"admin": false, "maintain": false, "push": false, "triage": false, "pull": true}, "_id": 842747}, {"owner": {"type": "User", "site_admin": false}, "fork": false, "created_at": "2010-08-17T03:30:27Z", "updated_at": "2022-07-27T04:19:37Z", "pushed_at": "2022-07-27T04:18:49Z", "size": 1, "stargazers_count": 63, "watchers_count": 63, "language": null, "has_issues": true, "has_projects": true, "has_downloads": true, "has_wiki": false, "has_pages": false, "has_discussions": false, "forks_count": 7, "mirror_url": null, "archived": true, "disabled": false, "open_issues_count": 0, "license": null, "allow_forking": true, "is_template": false, "web_commit_signoff_required": false, "topics": [], "default_branch": "main", "permissions": {"admin": false, "maintain": false, "push": false, "triage": false, "pull": true}, "_id": 842751}, {"owner": {"type": "Organization", "site_admin": false}, "fork": false, "created_at": "2010-08-17T03:56:38Z", "updated_at": "2018-07-26T22:22:55Z", "pushed_at": "2010-09-03T21:52:14Z", "size": 451, "stargazers_count": 7, "watchers_count": 7, "language": "PHP", "has_issues": true, "has_projects": true, "has_downloads": true, "has_wiki": true, "has_pages": false, "has_discussions": false, "forks_count": 3, "mirror_url": null, "archived": false, "disabled": false, "open_issues_count": 0, "license": null, "allow_forking": true, "is_template": false, "web_commit_signoff_required": false, "topics": [], "default_branch": "master", "permissions": {"admin": false, "maintain": false, "push": false, "triage": false, "pull": true}, "_id": 842783}, {"owner": {"type": "User", "site_admin": false}, "fork": false, "created_at": "2010-08-17T04:11:47Z", "updated_at": "2022-07-10T16:37:34Z", "pushed_at": "2015-01-29T03:32:59Z", "size": 136, "stargazers_count": 11, "watchers_count": 11, "language": "Verilog", "has_issues": true, "has_projects": true, "has_downloads": true, "has_wiki": true, "has_pages": false, "has_discussions": false, "forks_count": 3, "mirror_url": null, "archived": false, "disabled": false, "open_issues_count": 0, "license": null, "allow_forking": true, "is_template": false, "web_commit_signoff_required": false, "topics": [], "default_branch": "master", "permissions": {"admin": false, "maintain": false, "push": false, "triage": false, "pull": true}, "_id": 842803}, {"owner": {"type": "User", "site_admin": false}, "fork": false, "created_at": "2010-08-17T04:30:21Z", "updated_at": "2022-02-04T20:06:43Z", "pushed_at": "2010-08-17T04:30:40Z", "size": 116, "stargazers_count": 8, "watchers_count": 8, "language": "C++", "has_issues": true, "has_projects": true, "has_downloads": true, "has_wiki": true, "has_pages": false, "has_discussions": false, "forks_count": 3, "mirror_url": null, "archived": false, "disabled": false, "open_issues_count": 0, "license": null, "allow_forking": true, "is_template": false, "web_commit_signoff_required": false, "topics": [], "default_branch": "master", "permissions": {"admin": false, "maintain": false, "push": false, "triage": false, "pull": true}, "_id": 842832}, {"owner": {"type": "User", "site_admin": false}, "fork": false, "created_at": "2010-08-17T04:56:47Z", "updated_at": "2020-08-29T15:38:31Z", "pushed_at": "2012-03-18T02:47:56Z", "size": 94, "stargazers_count": 26, "watchers_count": 26, "language": "Python", "has_issues": true, "has_projects": true, "has_downloads": true, "has_wiki": true, "has_pages": false, "has_discussions": false, "forks_count": 5, "mirror_url": null, "archived": false, "disabled": false, "open_issues_count": 0, "license": null, "allow_forking": true, "is_template": false, "web_commit_signoff_required": false, "topics": [], "default_branch": "master", "permissions": {"admin": false, "maintain": false, "push": false, "triage": false, "pull": true}, "_id": 842863}, {"owner": {"type": "User", "site_admin": false}, "fork": false, "created_at": "2010-08-17T05:12:49Z", "updated_at": "2022-01-08T07:28:24Z", "pushed_at": "2010-10-23T07:45:33Z", "size": 1005, "stargazers_count": 130, "watchers_count": 130, "language": "JavaScript", "has_issues": true, "has_projects": true, "has_downloads": true, "has_wiki": true, "has_pages": false, "has_discussions": false, "forks_count": 9, "mirror_url": null, "archived": false, "disabled": false, "open_issues_count": 0, "license": {"key": "mit", "name": "MIT License", "spdx_id": "MIT", "url": "https://api.github.com/licenses/mit", "node_id": "MDc6TGljZW5zZTEz"}, "allow_forking": true, "is_template": false, "web_commit_signoff_required": false, "topics": [], "default_branch": "master", "permissions": {"admin": false, "maintain": false, "push": false, "triage": false, "pull": true}, "_id": 842889}, {"owner": {"type": "User", "site_admin": false}, "fork": false, "created_at": "2010-08-17T06:07:22Z", "updated_at": "2022-10-06T11:04:50Z", "pushed_at": "2020-05-14T08:12:40Z", "size": 549, "stargazers_count": 13, "watchers_count": 13, "language": "PHP", "has_issues": true, "has_projects": true, "has_downloads": true, "has_wiki": true, "has_pages": false, "has_discussions": false, "forks_count": 6, "mirror_url": null, "archived": false, "disabled": false, "open_issues_count": 12, "license": null, "allow_forking": true, "is_template": false, "web_commit_signoff_required": false, "topics": ["datatables", "google-charts", "google-spreadsheets", "spreadsheets", "wordpress-plugin"], "default_branch": "master", "permissions": {"admin": false, "maintain": false, "push": false, "triage": false, "pull": true}, "_id": 842956}, {"owner": {"type": "User", "site_admin": false}, "fork": false, "created_at": "2010-08-17T06:37:30Z", "updated_at": "2022-10-21T05:22:25Z", "pushed_at": "2022-07-05T17:37:15Z", "size": 320, "stargazers_count": 8, "watchers_count": 8, "language": "Lua", "has_issues": true, "has_projects": true, "has_downloads": true, "has_wiki": true, "has_pages": false, "has_discussions": false, "forks_count": 1, "mirror_url": null, "archived": false, "disabled": false, "open_issues_count": 0, "license": null, "allow_forking": true, "is_template": false, "web_commit_signoff_required": false, "topics": ["dotfiles", "lua", "systemd", "vim", "zsh"], "default_branch": "master", "permissions": {"admin": false, "maintain": false, "push": false, "triage": false, "pull": true}, "_id": 842994}, {"owner": {"type": "User", "site_admin": false}, "fork": false, "created_at": "2010-08-17T06:37:44Z", "updated_at": "2017-12-02T15:15:47Z", "pushed_at": "2010-09-03T02:21:43Z", "size": 105, "stargazers_count": 7, "watchers_count": 7, "language": "JavaScript", "has_issues": true, "has_projects": true, "has_downloads": true, "has_wiki": true, "has_pages": false, "has_discussions": false, "forks_count": 4, "mirror_url": null, "archived": false, "disabled": false, "open_issues_count": 0, "license": null, "allow_forking": true, "is_template": false, "web_commit_signoff_required": false, "topics": [], "default_branch": "master", "permissions": {"admin": false, "maintain": false, "push": false, "triage": false, "pull": true}, "_id": 842995}, {"owner": {"type": "Organization", "site_admin": false}, "fork": false, "created_at": "2010-08-17T06:49:51Z", "updated_at": "2017-12-18T22:49:10Z", "pushed_at": "2018-03-09T13:32:37Z", "size": 64, "stargazers_count": 6, "watchers_count": 6, "language": "Ruby", "has_issues": true, "has_projects": true, "has_downloads": true, "has_wiki": true, "has_pages": false, "has_discussions": false, "forks_count": 3, "mirror_url": null, "archived": false, "disabled": false, "open_issues_count": 0, "license": {"key": "mit", "name": "MIT License", "spdx_id": "MIT", "url": "https://api.github.com/licenses/mit", "node_id": "MDc6TGljZW5zZTEz"}, "allow_forking": true, "is_template": false, "web_commit_signoff_required": false, "topics": [], "default_branch": "master", "permissions": {"admin": false, "maintain": false, "push": false, "triage": false, "pull": true}, "_id": 843011}, {"owner": {"type": "User", "site_admin": false}, "fork": false, "created_at": "2010-08-17T06:59:41Z", "updated_at": "2021-12-30T03:37:36Z", "pushed_at": "2010-09-17T06:26:16Z", "size": 215, "stargazers_count": 8, "watchers_count": 8, "language": "JavaScript", "has_issues": true, "has_projects": true, "has_downloads": true, "has_wiki": true, "has_pages": false, "has_discussions": false, "forks_count": 1, "mirror_url": null, "archived": false, "disabled": false, "open_issues_count": 0, "license": null, "allow_forking": true, "is_template": false, "web_commit_signoff_required": false, "topics": [], "default_branch": "master", "permissions": {"admin": false, "maintain": false, "push": false, "triage": false, "pull": true}, "_id": 843023}, {"owner": {"type": "User", "site_admin": false}, "fork": false, "created_at": "2010-08-17T07:43:58Z", "updated_at": "2022-09-15T07:46:15Z", "pushed_at": "2013-09-17T13:44:24Z", "size": 132, "stargazers_count": 25, "watchers_count": 25, "language": "C#", "has_issues": true, "has_projects": true, "has_downloads": true, "has_wiki": true, "has_pages": false, "has_discussions": false, "forks_count": 22, "mirror_url": null, "archived": false, "disabled": false, "open_issues_count": 3, "license": null, "allow_forking": true, "is_template": false, "web_commit_signoff_required": false, "topics": [], "default_branch": "master", "permissions": {"admin": false, "maintain": false, "push": false, "triage": false, "pull": true}, "_id": 843067}, {"owner": {"type": "Organization", "site_admin": false}, "fork": false, "created_at": "2010-08-17T07:44:37Z", "updated_at": "2022-10-21T19:13:16Z", "pushed_at": "2017-03-23T00:48:29Z", "size": 1552, "stargazers_count": 237, "watchers_count": 237, "language": "JavaScript", "has_issues": true, "has_projects": true, "has_downloads": true, "has_wiki": true, "has_pages": false, "has_discussions": false, "forks_count": 155, "mirror_url": null, "archived": false, "disabled": false, "open_issues_count": 32, "license": {"key": "other", "name": "Other", "spdx_id": "NOASSERTION", "url": null, "node_id": "MDc6TGljZW5zZTA="}, "allow_forking": true, "is_template": false, "web_commit_signoff_required": false, "topics": [], "default_branch": "master", "permissions": {"admin": false, "maintain": false, "push": false, "triage": false, "pull": true}, "_id": 843068}, {"owner": {"type": "Organization", "site_admin": false}, "fork": false, "created_at": "2010-08-17T07:48:26Z", "updated_at": "2022-03-09T05:44:47Z", "pushed_at": "2022-11-07T16:20:23Z", "size": 394, "stargazers_count": 33, "watchers_count": 33, "language": "JavaScript", "has_issues": true, "has_projects": true, "has_downloads": true, "has_wiki": true, "has_pages": false, "has_discussions": false, "forks_count": 30, "mirror_url": null, "archived": false, "disabled": false, "open_issues_count": 4, "license": {"key": "other", "name": "Other", "spdx_id": "NOASSERTION", "url": null, "node_id": "MDc6TGljZW5zZTA="}, "allow_forking": true, "is_template": false, "web_commit_signoff_required": false, "topics": [], "default_branch": "master", "permissions": {"admin": false, "maintain": false, "push": false, "triage": false, "pull": true}, "_id": 843073}, {"owner": {"type": "Organization", "site_admin": false}, "fork": false, "created_at": "2010-08-17T07:50:35Z", "updated_at": "2022-10-31T10:49:20Z", "pushed_at": "2022-11-07T16:14:57Z", "size": 338, "stargazers_count": 69, "watchers_count": 69, "language": "JavaScript", "has_issues": true, "has_projects": true, "has_downloads": true, "has_wiki": true, "has_pages": false, "has_discussions": false, "forks_count": 83, "mirror_url": null, "archived": false, "disabled": false, "open_issues_count": 19, "license": {"key": "other", "name": "Other", "spdx_id": "NOASSERTION", "url": null, "node_id": "MDc6TGljZW5zZTA="}, "allow_forking": true, "is_template": false, "web_commit_signoff_required": false, "topics": [], "default_branch": "master", "permissions": {"admin": false, "maintain": false, "push": false, "triage": false, "pull": true}, "_id": 843078}, {"owner": {"type": "User", "site_admin": false}, "fork": false, "created_at": "2010-08-17T07:58:28Z", "updated_at": "2017-03-31T06:41:09Z", "pushed_at": "2016-02-29T15:44:53Z", "size": 2278, "stargazers_count": 8, "watchers_count": 8, "language": "Python", "has_issues": true, "has_projects": true, "has_downloads": true, "has_wiki": true, "has_pages": false, "has_discussions": false, "forks_count": 3, "mirror_url": null, "archived": false, "disabled": false, "open_issues_count": 1, "license": null, "allow_forking": true, "is_template": false, "web_commit_signoff_required": false, "topics": [], "default_branch": "master", "permissions": {"admin": false, "maintain": false, "push": false, "triage": false, "pull": true}, "_id": 843086}, {"owner": {"type": "User", "site_admin": false}, "fork": false, "created_at": "2010-08-17T08:19:59Z", "updated_at": "2022-11-24T10:08:54Z", "pushed_at": "2020-12-22T11:06:18Z", "size": 283, "stargazers_count": 683, "watchers_count": 683, "language": "C", "has_issues": true, "has_projects": true, "has_downloads": true, "has_wiki": true, "has_pages": false, "has_discussions": false, "forks_count": 133, "mirror_url": null, "archived": false, "disabled": false, "open_issues_count": 37, "license": {"key": "other", "name": "Other", "spdx_id": "NOASSERTION", "url": null, "node_id": "MDc6TGljZW5zZTA="}, "allow_forking": true, "is_template": false, "web_commit_signoff_required": false, "topics": [], "default_branch": "master", "permissions": {"admin": false, "maintain": false, "push": false, "triage": false, "pull": true}, "_id": 843111}, {"owner": {"type": "User", "site_admin": false}, "fork": false, "created_at": "2010-08-17T08:21:27Z", "updated_at": "2017-01-15T17:44:25Z", "pushed_at": "2012-12-15T12:37:14Z", "size": 12157, "stargazers_count": 7, "watchers_count": 7, "language": null, "has_issues": true, "has_projects": true, "has_downloads": true, "has_wiki": true, "has_pages": false, "has_discussions": false, "forks_count": 3, "mirror_url": null, "archived": false, "disabled": false, "open_issues_count": 1, "license": null, "allow_forking": true, "is_template": false, "web_commit_signoff_required": false, "topics": [], "default_branch": "master", "permissions": {"admin": false, "maintain": false, "push": false, "triage": false, "pull": true}, "_id": 843115}, {"owner": {"type": "User", "site_admin": false}, "fork": false, "created_at": "2010-08-17T08:35:39Z", "updated_at": "2022-01-13T19:16:49Z", "pushed_at": "2019-03-27T08:20:13Z", "size": 66, "stargazers_count": 28, "watchers_count": 28, "language": "Perl", "has_issues": true, "has_projects": true, "has_downloads": true, "has_wiki": true, "has_pages": false, "has_discussions": false, "forks_count": 5, "mirror_url": null, "archived": false, "disabled": false, "open_issues_count": 0, "license": null, "allow_forking": true, "is_template": false, "web_commit_signoff_required": false, "topics": [], "default_branch": "master", "permissions": {"admin": false, "maintain": false, "push": false, "triage": false, "pull": true}, "_id": 843134}, {"owner": {"type": "User", "site_admin": false}, "fork": false, "created_at": "2010-08-17T08:36:51Z", "updated_at": "2020-07-28T10:04:40Z", "pushed_at": "2014-03-28T07:13:29Z", "size": 11128, "stargazers_count": 7, "watchers_count": 7, "language": "C", "has_issues": true, "has_projects": true, "has_downloads": true, "has_wiki": true, "has_pages": false, "has_discussions": false, "forks_count": 11, "mirror_url": null, "archived": false, "disabled": false, "open_issues_count": 0, "license": null, "allow_forking": true, "is_template": false, "web_commit_signoff_required": false, "topics": [], "default_branch": "master", "permissions": {"admin": false, "maintain": false, "push": false, "triage": false, "pull": true}, "_id": 843135}, {"owner": {"type": "User", "site_admin": false}, "fork": false, "created_at": "2010-08-17T08:44:27Z", "updated_at": "2022-09-15T10:37:22Z", "pushed_at": "2010-09-13T10:53:48Z", "size": 108, "stargazers_count": 10, "watchers_count": 10, "language": "Python", "has_issues": true, "has_projects": true, "has_downloads": true, "has_wiki": false, "has_pages": false, "has_discussions": false, "forks_count": 7, "mirror_url": null, "archived": false, "disabled": false, "open_issues_count": 0, "license": {"key": "mit", "name": "MIT License", "spdx_id": "MIT", "url": "https://api.github.com/licenses/mit", "node_id": "MDc6TGljZW5zZTEz"}, "allow_forking": true, "is_template": false, "web_commit_signoff_required": false, "topics": [], "default_branch": "master", "permissions": {"admin": false, "maintain": false, "push": false, "triage": false, "pull": true}, "_id": 843147}, {"owner": {"type": "Organization", "site_admin": false}, "fork": false, "created_at": "2010-08-17T09:43:38Z", "updated_at": "2022-11-25T23:50:55Z", "pushed_at": "2022-11-26T04:13:09Z", "size": 147116, "stargazers_count": 52166, "watchers_count": 52166, "language": "Python", "has_issues": true, "has_projects": true, "has_downloads": true, "has_wiki": true, "has_pages": false, "has_discussions": true, "forks_count": 23721, "mirror_url": null, "archived": false, "disabled": false, "open_issues_count": 2143, "license": {"key": "bsd-3-clause", "name": "BSD 3-Clause \"New\" or \"Revised\" License", "spdx_id": "BSD-3-Clause", "url": "https://api.github.com/licenses/bsd-3-clause", "node_id": "MDc6TGljZW5zZTU="}, "allow_forking": true, "is_template": false, "web_commit_signoff_required": false, "topics": ["data-analysis", "data-science", "machine-learning", "python", "statistics"], "default_branch": "main", "permissions": {"admin": false, "maintain": false, "push": false, "triage": false, "pull": true}, "_id": 843222}, {"owner": {"type": "User", "site_admin": false}, "fork": false, "created_at": "2010-08-17T10:29:11Z", "updated_at": "2022-06-05T13:01:16Z", "pushed_at": "2018-03-13T02:40:02Z", "size": 4, "stargazers_count": 14, "watchers_count": 14, "language": "Ruby", "has_issues": true, "has_projects": true, "has_downloads": true, "has_wiki": true, "has_pages": false, "has_discussions": false, "forks_count": 0, "mirror_url": null, "archived": false, "disabled": false, "open_issues_count": 0, "license": {"key": "mit", "name": "MIT License", "spdx_id": "MIT", "url": "https://api.github.com/licenses/mit", "node_id": "MDc6TGljZW5zZTEz"}, "allow_forking": true, "is_template": false, "web_commit_signoff_required": false, "topics": [], "default_branch": "master", "permissions": {"admin": false, "maintain": false, "push": false, "triage": false, "pull": true}, "_id": 843293}, {"owner": {"type": "User", "site_admin": false}, "fork": false, "created_at": "2010-08-17T10:50:29Z", "updated_at": "2020-07-27T19:12:36Z", "pushed_at": "2011-07-08T18:18:46Z", "size": 866, "stargazers_count": 9, "watchers_count": 9, "language": "JavaScript", "has_issues": true, "has_projects": true, "has_downloads": true, "has_wiki": true, "has_pages": false, "has_discussions": false, "forks_count": 3, "mirror_url": null, "archived": false, "disabled": false, "open_issues_count": 3, "license": null, "allow_forking": true, "is_template": false, "web_commit_signoff_required": false, "topics": [], "default_branch": "master", "permissions": {"admin": false, "maintain": false, "push": false, "triage": false, "pull": true}, "_id": 843319}, {"owner": {"type": "User", "site_admin": false}, "fork": false, "created_at": "2010-08-17T11:00:14Z", "updated_at": "2020-03-26T12:29:39Z", "pushed_at": "2010-08-17T11:00:33Z", "size": 92, "stargazers_count": 11, "watchers_count": 11, "language": "JavaScript", "has_issues": true, "has_projects": true, "has_downloads": false, "has_wiki": false, "has_pages": false, "has_discussions": false, "forks_count": 0, "mirror_url": null, "archived": true, "disabled": false, "open_issues_count": 0, "license": null, "allow_forking": true, "is_template": false, "web_commit_signoff_required": false, "topics": [], "default_branch": "master", "permissions": {"admin": false, "maintain": false, "push": false, "triage": false, "pull": true}, "_id": 843331}, {"owner": {"type": "User", "site_admin": false}, "fork": false, "created_at": "2010-08-17T11:16:47Z", "updated_at": "2019-09-28T11:27:04Z", "pushed_at": "2012-10-07T18:12:51Z", "size": 5916, "stargazers_count": 20, "watchers_count": 20, "language": "Scala", "has_issues": true, "has_projects": true, "has_downloads": true, "has_wiki": true, "has_pages": false, "has_discussions": false, "forks_count": 3, "mirror_url": null, "archived": false, "disabled": false, "open_issues_count": 0, "license": {"key": "gpl-3.0", "name": "GNU General Public License v3.0", "spdx_id": "GPL-3.0", "url": "https://api.github.com/licenses/gpl-3.0", "node_id": "MDc6TGljZW5zZTk="}, "allow_forking": true, "is_template": false, "web_commit_signoff_required": false, "topics": [], "default_branch": "master", "permissions": {"admin": false, "maintain": false, "push": false, "triage": false, "pull": true}, "_id": 843356}, {"owner": {"type": "User", "site_admin": false}, "fork": false, "created_at": "2010-08-17T11:18:37Z", "updated_at": "2021-05-09T14:01:41Z", "pushed_at": "2018-03-16T14:49:23Z", "size": 9427, "stargazers_count": 104, "watchers_count": 104, "language": "Python", "has_issues": true, "has_projects": false, "has_downloads": true, "has_wiki": true, "has_pages": false, "has_discussions": false, "forks_count": 33, "mirror_url": null, "archived": true, "disabled": false, "open_issues_count": 1, "license": null, "allow_forking": true, "is_template": false, "web_commit_signoff_required": false, "topics": ["aws", "chef", "chef-cookbook", "chef-solo", "opsworks", "ruby"], "default_branch": "master", "permissions": {"admin": false, "maintain": false, "push": false, "triage": false, "pull": true}, "_id": 843358}, {"owner": {"type": "User", "site_admin": false}, "fork": false, "created_at": "2010-08-17T11:48:56Z", "updated_at": "2022-11-11T09:34:10Z", "pushed_at": "2015-10-20T09:19:53Z", "size": 193, "stargazers_count": 30, "watchers_count": 30, "language": "C", "has_issues": true, "has_projects": true, "has_downloads": true, "has_wiki": true, "has_pages": false, "has_discussions": false, "forks_count": 14, "mirror_url": null, "archived": false, "disabled": false, "open_issues_count": 1, "license": {"key": "mit", "name": "MIT License", "spdx_id": "MIT", "url": "https://api.github.com/licenses/mit", "node_id": "MDc6TGljZW5zZTEz"}, "allow_forking": true, "is_template": false, "web_commit_signoff_required": false, "topics": ["arp-poisoning", "attack", "audit", "c", "network", "replayed-packets", "security", "security-tools"], "default_branch": "master", "permissions": {"admin": false, "maintain": false, "push": false, "triage": false, "pull": true}, "_id": 843401}, {"owner": {"type": "User", "site_admin": false}, "fork": false, "created_at": "2010-08-17T12:02:32Z", "updated_at": "2022-09-09T13:09:24Z", "pushed_at": "2020-04-21T09:38:29Z", "size": 1440, "stargazers_count": 116, "watchers_count": 116, "language": "PHP", "has_issues": true, "has_projects": true, "has_downloads": true, "has_wiki": true, "has_pages": false, "has_discussions": false, "forks_count": 18, "mirror_url": null, "archived": false, "disabled": false, "open_issues_count": 12, "license": {"key": "mit", "name": "MIT License", "spdx_id": "MIT", "url": "https://api.github.com/licenses/mit", "node_id": "MDc6TGljZW5zZTEz"}, "allow_forking": true, "is_template": false, "web_commit_signoff_required": false, "topics": ["captcha", "constraints", "csrf", "forms", "html-form", "php", "php-form", "php-library"], "default_branch": "master", "permissions": {"admin": false, "maintain": false, "push": false, "triage": false, "pull": true}, "_id": 843426}, {"owner": {"type": "User", "site_admin": false}, "fork": false, "created_at": "2010-08-17T12:22:40Z", "updated_at": "2022-05-30T22:57:18Z", "pushed_at": "2017-11-20T17:58:54Z", "size": 18, "stargazers_count": 54, "watchers_count": 54, "language": "C", "has_issues": true, "has_projects": true, "has_downloads": true, "has_wiki": true, "has_pages": false, "has_discussions": false, "forks_count": 27, "mirror_url": null, "archived": false, "disabled": false, "open_issues_count": 1, "license": {"key": "mit", "name": "MIT License", "spdx_id": "MIT", "url": "https://api.github.com/licenses/mit", "node_id": "MDc6TGljZW5zZTEz"}, "allow_forking": true, "is_template": false, "web_commit_signoff_required": false, "topics": [], "default_branch": "master", "permissions": {"admin": false, "maintain": false, "push": false, "triage": false, "pull": true}, "_id": 843468}, {"owner": {"type": "User", "site_admin": false}, "fork": false, "created_at": "2010-08-17T12:27:09Z", "updated_at": "2022-09-07T06:23:34Z", "pushed_at": "2011-09-26T20:10:59Z", "size": 468, "stargazers_count": 731, "watchers_count": 731, "language": "Objective-C", "has_issues": true, "has_projects": true, "has_downloads": true, "has_wiki": true, "has_pages": false, "has_discussions": false, "forks_count": 35, "mirror_url": null, "archived": true, "disabled": false, "open_issues_count": 19, "license": {"key": "mit", "name": "MIT License", "spdx_id": "MIT", "url": "https://api.github.com/licenses/mit", "node_id": "MDc6TGljZW5zZTEz"}, "allow_forking": true, "is_template": false, "web_commit_signoff_required": false, "topics": [], "default_branch": "master", "permissions": {"admin": false, "maintain": false, "push": false, "triage": false, "pull": true}, "_id": 843477}, {"owner": {"type": "User", "site_admin": false}, "fork": false, "created_at": "2010-08-17T13:01:46Z", "updated_at": "2019-08-13T14:35:52Z", "pushed_at": "2011-11-14T16:09:23Z", "size": 17568, "stargazers_count": 7, "watchers_count": 7, "language": "Python", "has_issues": true, "has_projects": true, "has_downloads": true, "has_wiki": true, "has_pages": false, "has_discussions": false, "forks_count": 4, "mirror_url": null, "archived": false, "disabled": false, "open_issues_count": 1, "license": null, "allow_forking": true, "is_template": false, "web_commit_signoff_required": false, "topics": [], "default_branch": "master", "permissions": {"admin": false, "maintain": false, "push": false, "triage": false, "pull": true}, "_id": 843555}, {"owner": {"type": "User", "site_admin": false}, "fork": false, "created_at": "2010-08-17T13:14:00Z", "updated_at": "2017-10-27T03:03:22Z", "pushed_at": "2014-03-20T23:28:43Z", "size": 2800, "stargazers_count": 7, "watchers_count": 7, "language": "Python", "has_issues": true, "has_projects": true, "has_downloads": true, "has_wiki": true, "has_pages": false, "has_discussions": false, "forks_count": 0, "mirror_url": null, "archived": false, "disabled": false, "open_issues_count": 0, "license": null, "allow_forking": true, "is_template": false, "web_commit_signoff_required": false, "topics": [], "default_branch": "master", "permissions": {"admin": false, "maintain": false, "push": false, "triage": false, "pull": true}, "_id": 843598}, {"owner": {"type": "User", "site_admin": false}, "fork": false, "created_at": "2010-08-17T13:15:13Z", "updated_at": "2014-07-15T20:05:45Z", "pushed_at": "2010-08-25T16:35:44Z", "size": 248, "stargazers_count": 20, "watchers_count": 20, "language": "JavaScript", "has_issues": true, "has_projects": true, "has_downloads": true, "has_wiki": true, "has_pages": false, "has_discussions": false, "forks_count": 5, "mirror_url": null, "archived": false, "disabled": false, "open_issues_count": 1, "license": {"key": "bsd-3-clause", "name": "BSD 3-Clause \"New\" or \"Revised\" License", "spdx_id": "BSD-3-Clause", "url": "https://api.github.com/licenses/bsd-3-clause", "node_id": "MDc6TGljZW5zZTU="}, "allow_forking": true, "is_template": false, "web_commit_signoff_required": false, "topics": [], "default_branch": "master", "permissions": {"admin": false, "maintain": false, "push": false, "triage": false, "pull": true}, "_id": 843602}, {"owner": {"type": "User", "site_admin": false}, "fork": false, "created_at": "2010-08-17T13:25:34Z", "updated_at": "2022-11-24T23:54:22Z", "pushed_at": "2022-10-26T15:30:38Z", "size": 23747, "stargazers_count": 244, "watchers_count": 244, "language": "C++", "has_issues": false, "has_projects": true, "has_downloads": true, "has_wiki": false, "has_pages": false, "has_discussions": false, "forks_count": 1820, "mirror_url": null, "archived": true, "disabled": false, "open_issues_count": 5, "license": {"key": "mit", "name": "MIT License", "spdx_id": "MIT", "url": "https://api.github.com/licenses/mit", "node_id": "MDc6TGljZW5zZTEz"}, "allow_forking": true, "is_template": false, "web_commit_signoff_required": false, "topics": [], "default_branch": "master", "permissions": {"admin": false, "maintain": false, "push": false, "triage": false, "pull": true}, "_id": 843631}, {"owner": {"type": "User", "site_admin": false}, "fork": false, "created_at": "2010-08-17T13:37:29Z", "updated_at": "2021-02-09T17:25:18Z", "pushed_at": "2010-08-18T13:21:58Z", "size": 91, "stargazers_count": 8, "watchers_count": 8, "language": "Ruby", "has_issues": true, "has_projects": true, "has_downloads": true, "has_wiki": true, "has_pages": false, "has_discussions": false, "forks_count": 1, "mirror_url": null, "archived": false, "disabled": false, "open_issues_count": 0, "license": null, "allow_forking": true, "is_template": false, "web_commit_signoff_required": false, "topics": [], "default_branch": "master", "permissions": {"admin": false, "maintain": false, "push": false, "triage": false, "pull": true}, "_id": 843673}, {"owner": {"type": "User", "site_admin": false}, "fork": false, "created_at": "2010-08-17T13:43:32Z", "updated_at": "2022-03-17T03:06:20Z", "pushed_at": "2020-07-21T19:11:08Z", "size": 6269, "stargazers_count": 22, "watchers_count": 22, "language": "Python", "has_issues": true, "has_projects": true, "has_downloads": true, "has_wiki": true, "has_pages": false, "has_discussions": false, "forks_count": 13, "mirror_url": null, "archived": false, "disabled": false, "open_issues_count": 23, "license": {"key": "gpl-3.0", "name": "GNU General Public License v3.0", "spdx_id": "GPL-3.0", "url": "https://api.github.com/licenses/gpl-3.0", "node_id": "MDc6TGljZW5zZTk="}, "allow_forking": true, "is_template": false, "web_commit_signoff_required": false, "topics": [], "default_branch": "master", "permissions": {"admin": false, "maintain": false, "push": false, "triage": false, "pull": true}, "_id": 843684}, {"owner": {"type": "User", "site_admin": false}, "fork": false, "created_at": "2010-08-17T13:44:48Z", "updated_at": "2021-02-01T15:49:10Z", "pushed_at": "2011-02-09T13:21:59Z", "size": 131, "stargazers_count": 6, "watchers_count": 6, "language": "Python", "has_issues": true, "has_projects": true, "has_downloads": true, "has_wiki": true, "has_pages": false, "has_discussions": false, "forks_count": 0, "mirror_url": null, "archived": false, "disabled": false, "open_issues_count": 0, "license": {"key": "bsd-3-clause", "name": "BSD 3-Clause \"New\" or \"Revised\" License", "spdx_id": "BSD-3-Clause", "url": "https://api.github.com/licenses/bsd-3-clause", "node_id": "MDc6TGljZW5zZTU="}, "allow_forking": true, "is_template": false, "web_commit_signoff_required": false, "topics": [], "default_branch": "master", "permissions": {"admin": false, "maintain": false, "push": false, "triage": false, "pull": true}, "_id": 843687}, {"owner": {"type": "User", "site_admin": false}, "fork": false, "created_at": "2010-08-17T13:48:45Z", "updated_at": "2022-10-18T14:54:27Z", "pushed_at": "2018-10-02T10:34:09Z", "size": 291, "stargazers_count": 44, "watchers_count": 44, "language": null, "has_issues": true, "has_projects": true, "has_downloads": true, "has_wiki": true, "has_pages": false, "has_discussions": false, "forks_count": 12, "mirror_url": null, "archived": false, "disabled": false, "open_issues_count": 8, "license": {"key": "mit", "name": "MIT License", "spdx_id": "MIT", "url": "https://api.github.com/licenses/mit", "node_id": "MDc6TGljZW5zZTEz"}, "allow_forking": true, "is_template": false, "web_commit_signoff_required": false, "topics": [], "default_branch": "master", "permissions": {"admin": false, "maintain": false, "push": false, "triage": false, "pull": true}, "_id": 843690}, {"owner": {"type": "User", "site_admin": false}, "fork": false, "created_at": "2010-08-17T13:50:40Z", "updated_at": "2018-02-16T11:43:43Z", "pushed_at": "2013-05-29T10:44:50Z", "size": 677, "stargazers_count": 30, "watchers_count": 30, "language": "JavaScript", "has_issues": true, "has_projects": true, "has_downloads": true, "has_wiki": true, "has_pages": false, "has_discussions": false, "forks_count": 2, "mirror_url": null, "archived": false, "disabled": false, "open_issues_count": 0, "license": null, "allow_forking": true, "is_template": false, "web_commit_signoff_required": false, "topics": [], "default_branch": "3.3/master", "permissions": {"admin": false, "maintain": false, "push": false, "triage": false, "pull": true}, "_id": 843696}, {"owner": {"type": "Organization", "site_admin": false}, "fork": false, "created_at": "2010-08-17T13:55:28Z", "updated_at": "2022-01-07T21:15:43Z", "pushed_at": "2022-11-25T10:02:46Z", "size": 1541, "stargazers_count": 15, "watchers_count": 15, "language": "Python", "has_issues": true, "has_projects": true, "has_downloads": true, "has_wiki": true, "has_pages": false, "has_discussions": false, "forks_count": 5, "mirror_url": null, "archived": false, "disabled": false, "open_issues_count": 16, "license": {"key": "other", "name": "Other", "spdx_id": "NOASSERTION", "url": null, "node_id": "MDc6TGljZW5zZTA="}, "allow_forking": true, "is_template": false, "web_commit_signoff_required": false, "topics": [], "default_branch": "main", "permissions": {"admin": false, "maintain": false, "push": false, "triage": false, "pull": true}, "_id": 843712}, {"owner": {"type": "Organization", "site_admin": false}, "fork": false, "created_at": "2010-08-17T13:58:05Z", "updated_at": "2022-01-07T21:15:41Z", "pushed_at": "2022-11-25T10:02:42Z", "size": 393, "stargazers_count": 8, "watchers_count": 8, "language": "Python", "has_issues": true, "has_projects": true, "has_downloads": true, "has_wiki": true, "has_pages": false, "has_discussions": false, "forks_count": 0, "mirror_url": null, "archived": false, "disabled": false, "open_issues_count": 5, "license": {"key": "other", "name": "Other", "spdx_id": "NOASSERTION", "url": null, "node_id": "MDc6TGljZW5zZTA="}, "allow_forking": true, "is_template": false, "web_commit_signoff_required": false, "topics": [], "default_branch": "master", "permissions": {"admin": false, "maintain": false, "push": false, "triage": false, "pull": true}, "_id": 843719}, {"owner": {"type": "Organization", "site_admin": false}, "fork": false, "created_at": "2010-08-17T14:22:07Z", "updated_at": "2022-11-23T21:30:57Z", "pushed_at": "2022-11-10T14:53:35Z", "size": 4931, "stargazers_count": 62, "watchers_count": 62, "language": "Python", "has_issues": true, "has_projects": true, "has_downloads": true, "has_wiki": true, "has_pages": true, "has_discussions": false, "forks_count": 58, "mirror_url": null, "archived": false, "disabled": false, "open_issues_count": 12, "license": {"key": "other", "name": "Other", "spdx_id": "NOASSERTION", "url": null, "node_id": "MDc6TGljZW5zZTA="}, "allow_forking": true, "is_template": false, "web_commit_signoff_required": false, "topics": [], "default_branch": "master", "permissions": {"admin": false, "maintain": false, "push": false, "triage": false, "pull": true}, "_id": 843774}, {"owner": {"type": "User", "site_admin": false}, "fork": false, "created_at": "2010-08-17T14:30:37Z", "updated_at": "2022-10-04T11:45:33Z", "pushed_at": "2020-02-27T00:45:24Z", "size": 4036, "stargazers_count": 203, "watchers_count": 203, "language": "C", "has_issues": true, "has_projects": true, "has_downloads": true, "has_wiki": true, "has_pages": false, "has_discussions": false, "forks_count": 8, "mirror_url": null, "archived": false, "disabled": false, "open_issues_count": 15, "license": {"key": "other", "name": "Other", "spdx_id": "NOASSERTION", "url": null, "node_id": "MDc6TGljZW5zZTA="}, "allow_forking": true, "is_template": false, "web_commit_signoff_required": false, "topics": [], "default_branch": "master", "permissions": {"admin": false, "maintain": false, "push": false, "triage": false, "pull": true}, "_id": 843793}, {"owner": {"type": "User", "site_admin": false}, "fork": false, "created_at": "2010-08-17T14:49:07Z", "updated_at": "2021-07-01T03:59:58Z", "pushed_at": "2013-12-09T19:09:03Z", "size": 524, "stargazers_count": 44, "watchers_count": 44, "language": "Go", "has_issues": true, "has_projects": true, "has_downloads": true, "has_wiki": true, "has_pages": false, "has_discussions": false, "forks_count": 4, "mirror_url": null, "archived": false, "disabled": false, "open_issues_count": 0, "license": null, "allow_forking": true, "is_template": false, "web_commit_signoff_required": false, "topics": [], "default_branch": "master", "permissions": {"admin": false, "maintain": false, "push": false, "triage": false, "pull": true}, "_id": 843831}, {"owner": {"type": "User", "site_admin": false}, "fork": false, "created_at": "2010-08-17T14:49:46Z", "updated_at": "2022-03-13T16:13:08Z", "pushed_at": "2017-08-04T09:30:41Z", "size": 244, "stargazers_count": 9, "watchers_count": 9, "language": "Java", "has_issues": true, "has_projects": true, "has_downloads": true, "has_wiki": true, "has_pages": true, "has_discussions": false, "forks_count": 5, "mirror_url": null, "archived": false, "disabled": false, "open_issues_count": 2, "license": null, "allow_forking": true, "is_template": false, "web_commit_signoff_required": false, "topics": [], "default_branch": "master", "permissions": {"admin": false, "maintain": false, "push": false, "triage": false, "pull": true}, "_id": 843834}, {"owner": {"type": "User", "site_admin": false}, "fork": false, "created_at": "2010-08-17T14:52:38Z", "updated_at": "2021-07-28T19:17:19Z", "pushed_at": "2015-09-04T10:39:48Z", "size": 5749, "stargazers_count": 76, "watchers_count": 76, "language": "ActionScript", "has_issues": true, "has_projects": true, "has_downloads": true, "has_wiki": true, "has_pages": false, "has_discussions": false, "forks_count": 8, "mirror_url": null, "archived": false, "disabled": false, "open_issues_count": 0, "license": {"key": "mit", "name": "MIT License", "spdx_id": "MIT", "url": "https://api.github.com/licenses/mit", "node_id": "MDc6TGljZW5zZTEz"}, "allow_forking": true, "is_template": false, "web_commit_signoff_required": false, "topics": [], "default_branch": "master", "permissions": {"admin": false, "maintain": false, "push": false, "triage": false, "pull": true}, "_id": 843846}, {"owner": {"type": "User", "site_admin": false}, "fork": false, "created_at": "2010-08-17T14:57:43Z", "updated_at": "2019-08-13T14:35:52Z", "pushed_at": "2018-10-17T02:51:37Z", "size": 27, "stargazers_count": 11, "watchers_count": 11, "language": "Ruby", "has_issues": true, "has_projects": true, "has_downloads": true, "has_wiki": true, "has_pages": false, "has_discussions": false, "forks_count": 1, "mirror_url": null, "archived": false, "disabled": false, "open_issues_count": 0, "license": {"key": "mit", "name": "MIT License", "spdx_id": "MIT", "url": "https://api.github.com/licenses/mit", "node_id": "MDc6TGljZW5zZTEz"}, "allow_forking": true, "is_template": false, "web_commit_signoff_required": false, "topics": [], "default_branch": "master", "permissions": {"admin": false, "maintain": false, "push": false, "triage": false, "pull": true}, "_id": 843860}, {"owner": {"type": "User", "site_admin": false}, "fork": false, "created_at": "2010-08-17T14:58:38Z", "updated_at": "2020-11-04T15:26:58Z", "pushed_at": "2010-08-17T16:51:45Z", "size": 101, "stargazers_count": 30, "watchers_count": 30, "language": "JavaScript", "has_issues": true, "has_projects": true, "has_downloads": true, "has_wiki": true, "has_pages": false, "has_discussions": false, "forks_count": 15, "mirror_url": null, "archived": false, "disabled": false, "open_issues_count": 0, "license": null, "allow_forking": true, "is_template": false, "web_commit_signoff_required": false, "topics": [], "default_branch": "master", "permissions": {"admin": false, "maintain": false, "push": false, "triage": false, "pull": true}, "_id": 843862}, {"owner": {"type": "User", "site_admin": false}, "fork": false, "created_at": "2010-08-17T15:04:27Z", "updated_at": "2016-06-20T10:20:32Z", "pushed_at": "2010-08-23T12:57:58Z", "size": 96, "stargazers_count": 7, "watchers_count": 7, "language": "PHP", "has_issues": true, "has_projects": true, "has_downloads": true, "has_wiki": true, "has_pages": false, "has_discussions": false, "forks_count": 1, "mirror_url": null, "archived": false, "disabled": false, "open_issues_count": 0, "license": {"key": "mit", "name": "MIT License", "spdx_id": "MIT", "url": "https://api.github.com/licenses/mit", "node_id": "MDc6TGljZW5zZTEz"}, "allow_forking": true, "is_template": false, "web_commit_signoff_required": false, "topics": [], "default_branch": "master", "permissions": {"admin": false, "maintain": false, "push": false, "triage": false, "pull": true}, "_id": 843877}, {"owner": {"type": "Organization", "site_admin": false}, "fork": false, "created_at": "2010-08-17T15:08:19Z", "updated_at": "2016-07-13T01:19:43Z", "pushed_at": "2011-08-11T19:38:01Z", "size": 180, "stargazers_count": 7, "watchers_count": 7, "language": "Ruby", "has_issues": true, "has_projects": true, "has_downloads": true, "has_wiki": true, "has_pages": false, "has_discussions": false, "forks_count": 1, "mirror_url": null, "archived": false, "disabled": false, "open_issues_count": 0, "license": {"key": "mit", "name": "MIT License", "spdx_id": "MIT", "url": "https://api.github.com/licenses/mit", "node_id": "MDc6TGljZW5zZTEz"}, "allow_forking": true, "is_template": false, "web_commit_signoff_required": false, "topics": [], "default_branch": "master", "permissions": {"admin": false, "maintain": false, "push": false, "triage": false, "pull": true}, "_id": 843889}, {"owner": {"type": "User", "site_admin": false}, "fork": false, "created_at": "2010-08-17T15:17:31Z", "updated_at": "2022-05-20T06:14:45Z", "pushed_at": "2011-02-17T00:48:08Z", "size": 4716, "stargazers_count": 7, "watchers_count": 7, "language": "Java", "has_issues": true, "has_projects": true, "has_downloads": true, "has_wiki": true, "has_pages": false, "has_discussions": false, "forks_count": 3, "mirror_url": null, "archived": false, "disabled": false, "open_issues_count": 0, "license": null, "allow_forking": true, "is_template": false, "web_commit_signoff_required": false, "topics": [], "default_branch": "master", "permissions": {"admin": false, "maintain": false, "push": false, "triage": false, "pull": true}, "_id": 843918}, {"owner": {"type": "User", "site_admin": false}, "fork": false, "created_at": "2010-08-17T15:26:54Z", "updated_at": "2015-05-16T18:52:56Z", "pushed_at": "2010-09-01T08:09:39Z", "size": 1389, "stargazers_count": 6, "watchers_count": 6, "language": "JavaScript", "has_issues": false, "has_projects": true, "has_downloads": false, "has_wiki": false, "has_pages": false, "has_discussions": false, "forks_count": 4, "mirror_url": null, "archived": false, "disabled": false, "open_issues_count": 0, "license": {"key": "other", "name": "Other", "spdx_id": "NOASSERTION", "url": null, "node_id": "MDc6TGljZW5zZTA="}, "allow_forking": true, "is_template": false, "web_commit_signoff_required": false, "topics": [], "default_branch": "master", "permissions": {"admin": false, "maintain": false, "push": false, "triage": false, "pull": true}, "_id": 843937}, {"owner": {"type": "User", "site_admin": false}, "fork": false, "created_at": "2010-08-17T15:29:26Z", "updated_at": "2020-04-08T22:07:07Z", "pushed_at": "2011-06-16T02:15:24Z", "size": 106, "stargazers_count": 9, "watchers_count": 9, "language": "Ruby", "has_issues": true, "has_projects": true, "has_downloads": true, "has_wiki": true, "has_pages": false, "has_discussions": false, "forks_count": 2, "mirror_url": null, "archived": false, "disabled": false, "open_issues_count": 0, "license": {"key": "mit", "name": "MIT License", "spdx_id": "MIT", "url": "https://api.github.com/licenses/mit", "node_id": "MDc6TGljZW5zZTEz"}, "allow_forking": true, "is_template": false, "web_commit_signoff_required": false, "topics": [], "default_branch": "master", "permissions": {"admin": false, "maintain": false, "push": false, "triage": false, "pull": true}, "_id": 843942}, {"owner": {"type": "User", "site_admin": false}, "fork": false, "created_at": "2010-08-17T16:05:11Z", "updated_at": "2022-11-15T20:44:00Z", "pushed_at": "2016-08-30T14:50:35Z", "size": 802, "stargazers_count": 240, "watchers_count": 240, "language": "Python", "has_issues": true, "has_projects": true, "has_downloads": true, "has_wiki": true, "has_pages": false, "has_discussions": false, "forks_count": 117, "mirror_url": null, "archived": false, "disabled": false, "open_issues_count": 32, "license": {"key": "bsd-3-clause", "name": "BSD 3-Clause \"New\" or \"Revised\" License", "spdx_id": "BSD-3-Clause", "url": "https://api.github.com/licenses/bsd-3-clause", "node_id": "MDc6TGljZW5zZTU="}, "allow_forking": true, "is_template": false, "web_commit_signoff_required": false, "topics": [], "default_branch": "master", "permissions": {"admin": false, "maintain": false, "push": false, "triage": false, "pull": true}, "_id": 844026}, {"owner": {"type": "User", "site_admin": false}, "fork": false, "created_at": "2010-08-17T16:08:45Z", "updated_at": "2022-08-08T15:55:54Z", "pushed_at": "2010-08-17T18:20:10Z", "size": 463, "stargazers_count": 32, "watchers_count": 32, "language": "JavaScript", "has_issues": true, "has_projects": true, "has_downloads": true, "has_wiki": true, "has_pages": false, "has_discussions": false, "forks_count": 4, "mirror_url": null, "archived": false, "disabled": false, "open_issues_count": 0, "license": null, "allow_forking": true, "is_template": false, "web_commit_signoff_required": false, "topics": [], "default_branch": "master", "permissions": {"admin": false, "maintain": false, "push": false, "triage": false, "pull": true}, "_id": 844034}, {"owner": {"type": "User", "site_admin": false}, "fork": false, "created_at": "2010-08-17T16:56:58Z", "updated_at": "2022-11-21T22:52:11Z", "pushed_at": "2022-11-26T02:37:27Z", "size": 1428, "stargazers_count": 3062, "watchers_count": 3062, "language": "Ruby", "has_issues": true, "has_projects": true, "has_downloads": true, "has_wiki": true, "has_pages": false, "has_discussions": true, "forks_count": 428, "mirror_url": null, "archived": false, "disabled": false, "open_issues_count": 6, "license": {"key": "mit", "name": "MIT License", "spdx_id": "MIT", "url": "https://api.github.com/licenses/mit", "node_id": "MDc6TGljZW5zZTEz"}, "allow_forking": true, "is_template": false, "web_commit_signoff_required": false, "topics": [], "default_branch": "main", "permissions": {"admin": false, "maintain": false, "push": false, "triage": false, "pull": true}, "_id": 844146}, {"owner": {"type": "User", "site_admin": false}, "fork": false, "created_at": "2010-08-17T17:13:47Z", "updated_at": "2020-07-04T22:43:59Z", "pushed_at": "2013-04-12T14:52:22Z", "size": 127, "stargazers_count": 7, "watchers_count": 7, "language": "JavaScript", "has_issues": true, "has_projects": true, "has_downloads": true, "has_wiki": true, "has_pages": false, "has_discussions": false, "forks_count": 0, "mirror_url": null, "archived": false, "disabled": false, "open_issues_count": 0, "license": null, "allow_forking": true, "is_template": false, "web_commit_signoff_required": false, "topics": [], "default_branch": "master", "permissions": {"admin": false, "maintain": false, "push": false, "triage": false, "pull": true}, "_id": 844179}, {"owner": {"type": "Organization", "site_admin": false}, "fork": false, "created_at": "2010-08-17T17:17:38Z", "updated_at": "2021-01-13T19:29:34Z", "pushed_at": "2011-11-10T14:54:36Z", "size": 2929, "stargazers_count": 58, "watchers_count": 58, "language": "Java", "has_issues": true, "has_projects": true, "has_downloads": true, "has_wiki": true, "has_pages": false, "has_discussions": false, "forks_count": 2, "mirror_url": null, "archived": false, "disabled": false, "open_issues_count": 3, "license": {"key": "mit", "name": "MIT License", "spdx_id": "MIT", "url": "https://api.github.com/licenses/mit", "node_id": "MDc6TGljZW5zZTEz"}, "allow_forking": true, "is_template": false, "web_commit_signoff_required": false, "topics": [], "default_branch": "master", "permissions": {"admin": false, "maintain": false, "push": false, "triage": false, "pull": true}, "_id": 844185}, {"owner": {"type": "User", "site_admin": false}, "fork": false, "created_at": "2010-08-17T17:34:12Z", "updated_at": "2022-03-07T13:52:43Z", "pushed_at": "2010-09-14T01:27:11Z", "size": 956, "stargazers_count": 77, "watchers_count": 77, "language": "Objective-C", "has_issues": true, "has_projects": true, "has_downloads": true, "has_wiki": true, "has_pages": false, "has_discussions": false, "forks_count": 16, "mirror_url": null, "archived": false, "disabled": false, "open_issues_count": 4, "license": null, "allow_forking": true, "is_template": false, "web_commit_signoff_required": false, "topics": [], "default_branch": "master", "permissions": {"admin": false, "maintain": false, "push": false, "triage": false, "pull": true}, "_id": 844223}, {"owner": {"type": "User", "site_admin": false}, "fork": false, "created_at": "2010-08-17T17:37:02Z", "updated_at": "2019-08-13T14:35:53Z", "pushed_at": "2010-08-25T20:24:36Z", "size": 156, "stargazers_count": 8, "watchers_count": 8, "language": "PHP", "has_issues": true, "has_projects": true, "has_downloads": true, "has_wiki": true, "has_pages": false, "has_discussions": false, "forks_count": 0, "mirror_url": null, "archived": false, "disabled": false, "open_issues_count": 0, "license": null, "allow_forking": true, "is_template": false, "web_commit_signoff_required": false, "topics": [], "default_branch": "master", "permissions": {"admin": false, "maintain": false, "push": false, "triage": false, "pull": true}, "_id": 844233}, {"owner": {"type": "User", "site_admin": false}, "fork": false, "created_at": "2010-08-17T17:40:42Z", "updated_at": "2018-03-04T04:51:57Z", "pushed_at": "2011-02-09T21:47:28Z", "size": 192, "stargazers_count": 9, "watchers_count": 9, "language": "Ruby", "has_issues": true, "has_projects": true, "has_downloads": true, "has_wiki": true, "has_pages": false, "has_discussions": false, "forks_count": 3, "mirror_url": null, "archived": false, "disabled": false, "open_issues_count": 1, "license": {"key": "mit", "name": "MIT License", "spdx_id": "MIT", "url": "https://api.github.com/licenses/mit", "node_id": "MDc6TGljZW5zZTEz"}, "allow_forking": true, "is_template": false, "web_commit_signoff_required": false, "topics": [], "default_branch": "master", "permissions": {"admin": false, "maintain": false, "push": false, "triage": false, "pull": true}, "_id": 844242}, {"owner": {"type": "User", "site_admin": false}, "fork": false, "created_at": "2010-08-17T17:46:18Z", "updated_at": "2022-08-15T19:53:59Z", "pushed_at": "2022-07-04T21:15:40Z", "size": 26236, "stargazers_count": 63, "watchers_count": 63, "language": "C", "has_issues": true, "has_projects": true, "has_downloads": false, "has_wiki": false, "has_pages": false, "has_discussions": false, "forks_count": 20, "mirror_url": null, "archived": false, "disabled": false, "open_issues_count": 3, "license": {"key": "other", "name": "Other", "spdx_id": "NOASSERTION", "url": null, "node_id": "MDc6TGljZW5zZTA="}, "allow_forking": true, "is_template": false, "web_commit_signoff_required": false, "topics": ["c", "rdf", "sparql"], "default_branch": "master", "permissions": {"admin": false, "maintain": false, "push": false, "triage": false, "pull": true}, "_id": 844254}, {"owner": {"type": "User", "site_admin": false}, "fork": false, "created_at": "2010-08-17T17:47:24Z", "updated_at": "2022-11-22T02:10:02Z", "pushed_at": "2019-03-13T12:50:57Z", "size": 4107, "stargazers_count": 810, "watchers_count": 810, "language": "JavaScript", "has_issues": true, "has_projects": true, "has_downloads": false, "has_wiki": true, "has_pages": true, "has_discussions": false, "forks_count": 86, "mirror_url": null, "archived": false, "disabled": false, "open_issues_count": 2, "license": {"key": "other", "name": "Other", "spdx_id": "NOASSERTION", "url": null, "node_id": "MDc6TGljZW5zZTA="}, "allow_forking": true, "is_template": false, "web_commit_signoff_required": false, "topics": [], "default_branch": "master", "permissions": {"admin": false, "maintain": false, "push": false, "triage": false, "pull": true}, "_id": 844258}, {"owner": {"type": "Organization", "site_admin": false}, "fork": false, "created_at": "2010-08-17T17:53:15Z", "updated_at": "2022-10-13T22:13:59Z", "pushed_at": "2013-04-03T21:10:23Z", "size": 1157, "stargazers_count": 26, "watchers_count": 26, "language": "Ruby", "has_issues": true, "has_projects": true, "has_downloads": false, "has_wiki": true, "has_pages": false, "has_discussions": false, "forks_count": 7, "mirror_url": null, "archived": true, "disabled": false, "open_issues_count": 2, "license": {"key": "mit", "name": "MIT License", "spdx_id": "MIT", "url": "https://api.github.com/licenses/mit", "node_id": "MDc6TGljZW5zZTEz"}, "allow_forking": true, "is_template": false, "web_commit_signoff_required": false, "topics": [], "default_branch": "master", "permissions": {"admin": false, "maintain": false, "push": false, "triage": false, "pull": true}, "_id": 844275}, {"owner": {"type": "User", "site_admin": false}, "fork": false, "created_at": "2010-08-17T18:06:59Z", "updated_at": "2022-04-18T16:29:14Z", "pushed_at": "2010-08-17T18:08:21Z", "size": 93, "stargazers_count": 7, "watchers_count": 7, "language": "Python", "has_issues": true, "has_projects": true, "has_downloads": true, "has_wiki": true, "has_pages": false, "has_discussions": false, "forks_count": 2, "mirror_url": null, "archived": true, "disabled": false, "open_issues_count": 0, "license": null, "allow_forking": true, "is_template": false, "web_commit_signoff_required": false, "topics": [], "default_branch": "master", "permissions": {"admin": false, "maintain": false, "push": false, "triage": false, "pull": true}, "_id": 844299}, {"owner": {"type": "User", "site_admin": false}, "fork": false, "created_at": "2010-08-17T18:17:02Z", "updated_at": "2022-11-19T08:19:41Z", "pushed_at": "2012-09-10T06:47:21Z", "size": 5283, "stargazers_count": 18, "watchers_count": 18, "language": "JavaScript", "has_issues": true, "has_projects": true, "has_downloads": true, "has_wiki": true, "has_pages": false, "has_discussions": false, "forks_count": 3, "mirror_url": null, "archived": false, "disabled": false, "open_issues_count": 0, "license": null, "allow_forking": true, "is_template": false, "web_commit_signoff_required": false, "topics": [], "default_branch": "master", "permissions": {"admin": false, "maintain": false, "push": false, "triage": false, "pull": true}, "_id": 844328}, {"owner": {"type": "Organization", "site_admin": false}, "fork": false, "created_at": "2010-08-17T18:24:25Z", "updated_at": "2021-11-08T10:51:27Z", "pushed_at": "2018-07-01T11:40:51Z", "size": 17781, "stargazers_count": 14, "watchers_count": 14, "language": "C#", "has_issues": true, "has_projects": true, "has_downloads": true, "has_wiki": true, "has_pages": false, "has_discussions": false, "forks_count": 12, "mirror_url": null, "archived": false, "disabled": false, "open_issues_count": 4, "license": {"key": "other", "name": "Other", "spdx_id": "NOASSERTION", "url": null, "node_id": "MDc6TGljZW5zZTA="}, "allow_forking": true, "is_template": false, "web_commit_signoff_required": false, "topics": [], "default_branch": "master", "permissions": {"admin": false, "maintain": false, "push": false, "triage": false, "pull": true}, "_id": 844347}, {"owner": {"type": "Organization", "site_admin": false}, "fork": false, "created_at": "2010-08-17T18:24:34Z", "updated_at": "2022-04-22T22:44:09Z", "pushed_at": "2015-04-18T02:24:16Z", "size": 540, "stargazers_count": 15, "watchers_count": 15, "language": "PHP", "has_issues": true, "has_projects": true, "has_downloads": true, "has_wiki": true, "has_pages": false, "has_discussions": false, "forks_count": 6, "mirror_url": null, "archived": false, "disabled": false, "open_issues_count": 0, "license": {"key": "mit", "name": "MIT License", "spdx_id": "MIT", "url": "https://api.github.com/licenses/mit", "node_id": "MDc6TGljZW5zZTEz"}, "allow_forking": true, "is_template": false, "web_commit_signoff_required": false, "topics": [], "default_branch": "master", "permissions": {"admin": false, "maintain": false, "push": false, "triage": false, "pull": true}, "_id": 844348}, {"owner": {"type": "User", "site_admin": false}, "fork": false, "created_at": "2010-08-17T18:37:23Z", "updated_at": "2020-11-26T21:49:04Z", "pushed_at": "2011-04-03T12:54:15Z", "size": 10861, "stargazers_count": 8, "watchers_count": 8, "language": "Java", "has_issues": true, "has_projects": true, "has_downloads": true, "has_wiki": true, "has_pages": false, "has_discussions": false, "forks_count": 6, "mirror_url": null, "archived": false, "disabled": false, "open_issues_count": 0, "license": null, "allow_forking": true, "is_template": false, "web_commit_signoff_required": false, "topics": [], "default_branch": "master", "permissions": {"admin": false, "maintain": false, "push": false, "triage": false, "pull": true}, "_id": 844379}, {"owner": {"type": "Organization", "site_admin": false}, "fork": false, "created_at": "2010-08-17T18:41:03Z", "updated_at": "2021-05-27T03:48:48Z", "pushed_at": "2010-08-19T16:53:55Z", "size": 94, "stargazers_count": 8, "watchers_count": 8, "language": "Ruby", "has_issues": true, "has_projects": true, "has_downloads": true, "has_wiki": true, "has_pages": false, "has_discussions": false, "forks_count": 3, "mirror_url": null, "archived": false, "disabled": false, "open_issues_count": 0, "license": {"key": "mit", "name": "MIT License", "spdx_id": "MIT", "url": "https://api.github.com/licenses/mit", "node_id": "MDc6TGljZW5zZTEz"}, "allow_forking": true, "is_template": false, "web_commit_signoff_required": false, "topics": [], "default_branch": "master", "permissions": {"admin": false, "maintain": false, "push": false, "triage": false, "pull": true}, "_id": 844386}, {"owner": {"type": "User", "site_admin": false}, "fork": false, "created_at": "2010-08-17T18:43:47Z", "updated_at": "2022-11-15T05:03:57Z", "pushed_at": "2022-08-24T21:06:40Z", "size": 418, "stargazers_count": 75, "watchers_count": 75, "language": "C++", "has_issues": true, "has_projects": true, "has_downloads": true, "has_wiki": true, "has_pages": false, "has_discussions": false, "forks_count": 30, "mirror_url": null, "archived": false, "disabled": false, "open_issues_count": 0, "license": {"key": "apache-2.0", "name": "Apache License 2.0", "spdx_id": "Apache-2.0", "url": "https://api.github.com/licenses/apache-2.0", "node_id": "MDc6TGljZW5zZTI="}, "allow_forking": true, "is_template": false, "web_commit_signoff_required": false, "topics": ["c-plus-plus", "foss", "ftp", "ftp-server", "simple"], "default_branch": "master", "permissions": {"admin": false, "maintain": false, "push": false, "triage": false, "pull": true}, "_id": 844390}, {"owner": {"type": "User", "site_admin": false}, "fork": false, "created_at": "2010-08-17T18:46:37Z", "updated_at": "2022-06-20T16:52:51Z", "pushed_at": "2015-04-18T00:08:48Z", "size": 1452, "stargazers_count": 51, "watchers_count": 51, "language": "ActionScript", "has_issues": true, "has_projects": true, "has_downloads": true, "has_wiki": true, "has_pages": false, "has_discussions": false, "forks_count": 12, "mirror_url": null, "archived": true, "disabled": false, "open_issues_count": 0, "license": null, "allow_forking": true, "is_template": false, "web_commit_signoff_required": false, "topics": [], "default_branch": "master", "permissions": {"admin": false, "maintain": false, "push": false, "triage": false, "pull": true}, "_id": 844396}, {"owner": {"type": "User", "site_admin": false}, "fork": false, "created_at": "2010-08-17T18:56:05Z", "updated_at": "2022-07-27T06:56:20Z", "pushed_at": "2020-08-18T13:53:30Z", "size": 201, "stargazers_count": 14, "watchers_count": 14, "language": "C", "has_issues": true, "has_projects": true, "has_downloads": true, "has_wiki": true, "has_pages": false, "has_discussions": false, "forks_count": 1, "mirror_url": null, "archived": false, "disabled": false, "open_issues_count": 0, "license": {"key": "gpl-3.0", "name": "GNU General Public License v3.0", "spdx_id": "GPL-3.0", "url": "https://api.github.com/licenses/gpl-3.0", "node_id": "MDc6TGljZW5zZTk="}, "allow_forking": true, "is_template": false, "web_commit_signoff_required": false, "topics": [], "default_branch": "master", "permissions": {"admin": false, "maintain": false, "push": false, "triage": false, "pull": true}, "_id": 844419}, {"owner": {"type": "Organization", "site_admin": false}, "fork": false, "created_at": "2010-08-17T19:18:44Z", "updated_at": "2016-09-14T14:55:43Z", "pushed_at": "2013-09-10T21:21:16Z", "size": 447, "stargazers_count": 6, "watchers_count": 6, "language": "PHP", "has_issues": true, "has_projects": true, "has_downloads": true, "has_wiki": true, "has_pages": false, "has_discussions": false, "forks_count": 1, "mirror_url": null, "archived": false, "disabled": false, "open_issues_count": 0, "license": {"key": "mit", "name": "MIT License", "spdx_id": "MIT", "url": "https://api.github.com/licenses/mit", "node_id": "MDc6TGljZW5zZTEz"}, "allow_forking": true, "is_template": false, "web_commit_signoff_required": false, "topics": [], "default_branch": "master", "permissions": {"admin": false, "maintain": false, "push": false, "triage": false, "pull": true}, "_id": 844475}, {"owner": {"type": "User", "site_admin": false}, "fork": false, "created_at": "2010-08-17T19:18:53Z", "updated_at": "2020-07-27T23:50:47Z", "pushed_at": "2012-02-09T08:21:32Z", "size": 178, "stargazers_count": 17, "watchers_count": 17, "language": "PHP", "has_issues": true, "has_projects": true, "has_downloads": true, "has_wiki": true, "has_pages": false, "has_discussions": false, "forks_count": 4, "mirror_url": null, "archived": false, "disabled": false, "open_issues_count": 0, "license": {"key": "mit", "name": "MIT License", "spdx_id": "MIT", "url": "https://api.github.com/licenses/mit", "node_id": "MDc6TGljZW5zZTEz"}, "allow_forking": true, "is_template": false, "web_commit_signoff_required": false, "topics": [], "default_branch": "master", "permissions": {"admin": false, "maintain": false, "push": false, "triage": false, "pull": true}, "_id": 844477}, {"owner": {"type": "User", "site_admin": false}, "fork": false, "created_at": "2010-08-17T19:34:35Z", "updated_at": "2017-05-09T05:45:20Z", "pushed_at": "2010-08-17T19:52:41Z", "size": 91, "stargazers_count": 9, "watchers_count": 9, "language": "C", "has_issues": true, "has_projects": true, "has_downloads": true, "has_wiki": true, "has_pages": false, "has_discussions": false, "forks_count": 3, "mirror_url": null, "archived": false, "disabled": false, "open_issues_count": 0, "license": null, "allow_forking": true, "is_template": false, "web_commit_signoff_required": false, "topics": [], "default_branch": "master", "permissions": {"admin": false, "maintain": false, "push": false, "triage": false, "pull": true}, "_id": 844516}, {"owner": {"type": "User", "site_admin": false}, "fork": false, "created_at": "2010-08-17T19:39:22Z", "updated_at": "2017-06-18T15:33:00Z", "pushed_at": "2011-02-06T05:03:39Z", "size": 132, "stargazers_count": 11, "watchers_count": 11, "language": "JavaScript", "has_issues": true, "has_projects": true, "has_downloads": false, "has_wiki": false, "has_pages": false, "has_discussions": false, "forks_count": 0, "mirror_url": null, "archived": false, "disabled": false, "open_issues_count": 8, "license": {"key": "agpl-3.0", "name": "GNU Affero General Public License v3.0", "spdx_id": "AGPL-3.0", "url": "https://api.github.com/licenses/agpl-3.0", "node_id": "MDc6TGljZW5zZTE="}, "allow_forking": true, "is_template": false, "web_commit_signoff_required": false, "topics": [], "default_branch": "master", "permissions": {"admin": false, "maintain": false, "push": false, "triage": false, "pull": true}, "_id": 844529}, {"owner": {"type": "User", "site_admin": false}, "fork": false, "created_at": "2010-08-17T19:48:11Z", "updated_at": "2013-10-07T15:34:23Z", "pushed_at": "2011-01-17T16:08:13Z", "size": 931, "stargazers_count": 8, "watchers_count": 8, "language": "Java", "has_issues": true, "has_projects": true, "has_downloads": true, "has_wiki": true, "has_pages": false, "has_discussions": false, "forks_count": 2, "mirror_url": null, "archived": false, "disabled": false, "open_issues_count": 2, "license": {"key": "epl-1.0", "name": "Eclipse Public License 1.0", "spdx_id": "EPL-1.0", "url": "https://api.github.com/licenses/epl-1.0", "node_id": "MDc6TGljZW5zZTc="}, "allow_forking": true, "is_template": false, "web_commit_signoff_required": false, "topics": [], "default_branch": "master", "permissions": {"admin": false, "maintain": false, "push": false, "triage": false, "pull": true}, "_id": 844553}, {"owner": {"type": "User", "site_admin": false}, "fork": false, "created_at": "2010-08-17T19:49:28Z", "updated_at": "2022-09-18T18:14:35Z", "pushed_at": "2016-12-03T03:48:39Z", "size": 19757, "stargazers_count": 261, "watchers_count": 261, "language": "JavaScript", "has_issues": true, "has_projects": true, "has_downloads": true, "has_wiki": true, "has_pages": false, "has_discussions": false, "forks_count": 90, "mirror_url": null, "archived": false, "disabled": false, "open_issues_count": 12, "license": null, "allow_forking": true, "is_template": false, "web_commit_signoff_required": false, "topics": [], "default_branch": "master", "permissions": {"admin": false, "maintain": false, "push": false, "triage": false, "pull": true}, "_id": 844557}, {"owner": {"type": "User", "site_admin": false}, "fork": false, "created_at": "2010-08-17T20:01:06Z", "updated_at": "2022-04-21T00:56:00Z", "pushed_at": "2019-05-19T09:15:48Z", "size": 9716, "stargazers_count": 49, "watchers_count": 49, "language": "Java", "has_issues": true, "has_projects": true, "has_downloads": true, "has_wiki": false, "has_pages": true, "has_discussions": false, "forks_count": 15, "mirror_url": null, "archived": false, "disabled": false, "open_issues_count": 7, "license": {"key": "mit", "name": "MIT License", "spdx_id": "MIT", "url": "https://api.github.com/licenses/mit", "node_id": "MDc6TGljZW5zZTEz"}, "allow_forking": true, "is_template": false, "web_commit_signoff_required": false, "topics": [], "default_branch": "master", "permissions": {"admin": false, "maintain": false, "push": false, "triage": false, "pull": true}, "_id": 844592}, {"owner": {"type": "User", "site_admin": false}, "fork": false, "created_at": "2010-08-17T20:38:15Z", "updated_at": "2022-04-08T16:03:57Z", "pushed_at": "2013-02-05T20:15:10Z", "size": 4980, "stargazers_count": 98, "watchers_count": 98, "language": "Go", "has_issues": true, "has_projects": true, "has_downloads": true, "has_wiki": true, "has_pages": false, "has_discussions": false, "forks_count": 16, "mirror_url": null, "archived": false, "disabled": false, "open_issues_count": 1, "license": {"key": "agpl-3.0", "name": "GNU Affero General Public License v3.0", "spdx_id": "AGPL-3.0", "url": "https://api.github.com/licenses/agpl-3.0", "node_id": "MDc6TGljZW5zZTE="}, "allow_forking": true, "is_template": false, "web_commit_signoff_required": false, "topics": [], "default_branch": "master", "permissions": {"admin": false, "maintain": false, "push": false, "triage": false, "pull": true}, "_id": 844682}, {"owner": {"type": "User", "site_admin": false}, "fork": false, "created_at": "2010-08-17T20:39:45Z", "updated_at": "2022-03-16T06:10:21Z", "pushed_at": "2013-05-09T02:17:21Z", "size": 107, "stargazers_count": 34, "watchers_count": 34, "language": "Python", "has_issues": true, "has_projects": true, "has_downloads": true, "has_wiki": true, "has_pages": false, "has_discussions": false, "forks_count": 11, "mirror_url": null, "archived": false, "disabled": false, "open_issues_count": 3, "license": {"key": "mit", "name": "MIT License", "spdx_id": "MIT", "url": "https://api.github.com/licenses/mit", "node_id": "MDc6TGljZW5zZTEz"}, "allow_forking": true, "is_template": false, "web_commit_signoff_required": false, "topics": [], "default_branch": "master", "permissions": {"admin": false, "maintain": false, "push": false, "triage": false, "pull": true}, "_id": 844685}, {"owner": {"type": "User", "site_admin": false}, "fork": false, "created_at": "2010-08-17T20:39:51Z", "updated_at": "2022-11-23T19:46:15Z", "pushed_at": "2021-09-30T16:50:29Z", "size": 52, "stargazers_count": 354, "watchers_count": 354, "language": "PHP", "has_issues": true, "has_projects": true, "has_downloads": true, "has_wiki": true, "has_pages": false, "has_discussions": false, "forks_count": 249, "mirror_url": null, "archived": false, "disabled": false, "open_issues_count": 19, "license": null, "allow_forking": true, "is_template": false, "web_commit_signoff_required": false, "topics": ["database", "mysql", "pdo", "php", "php-mysql"], "default_branch": "master", "permissions": {"admin": false, "maintain": false, "push": false, "triage": false, "pull": true}, "_id": 844688}, {"owner": {"type": "Organization", "site_admin": false}, "fork": false, "created_at": "2010-08-17T20:56:21Z", "updated_at": "2022-11-10T05:13:53Z", "pushed_at": "2022-09-14T23:24:43Z", "size": 1139, "stargazers_count": 407, "watchers_count": 407, "language": "Ruby", "has_issues": true, "has_projects": true, "has_downloads": true, "has_wiki": true, "has_pages": false, "has_discussions": false, "forks_count": 119, "mirror_url": null, "archived": false, "disabled": false, "open_issues_count": 29, "license": {"key": "apache-2.0", "name": "Apache License 2.0", "spdx_id": "Apache-2.0", "url": "https://api.github.com/licenses/apache-2.0", "node_id": "MDc6TGljZW5zZTI="}, "allow_forking": true, "is_template": false, "web_commit_signoff_required": false, "topics": [], "default_branch": "master", "permissions": {"admin": false, "maintain": false, "push": false, "triage": false, "pull": true}, "_id": 844729}, {"owner": {"type": "User", "site_admin": false}, "fork": false, "created_at": "2010-08-17T21:02:11Z", "updated_at": "2018-07-24T06:08:13Z", "pushed_at": "2010-08-17T21:03:07Z", "size": 99, "stargazers_count": 6, "watchers_count": 6, "language": "Ruby", "has_issues": true, "has_projects": true, "has_downloads": true, "has_wiki": true, "has_pages": false, "has_discussions": false, "forks_count": 2, "mirror_url": null, "archived": false, "disabled": false, "open_issues_count": 0, "license": {"key": "other", "name": "Other", "spdx_id": "NOASSERTION", "url": null, "node_id": "MDc6TGljZW5zZTA="}, "allow_forking": true, "is_template": false, "web_commit_signoff_required": false, "topics": [], "default_branch": "master", "permissions": {"admin": false, "maintain": false, "push": false, "triage": false, "pull": true}, "_id": 844744}, {"owner": {"type": "User", "site_admin": false}, "fork": false, "created_at": "2010-08-17T21:11:13Z", "updated_at": "2019-08-13T14:35:53Z", "pushed_at": "2010-08-17T21:11:29Z", "size": 82, "stargazers_count": 19, "watchers_count": 19, "language": "Ruby", "has_issues": true, "has_projects": true, "has_downloads": true, "has_wiki": true, "has_pages": false, "has_discussions": false, "forks_count": 0, "mirror_url": null, "archived": false, "disabled": false, "open_issues_count": 0, "license": null, "allow_forking": true, "is_template": false, "web_commit_signoff_required": false, "topics": [], "default_branch": "master", "permissions": {"admin": false, "maintain": false, "push": false, "triage": false, "pull": true}, "_id": 844759}, {"owner": {"type": "User", "site_admin": false}, "fork": false, "created_at": "2010-08-17T21:28:18Z", "updated_at": "2015-10-02T06:51:16Z", "pushed_at": "2015-09-06T18:26:02Z", "size": 322, "stargazers_count": 10, "watchers_count": 10, "language": "JavaScript", "has_issues": true, "has_projects": true, "has_downloads": true, "has_wiki": true, "has_pages": true, "has_discussions": false, "forks_count": 0, "mirror_url": null, "archived": false, "disabled": false, "open_issues_count": 0, "license": null, "allow_forking": true, "is_template": false, "web_commit_signoff_required": false, "topics": ["grammar", "interpreter", "nodejs", "programming-language"], "default_branch": "master", "permissions": {"admin": false, "maintain": false, "push": false, "triage": false, "pull": true}, "_id": 844806}, {"owner": {"type": "User", "site_admin": false}, "fork": false, "created_at": "2010-08-17T21:29:33Z", "updated_at": "2022-11-01T06:58:56Z", "pushed_at": "2022-11-15T21:27:10Z", "size": 2449, "stargazers_count": 9, "watchers_count": 9, "language": "PHP", "has_issues": true, "has_projects": true, "has_downloads": true, "has_wiki": true, "has_pages": false, "has_discussions": false, "forks_count": 3, "mirror_url": null, "archived": false, "disabled": false, "open_issues_count": 0, "license": null, "allow_forking": true, "is_template": false, "web_commit_signoff_required": false, "topics": [], "default_branch": "master", "permissions": {"admin": false, "maintain": false, "push": false, "triage": false, "pull": true}, "_id": 844809}, {"owner": {"type": "User", "site_admin": false}, "fork": false, "created_at": "2010-08-17T21:31:55Z", "updated_at": "2020-12-15T18:50:30Z", "pushed_at": "2011-04-26T14:13:52Z", "size": 6360, "stargazers_count": 13, "watchers_count": 13, "language": "C#", "has_issues": true, "has_projects": true, "has_downloads": true, "has_wiki": true, "has_pages": false, "has_discussions": false, "forks_count": 11, "mirror_url": null, "archived": false, "disabled": false, "open_issues_count": 0, "license": null, "allow_forking": true, "is_template": false, "web_commit_signoff_required": false, "topics": [], "default_branch": "master", "permissions": {"admin": false, "maintain": false, "push": false, "triage": false, "pull": true}, "_id": 844819}, {"owner": {"type": "User", "site_admin": false}, "fork": false, "created_at": "2010-08-17T21:48:03Z", "updated_at": "2021-04-24T17:14:40Z", "pushed_at": "2010-08-17T22:48:35Z", "size": 94, "stargazers_count": 12, "watchers_count": 12, "language": null, "has_issues": true, "has_projects": true, "has_downloads": false, "has_wiki": false, "has_pages": false, "has_discussions": false, "forks_count": 5, "mirror_url": null, "archived": false, "disabled": false, "open_issues_count": 0, "license": null, "allow_forking": true, "is_template": false, "web_commit_signoff_required": false, "topics": ["php", "plugin", "plugin-manager"], "default_branch": "master", "permissions": {"admin": false, "maintain": false, "push": false, "triage": false, "pull": true}, "_id": 844848}, {"owner": {"type": "User", "site_admin": false}, "fork": false, "created_at": "2010-08-17T21:53:01Z", "updated_at": "2022-03-14T06:39:42Z", "pushed_at": "2014-09-13T01:52:13Z", "size": 141, "stargazers_count": 13, "watchers_count": 13, "language": "Java", "has_issues": true, "has_projects": true, "has_downloads": true, "has_wiki": true, "has_pages": false, "has_discussions": false, "forks_count": 7, "mirror_url": null, "archived": false, "disabled": false, "open_issues_count": 2, "license": null, "allow_forking": true, "is_template": false, "web_commit_signoff_required": false, "topics": [], "default_branch": "master", "permissions": {"admin": false, "maintain": false, "push": false, "triage": false, "pull": true}, "_id": 844861}, {"owner": {"type": "User", "site_admin": false}, "fork": false, "created_at": "2010-08-17T21:54:32Z", "updated_at": "2019-12-16T11:18:26Z", "pushed_at": "2017-09-17T05:24:21Z", "size": 144, "stargazers_count": 10, "watchers_count": 10, "language": "Perl", "has_issues": true, "has_projects": true, "has_downloads": true, "has_wiki": true, "has_pages": false, "has_discussions": false, "forks_count": 5, "mirror_url": null, "archived": false, "disabled": false, "open_issues_count": 7, "license": null, "allow_forking": true, "is_template": false, "web_commit_signoff_required": false, "topics": [], "default_branch": "master", "permissions": {"admin": false, "maintain": false, "push": false, "triage": false, "pull": true}, "_id": 844865}, {"owner": {"type": "User", "site_admin": false}, "fork": false, "created_at": "2010-08-17T22:14:46Z", "updated_at": "2020-01-31T22:35:38Z", "pushed_at": "2011-11-16T18:01:44Z", "size": 109, "stargazers_count": 6, "watchers_count": 6, "language": "JavaScript", "has_issues": true, "has_projects": true, "has_downloads": true, "has_wiki": true, "has_pages": false, "has_discussions": false, "forks_count": 0, "mirror_url": null, "archived": true, "disabled": false, "open_issues_count": 0, "license": {"key": "mit", "name": "MIT License", "spdx_id": "MIT", "url": "https://api.github.com/licenses/mit", "node_id": "MDc6TGljZW5zZTEz"}, "allow_forking": true, "is_template": false, "web_commit_signoff_required": false, "topics": [], "default_branch": "master", "permissions": {"admin": false, "maintain": false, "push": false, "triage": false, "pull": true}, "_id": 844907}, {"owner": {"type": "User", "site_admin": false}, "fork": false, "created_at": "2010-08-17T22:16:24Z", "updated_at": "2014-05-08T23:16:51Z", "pushed_at": "2013-04-13T00:09:23Z", "size": 551, "stargazers_count": 6, "watchers_count": 6, "language": "Python", "has_issues": true, "has_projects": true, "has_downloads": true, "has_wiki": true, "has_pages": false, "has_discussions": false, "forks_count": 1, "mirror_url": null, "archived": false, "disabled": false, "open_issues_count": 0, "license": null, "allow_forking": true, "is_template": false, "web_commit_signoff_required": false, "topics": [], "default_branch": "master", "permissions": {"admin": false, "maintain": false, "push": false, "triage": false, "pull": true}, "_id": 844915}, {"owner": {"type": "User", "site_admin": false}, "fork": false, "created_at": "2010-08-17T22:21:22Z", "updated_at": "2022-02-05T05:53:00Z", "pushed_at": "2011-03-26T14:06:10Z", "size": 189, "stargazers_count": 20, "watchers_count": 20, "language": "Objective-C", "has_issues": true, "has_projects": true, "has_downloads": true, "has_wiki": true, "has_pages": true, "has_discussions": false, "forks_count": 3, "mirror_url": null, "archived": false, "disabled": false, "open_issues_count": 0, "license": {"key": "other", "name": "Other", "spdx_id": "NOASSERTION", "url": null, "node_id": "MDc6TGljZW5zZTA="}, "allow_forking": true, "is_template": false, "web_commit_signoff_required": false, "topics": [], "default_branch": "master", "permissions": {"admin": false, "maintain": false, "push": false, "triage": false, "pull": true}, "_id": 844925}, {"owner": {"type": "User", "site_admin": false}, "fork": false, "created_at": "2010-08-17T22:22:07Z", "updated_at": "2019-08-13T14:35:53Z", "pushed_at": "2010-12-14T23:03:36Z", "size": 352, "stargazers_count": 18, "watchers_count": 18, "language": "JavaScript", "has_issues": true, "has_projects": true, "has_downloads": true, "has_wiki": true, "has_pages": false, "has_discussions": false, "forks_count": 1, "mirror_url": null, "archived": false, "disabled": false, "open_issues_count": 1, "license": null, "allow_forking": true, "is_template": false, "web_commit_signoff_required": false, "topics": [], "default_branch": "master", "permissions": {"admin": false, "maintain": false, "push": false, "triage": false, "pull": true}, "_id": 844929}, {"owner": {"type": "User", "site_admin": false}, "fork": false, "created_at": "2010-08-17T22:23:12Z", "updated_at": "2019-08-13T14:35:53Z", "pushed_at": "2013-07-28T16:49:11Z", "size": 1622, "stargazers_count": 47, "watchers_count": 47, "language": "Objective-C", "has_issues": true, "has_projects": true, "has_downloads": true, "has_wiki": true, "has_pages": true, "has_discussions": false, "forks_count": 7, "mirror_url": null, "archived": false, "disabled": false, "open_issues_count": 3, "license": {"key": "other", "name": "Other", "spdx_id": "NOASSERTION", "url": null, "node_id": "MDc6TGljZW5zZTA="}, "allow_forking": true, "is_template": false, "web_commit_signoff_required": false, "topics": [], "default_branch": "master", "permissions": {"admin": false, "maintain": false, "push": false, "triage": false, "pull": true}, "_id": 844930}, {"owner": {"type": "Organization", "site_admin": false}, "fork": false, "created_at": "2010-08-17T22:31:40Z", "updated_at": "2022-01-14T20:11:53Z", "pushed_at": "2019-03-28T03:36:27Z", "size": 107, "stargazers_count": 14, "watchers_count": 14, "language": "Python", "has_issues": true, "has_projects": true, "has_downloads": true, "has_wiki": false, "has_pages": false, "has_discussions": false, "forks_count": 7, "mirror_url": null, "archived": true, "disabled": false, "open_issues_count": 0, "license": {"key": "bsd-3-clause", "name": "BSD 3-Clause \"New\" or \"Revised\" License", "spdx_id": "BSD-3-Clause", "url": "https://api.github.com/licenses/bsd-3-clause", "node_id": "MDc6TGljZW5zZTU="}, "allow_forking": true, "is_template": false, "web_commit_signoff_required": false, "topics": ["inactive", "unmaintained"], "default_branch": "master", "permissions": {"admin": false, "maintain": false, "push": false, "triage": false, "pull": true}, "_id": 844944}, {"owner": {"type": "User", "site_admin": false}, "fork": false, "created_at": "2010-08-17T22:33:49Z", "updated_at": "2021-12-31T03:27:12Z", "pushed_at": "2022-06-14T21:03:41Z", "size": 1659, "stargazers_count": 11, "watchers_count": 11, "language": "Vim script", "has_issues": true, "has_projects": true, "has_downloads": true, "has_wiki": true, "has_pages": false, "has_discussions": false, "forks_count": 1, "mirror_url": null, "archived": false, "disabled": false, "open_issues_count": 0, "license": null, "allow_forking": true, "is_template": false, "web_commit_signoff_required": false, "topics": [], "default_branch": "main", "permissions": {"admin": false, "maintain": false, "push": false, "triage": false, "pull": true}, "_id": 844947}, {"owner": {"type": "Organization", "site_admin": false}, "fork": false, "created_at": "2010-08-17T22:38:41Z", "updated_at": "2020-02-12T23:29:43Z", "pushed_at": "2010-08-19T14:36:46Z", "size": 124, "stargazers_count": 16, "watchers_count": 16, "language": "Shell", "has_issues": true, "has_projects": true, "has_downloads": true, "has_wiki": true, "has_pages": false, "has_discussions": false, "forks_count": 0, "mirror_url": null, "archived": true, "disabled": false, "open_issues_count": 4, "license": {"key": "other", "name": "Other", "spdx_id": "NOASSERTION", "url": null, "node_id": "MDc6TGljZW5zZTA="}, "allow_forking": true, "is_template": false, "web_commit_signoff_required": false, "topics": [], "default_branch": "master", "permissions": {"admin": false, "maintain": false, "push": false, "triage": false, "pull": true}, "_id": 844958}, {"owner": {"type": "User", "site_admin": false}, "fork": false, "created_at": "2010-08-17T22:46:49Z", "updated_at": "2020-10-12T01:26:37Z", "pushed_at": "2011-03-15T18:19:08Z", "size": 572, "stargazers_count": 6, "watchers_count": 6, "language": "PHP", "has_issues": true, "has_projects": true, "has_downloads": true, "has_wiki": true, "has_pages": false, "has_discussions": false, "forks_count": 0, "mirror_url": null, "archived": false, "disabled": false, "open_issues_count": 0, "license": null, "allow_forking": true, "is_template": false, "web_commit_signoff_required": false, "topics": [], "default_branch": "master", "permissions": {"admin": false, "maintain": false, "push": false, "triage": false, "pull": true}, "_id": 844971}, {"owner": {"type": "User", "site_admin": false}, "fork": false, "created_at": "2010-08-17T22:55:03Z", "updated_at": "2021-01-30T15:48:06Z", "pushed_at": "2014-08-16T22:09:45Z", "size": 142, "stargazers_count": 6, "watchers_count": 6, "language": "Ruby", "has_issues": true, "has_projects": true, "has_downloads": true, "has_wiki": true, "has_pages": false, "has_discussions": false, "forks_count": 0, "mirror_url": null, "archived": false, "disabled": false, "open_issues_count": 0, "license": null, "allow_forking": true, "is_template": false, "web_commit_signoff_required": false, "topics": [], "default_branch": "master", "permissions": {"admin": false, "maintain": false, "push": false, "triage": false, "pull": true}, "_id": 844980}, {"owner": {"type": "Organization", "site_admin": false}, "fork": false, "created_at": "2010-08-17T23:14:57Z", "updated_at": "2021-09-10T01:32:23Z", "pushed_at": "2022-06-04T02:28:35Z", "size": 232, "stargazers_count": 6, "watchers_count": 6, "language": "Perl", "has_issues": true, "has_projects": true, "has_downloads": true, "has_wiki": true, "has_pages": false, "has_discussions": false, "forks_count": 12, "mirror_url": null, "archived": false, "disabled": false, "open_issues_count": 1, "license": {"key": "other", "name": "Other", "spdx_id": "NOASSERTION", "url": null, "node_id": "MDc6TGljZW5zZTA="}, "allow_forking": true, "is_template": false, "web_commit_signoff_required": false, "topics": [], "default_branch": "master", "permissions": {"admin": false, "maintain": false, "push": false, "triage": false, "pull": true}, "_id": 845015}, {"owner": {"type": "User", "site_admin": false}, "fork": false, "created_at": "2010-08-17T23:43:48Z", "updated_at": "2022-07-04T22:18:13Z", "pushed_at": "2017-07-11T22:50:33Z", "size": 37, "stargazers_count": 72, "watchers_count": 72, "language": "JavaScript", "has_issues": true, "has_projects": true, "has_downloads": true, "has_wiki": true, "has_pages": false, "has_discussions": false, "forks_count": 9, "mirror_url": null, "archived": false, "disabled": false, "open_issues_count": 0, "license": {"key": "mit", "name": "MIT License", "spdx_id": "MIT", "url": "https://api.github.com/licenses/mit", "node_id": "MDc6TGljZW5zZTEz"}, "allow_forking": true, "is_template": false, "web_commit_signoff_required": false, "topics": [], "default_branch": "master", "permissions": {"admin": false, "maintain": false, "push": false, "triage": false, "pull": true}, "_id": 845068}, {"owner": {"type": "Organization", "site_admin": false}, "fork": false, "created_at": "2010-08-17T23:54:18Z", "updated_at": "2022-08-04T04:42:41Z", "pushed_at": "2022-04-03T22:34:45Z", "size": 3484, "stargazers_count": 43, "watchers_count": 43, "language": "Perl", "has_issues": true, "has_projects": true, "has_downloads": true, "has_wiki": true, "has_pages": false, "has_discussions": false, "forks_count": 19, "mirror_url": null, "archived": false, "disabled": false, "open_issues_count": 19, "license": null, "allow_forking": true, "is_template": false, "web_commit_signoff_required": false, "topics": [], "default_branch": "main", "permissions": {"admin": false, "maintain": false, "push": false, "triage": false, "pull": true}, "_id": 845079}]