[{"owner": {"type": "User", "site_admin": false}, "fork": false, "created_at": "2010-08-04T00:55:53Z", "updated_at": "2021-01-17T18:20:18Z", "pushed_at": "2010-08-04T01:07:03Z", "size": 83, "stargazers_count": 10, "watchers_count": 10, "language": "PHP", "has_issues": true, "has_projects": true, "has_downloads": true, "has_wiki": true, "has_pages": false, "has_discussions": false, "forks_count": 1, "mirror_url": null, "archived": false, "disabled": false, "open_issues_count": 0, "license": null, "allow_forking": true, "is_template": false, "web_commit_signoff_required": false, "topics": [], "default_branch": "master", "permissions": {"admin": false, "maintain": false, "push": false, "triage": false, "pull": true}, "_id": 815931}, {"owner": {"type": "User", "site_admin": false}, "fork": false, "created_at": "2010-08-04T01:07:57Z", "updated_at": "2019-08-13T14:35:29Z", "pushed_at": "2012-02-03T01:33:02Z", "size": 102, "stargazers_count": 7, "watchers_count": 7, "language": "Ruby", "has_issues": true, "has_projects": true, "has_downloads": true, "has_wiki": true, "has_pages": false, "has_discussions": false, "forks_count": 0, "mirror_url": null, "archived": false, "disabled": false, "open_issues_count": 0, "license": null, "allow_forking": true, "is_template": false, "web_commit_signoff_required": false, "topics": [], "default_branch": "master", "permissions": {"admin": false, "maintain": false, "push": false, "triage": false, "pull": true}, "_id": 815952}, {"owner": {"type": "User", "site_admin": false}, "fork": false, "created_at": "2010-08-04T01:29:42Z", "updated_at": "2020-06-04T20:34:37Z", "pushed_at": "2010-08-18T23:58:04Z", "size": 112, "stargazers_count": 11, "watchers_count": 11, "language": "C++", "has_issues": true, "has_projects": true, "has_downloads": true, "has_wiki": true, "has_pages": false, "has_discussions": false, "forks_count": 6, "mirror_url": null, "archived": false, "disabled": false, "open_issues_count": 1, "license": {"key": "mit", "name": "MIT License", "spdx_id": "MIT", "url": "https://api.github.com/licenses/mit", "node_id": "MDc6TGljZW5zZTEz"}, "allow_forking": true, "is_template": false, "web_commit_signoff_required": false, "topics": [], "default_branch": "master", "permissions": {"admin": false, "maintain": false, "push": false, "triage": false, "pull": true}, "_id": 815994}, {"owner": {"type": "User", "site_admin": false}, "fork": false, "created_at": "2010-08-04T01:41:45Z", "updated_at": "2021-04-06T20:53:47Z", "pushed_at": "2022-11-22T07:53:24Z", "size": 1767, "stargazers_count": 10, "watchers_count": 10, "language": "JavaScript", "has_issues": true, "has_projects": true, "has_downloads": true, "has_wiki": true, "has_pages": false, "has_discussions": false, "forks_count": 2, "mirror_url": null, "archived": false, "disabled": false, "open_issues_count": 24, "license": null, "allow_forking": true, "is_template": false, "web_commit_signoff_required": false, "topics": [], "default_branch": "main", "permissions": {"admin": false, "maintain": false, "push": false, "triage": false, "pull": true}, "_id": 816011}, {"owner": {"type": "User", "site_admin": false}, "fork": false, "created_at": "2010-08-04T01:53:09Z", "updated_at": "2021-03-16T21:32:48Z", "pushed_at": "2021-09-15T09:30:38Z", "size": 130, "stargazers_count": 25, "watchers_count": 25, "language": "Common Lisp", "has_issues": true, "has_projects": true, "has_downloads": true, "has_wiki": true, "has_pages": false, "has_discussions": false, "forks_count": 11, "mirror_url": null, "archived": false, "disabled": false, "open_issues_count": 9, "license": null, "allow_forking": true, "is_template": false, "web_commit_signoff_required": false, "topics": [], "default_branch": "master", "permissions": {"admin": false, "maintain": false, "push": false, "triage": false, "pull": true}, "_id": 816022}, {"owner": {"type": "User", "site_admin": false}, "fork": false, "created_at": "2010-08-04T01:54:29Z", "updated_at": "2020-02-23T03:02:58Z", "pushed_at": "2012-07-18T03:31:56Z", "size": 116, "stargazers_count": 10, "watchers_count": 10, "language": "Shell", "has_issues": true, "has_projects": true, "has_downloads": true, "has_wiki": true, "has_pages": false, "has_discussions": false, "forks_count": 3, "mirror_url": null, "archived": false, "disabled": false, "open_issues_count": 1, "license": null, "allow_forking": true, "is_template": false, "web_commit_signoff_required": false, "topics": [], "default_branch": "master", "permissions": {"admin": false, "maintain": false, "push": false, "triage": false, "pull": true}, "_id": 816026}, {"owner": {"type": "User", "site_admin": false}, "fork": false, "created_at": "2010-08-04T02:21:27Z", "updated_at": "2019-09-22T17:15:35Z", "pushed_at": "2010-08-04T02:22:27Z", "size": 96, "stargazers_count": 9, "watchers_count": 9, "language": "C", "has_issues": true, "has_projects": true, "has_downloads": true, "has_wiki": false, "has_pages": false, "has_discussions": false, "forks_count": 8, "mirror_url": null, "archived": false, "disabled": false, "open_issues_count": 0, "license": null, "allow_forking": true, "is_template": false, "web_commit_signoff_required": false, "topics": [], "default_branch": "master", "permissions": {"admin": false, "maintain": false, "push": false, "triage": false, "pull": true}, "_id": 816063}, {"owner": {"type": "User", "site_admin": false}, "fork": false, "created_at": "2010-08-04T02:30:46Z", "updated_at": "2019-08-15T16:49:42Z", "pushed_at": "2010-08-04T02:31:34Z", "size": 204, "stargazers_count": 11, "watchers_count": 11, "language": "C", "has_issues": true, "has_projects": true, "has_downloads": true, "has_wiki": false, "has_pages": false, "has_discussions": false, "forks_count": 5, "mirror_url": null, "archived": false, "disabled": false, "open_issues_count": 0, "license": null, "allow_forking": true, "is_template": false, "web_commit_signoff_required": false, "topics": [], "default_branch": "master", "permissions": {"admin": false, "maintain": false, "push": false, "triage": false, "pull": true}, "_id": 816081}, {"owner": {"type": "User", "site_admin": false}, "fork": false, "created_at": "2010-08-04T02:32:53Z", "updated_at": "2018-10-02T15:13:25Z", "pushed_at": "2010-08-04T02:37:37Z", "size": 5260, "stargazers_count": 6, "watchers_count": 6, "language": "C++", "has_issues": true, "has_projects": true, "has_downloads": true, "has_wiki": false, "has_pages": false, "has_discussions": false, "forks_count": 2, "mirror_url": null, "archived": false, "disabled": false, "open_issues_count": 0, "license": null, "allow_forking": true, "is_template": false, "web_commit_signoff_required": false, "topics": [], "default_branch": "master", "permissions": {"admin": false, "maintain": false, "push": false, "triage": false, "pull": true}, "_id": 816083}, {"owner": {"type": "User", "site_admin": false}, "fork": false, "created_at": "2010-08-04T02:48:27Z", "updated_at": "2021-09-04T20:37:14Z", "pushed_at": "2011-11-04T15:41:51Z", "size": 201, "stargazers_count": 11, "watchers_count": 11, "language": "Clojure", "has_issues": true, "has_projects": true, "has_downloads": true, "has_wiki": true, "has_pages": false, "has_discussions": false, "forks_count": 1, "mirror_url": null, "archived": false, "disabled": false, "open_issues_count": 0, "license": null, "allow_forking": true, "is_template": false, "web_commit_signoff_required": false, "topics": [], "default_branch": "master", "permissions": {"admin": false, "maintain": false, "push": false, "triage": false, "pull": true}, "_id": 816110}, {"owner": {"type": "User", "site_admin": false}, "fork": false, "created_at": "2010-08-04T02:57:11Z", "updated_at": "2022-07-10T22:36:51Z", "pushed_at": "2021-12-12T22:10:11Z", "size": 1154, "stargazers_count": 28, "watchers_count": 28, "language": "Clojure", "has_issues": true, "has_projects": true, "has_downloads": true, "has_wiki": true, "has_pages": true, "has_discussions": false, "forks_count": 7, "mirror_url": null, "archived": false, "disabled": false, "open_issues_count": 2, "license": null, "allow_forking": true, "is_template": false, "web_commit_signoff_required": false, "topics": [], "default_branch": "master", "permissions": {"admin": false, "maintain": false, "push": false, "triage": false, "pull": true}, "_id": 816120}, {"owner": {"type": "User", "site_admin": false}, "fork": false, "created_at": "2010-08-04T03:04:47Z", "updated_at": "2021-01-13T19:29:31Z", "pushed_at": "2011-05-08T16:31:50Z", "size": 150, "stargazers_count": 117, "watchers_count": 117, "language": "Ruby", "has_issues": true, "has_projects": true, "has_downloads": false, "has_wiki": false, "has_pages": false, "has_discussions": false, "forks_count": 5, "mirror_url": null, "archived": false, "disabled": false, "open_issues_count": 0, "license": null, "allow_forking": true, "is_template": false, "web_commit_signoff_required": false, "topics": [], "default_branch": "master", "permissions": {"admin": false, "maintain": false, "push": false, "triage": false, "pull": true}, "_id": 816131}, {"owner": {"type": "Organization", "site_admin": false}, "fork": false, "created_at": "2010-08-04T04:02:42Z", "updated_at": "2022-08-14T07:21:36Z", "pushed_at": "2020-09-03T07:54:57Z", "size": 84331, "stargazers_count": 50, "watchers_count": 50, "language": "Java", "has_issues": false, "has_projects": true, "has_downloads": false, "has_wiki": false, "has_pages": false, "has_discussions": false, "forks_count": 26, "mirror_url": null, "archived": true, "disabled": false, "open_issues_count": 8, "license": null, "allow_forking": true, "is_template": false, "web_commit_signoff_required": false, "topics": [], "default_branch": "master", "permissions": {"admin": false, "maintain": false, "push": false, "triage": false, "pull": true}, "_id": 816192}, {"owner": {"type": "Organization", "site_admin": false}, "fork": false, "created_at": "2010-08-04T04:08:34Z", "updated_at": "2022-11-19T12:58:54Z", "pushed_at": "2022-10-14T20:32:37Z", "size": 24335, "stargazers_count": 4204, "watchers_count": 4204, "language": "Ruby", "has_issues": true, "has_projects": true, "has_downloads": true, "has_wiki": true, "has_pages": true, "has_discussions": false, "forks_count": 1000, "mirror_url": null, "archived": false, "disabled": false, "open_issues_count": 64, "license": {"key": "mit", "name": "MIT License", "spdx_id": "MIT", "url": "https://api.github.com/licenses/mit", "node_id": "MDc6TGljZW5zZTEz"}, "allow_forking": true, "is_template": false, "web_commit_signoff_required": false, "topics": ["airbrake", "crash-reporting", "error-monitoring", "ruby"], "default_branch": "main", "permissions": {"admin": false, "maintain": false, "push": false, "triage": false, "pull": true}, "_id": 816197}, {"owner": {"type": "User", "site_admin": false}, "fork": false, "created_at": "2010-08-04T04:32:41Z", "updated_at": "2022-06-21T11:39:10Z", "pushed_at": "2013-05-21T08:35:33Z", "size": 168, "stargazers_count": 42, "watchers_count": 42, "language": "Python", "has_issues": true, "has_projects": true, "has_downloads": true, "has_wiki": true, "has_pages": false, "has_discussions": false, "forks_count": 17, "mirror_url": null, "archived": false, "disabled": false, "open_issues_count": 4, "license": {"key": "gpl-3.0", "name": "GNU General Public License v3.0", "spdx_id": "GPL-3.0", "url": "https://api.github.com/licenses/gpl-3.0", "node_id": "MDc6TGljZW5zZTk="}, "allow_forking": true, "is_template": false, "web_commit_signoff_required": false, "topics": [], "default_branch": "master", "permissions": {"admin": false, "maintain": false, "push": false, "triage": false, "pull": true}, "_id": 816228}, {"owner": {"type": "User", "site_admin": false}, "fork": false, "created_at": "2010-08-04T04:38:21Z", "updated_at": "2019-07-14T10:02:16Z", "pushed_at": "2015-04-29T22:16:28Z", "size": 146, "stargazers_count": 13, "watchers_count": 13, "language": "Ruby", "has_issues": true, "has_projects": true, "has_downloads": true, "has_wiki": true, "has_pages": false, "has_discussions": false, "forks_count": 6, "mirror_url": null, "archived": false, "disabled": false, "open_issues_count": 0, "license": {"key": "other", "name": "Other", "spdx_id": "NOASSERTION", "url": null, "node_id": "MDc6TGljZW5zZTA="}, "allow_forking": true, "is_template": false, "web_commit_signoff_required": false, "topics": [], "default_branch": "master", "permissions": {"admin": false, "maintain": false, "push": false, "triage": false, "pull": true}, "_id": 816233}, {"owner": {"type": "User", "site_admin": false}, "fork": false, "created_at": "2010-08-04T04:46:58Z", "updated_at": "2017-09-07T10:26:12Z", "pushed_at": "2014-12-17T06:41:01Z", "size": 1278, "stargazers_count": 34, "watchers_count": 34, "language": "C#", "has_issues": true, "has_projects": true, "has_downloads": true, "has_wiki": true, "has_pages": false, "has_discussions": false, "forks_count": 5, "mirror_url": null, "archived": false, "disabled": false, "open_issues_count": 4, "license": null, "allow_forking": true, "is_template": false, "web_commit_signoff_required": false, "topics": [], "default_branch": "master", "permissions": {"admin": false, "maintain": false, "push": false, "triage": false, "pull": true}, "_id": 816243}, {"owner": {"type": "User", "site_admin": false}, "fork": false, "created_at": "2010-08-04T05:04:33Z", "updated_at": "2014-05-21T23:16:20Z", "pushed_at": "2010-11-20T19:14:10Z", "size": 112, "stargazers_count": 7, "watchers_count": 7, "language": "Clojure", "has_issues": true, "has_projects": true, "has_downloads": true, "has_wiki": true, "has_pages": false, "has_discussions": false, "forks_count": 1, "mirror_url": null, "archived": false, "disabled": false, "open_issues_count": 0, "license": null, "allow_forking": true, "is_template": false, "web_commit_signoff_required": false, "topics": [], "default_branch": "master", "permissions": {"admin": false, "maintain": false, "push": false, "triage": false, "pull": true}, "_id": 816259}, {"owner": {"type": "Organization", "site_admin": false}, "fork": false, "created_at": "2010-08-04T05:10:21Z", "updated_at": "2021-04-09T02:23:53Z", "pushed_at": "2017-03-14T03:56:50Z", "size": 993, "stargazers_count": 35, "watchers_count": 35, "language": "Scala", "has_issues": true, "has_projects": true, "has_downloads": true, "has_wiki": true, "has_pages": false, "has_discussions": false, "forks_count": 18, "mirror_url": null, "archived": false, "disabled": false, "open_issues_count": 2, "license": null, "allow_forking": true, "is_template": false, "web_commit_signoff_required": false, "topics": [], "default_branch": "master", "permissions": {"admin": false, "maintain": false, "push": false, "triage": false, "pull": true}, "_id": 816268}, {"owner": {"type": "User", "site_admin": false}, "fork": false, "created_at": "2010-08-04T05:37:47Z", "updated_at": "2022-11-16T23:17:54Z", "pushed_at": "2022-11-20T14:19:53Z", "size": 764, "stargazers_count": 323, "watchers_count": 323, "language": "Python", "has_issues": true, "has_projects": true, "has_downloads": true, "has_wiki": true, "has_pages": false, "has_discussions": false, "forks_count": 77, "mirror_url": null, "archived": false, "disabled": false, "open_issues_count": 51, "license": {"key": "mit", "name": "MIT License", "spdx_id": "MIT", "url": "https://api.github.com/licenses/mit", "node_id": "MDc6TGljZW5zZTEz"}, "allow_forking": true, "is_template": false, "web_commit_signoff_required": false, "topics": [], "default_branch": "master", "permissions": {"admin": false, "maintain": false, "push": false, "triage": false, "pull": true}, "_id": 816295}, {"owner": {"type": "Organization", "site_admin": false}, "fork": false, "created_at": "2010-08-04T06:07:15Z", "updated_at": "2021-06-23T21:21:57Z", "pushed_at": "2018-12-11T01:55:48Z", "size": 3549, "stargazers_count": 69, "watchers_count": 69, "language": "Objective-C", "has_issues": true, "has_projects": true, "has_downloads": true, "has_wiki": true, "has_pages": false, "has_discussions": false, "forks_count": 7, "mirror_url": null, "archived": false, "disabled": false, "open_issues_count": 0, "license": null, "allow_forking": true, "is_template": false, "web_commit_signoff_required": false, "topics": [], "default_branch": "master", "permissions": {"admin": false, "maintain": false, "push": false, "triage": false, "pull": true}, "_id": 816334}, {"owner": {"type": "User", "site_admin": false}, "fork": false, "created_at": "2010-08-04T06:19:57Z", "updated_at": "2020-05-08T13:57:45Z", "pushed_at": "2010-12-01T03:42:05Z", "size": 8080, "stargazers_count": 12, "watchers_count": 12, "language": "C", "has_issues": true, "has_projects": true, "has_downloads": true, "has_wiki": true, "has_pages": false, "has_discussions": false, "forks_count": 3, "mirror_url": null, "archived": false, "disabled": false, "open_issues_count": 0, "license": {"key": "gpl-2.0", "name": "GNU General Public License v2.0", "spdx_id": "GPL-2.0", "url": "https://api.github.com/licenses/gpl-2.0", "node_id": "MDc6TGljZW5zZTg="}, "allow_forking": true, "is_template": false, "web_commit_signoff_required": false, "topics": [], "default_branch": "master", "permissions": {"admin": false, "maintain": false, "push": false, "triage": false, "pull": true}, "_id": 816357}, {"owner": {"type": "User", "site_admin": false}, "fork": false, "created_at": "2010-08-04T06:34:50Z", "updated_at": "2022-11-15T14:03:26Z", "pushed_at": "2020-06-27T22:08:42Z", "size": 599, "stargazers_count": 14, "watchers_count": 14, "language": "Ruby", "has_issues": true, "has_projects": true, "has_downloads": true, "has_wiki": true, "has_pages": false, "has_discussions": false, "forks_count": 0, "mirror_url": null, "archived": false, "disabled": false, "open_issues_count": 6, "license": {"key": "mit", "name": "MIT License", "spdx_id": "MIT", "url": "https://api.github.com/licenses/mit", "node_id": "MDc6TGljZW5zZTEz"}, "allow_forking": true, "is_template": false, "web_commit_signoff_required": false, "topics": [], "default_branch": "main", "permissions": {"admin": false, "maintain": false, "push": false, "triage": false, "pull": true}, "_id": 816386}, {"owner": {"type": "User", "site_admin": false}, "fork": false, "created_at": "2010-08-04T06:51:47Z", "updated_at": "2022-10-21T15:16:56Z", "pushed_at": "2021-07-17T05:40:49Z", "size": 61, "stargazers_count": 168, "watchers_count": 168, "language": "Go", "has_issues": true, "has_projects": true, "has_downloads": true, "has_wiki": true, "has_pages": false, "has_discussions": false, "forks_count": 31, "mirror_url": null, "archived": false, "disabled": false, "open_issues_count": 4, "license": {"key": "other", "name": "Other", "spdx_id": "NOASSERTION", "url": null, "node_id": "MDc6TGljZW5zZTA="}, "allow_forking": true, "is_template": false, "web_commit_signoff_required": false, "topics": [], "default_branch": "master", "permissions": {"admin": false, "maintain": false, "push": false, "triage": false, "pull": true}, "_id": 816408}, {"owner": {"type": "User", "site_admin": false}, "fork": false, "created_at": "2010-08-04T06:57:42Z", "updated_at": "2016-06-13T15:11:02Z", "pushed_at": "2010-08-31T08:05:26Z", "size": 100, "stargazers_count": 6, "watchers_count": 6, "language": "Ruby", "has_issues": true, "has_projects": true, "has_downloads": true, "has_wiki": true, "has_pages": false, "has_discussions": false, "forks_count": 0, "mirror_url": null, "archived": false, "disabled": false, "open_issues_count": 0, "license": {"key": "other", "name": "Other", "spdx_id": "NOASSERTION", "url": null, "node_id": "MDc6TGljZW5zZTA="}, "allow_forking": true, "is_template": false, "web_commit_signoff_required": false, "topics": [], "default_branch": "master", "permissions": {"admin": false, "maintain": false, "push": false, "triage": false, "pull": true}, "_id": 816418}, {"owner": {"type": "User", "site_admin": false}, "fork": false, "created_at": "2010-08-04T07:27:24Z", "updated_at": "2013-10-18T21:05:33Z", "pushed_at": "2010-10-31T10:30:42Z", "size": 881, "stargazers_count": 9, "watchers_count": 9, "language": "Python", "has_issues": true, "has_projects": true, "has_downloads": true, "has_wiki": true, "has_pages": false, "has_discussions": false, "forks_count": 1, "mirror_url": null, "archived": false, "disabled": false, "open_issues_count": 12, "license": {"key": "other", "name": "Other", "spdx_id": "NOASSERTION", "url": null, "node_id": "MDc6TGljZW5zZTA="}, "allow_forking": true, "is_template": false, "web_commit_signoff_required": false, "topics": [], "default_branch": "master", "permissions": {"admin": false, "maintain": false, "push": false, "triage": false, "pull": true}, "_id": 816455}, {"owner": {"type": "User", "site_admin": false}, "fork": false, "created_at": "2010-08-04T07:31:39Z", "updated_at": "2020-01-02T01:16:02Z", "pushed_at": "2011-08-18T07:10:38Z", "size": 95, "stargazers_count": 8, "watchers_count": 8, "language": null, "has_issues": true, "has_projects": true, "has_downloads": true, "has_wiki": true, "has_pages": false, "has_discussions": false, "forks_count": 3, "mirror_url": null, "archived": false, "disabled": false, "open_issues_count": 0, "license": null, "allow_forking": true, "is_template": false, "web_commit_signoff_required": false, "topics": [], "default_branch": "master", "permissions": {"admin": false, "maintain": false, "push": false, "triage": false, "pull": true}, "_id": 816462}, {"owner": {"type": "User", "site_admin": false}, "fork": false, "created_at": "2010-08-04T07:59:57Z", "updated_at": "2020-03-27T10:20:04Z", "pushed_at": "2012-05-15T01:19:34Z", "size": 36992, "stargazers_count": 13, "watchers_count": 13, "language": "PHP", "has_issues": true, "has_projects": true, "has_downloads": true, "has_wiki": true, "has_pages": false, "has_discussions": false, "forks_count": 18, "mirror_url": null, "archived": false, "disabled": false, "open_issues_count": 1, "license": {"key": "other", "name": "Other", "spdx_id": "NOASSERTION", "url": null, "node_id": "MDc6TGljZW5zZTA="}, "allow_forking": true, "is_template": false, "web_commit_signoff_required": false, "topics": [], "default_branch": "master", "permissions": {"admin": false, "maintain": false, "push": false, "triage": false, "pull": true}, "_id": 816498}, {"owner": {"type": "User", "site_admin": false}, "fork": false, "created_at": "2010-08-04T08:00:05Z", "updated_at": "2021-12-25T08:55:37Z", "pushed_at": "2010-08-13T19:35:57Z", "size": 96, "stargazers_count": 9, "watchers_count": 9, "language": "Racket", "has_issues": true, "has_projects": true, "has_downloads": true, "has_wiki": true, "has_pages": false, "has_discussions": false, "forks_count": 1, "mirror_url": null, "archived": false, "disabled": false, "open_issues_count": 0, "license": null, "allow_forking": true, "is_template": false, "web_commit_signoff_required": false, "topics": [], "default_branch": "master", "permissions": {"admin": false, "maintain": false, "push": false, "triage": false, "pull": true}, "_id": 816499}, {"owner": {"type": "User", "site_admin": false}, "fork": false, "created_at": "2010-08-04T08:44:19Z", "updated_at": "2020-01-06T12:41:27Z", "pushed_at": "2013-08-04T22:26:08Z", "size": 5657, "stargazers_count": 7, "watchers_count": 7, "language": "Python", "has_issues": true, "has_projects": true, "has_downloads": true, "has_wiki": true, "has_pages": false, "has_discussions": false, "forks_count": 0, "mirror_url": null, "archived": false, "disabled": false, "open_issues_count": 0, "license": null, "allow_forking": true, "is_template": false, "web_commit_signoff_required": false, "topics": [], "default_branch": "master", "permissions": {"admin": false, "maintain": false, "push": false, "triage": false, "pull": true}, "_id": 816548}, {"owner": {"type": "Organization", "site_admin": false}, "fork": false, "created_at": "2010-08-04T08:50:53Z", "updated_at": "2021-08-03T08:22:32Z", "pushed_at": "2017-10-15T18:57:03Z", "size": 8971, "stargazers_count": 13, "watchers_count": 13, "language": "Java", "has_issues": true, "has_projects": true, "has_downloads": true, "has_wiki": true, "has_pages": false, "has_discussions": false, "forks_count": 4, "mirror_url": null, "archived": true, "disabled": false, "open_issues_count": 1, "license": null, "allow_forking": true, "is_template": false, "web_commit_signoff_required": false, "topics": [], "default_branch": "master", "permissions": {"admin": false, "maintain": false, "push": false, "triage": false, "pull": true}, "_id": 816559}, {"owner": {"type": "Organization", "site_admin": false}, "fork": false, "created_at": "2010-08-04T09:08:22Z", "updated_at": "2022-05-05T12:09:53Z", "pushed_at": "2019-01-08T16:37:51Z", "size": 5967, "stargazers_count": 35, "watchers_count": 35, "language": "Java", "has_issues": true, "has_projects": true, "has_downloads": true, "has_wiki": true, "has_pages": false, "has_discussions": false, "forks_count": 19, "mirror_url": null, "archived": true, "disabled": false, "open_issues_count": 7, "license": null, "allow_forking": true, "is_template": false, "web_commit_signoff_required": false, "topics": [], "default_branch": "master", "permissions": {"admin": false, "maintain": false, "push": false, "triage": false, "pull": true}, "_id": 816588}, {"owner": {"type": "User", "site_admin": false}, "fork": false, "created_at": "2010-08-04T09:09:50Z", "updated_at": "2018-08-01T06:29:24Z", "pushed_at": "2011-01-11T21:48:53Z", "size": 876, "stargazers_count": 6, "watchers_count": 6, "language": "JavaScript", "has_issues": true, "has_projects": true, "has_downloads": true, "has_wiki": true, "has_pages": false, "has_discussions": false, "forks_count": 2, "mirror_url": null, "archived": false, "disabled": false, "open_issues_count": 0, "license": null, "allow_forking": true, "is_template": false, "web_commit_signoff_required": false, "topics": [], "default_branch": "master", "permissions": {"admin": false, "maintain": false, "push": false, "triage": false, "pull": true}, "_id": 816593}, {"owner": {"type": "User", "site_admin": false}, "fork": false, "created_at": "2010-08-04T09:37:20Z", "updated_at": "2019-08-13T14:35:30Z", "pushed_at": "2010-08-05T06:11:14Z", "size": 116, "stargazers_count": 6, "watchers_count": 6, "language": "Objective-C", "has_issues": true, "has_projects": true, "has_downloads": true, "has_wiki": true, "has_pages": false, "has_discussions": false, "forks_count": 1, "mirror_url": null, "archived": false, "disabled": false, "open_issues_count": 1, "license": null, "allow_forking": true, "is_template": false, "web_commit_signoff_required": false, "topics": [], "default_branch": "master", "permissions": {"admin": false, "maintain": false, "push": false, "triage": false, "pull": true}, "_id": 816633}, {"owner": {"type": "User", "site_admin": false}, "fork": false, "created_at": "2010-08-04T09:57:24Z", "updated_at": "2016-01-24T02:57:30Z", "pushed_at": "2012-11-12T14:32:01Z", "size": 281, "stargazers_count": 15, "watchers_count": 15, "language": "Ruby", "has_issues": false, "has_projects": true, "has_downloads": true, "has_wiki": false, "has_pages": false, "has_discussions": false, "forks_count": 10, "mirror_url": null, "archived": false, "disabled": false, "open_issues_count": 1, "license": {"key": "lgpl-3.0", "name": "GNU Lesser General Public License v3.0", "spdx_id": "LGPL-3.0", "url": "https://api.github.com/licenses/lgpl-3.0", "node_id": "MDc6TGljZW5zZTEy"}, "allow_forking": true, "is_template": false, "web_commit_signoff_required": false, "topics": [], "default_branch": "master", "permissions": {"admin": false, "maintain": false, "push": false, "triage": false, "pull": true}, "_id": 816661}, {"owner": {"type": "User", "site_admin": false}, "fork": false, "created_at": "2010-08-04T10:40:20Z", "updated_at": "2020-04-19T01:52:44Z", "pushed_at": "2016-09-12T17:48:26Z", "size": 61, "stargazers_count": 73, "watchers_count": 73, "language": "C++", "has_issues": true, "has_projects": true, "has_downloads": true, "has_wiki": false, "has_pages": false, "has_discussions": false, "forks_count": 17, "mirror_url": null, "archived": false, "disabled": false, "open_issues_count": 2, "license": {"key": "mit", "name": "MIT License", "spdx_id": "MIT", "url": "https://api.github.com/licenses/mit", "node_id": "MDc6TGljZW5zZTEz"}, "allow_forking": true, "is_template": false, "web_commit_signoff_required": false, "topics": [], "default_branch": "master", "permissions": {"admin": false, "maintain": false, "push": false, "triage": false, "pull": true}, "_id": 816728}, {"owner": {"type": "User", "site_admin": false}, "fork": false, "created_at": "2010-08-04T10:51:50Z", "updated_at": "2021-03-06T07:40:38Z", "pushed_at": "2010-09-09T23:25:40Z", "size": 358, "stargazers_count": 33, "watchers_count": 33, "language": "JavaScript", "has_issues": true, "has_projects": true, "has_downloads": true, "has_wiki": true, "has_pages": false, "has_discussions": false, "forks_count": 0, "mirror_url": null, "archived": false, "disabled": false, "open_issues_count": 1, "license": null, "allow_forking": true, "is_template": false, "web_commit_signoff_required": false, "topics": [], "default_branch": "master", "permissions": {"admin": false, "maintain": false, "push": false, "triage": false, "pull": true}, "_id": 816747}, {"owner": {"type": "User", "site_admin": false}, "fork": false, "created_at": "2010-08-04T11:05:12Z", "updated_at": "2017-11-16T15:34:17Z", "pushed_at": "2012-08-11T23:34:12Z", "size": 164, "stargazers_count": 7, "watchers_count": 7, "language": "JavaScript", "has_issues": true, "has_projects": true, "has_downloads": true, "has_wiki": true, "has_pages": false, "has_discussions": false, "forks_count": 0, "mirror_url": null, "archived": false, "disabled": false, "open_issues_count": 0, "license": null, "allow_forking": true, "is_template": false, "web_commit_signoff_required": false, "topics": [], "default_branch": "master", "permissions": {"admin": false, "maintain": false, "push": false, "triage": false, "pull": true}, "_id": 816773}, {"owner": {"type": "User", "site_admin": false}, "fork": false, "created_at": "2010-08-04T11:15:40Z", "updated_at": "2018-04-15T04:27:39Z", "pushed_at": "2012-03-19T21:27:51Z", "size": 196, "stargazers_count": 9, "watchers_count": 9, "language": "C#", "has_issues": true, "has_projects": true, "has_downloads": true, "has_wiki": true, "has_pages": false, "has_discussions": false, "forks_count": 2, "mirror_url": null, "archived": false, "disabled": false, "open_issues_count": 1, "license": null, "allow_forking": true, "is_template": false, "web_commit_signoff_required": false, "topics": [], "default_branch": "master", "permissions": {"admin": false, "maintain": false, "push": false, "triage": false, "pull": true}, "_id": 816801}, {"owner": {"type": "Organization", "site_admin": false}, "fork": false, "created_at": "2010-08-04T11:24:41Z", "updated_at": "2019-04-14T00:25:34Z", "pushed_at": "2013-08-27T07:56:03Z", "size": 338, "stargazers_count": 52, "watchers_count": 52, "language": "PHP", "has_issues": true, "has_projects": true, "has_downloads": true, "has_wiki": true, "has_pages": false, "has_discussions": false, "forks_count": 14, "mirror_url": null, "archived": false, "disabled": false, "open_issues_count": 2, "license": null, "allow_forking": true, "is_template": false, "web_commit_signoff_required": false, "topics": [], "default_branch": "master", "permissions": {"admin": false, "maintain": false, "push": false, "triage": false, "pull": true}, "_id": 816804}, {"owner": {"type": "User", "site_admin": false}, "fork": false, "created_at": "2010-08-04T11:33:44Z", "updated_at": "2014-05-03T13:45:38Z", "pushed_at": "2010-09-08T22:56:08Z", "size": 1456, "stargazers_count": 6, "watchers_count": 6, "language": "ColdFusion", "has_issues": true, "has_projects": true, "has_downloads": true, "has_wiki": true, "has_pages": false, "has_discussions": false, "forks_count": 1, "mirror_url": null, "archived": false, "disabled": false, "open_issues_count": 5, "license": null, "allow_forking": true, "is_template": false, "web_commit_signoff_required": false, "topics": [], "default_branch": "master", "permissions": {"admin": false, "maintain": false, "push": false, "triage": false, "pull": true}, "_id": 816818}, {"owner": {"type": "User", "site_admin": false}, "fork": false, "created_at": "2010-08-04T11:40:49Z", "updated_at": "2020-04-07T10:15:39Z", "pushed_at": "2010-08-30T11:22:30Z", "size": 702, "stargazers_count": 18, "watchers_count": 18, "language": "Python", "has_issues": true, "has_projects": true, "has_downloads": true, "has_wiki": true, "has_pages": false, "has_discussions": false, "forks_count": 2, "mirror_url": null, "archived": false, "disabled": false, "open_issues_count": 7, "license": null, "allow_forking": true, "is_template": false, "web_commit_signoff_required": false, "topics": [], "default_branch": "master", "permissions": {"admin": false, "maintain": false, "push": false, "triage": false, "pull": true}, "_id": 816825}, {"owner": {"type": "Organization", "site_admin": false}, "fork": false, "created_at": "2010-08-04T11:57:16Z", "updated_at": "2022-11-22T11:38:50Z", "pushed_at": "2022-11-22T07:56:04Z", "size": 322, "stargazers_count": 368, "watchers_count": 368, "language": "Python", "has_issues": true, "has_projects": false, "has_downloads": true, "has_wiki": false, "has_pages": false, "has_discussions": false, "forks_count": 43, "mirror_url": null, "archived": false, "disabled": false, "open_issues_count": 3, "license": {"key": "other", "name": "Other", "spdx_id": "NOASSERTION", "url": null, "node_id": "MDc6TGljZW5zZTA="}, "allow_forking": true, "is_template": false, "web_commit_signoff_required": false, "topics": ["django", "python", "templatetags"], "default_branch": "master", "permissions": {"admin": false, "maintain": false, "push": false, "triage": false, "pull": true}, "_id": 816841}, {"owner": {"type": "User", "site_admin": false}, "fork": false, "created_at": "2010-08-04T12:14:27Z", "updated_at": "2022-09-19T06:03:56Z", "pushed_at": "2022-05-06T12:36:44Z", "size": 2032, "stargazers_count": 6, "watchers_count": 6, "language": "Vim script", "has_issues": true, "has_projects": true, "has_downloads": true, "has_wiki": true, "has_pages": false, "has_discussions": false, "forks_count": 4, "mirror_url": null, "archived": false, "disabled": false, "open_issues_count": 0, "license": null, "allow_forking": true, "is_template": false, "web_commit_signoff_required": false, "topics": [], "default_branch": "master", "permissions": {"admin": false, "maintain": false, "push": false, "triage": false, "pull": true}, "_id": 816862}, {"owner": {"type": "User", "site_admin": false}, "fork": false, "created_at": "2010-08-04T12:34:40Z", "updated_at": "2022-08-15T09:09:40Z", "pushed_at": "2013-08-07T04:03:29Z", "size": 160, "stargazers_count": 13, "watchers_count": 13, "language": "Common Lisp", "has_issues": true, "has_projects": true, "has_downloads": true, "has_wiki": true, "has_pages": false, "has_discussions": false, "forks_count": 1, "mirror_url": null, "archived": true, "disabled": false, "open_issues_count": 1, "license": null, "allow_forking": true, "is_template": false, "web_commit_signoff_required": false, "topics": [], "default_branch": "master", "permissions": {"admin": false, "maintain": false, "push": false, "triage": false, "pull": true}, "_id": 816894}, {"owner": {"type": "User", "site_admin": false}, "fork": false, "created_at": "2010-08-04T12:52:56Z", "updated_at": "2022-05-05T08:09:06Z", "pushed_at": "2010-08-06T00:57:50Z", "size": 100, "stargazers_count": 7, "watchers_count": 7, "language": "Clojure", "has_issues": true, "has_projects": true, "has_downloads": true, "has_wiki": true, "has_pages": false, "has_discussions": false, "forks_count": 0, "mirror_url": null, "archived": false, "disabled": false, "open_issues_count": 0, "license": {"key": "mit", "name": "MIT License", "spdx_id": "MIT", "url": "https://api.github.com/licenses/mit", "node_id": "MDc6TGljZW5zZTEz"}, "allow_forking": true, "is_template": false, "web_commit_signoff_required": false, "topics": [], "default_branch": "master", "permissions": {"admin": false, "maintain": false, "push": false, "triage": false, "pull": true}, "_id": 816919}, {"owner": {"type": "User", "site_admin": false}, "fork": false, "created_at": "2010-08-04T12:58:16Z", "updated_at": "2019-08-04T12:02:21Z", "pushed_at": "2011-10-06T13:41:01Z", "size": 151, "stargazers_count": 6, "watchers_count": 6, "language": "Perl", "has_issues": true, "has_projects": true, "has_downloads": true, "has_wiki": true, "has_pages": false, "has_discussions": false, "forks_count": 0, "mirror_url": null, "archived": false, "disabled": false, "open_issues_count": 2, "license": null, "allow_forking": true, "is_template": false, "web_commit_signoff_required": false, "topics": [], "default_branch": "master", "permissions": {"admin": false, "maintain": false, "push": false, "triage": false, "pull": true}, "_id": 816929}, {"owner": {"type": "User", "site_admin": false}, "fork": false, "created_at": "2010-08-04T13:00:14Z", "updated_at": "2016-11-10T06:06:21Z", "pushed_at": "2011-08-05T05:45:40Z", "size": 872, "stargazers_count": 16, "watchers_count": 16, "language": "Java", "has_issues": true, "has_projects": true, "has_downloads": true, "has_wiki": true, "has_pages": false, "has_discussions": false, "forks_count": 7, "mirror_url": null, "archived": false, "disabled": false, "open_issues_count": 3, "license": null, "allow_forking": true, "is_template": false, "web_commit_signoff_required": false, "topics": [], "default_branch": "master", "permissions": {"admin": false, "maintain": false, "push": false, "triage": false, "pull": true}, "_id": 816937}, {"owner": {"type": "User", "site_admin": false}, "fork": false, "created_at": "2010-08-04T13:16:45Z", "updated_at": "2022-06-27T09:04:13Z", "pushed_at": "2017-02-28T15:00:51Z", "size": 108, "stargazers_count": 87, "watchers_count": 87, "language": "JavaScript", "has_issues": true, "has_projects": true, "has_downloads": true, "has_wiki": false, "has_pages": true, "has_discussions": false, "forks_count": 48, "mirror_url": null, "archived": true, "disabled": false, "open_issues_count": 20, "license": {"key": "bsd-3-clause", "name": "BSD 3-Clause \"New\" or \"Revised\" License", "spdx_id": "BSD-3-Clause", "url": "https://api.github.com/licenses/bsd-3-clause", "node_id": "MDc6TGljZW5zZTU="}, "allow_forking": true, "is_template": false, "web_commit_signoff_required": false, "topics": [], "default_branch": "master", "permissions": {"admin": false, "maintain": false, "push": false, "triage": false, "pull": true}, "_id": 816958}, {"owner": {"type": "User", "site_admin": false}, "fork": false, "created_at": "2010-08-04T13:25:25Z", "updated_at": "2019-05-08T00:36:09Z", "pushed_at": "2015-03-23T16:27:45Z", "size": 12328, "stargazers_count": 22, "watchers_count": 22, "language": "C#", "has_issues": true, "has_projects": true, "has_downloads": true, "has_wiki": true, "has_pages": false, "has_discussions": false, "forks_count": 10, "mirror_url": null, "archived": false, "disabled": false, "open_issues_count": 0, "license": null, "allow_forking": true, "is_template": false, "web_commit_signoff_required": false, "topics": [], "default_branch": "master", "permissions": {"admin": false, "maintain": false, "push": false, "triage": false, "pull": true}, "_id": 816975}, {"owner": {"type": "User", "site_admin": false}, "fork": false, "created_at": "2010-08-04T13:44:29Z", "updated_at": "2020-12-01T22:03:00Z", "pushed_at": "2010-08-04T13:47:28Z", "size": 3229, "stargazers_count": 6, "watchers_count": 6, "language": "C", "has_issues": true, "has_projects": true, "has_downloads": true, "has_wiki": true, "has_pages": false, "has_discussions": false, "forks_count": 4, "mirror_url": null, "archived": false, "disabled": false, "open_issues_count": 0, "license": null, "allow_forking": true, "is_template": false, "web_commit_signoff_required": false, "topics": [], "default_branch": "master", "permissions": {"admin": false, "maintain": false, "push": false, "triage": false, "pull": true}, "_id": 817003}, {"owner": {"type": "User", "site_admin": false}, "fork": false, "created_at": "2010-08-04T14:07:52Z", "updated_at": "2022-10-04T20:10:53Z", "pushed_at": "2014-03-21T00:04:06Z", "size": 12942, "stargazers_count": 24, "watchers_count": 24, "language": "C#", "has_issues": true, "has_projects": true, "has_downloads": true, "has_wiki": true, "has_pages": false, "has_discussions": false, "forks_count": 3, "mirror_url": null, "archived": false, "disabled": false, "open_issues_count": 2, "license": {"key": "other", "name": "Other", "spdx_id": "NOASSERTION", "url": null, "node_id": "MDc6TGljZW5zZTA="}, "allow_forking": true, "is_template": false, "web_commit_signoff_required": false, "topics": ["test"], "default_branch": "master", "permissions": {"admin": false, "maintain": false, "push": false, "triage": false, "pull": true}, "_id": 817042}, {"owner": {"type": "User", "site_admin": false}, "fork": false, "created_at": "2010-08-04T14:09:07Z", "updated_at": "2022-11-09T03:26:27Z", "pushed_at": "2010-10-28T10:25:48Z", "size": 116, "stargazers_count": 59, "watchers_count": 59, "language": "Ruby", "has_issues": true, "has_projects": true, "has_downloads": true, "has_wiki": true, "has_pages": false, "has_discussions": false, "forks_count": 7, "mirror_url": null, "archived": false, "disabled": false, "open_issues_count": 1, "license": {"key": "mit", "name": "MIT License", "spdx_id": "MIT", "url": "https://api.github.com/licenses/mit", "node_id": "MDc6TGljZW5zZTEz"}, "allow_forking": true, "is_template": false, "web_commit_signoff_required": false, "topics": [], "default_branch": "master", "permissions": {"admin": false, "maintain": false, "push": false, "triage": false, "pull": true}, "_id": 817045}, {"owner": {"type": "User", "site_admin": false}, "fork": false, "created_at": "2010-08-04T14:28:48Z", "updated_at": "2017-03-14T17:10:19Z", "pushed_at": "2013-09-27T11:52:19Z", "size": 136, "stargazers_count": 32, "watchers_count": 32, "language": "Ruby", "has_issues": true, "has_projects": true, "has_downloads": true, "has_wiki": true, "has_pages": false, "has_discussions": false, "forks_count": 0, "mirror_url": null, "archived": false, "disabled": false, "open_issues_count": 0, "license": {"key": "mit", "name": "MIT License", "spdx_id": "MIT", "url": "https://api.github.com/licenses/mit", "node_id": "MDc6TGljZW5zZTEz"}, "allow_forking": true, "is_template": false, "web_commit_signoff_required": false, "topics": [], "default_branch": "master", "permissions": {"admin": false, "maintain": false, "push": false, "triage": false, "pull": true}, "_id": 817087}, {"owner": {"type": "Organization", "site_admin": false}, "fork": false, "created_at": "2010-08-04T14:40:38Z", "updated_at": "2020-04-03T13:03:42Z", "pushed_at": "2019-09-07T18:45:57Z", "size": 110, "stargazers_count": 40, "watchers_count": 40, "language": "Ruby", "has_issues": true, "has_projects": true, "has_downloads": true, "has_wiki": true, "has_pages": false, "has_discussions": false, "forks_count": 22, "mirror_url": null, "archived": false, "disabled": false, "open_issues_count": 5, "license": {"key": "mit", "name": "MIT License", "spdx_id": "MIT", "url": "https://api.github.com/licenses/mit", "node_id": "MDc6TGljZW5zZTEz"}, "allow_forking": true, "is_template": false, "web_commit_signoff_required": false, "topics": [], "default_branch": "master", "permissions": {"admin": false, "maintain": false, "push": false, "triage": false, "pull": true}, "_id": 817116}, {"owner": {"type": "User", "site_admin": false}, "fork": false, "created_at": "2010-08-04T15:10:50Z", "updated_at": "2016-09-01T18:30:15Z", "pushed_at": "2010-10-12T14:44:36Z", "size": 118, "stargazers_count": 13, "watchers_count": 13, "language": "Ruby", "has_issues": true, "has_projects": true, "has_downloads": true, "has_wiki": true, "has_pages": false, "has_discussions": false, "forks_count": 1, "mirror_url": null, "archived": false, "disabled": false, "open_issues_count": 1, "license": null, "allow_forking": true, "is_template": false, "web_commit_signoff_required": false, "topics": [], "default_branch": "master", "permissions": {"admin": false, "maintain": false, "push": false, "triage": false, "pull": true}, "_id": 817186}, {"owner": {"type": "User", "site_admin": false}, "fork": false, "created_at": "2010-08-04T15:48:26Z", "updated_at": "2022-11-18T05:26:22Z", "pushed_at": "2022-10-26T15:28:28Z", "size": 93, "stargazers_count": 235, "watchers_count": 235, "language": "Vim Script", "has_issues": true, "has_projects": true, "has_downloads": true, "has_wiki": false, "has_pages": false, "has_discussions": false, "forks_count": 20, "mirror_url": null, "archived": false, "disabled": false, "open_issues_count": 2, "license": null, "allow_forking": true, "is_template": false, "web_commit_signoff_required": false, "topics": [], "default_branch": "master", "permissions": {"admin": false, "maintain": false, "push": false, "triage": false, "pull": true}, "_id": 817271}, {"owner": {"type": "User", "site_admin": false}, "fork": false, "created_at": "2010-08-04T16:10:46Z", "updated_at": "2021-08-03T19:25:59Z", "pushed_at": "2014-01-11T18:34:12Z", "size": 992, "stargazers_count": 72, "watchers_count": 72, "language": "Scala", "has_issues": true, "has_projects": true, "has_downloads": true, "has_wiki": true, "has_pages": false, "has_discussions": false, "forks_count": 4, "mirror_url": null, "archived": false, "disabled": false, "open_issues_count": 2, "license": null, "allow_forking": true, "is_template": false, "web_commit_signoff_required": false, "topics": [], "default_branch": "master", "permissions": {"admin": false, "maintain": false, "push": false, "triage": false, "pull": true}, "_id": 817308}, {"owner": {"type": "User", "site_admin": false}, "fork": false, "created_at": "2010-08-04T16:14:54Z", "updated_at": "2021-07-29T21:24:29Z", "pushed_at": "2010-09-29T18:54:25Z", "size": 602, "stargazers_count": 31, "watchers_count": 31, "language": "Java", "has_issues": true, "has_projects": true, "has_downloads": true, "has_wiki": true, "has_pages": false, "has_discussions": false, "forks_count": 14, "mirror_url": null, "archived": false, "disabled": false, "open_issues_count": 0, "license": null, "allow_forking": true, "is_template": false, "web_commit_signoff_required": false, "topics": [], "default_branch": "master", "permissions": {"admin": false, "maintain": false, "push": false, "triage": false, "pull": true}, "_id": 817310}, {"owner": {"type": "User", "site_admin": false}, "fork": false, "created_at": "2010-08-04T16:26:06Z", "updated_at": "2017-05-21T03:11:21Z", "pushed_at": "2010-12-04T14:25:13Z", "size": 97, "stargazers_count": 11, "watchers_count": 11, "language": "Python", "has_issues": true, "has_projects": true, "has_downloads": true, "has_wiki": true, "has_pages": false, "has_discussions": false, "forks_count": 2, "mirror_url": null, "archived": false, "disabled": false, "open_issues_count": 0, "license": null, "allow_forking": true, "is_template": false, "web_commit_signoff_required": false, "topics": [], "default_branch": "master", "permissions": {"admin": false, "maintain": false, "push": false, "triage": false, "pull": true}, "_id": 817337}, {"owner": {"type": "User", "site_admin": false}, "fork": false, "created_at": "2010-08-04T16:32:07Z", "updated_at": "2022-11-25T19:45:47Z", "pushed_at": "2022-11-22T05:40:37Z", "size": 1912, "stargazers_count": 15951, "watchers_count": 15951, "language": "Shell", "has_issues": true, "has_projects": true, "has_downloads": true, "has_wiki": true, "has_pages": true, "has_discussions": false, "forks_count": 1194, "mirror_url": null, "archived": false, "disabled": false, "open_issues_count": 125, "license": {"key": "mit", "name": "MIT License", "spdx_id": "MIT", "url": "https://api.github.com/licenses/mit", "node_id": "MDc6TGljZW5zZTEz"}, "allow_forking": true, "is_template": false, "web_commit_signoff_required": false, "topics": ["git"], "default_branch": "master", "permissions": {"admin": false, "maintain": false, "push": false, "triage": false, "pull": true}, "_id": 817345}, {"owner": {"type": "User", "site_admin": false}, "fork": false, "created_at": "2010-08-04T16:42:43Z", "updated_at": "2018-01-02T21:50:10Z", "pushed_at": "2010-09-29T23:03:27Z", "size": 510, "stargazers_count": 10, "watchers_count": 10, "language": null, "has_issues": true, "has_projects": true, "has_downloads": true, "has_wiki": true, "has_pages": false, "has_discussions": false, "forks_count": 3, "mirror_url": null, "archived": false, "disabled": false, "open_issues_count": 0, "license": null, "allow_forking": true, "is_template": false, "web_commit_signoff_required": false, "topics": [], "default_branch": "master", "permissions": {"admin": false, "maintain": false, "push": false, "triage": false, "pull": true}, "_id": 817362}, {"owner": {"type": "User", "site_admin": false}, "fork": false, "created_at": "2010-08-04T16:45:32Z", "updated_at": "2013-12-19T12:14:43Z", "pushed_at": "2012-10-22T00:19:14Z", "size": 120, "stargazers_count": 11, "watchers_count": 11, "language": "Objective-C", "has_issues": true, "has_projects": true, "has_downloads": true, "has_wiki": true, "has_pages": true, "has_discussions": false, "forks_count": 2, "mirror_url": null, "archived": false, "disabled": false, "open_issues_count": 0, "license": null, "allow_forking": true, "is_template": false, "web_commit_signoff_required": false, "topics": [], "default_branch": "master", "permissions": {"admin": false, "maintain": false, "push": false, "triage": false, "pull": true}, "_id": 817367}, {"owner": {"type": "User", "site_admin": false}, "fork": false, "created_at": "2010-08-04T17:10:23Z", "updated_at": "2020-05-18T07:36:37Z", "pushed_at": "2015-05-08T09:48:21Z", "size": 132, "stargazers_count": 8, "watchers_count": 8, "language": "C#", "has_issues": true, "has_projects": true, "has_downloads": true, "has_wiki": true, "has_pages": false, "has_discussions": false, "forks_count": 1, "mirror_url": null, "archived": false, "disabled": false, "open_issues_count": 0, "license": {"key": "mit", "name": "MIT License", "spdx_id": "MIT", "url": "https://api.github.com/licenses/mit", "node_id": "MDc6TGljZW5zZTEz"}, "allow_forking": true, "is_template": false, "web_commit_signoff_required": false, "topics": [], "default_branch": "master", "permissions": {"admin": false, "maintain": false, "push": false, "triage": false, "pull": true}, "_id": 817416}, {"owner": {"type": "User", "site_admin": false}, "fork": false, "created_at": "2010-08-04T17:13:21Z", "updated_at": "2022-06-07T21:34:45Z", "pushed_at": "2017-01-23T16:40:44Z", "size": 103, "stargazers_count": 105, "watchers_count": 105, "language": "Python", "has_issues": true, "has_projects": true, "has_downloads": true, "has_wiki": true, "has_pages": false, "has_discussions": false, "forks_count": 29, "mirror_url": null, "archived": false, "disabled": false, "open_issues_count": 5, "license": {"key": "other", "name": "Other", "spdx_id": "NOASSERTION", "url": null, "node_id": "MDc6TGljZW5zZTA="}, "allow_forking": true, "is_template": false, "web_commit_signoff_required": false, "topics": [], "default_branch": "master", "permissions": {"admin": false, "maintain": false, "push": false, "triage": false, "pull": true}, "_id": 817419}, {"owner": {"type": "User", "site_admin": false}, "fork": false, "created_at": "2010-08-04T17:14:00Z", "updated_at": "2022-04-03T21:48:06Z", "pushed_at": "2010-12-17T21:12:18Z", "size": 468, "stargazers_count": 15, "watchers_count": 15, "language": "Python", "has_issues": true, "has_projects": true, "has_downloads": true, "has_wiki": true, "has_pages": false, "has_discussions": false, "forks_count": 4, "mirror_url": null, "archived": false, "disabled": false, "open_issues_count": 0, "license": {"key": "gpl-2.0", "name": "GNU General Public License v2.0", "spdx_id": "GPL-2.0", "url": "https://api.github.com/licenses/gpl-2.0", "node_id": "MDc6TGljZW5zZTg="}, "allow_forking": true, "is_template": false, "web_commit_signoff_required": false, "topics": [], "default_branch": "master", "permissions": {"admin": false, "maintain": false, "push": false, "triage": false, "pull": true}, "_id": 817420}, {"owner": {"type": "User", "site_admin": false}, "fork": false, "created_at": "2010-08-04T17:14:06Z", "updated_at": "2021-02-18T17:51:23Z", "pushed_at": "2012-02-04T13:05:55Z", "size": 836, "stargazers_count": 24, "watchers_count": 24, "language": "JavaScript", "has_issues": true, "has_projects": true, "has_downloads": true, "has_wiki": true, "has_pages": false, "has_discussions": false, "forks_count": 4, "mirror_url": null, "archived": false, "disabled": false, "open_issues_count": 0, "license": {"key": "gpl-2.0", "name": "GNU General Public License v2.0", "spdx_id": "GPL-2.0", "url": "https://api.github.com/licenses/gpl-2.0", "node_id": "MDc6TGljZW5zZTg="}, "allow_forking": true, "is_template": false, "web_commit_signoff_required": false, "topics": [], "default_branch": "master", "permissions": {"admin": false, "maintain": false, "push": false, "triage": false, "pull": true}, "_id": 817421}, {"owner": {"type": "User", "site_admin": false}, "fork": false, "created_at": "2010-08-04T18:02:07Z", "updated_at": "2022-11-20T12:13:52Z", "pushed_at": "2013-09-30T13:14:45Z", "size": 365, "stargazers_count": 89, "watchers_count": 89, "language": "C", "has_issues": true, "has_projects": true, "has_downloads": true, "has_wiki": true, "has_pages": false, "has_discussions": false, "forks_count": 21, "mirror_url": null, "archived": false, "disabled": false, "open_issues_count": 9, "license": {"key": "other", "name": "Other", "spdx_id": "NOASSERTION", "url": null, "node_id": "MDc6TGljZW5zZTA="}, "allow_forking": true, "is_template": false, "web_commit_signoff_required": false, "topics": [], "default_branch": "master", "permissions": {"admin": false, "maintain": false, "push": false, "triage": false, "pull": true}, "_id": 817513}, {"owner": {"type": "User", "site_admin": true}, "fork": false, "created_at": "2010-08-04T18:12:53Z", "updated_at": "2022-11-15T17:40:37Z", "pushed_at": "2022-11-15T11:57:02Z", "size": 988, "stargazers_count": 11, "watchers_count": 11, "language": "Lua", "has_issues": true, "has_projects": true, "has_downloads": true, "has_wiki": false, "has_pages": false, "has_discussions": false, "forks_count": 2, "mirror_url": null, "archived": false, "disabled": false, "open_issues_count": 0, "license": null, "allow_forking": true, "is_template": false, "web_commit_signoff_required": false, "topics": [], "default_branch": "main", "permissions": {"admin": false, "maintain": false, "push": false, "triage": false, "pull": true}, "_id": 817528}, {"owner": {"type": "User", "site_admin": false}, "fork": false, "created_at": "2010-08-04T18:33:35Z", "updated_at": "2020-12-17T17:06:16Z", "pushed_at": "2011-05-29T22:49:02Z", "size": 284, "stargazers_count": 11, "watchers_count": 11, "language": "JavaScript", "has_issues": true, "has_projects": true, "has_downloads": true, "has_wiki": true, "has_pages": false, "has_discussions": false, "forks_count": 0, "mirror_url": null, "archived": false, "disabled": false, "open_issues_count": 8, "license": {"key": "mit", "name": "MIT License", "spdx_id": "MIT", "url": "https://api.github.com/licenses/mit", "node_id": "MDc6TGljZW5zZTEz"}, "allow_forking": true, "is_template": false, "web_commit_signoff_required": false, "topics": [], "default_branch": "master", "permissions": {"admin": false, "maintain": false, "push": false, "triage": false, "pull": true}, "_id": 817568}, {"owner": {"type": "User", "site_admin": false}, "fork": false, "created_at": "2010-08-04T18:33:59Z", "updated_at": "2018-06-18T08:15:18Z", "pushed_at": "2010-12-28T08:08:12Z", "size": 1801, "stargazers_count": 22, "watchers_count": 22, "language": "JavaScript", "has_issues": true, "has_projects": true, "has_downloads": true, "has_wiki": true, "has_pages": false, "has_discussions": false, "forks_count": 4, "mirror_url": null, "archived": false, "disabled": false, "open_issues_count": 3, "license": {"key": "mit", "name": "MIT License", "spdx_id": "MIT", "url": "https://api.github.com/licenses/mit", "node_id": "MDc6TGljZW5zZTEz"}, "allow_forking": true, "is_template": false, "web_commit_signoff_required": false, "topics": [], "default_branch": "master", "permissions": {"admin": false, "maintain": false, "push": false, "triage": false, "pull": true}, "_id": 817569}, {"owner": {"type": "User", "site_admin": false}, "fork": false, "created_at": "2010-08-04T18:47:53Z", "updated_at": "2021-02-11T17:15:38Z", "pushed_at": "2020-06-20T01:47:45Z", "size": 912, "stargazers_count": 7, "watchers_count": 7, "language": "Python", "has_issues": true, "has_projects": true, "has_downloads": true, "has_wiki": true, "has_pages": false, "has_discussions": false, "forks_count": 2, "mirror_url": null, "archived": true, "disabled": false, "open_issues_count": 0, "license": null, "allow_forking": true, "is_template": false, "web_commit_signoff_required": false, "topics": [], "default_branch": "main", "permissions": {"admin": false, "maintain": false, "push": false, "triage": false, "pull": true}, "_id": 817595}, {"owner": {"type": "User", "site_admin": false}, "fork": false, "created_at": "2010-08-04T18:54:47Z", "updated_at": "2019-08-13T14:35:30Z", "pushed_at": "2012-02-01T22:38:46Z", "size": 246, "stargazers_count": 28, "watchers_count": 28, "language": "C++", "has_issues": true, "has_projects": true, "has_downloads": true, "has_wiki": true, "has_pages": false, "has_discussions": false, "forks_count": 2, "mirror_url": null, "archived": false, "disabled": false, "open_issues_count": 0, "license": null, "allow_forking": true, "is_template": false, "web_commit_signoff_required": false, "topics": [], "default_branch": "master", "permissions": {"admin": false, "maintain": false, "push": false, "triage": false, "pull": true}, "_id": 817607}, {"owner": {"type": "User", "site_admin": false}, "fork": false, "created_at": "2010-08-04T19:20:12Z", "updated_at": "2021-03-29T13:40:11Z", "pushed_at": "2019-09-25T12:33:10Z", "size": 193, "stargazers_count": 13, "watchers_count": 13, "language": "Mathematica", "has_issues": true, "has_projects": true, "has_downloads": true, "has_wiki": true, "has_pages": false, "has_discussions": false, "forks_count": 6, "mirror_url": null, "archived": false, "disabled": false, "open_issues_count": 2, "license": {"key": "gpl-3.0", "name": "GNU General Public License v3.0", "spdx_id": "GPL-3.0", "url": "https://api.github.com/licenses/gpl-3.0", "node_id": "MDc6TGljZW5zZTk="}, "allow_forking": true, "is_template": false, "web_commit_signoff_required": false, "topics": [], "default_branch": "master", "permissions": {"admin": false, "maintain": false, "push": false, "triage": false, "pull": true}, "_id": 817653}, {"owner": {"type": "User", "site_admin": false}, "fork": false, "created_at": "2010-08-04T19:24:19Z", "updated_at": "2019-07-11T08:52:19Z", "pushed_at": "2010-09-05T11:42:09Z", "size": 128, "stargazers_count": 20, "watchers_count": 20, "language": "JavaScript", "has_issues": true, "has_projects": true, "has_downloads": true, "has_wiki": true, "has_pages": false, "has_discussions": false, "forks_count": 4, "mirror_url": null, "archived": false, "disabled": false, "open_issues_count": 0, "license": null, "allow_forking": true, "is_template": false, "web_commit_signoff_required": false, "topics": [], "default_branch": "master", "permissions": {"admin": false, "maintain": false, "push": false, "triage": false, "pull": true}, "_id": 817659}, {"owner": {"type": "User", "site_admin": false}, "fork": false, "created_at": "2010-08-04T19:27:02Z", "updated_at": "2019-08-13T14:35:30Z", "pushed_at": "2017-04-25T05:44:52Z", "size": 666, "stargazers_count": 10, "watchers_count": 10, "language": "Ruby", "has_issues": true, "has_projects": true, "has_downloads": true, "has_wiki": true, "has_pages": false, "has_discussions": false, "forks_count": 0, "mirror_url": null, "archived": false, "disabled": false, "open_issues_count": 0, "license": null, "allow_forking": true, "is_template": false, "web_commit_signoff_required": false, "topics": [], "default_branch": "master", "permissions": {"admin": false, "maintain": false, "push": false, "triage": false, "pull": true}, "_id": 817668}, {"owner": {"type": "User", "site_admin": false}, "fork": false, "created_at": "2010-08-04T19:29:44Z", "updated_at": "2020-07-09T07:14:10Z", "pushed_at": "2010-09-04T22:32:34Z", "size": 188, "stargazers_count": 18, "watchers_count": 18, "language": "JavaScript", "has_issues": true, "has_projects": true, "has_downloads": true, "has_wiki": true, "has_pages": false, "has_discussions": false, "forks_count": 1, "mirror_url": null, "archived": false, "disabled": false, "open_issues_count": 2, "license": null, "allow_forking": true, "is_template": false, "web_commit_signoff_required": false, "topics": [], "default_branch": "master", "permissions": {"admin": false, "maintain": false, "push": false, "triage": false, "pull": true}, "_id": 817671}, {"owner": {"type": "Organization", "site_admin": false}, "fork": false, "created_at": "2010-08-04T19:35:27Z", "updated_at": "2022-10-30T02:40:40Z", "pushed_at": "2012-08-02T16:28:23Z", "size": 1852, "stargazers_count": 327, "watchers_count": 327, "language": "ActionScript", "has_issues": true, "has_projects": true, "has_downloads": true, "has_wiki": true, "has_pages": false, "has_discussions": false, "forks_count": 75, "mirror_url": null, "archived": false, "disabled": false, "open_issues_count": 4, "license": {"key": "other", "name": "Other", "spdx_id": "NOASSERTION", "url": null, "node_id": "MDc6TGljZW5zZTA="}, "allow_forking": true, "is_template": false, "web_commit_signoff_required": false, "topics": [], "default_branch": "master", "permissions": {"admin": false, "maintain": false, "push": false, "triage": false, "pull": true}, "_id": 817685}, {"owner": {"type": "User", "site_admin": false}, "fork": false, "created_at": "2010-08-04T20:07:10Z", "updated_at": "2020-06-19T16:58:33Z", "pushed_at": "2011-02-23T01:09:38Z", "size": 299, "stargazers_count": 21, "watchers_count": 21, "language": null, "has_issues": true, "has_projects": true, "has_downloads": true, "has_wiki": true, "has_pages": false, "has_discussions": false, "forks_count": 3, "mirror_url": null, "archived": false, "disabled": false, "open_issues_count": 0, "license": null, "allow_forking": true, "is_template": false, "web_commit_signoff_required": false, "topics": [], "default_branch": "master", "permissions": {"admin": false, "maintain": false, "push": false, "triage": false, "pull": true}, "_id": 817756}, {"owner": {"type": "User", "site_admin": false}, "fork": false, "created_at": "2010-08-04T20:18:08Z", "updated_at": "2019-08-13T14:35:30Z", "pushed_at": "2010-10-27T04:33:52Z", "size": 104, "stargazers_count": 8, "watchers_count": 8, "language": "Ruby", "has_issues": true, "has_projects": true, "has_downloads": true, "has_wiki": true, "has_pages": false, "has_discussions": false, "forks_count": 0, "mirror_url": null, "archived": false, "disabled": false, "open_issues_count": 0, "license": null, "allow_forking": true, "is_template": false, "web_commit_signoff_required": false, "topics": [], "default_branch": "master", "permissions": {"admin": false, "maintain": false, "push": false, "triage": false, "pull": true}, "_id": 817786}, {"owner": {"type": "User", "site_admin": false}, "fork": false, "created_at": "2010-08-04T20:19:52Z", "updated_at": "2022-10-08T12:06:38Z", "pushed_at": "2017-04-04T13:10:33Z", "size": 88, "stargazers_count": 141, "watchers_count": 141, "language": "Ruby", "has_issues": false, "has_projects": true, "has_downloads": true, "has_wiki": true, "has_pages": false, "has_discussions": false, "forks_count": 11, "mirror_url": null, "archived": false, "disabled": false, "open_issues_count": 0, "license": {"key": "gpl-3.0", "name": "GNU General Public License v3.0", "spdx_id": "GPL-3.0", "url": "https://api.github.com/licenses/gpl-3.0", "node_id": "MDc6TGljZW5zZTk="}, "allow_forking": true, "is_template": false, "web_commit_signoff_required": false, "topics": [], "default_branch": "master", "permissions": {"admin": false, "maintain": false, "push": false, "triage": false, "pull": true}, "_id": 817791}, {"owner": {"type": "Organization", "site_admin": false}, "fork": false, "created_at": "2010-08-04T20:30:01Z", "updated_at": "2022-10-03T13:49:58Z", "pushed_at": "2015-09-25T07:15:13Z", "size": 982, "stargazers_count": 242, "watchers_count": 242, "language": "PHP", "has_issues": true, "has_projects": true, "has_downloads": true, "has_wiki": true, "has_pages": true, "has_discussions": false, "forks_count": 36, "mirror_url": null, "archived": false, "disabled": false, "open_issues_count": 15, "license": {"key": "other", "name": "Other", "spdx_id": "NOASSERTION", "url": null, "node_id": "MDc6TGljZW5zZTA="}, "allow_forking": true, "is_template": false, "web_commit_signoff_required": false, "topics": [], "default_branch": "master", "permissions": {"admin": false, "maintain": false, "push": false, "triage": false, "pull": true}, "_id": 817818}, {"owner": {"type": "User", "site_admin": false}, "fork": false, "created_at": "2010-08-04T20:38:02Z", "updated_at": "2022-10-28T17:11:13Z", "pushed_at": "2010-08-11T15:02:56Z", "size": 156, "stargazers_count": 8, "watchers_count": 8, "language": null, "has_issues": true, "has_projects": true, "has_downloads": false, "has_wiki": false, "has_pages": false, "has_discussions": false, "forks_count": 0, "mirror_url": null, "archived": false, "disabled": false, "open_issues_count": 0, "license": null, "allow_forking": true, "is_template": false, "web_commit_signoff_required": false, "topics": ["brainfuck", "cpu", "logisim", "microprocessor"], "default_branch": "master", "permissions": {"admin": false, "maintain": false, "push": false, "triage": false, "pull": true}, "_id": 817831}, {"owner": {"type": "Organization", "site_admin": false}, "fork": false, "created_at": "2010-08-04T20:44:39Z", "updated_at": "2022-06-13T07:58:12Z", "pushed_at": "2022-11-20T23:22:14Z", "size": 64538, "stargazers_count": 178, "watchers_count": 178, "language": "PHP", "has_issues": true, "has_projects": true, "has_downloads": true, "has_wiki": true, "has_pages": false, "has_discussions": false, "forks_count": 240, "mirror_url": null, "archived": true, "disabled": false, "open_issues_count": 3, "license": null, "allow_forking": true, "is_template": false, "web_commit_signoff_required": false, "topics": [], "default_branch": "master", "permissions": {"admin": false, "maintain": false, "push": false, "triage": false, "pull": true}, "_id": 817850}, {"owner": {"type": "User", "site_admin": false}, "fork": false, "created_at": "2010-08-04T20:46:35Z", "updated_at": "2022-02-22T17:40:46Z", "pushed_at": "2020-10-07T12:00:29Z", "size": 802, "stargazers_count": 15, "watchers_count": 15, "language": "Python", "has_issues": true, "has_projects": true, "has_downloads": true, "has_wiki": true, "has_pages": false, "has_discussions": false, "forks_count": 4, "mirror_url": null, "archived": false, "disabled": false, "open_issues_count": 1, "license": {"key": "mit", "name": "MIT License", "spdx_id": "MIT", "url": "https://api.github.com/licenses/mit", "node_id": "MDc6TGljZW5zZTEz"}, "allow_forking": true, "is_template": false, "web_commit_signoff_required": false, "topics": [], "default_branch": "master", "permissions": {"admin": false, "maintain": false, "push": false, "triage": false, "pull": true}, "_id": 817854}, {"owner": {"type": "User", "site_admin": false}, "fork": false, "created_at": "2010-08-04T20:48:40Z", "updated_at": "2020-11-09T03:23:48Z", "pushed_at": "2010-12-23T13:06:17Z", "size": 92, "stargazers_count": 12, "watchers_count": 12, "language": "C", "has_issues": true, "has_projects": true, "has_downloads": true, "has_wiki": true, "has_pages": false, "has_discussions": false, "forks_count": 1, "mirror_url": null, "archived": false, "disabled": false, "open_issues_count": 2, "license": null, "allow_forking": true, "is_template": false, "web_commit_signoff_required": false, "topics": [], "default_branch": "master", "permissions": {"admin": false, "maintain": false, "push": false, "triage": false, "pull": true}, "_id": 817859}, {"owner": {"type": "User", "site_admin": false}, "fork": false, "created_at": "2010-08-04T20:54:12Z", "updated_at": "2020-06-08T02:16:25Z", "pushed_at": "2010-08-11T20:54:11Z", "size": 20041, "stargazers_count": 8, "watchers_count": 8, "language": "Java", "has_issues": true, "has_projects": true, "has_downloads": true, "has_wiki": true, "has_pages": false, "has_discussions": false, "forks_count": 10, "mirror_url": null, "archived": false, "disabled": false, "open_issues_count": 0, "license": null, "allow_forking": true, "is_template": false, "web_commit_signoff_required": false, "topics": [], "default_branch": "master", "permissions": {"admin": false, "maintain": false, "push": false, "triage": false, "pull": true}, "_id": 817869}, {"owner": {"type": "User", "site_admin": false}, "fork": false, "created_at": "2010-08-04T21:46:19Z", "updated_at": "2022-02-02T13:31:47Z", "pushed_at": "2022-04-01T13:52:47Z", "size": 81, "stargazers_count": 31, "watchers_count": 31, "language": "JavaScript", "has_issues": true, "has_projects": true, "has_downloads": true, "has_wiki": true, "has_pages": false, "has_discussions": false, "forks_count": 12, "mirror_url": null, "archived": false, "disabled": false, "open_issues_count": 3, "license": {"key": "gpl-3.0", "name": "GNU General Public License v3.0", "spdx_id": "GPL-3.0", "url": "https://api.github.com/licenses/gpl-3.0", "node_id": "MDc6TGljZW5zZTk="}, "allow_forking": true, "is_template": false, "web_commit_signoff_required": false, "topics": [], "default_branch": "master", "permissions": {"admin": false, "maintain": false, "push": false, "triage": false, "pull": true}, "_id": 817959}, {"owner": {"type": "User", "site_admin": false}, "fork": false, "created_at": "2010-08-04T22:10:19Z", "updated_at": "2018-05-26T21:11:36Z", "pushed_at": "2010-12-22T20:02:23Z", "size": 169, "stargazers_count": 24, "watchers_count": 24, "language": "JavaScript", "has_issues": true, "has_projects": true, "has_downloads": true, "has_wiki": true, "has_pages": false, "has_discussions": false, "forks_count": 7, "mirror_url": null, "archived": false, "disabled": false, "open_issues_count": 2, "license": null, "allow_forking": true, "is_template": false, "web_commit_signoff_required": false, "topics": [], "default_branch": "master", "permissions": {"admin": false, "maintain": false, "push": false, "triage": false, "pull": true}, "_id": 817998}, {"owner": {"type": "Organization", "site_admin": false}, "fork": false, "created_at": "2010-08-04T22:15:46Z", "updated_at": "2014-05-31T05:55:45Z", "pushed_at": "2010-12-22T14:18:47Z", "size": 441, "stargazers_count": 12, "watchers_count": 12, "language": "Python", "has_issues": true, "has_projects": true, "has_downloads": true, "has_wiki": true, "has_pages": false, "has_discussions": false, "forks_count": 2, "mirror_url": null, "archived": false, "disabled": false, "open_issues_count": 0, "license": null, "allow_forking": true, "is_template": false, "web_commit_signoff_required": false, "topics": [], "default_branch": "master", "permissions": {"admin": false, "maintain": false, "push": false, "triage": false, "pull": true}, "_id": 818008}, {"owner": {"type": "User", "site_admin": false}, "fork": false, "created_at": "2010-08-04T22:18:16Z", "updated_at": "2022-02-26T16:10:44Z", "pushed_at": "2010-08-04T23:24:05Z", "size": 119, "stargazers_count": 16, "watchers_count": 16, "language": "Objective-C", "has_issues": true, "has_projects": true, "has_downloads": true, "has_wiki": true, "has_pages": false, "has_discussions": false, "forks_count": 1, "mirror_url": null, "archived": false, "disabled": false, "open_issues_count": 0, "license": null, "allow_forking": true, "is_template": false, "web_commit_signoff_required": false, "topics": [], "default_branch": "master", "permissions": {"admin": false, "maintain": false, "push": false, "triage": false, "pull": true}, "_id": 818010}, {"owner": {"type": "User", "site_admin": false}, "fork": false, "created_at": "2010-08-04T22:34:39Z", "updated_at": "2021-08-12T12:09:48Z", "pushed_at": "2022-04-30T06:44:55Z", "size": 104, "stargazers_count": 11, "watchers_count": 11, "language": "Shell", "has_issues": true, "has_projects": true, "has_downloads": true, "has_wiki": true, "has_pages": false, "has_discussions": false, "forks_count": 2, "mirror_url": null, "archived": false, "disabled": false, "open_issues_count": 0, "license": null, "allow_forking": true, "is_template": false, "web_commit_signoff_required": false, "topics": [], "default_branch": "master", "permissions": {"admin": false, "maintain": false, "push": false, "triage": false, "pull": true}, "_id": 818036}, {"owner": {"type": "Organization", "site_admin": false}, "fork": false, "created_at": "2010-08-04T22:56:50Z", "updated_at": "2022-10-01T06:08:03Z", "pushed_at": "2019-06-06T01:48:53Z", "size": 3708, "stargazers_count": 776, "watchers_count": 776, "language": "Scala", "has_issues": true, "has_projects": false, "has_downloads": true, "has_wiki": false, "has_pages": false, "has_discussions": false, "forks_count": 98, "mirror_url": null, "archived": true, "disabled": false, "open_issues_count": 0, "license": {"key": "apache-2.0", "name": "Apache License 2.0", "spdx_id": "Apache-2.0", "url": "https://api.github.com/licenses/apache-2.0", "node_id": "MDc6TGljZW5zZTI="}, "allow_forking": true, "is_template": false, "web_commit_signoff_required": false, "topics": [], "default_branch": "develop", "permissions": {"admin": false, "maintain": false, "push": false, "triage": false, "pull": true}, "_id": 818082}, {"owner": {"type": "User", "site_admin": false}, "fork": false, "created_at": "2010-08-04T23:04:49Z", "updated_at": "2022-05-17T14:17:00Z", "pushed_at": "2018-01-30T18:13:21Z", "size": 569, "stargazers_count": 95, "watchers_count": 95, "language": "Go", "has_issues": true, "has_projects": true, "has_downloads": false, "has_wiki": true, "has_pages": false, "has_discussions": false, "forks_count": 13, "mirror_url": null, "archived": false, "disabled": false, "open_issues_count": 8, "license": {"key": "mit", "name": "MIT License", "spdx_id": "MIT", "url": "https://api.github.com/licenses/mit", "node_id": "MDc6TGljZW5zZTEz"}, "allow_forking": true, "is_template": false, "web_commit_signoff_required": false, "topics": [], "default_branch": "master", "permissions": {"admin": false, "maintain": false, "push": false, "triage": false, "pull": true}, "_id": 818098}, {"owner": {"type": "User", "site_admin": false}, "fork": false, "created_at": "2010-08-04T23:22:46Z", "updated_at": "2019-08-13T14:35:31Z", "pushed_at": "2010-09-08T23:11:48Z", "size": 2222, "stargazers_count": 7, "watchers_count": 7, "language": "Ruby", "has_issues": true, "has_projects": true, "has_downloads": true, "has_wiki": true, "has_pages": false, "has_discussions": false, "forks_count": 2, "mirror_url": null, "archived": false, "disabled": false, "open_issues_count": 0, "license": {"key": "mit", "name": "MIT License", "spdx_id": "MIT", "url": "https://api.github.com/licenses/mit", "node_id": "MDc6TGljZW5zZTEz"}, "allow_forking": true, "is_template": false, "web_commit_signoff_required": false, "topics": [], "default_branch": "master", "permissions": {"admin": false, "maintain": false, "push": false, "triage": false, "pull": true}, "_id": 818123}, {"owner": {"type": "User", "site_admin": false}, "fork": false, "created_at": "2010-08-04T23:24:41Z", "updated_at": "2019-08-13T14:35:31Z", "pushed_at": "2014-07-22T01:40:29Z", "size": 31236, "stargazers_count": 26, "watchers_count": 26, "language": "Lua", "has_issues": true, "has_projects": true, "has_downloads": true, "has_wiki": true, "has_pages": true, "has_discussions": false, "forks_count": 0, "mirror_url": null, "archived": false, "disabled": false, "open_issues_count": 4, "license": null, "allow_forking": true, "is_template": false, "web_commit_signoff_required": false, "topics": [], "default_branch": "master", "permissions": {"admin": false, "maintain": false, "push": false, "triage": false, "pull": true}, "_id": 818126}, {"owner": {"type": "User", "site_admin": false}, "fork": false, "created_at": "2010-08-04T23:30:00Z", "updated_at": "2021-01-09T19:54:41Z", "pushed_at": "2011-12-22T06:15:39Z", "size": 291, "stargazers_count": 8, "watchers_count": 8, "language": "C++", "has_issues": true, "has_projects": true, "has_downloads": true, "has_wiki": false, "has_pages": false, "has_discussions": false, "forks_count": 0, "mirror_url": null, "archived": false, "disabled": false, "open_issues_count": 0, "license": null, "allow_forking": true, "is_template": false, "web_commit_signoff_required": false, "topics": [], "default_branch": "master", "permissions": {"admin": false, "maintain": false, "push": false, "triage": false, "pull": true}, "_id": 818130}, {"owner": {"type": "User", "site_admin": false}, "fork": false, "created_at": "2010-08-04T23:49:22Z", "updated_at": "2022-11-01T19:08:27Z", "pushed_at": "2017-10-09T00:11:59Z", "size": 2386, "stargazers_count": 75, "watchers_count": 75, "language": "Perl", "has_issues": true, "has_projects": true, "has_downloads": true, "has_wiki": true, "has_pages": false, "has_discussions": false, "forks_count": 214, "mirror_url": null, "archived": false, "disabled": false, "open_issues_count": 3, "license": null, "allow_forking": true, "is_template": false, "web_commit_signoff_required": false, "topics": [], "default_branch": "master", "permissions": {"admin": false, "maintain": false, "push": false, "triage": false, "pull": true}, "_id": 818161}]