[{"owner": {"type": "User", "site_admin": false}, "fork": false, "created_at": "2010-11-01T00:20:41Z", "updated_at": "2019-03-20T16:40:33Z", "pushed_at": "2012-10-31T17:05:07Z", "size": 109, "stargazers_count": 8, "watchers_count": 8, "language": "JavaScript", "has_issues": true, "has_projects": true, "has_downloads": true, "has_wiki": true, "has_pages": false, "has_discussions": false, "forks_count": 1, "mirror_url": null, "archived": false, "disabled": false, "open_issues_count": 0, "license": {"key": "mit", "name": "MIT License", "spdx_id": "MIT", "url": "https://api.github.com/licenses/mit", "node_id": "MDc6TGljZW5zZTEz"}, "allow_forking": true, "is_template": false, "web_commit_signoff_required": false, "topics": [], "default_branch": "master", "permissions": {"admin": false, "maintain": false, "push": false, "triage": false, "pull": true}, "_id": 1040609}, {"owner": {"type": "User", "site_admin": false}, "fork": false, "created_at": "2010-11-01T00:28:26Z", "updated_at": "2015-06-17T14:53:20Z", "pushed_at": "2010-11-01T00:39:39Z", "size": 145, "stargazers_count": 6, "watchers_count": 6, "language": "VimL", "has_issues": true, "has_projects": true, "has_downloads": true, "has_wiki": true, "has_pages": false, "has_discussions": false, "forks_count": 2, "mirror_url": null, "archived": false, "disabled": false, "open_issues_count": 0, "license": null, "allow_forking": true, "is_template": false, "web_commit_signoff_required": false, "topics": [], "default_branch": "master", "permissions": {"admin": false, "maintain": false, "push": false, "triage": false, "pull": true}, "_id": 1040623}, {"owner": {"type": "User", "site_admin": false}, "fork": false, "created_at": "2010-11-01T01:01:06Z", "updated_at": "2020-02-07T08:13:29Z", "pushed_at": "2010-11-01T01:01:27Z", "size": 188, "stargazers_count": 9, "watchers_count": 9, "language": "Ruby", "has_issues": true, "has_projects": true, "has_downloads": true, "has_wiki": true, "has_pages": false, "has_discussions": false, "forks_count": 0, "mirror_url": null, "archived": false, "disabled": false, "open_issues_count": 0, "license": {"key": "mit", "name": "MIT License", "spdx_id": "MIT", "url": "https://api.github.com/licenses/mit", "node_id": "MDc6TGljZW5zZTEz"}, "allow_forking": true, "is_template": false, "web_commit_signoff_required": false, "topics": [], "default_branch": "master", "permissions": {"admin": false, "maintain": false, "push": false, "triage": false, "pull": true}, "_id": 1040663}, {"owner": {"type": "User", "site_admin": false}, "fork": false, "created_at": "2010-11-01T01:09:57Z", "updated_at": "2022-10-28T11:32:01Z", "pushed_at": "2022-11-03T21:03:49Z", "size": 11914, "stargazers_count": 460, "watchers_count": 460, "language": "JavaScript", "has_issues": true, "has_projects": true, "has_downloads": true, "has_wiki": true, "has_pages": false, "has_discussions": false, "forks_count": 114, "mirror_url": null, "archived": false, "disabled": false, "open_issues_count": 10, "license": {"key": "mit", "name": "MIT License", "spdx_id": "MIT", "url": "https://api.github.com/licenses/mit", "node_id": "MDc6TGljZW5zZTEz"}, "allow_forking": true, "is_template": false, "web_commit_signoff_required": false, "topics": [], "default_branch": "master", "permissions": {"admin": false, "maintain": false, "push": false, "triage": false, "pull": true}, "_id": 1040672}, {"owner": {"type": "User", "site_admin": false}, "fork": false, "created_at": "2010-11-01T01:26:07Z", "updated_at": "2022-11-05T20:39:08Z", "pushed_at": "2013-10-18T13:41:23Z", "size": 2016, "stargazers_count": 1211, "watchers_count": 1211, "language": "JavaScript", "has_issues": true, "has_projects": true, "has_downloads": true, "has_wiki": true, "has_pages": false, "has_discussions": false, "forks_count": 499, "mirror_url": null, "archived": false, "disabled": false, "open_issues_count": 11, "license": {"key": "other", "name": "Other", "spdx_id": "NOASSERTION", "url": null, "node_id": "MDc6TGljZW5zZTA="}, "allow_forking": true, "is_template": false, "web_commit_signoff_required": false, "topics": [], "default_branch": "master", "permissions": {"admin": false, "maintain": false, "push": false, "triage": false, "pull": true}, "_id": 1040700}, {"owner": {"type": "User", "site_admin": false}, "fork": false, "created_at": "2010-11-01T02:10:14Z", "updated_at": "2021-12-23T09:01:37Z", "pushed_at": "2010-11-01T02:10:44Z", "size": 105, "stargazers_count": 7, "watchers_count": 7, "language": "C", "has_issues": true, "has_projects": true, "has_downloads": true, "has_wiki": true, "has_pages": false, "has_discussions": false, "forks_count": 1, "mirror_url": null, "archived": false, "disabled": false, "open_issues_count": 0, "license": null, "allow_forking": true, "is_template": false, "web_commit_signoff_required": false, "topics": [], "default_branch": "master", "permissions": {"admin": false, "maintain": false, "push": false, "triage": false, "pull": true}, "_id": 1040752}, {"owner": {"type": "User", "site_admin": false}, "fork": false, "created_at": "2010-11-01T02:11:56Z", "updated_at": "2022-04-27T12:45:12Z", "pushed_at": "2011-07-24T23:41:22Z", "size": 202, "stargazers_count": 35, "watchers_count": 35, "language": "C", "has_issues": true, "has_projects": true, "has_downloads": true, "has_wiki": true, "has_pages": false, "has_discussions": false, "forks_count": 10, "mirror_url": null, "archived": false, "disabled": false, "open_issues_count": 0, "license": null, "allow_forking": true, "is_template": false, "web_commit_signoff_required": false, "topics": [], "default_branch": "master", "permissions": {"admin": false, "maintain": false, "push": false, "triage": false, "pull": true}, "_id": 1040759}, {"owner": {"type": "User", "site_admin": false}, "fork": false, "created_at": "2010-11-01T02:36:43Z", "updated_at": "2019-08-13T14:38:19Z", "pushed_at": "2010-11-01T04:00:06Z", "size": 136, "stargazers_count": 10, "watchers_count": 10, "language": "PHP", "has_issues": true, "has_projects": true, "has_downloads": true, "has_wiki": true, "has_pages": false, "has_discussions": false, "forks_count": 0, "mirror_url": null, "archived": false, "disabled": false, "open_issues_count": 0, "license": null, "allow_forking": true, "is_template": false, "web_commit_signoff_required": false, "topics": [], "default_branch": "master", "permissions": {"admin": false, "maintain": false, "push": false, "triage": false, "pull": true}, "_id": 1040796}, {"owner": {"type": "User", "site_admin": false}, "fork": false, "created_at": "2010-11-01T02:37:26Z", "updated_at": "2018-10-24T16:43:56Z", "pushed_at": "2017-11-12T21:20:02Z", "size": 26, "stargazers_count": 11, "watchers_count": 11, "language": "Python", "has_issues": true, "has_projects": true, "has_downloads": true, "has_wiki": true, "has_pages": false, "has_discussions": true, "forks_count": 4, "mirror_url": null, "archived": false, "disabled": false, "open_issues_count": 1, "license": null, "allow_forking": true, "is_template": false, "web_commit_signoff_required": false, "topics": [], "default_branch": "master", "permissions": {"admin": false, "maintain": false, "push": false, "triage": false, "pull": true}, "_id": 1040798}, {"owner": {"type": "User", "site_admin": false}, "fork": false, "created_at": "2010-11-01T03:10:10Z", "updated_at": "2022-02-22T09:59:46Z", "pushed_at": "2011-06-08T08:17:13Z", "size": 298, "stargazers_count": 13, "watchers_count": 13, "language": null, "has_issues": true, "has_projects": true, "has_downloads": true, "has_wiki": true, "has_pages": false, "has_discussions": false, "forks_count": 5, "mirror_url": null, "archived": false, "disabled": false, "open_issues_count": 0, "license": null, "allow_forking": true, "is_template": false, "web_commit_signoff_required": false, "topics": [], "default_branch": "master", "permissions": {"admin": false, "maintain": false, "push": false, "triage": false, "pull": true}, "_id": 1040841}, {"owner": {"type": "User", "site_admin": false}, "fork": false, "created_at": "2010-11-01T03:15:00Z", "updated_at": "2022-11-03T01:29:59Z", "pushed_at": "2011-02-07T23:04:20Z", "size": 82, "stargazers_count": 65, "watchers_count": 65, "language": null, "has_issues": true, "has_projects": true, "has_downloads": true, "has_wiki": true, "has_pages": false, "has_discussions": false, "forks_count": 5, "mirror_url": null, "archived": false, "disabled": false, "open_issues_count": 0, "license": null, "allow_forking": true, "is_template": false, "web_commit_signoff_required": false, "topics": [], "default_branch": "master", "permissions": {"admin": false, "maintain": false, "push": false, "triage": false, "pull": true}, "_id": 1040845}, {"owner": {"type": "User", "site_admin": false}, "fork": false, "created_at": "2010-11-01T03:19:37Z", "updated_at": "2022-05-24T07:24:24Z", "pushed_at": "2010-11-01T06:31:41Z", "size": 148, "stargazers_count": 7, "watchers_count": 7, "language": null, "has_issues": true, "has_projects": true, "has_downloads": true, "has_wiki": true, "has_pages": false, "has_discussions": false, "forks_count": 7, "mirror_url": null, "archived": false, "disabled": false, "open_issues_count": 0, "license": null, "allow_forking": true, "is_template": false, "web_commit_signoff_required": false, "topics": [], "default_branch": "master", "permissions": {"admin": false, "maintain": false, "push": false, "triage": false, "pull": true}, "_id": 1040849}, {"owner": {"type": "User", "site_admin": false}, "fork": false, "created_at": "2010-11-01T03:29:35Z", "updated_at": "2017-04-10T09:17:53Z", "pushed_at": "2010-11-01T14:48:44Z", "size": 132, "stargazers_count": 6, "watchers_count": 6, "language": "Objective-C", "has_issues": true, "has_projects": true, "has_downloads": true, "has_wiki": true, "has_pages": false, "has_discussions": false, "forks_count": 0, "mirror_url": null, "archived": false, "disabled": false, "open_issues_count": 0, "license": null, "allow_forking": true, "is_template": false, "web_commit_signoff_required": false, "topics": [], "default_branch": "master", "permissions": {"admin": false, "maintain": false, "push": false, "triage": false, "pull": true}, "_id": 1040856}, {"owner": {"type": "User", "site_admin": false}, "fork": false, "created_at": "2010-11-01T03:35:50Z", "updated_at": "2022-11-25T14:46:27Z", "pushed_at": "2022-11-10T16:04:12Z", "size": 30350, "stargazers_count": 2806, "watchers_count": 2806, "language": "JavaScript", "has_issues": true, "has_projects": true, "has_downloads": true, "has_wiki": true, "has_pages": false, "has_discussions": true, "forks_count": 261, "mirror_url": null, "archived": false, "disabled": false, "open_issues_count": 14, "license": {"key": "other", "name": "Other", "spdx_id": "NOASSERTION", "url": null, "node_id": "MDc6TGljZW5zZTA="}, "allow_forking": true, "is_template": false, "web_commit_signoff_required": false, "topics": ["addon", "firefox", "firefox-addon", "hacktoberfest", "javascript", "sidebar", "tree-tabs", "vertical-tabs", "webextensions"], "default_branch": "trunk", "permissions": {"admin": false, "maintain": false, "push": false, "triage": false, "pull": true}, "_id": 1040867}, {"owner": {"type": "User", "site_admin": false}, "fork": false, "created_at": "2010-11-01T03:36:17Z", "updated_at": "2022-01-21T07:02:56Z", "pushed_at": "2021-06-14T02:30:14Z", "size": 8352, "stargazers_count": 38, "watchers_count": 38, "language": "JavaScript", "has_issues": true, "has_projects": true, "has_downloads": true, "has_wiki": true, "has_pages": false, "has_discussions": false, "forks_count": 5, "mirror_url": null, "archived": false, "disabled": false, "open_issues_count": 12, "license": null, "allow_forking": true, "is_template": false, "web_commit_signoff_required": false, "topics": [], "default_branch": "trunk", "permissions": {"admin": false, "maintain": false, "push": false, "triage": false, "pull": true}, "_id": 1040870}, {"owner": {"type": "User", "site_admin": false}, "fork": false, "created_at": "2010-11-01T03:37:38Z", "updated_at": "2021-12-28T07:32:06Z", "pushed_at": "2020-07-06T16:59:43Z", "size": 8493, "stargazers_count": 17, "watchers_count": 17, "language": "JavaScript", "has_issues": true, "has_projects": true, "has_downloads": true, "has_wiki": true, "has_pages": false, "has_discussions": false, "forks_count": 4, "mirror_url": null, "archived": false, "disabled": false, "open_issues_count": 5, "license": null, "allow_forking": true, "is_template": false, "web_commit_signoff_required": false, "topics": [], "default_branch": "trunk", "permissions": {"admin": false, "maintain": false, "push": false, "triage": false, "pull": true}, "_id": 1040873}, {"owner": {"type": "Organization", "site_admin": false}, "fork": false, "created_at": "2010-11-01T03:44:24Z", "updated_at": "2019-08-13T14:38:19Z", "pushed_at": "2011-02-22T01:34:20Z", "size": 34688, "stargazers_count": 22, "watchers_count": 22, "language": "Ruby", "has_issues": true, "has_projects": true, "has_downloads": true, "has_wiki": true, "has_pages": false, "has_discussions": false, "forks_count": 3, "mirror_url": null, "archived": true, "disabled": false, "open_issues_count": 0, "license": null, "allow_forking": true, "is_template": false, "web_commit_signoff_required": false, "topics": [], "default_branch": "master", "permissions": {"admin": false, "maintain": false, "push": false, "triage": false, "pull": true}, "_id": 1040882}, {"owner": {"type": "User", "site_admin": false}, "fork": false, "created_at": "2010-11-01T04:12:58Z", "updated_at": "2013-06-03T05:23:39Z", "pushed_at": "2011-06-28T07:01:23Z", "size": 67931, "stargazers_count": 7, "watchers_count": 7, "language": "C++", "has_issues": true, "has_projects": true, "has_downloads": true, "has_wiki": true, "has_pages": false, "has_discussions": false, "forks_count": 1, "mirror_url": null, "archived": false, "disabled": false, "open_issues_count": 0, "license": null, "allow_forking": true, "is_template": false, "web_commit_signoff_required": false, "topics": [], "default_branch": "master", "permissions": {"admin": false, "maintain": false, "push": false, "triage": false, "pull": true}, "_id": 1040913}, {"owner": {"type": "User", "site_admin": false}, "fork": false, "created_at": "2010-11-01T04:14:10Z", "updated_at": "2022-06-11T11:50:21Z", "pushed_at": "2016-04-12T23:58:46Z", "size": 10, "stargazers_count": 154, "watchers_count": 154, "language": "HTML", "has_issues": true, "has_projects": true, "has_downloads": true, "has_wiki": true, "has_pages": false, "has_discussions": false, "forks_count": 45, "mirror_url": null, "archived": false, "disabled": false, "open_issues_count": 0, "license": null, "allow_forking": true, "is_template": false, "web_commit_signoff_required": false, "topics": [], "default_branch": "master", "permissions": {"admin": false, "maintain": false, "push": false, "triage": false, "pull": true}, "_id": 1040914}, {"owner": {"type": "User", "site_admin": false}, "fork": false, "created_at": "2010-11-01T04:38:54Z", "updated_at": "2020-09-10T16:59:25Z", "pushed_at": "2012-06-04T02:00:18Z", "size": 175, "stargazers_count": 8, "watchers_count": 8, "language": "C", "has_issues": true, "has_projects": true, "has_downloads": true, "has_wiki": false, "has_pages": false, "has_discussions": false, "forks_count": 7, "mirror_url": null, "archived": true, "disabled": false, "open_issues_count": 0, "license": {"key": "mit", "name": "MIT License", "spdx_id": "MIT", "url": "https://api.github.com/licenses/mit", "node_id": "MDc6TGljZW5zZTEz"}, "allow_forking": true, "is_template": false, "web_commit_signoff_required": false, "topics": [], "default_branch": "master", "permissions": {"admin": false, "maintain": false, "push": false, "triage": false, "pull": true}, "_id": 1040951}, {"owner": {"type": "User", "site_admin": false}, "fork": false, "created_at": "2010-11-01T04:53:06Z", "updated_at": "2019-08-14T20:12:51Z", "pushed_at": "2011-01-08T04:44:43Z", "size": 9935, "stargazers_count": 16, "watchers_count": 16, "language": "C++", "has_issues": true, "has_projects": true, "has_downloads": true, "has_wiki": false, "has_pages": false, "has_discussions": false, "forks_count": 4, "mirror_url": null, "archived": false, "disabled": false, "open_issues_count": 7, "license": {"key": "gpl-2.0", "name": "GNU General Public License v2.0", "spdx_id": "GPL-2.0", "url": "https://api.github.com/licenses/gpl-2.0", "node_id": "MDc6TGljZW5zZTg="}, "allow_forking": true, "is_template": false, "web_commit_signoff_required": false, "topics": [], "default_branch": "master", "permissions": {"admin": false, "maintain": false, "push": false, "triage": false, "pull": true}, "_id": 1040972}, {"owner": {"type": "Organization", "site_admin": false}, "fork": false, "created_at": "2010-11-01T04:55:00Z", "updated_at": "2021-12-14T15:51:44Z", "pushed_at": "2010-11-02T08:05:10Z", "size": 153, "stargazers_count": 10, "watchers_count": 10, "language": "PHP", "has_issues": true, "has_projects": true, "has_downloads": true, "has_wiki": false, "has_pages": false, "has_discussions": false, "forks_count": 5, "mirror_url": null, "archived": false, "disabled": false, "open_issues_count": 19, "license": null, "allow_forking": true, "is_template": false, "web_commit_signoff_required": false, "topics": [], "default_branch": "master", "permissions": {"admin": false, "maintain": false, "push": false, "triage": false, "pull": true}, "_id": 1040976}, {"owner": {"type": "Organization", "site_admin": false}, "fork": false, "created_at": "2010-11-01T05:10:35Z", "updated_at": "2022-04-26T05:49:45Z", "pushed_at": "2015-12-03T12:03:55Z", "size": 41886, "stargazers_count": 14, "watchers_count": 14, "language": "C", "has_issues": true, "has_projects": true, "has_downloads": true, "has_wiki": true, "has_pages": false, "has_discussions": false, "forks_count": 11, "mirror_url": null, "archived": true, "disabled": false, "open_issues_count": 0, "license": null, "allow_forking": true, "is_template": false, "web_commit_signoff_required": false, "topics": [], "default_branch": "master", "permissions": {"admin": false, "maintain": false, "push": false, "triage": false, "pull": true}, "_id": 1040994}, {"owner": {"type": "User", "site_admin": false}, "fork": false, "created_at": "2010-11-01T05:54:30Z", "updated_at": "2021-06-09T16:09:35Z", "pushed_at": "2010-12-14T16:14:10Z", "size": 7447, "stargazers_count": 101, "watchers_count": 101, "language": "PHP", "has_issues": true, "has_projects": true, "has_downloads": true, "has_wiki": true, "has_pages": false, "has_discussions": false, "forks_count": 23, "mirror_url": null, "archived": false, "disabled": false, "open_issues_count": 1, "license": null, "allow_forking": true, "is_template": false, "web_commit_signoff_required": false, "topics": [], "default_branch": "master", "permissions": {"admin": false, "maintain": false, "push": false, "triage": false, "pull": true}, "_id": 1041042}, {"owner": {"type": "User", "site_admin": false}, "fork": false, "created_at": "2010-11-01T06:05:52Z", "updated_at": "2021-09-10T18:04:35Z", "pushed_at": "2010-11-10T02:46:17Z", "size": 826, "stargazers_count": 110, "watchers_count": 110, "language": "ActionScript", "has_issues": true, "has_projects": true, "has_downloads": true, "has_wiki": true, "has_pages": false, "has_discussions": false, "forks_count": 28, "mirror_url": null, "archived": false, "disabled": false, "open_issues_count": 0, "license": {"key": "other", "name": "Other", "spdx_id": "NOASSERTION", "url": null, "node_id": "MDc6TGljZW5zZTA="}, "allow_forking": true, "is_template": false, "web_commit_signoff_required": false, "topics": [], "default_branch": "master", "permissions": {"admin": false, "maintain": false, "push": false, "triage": false, "pull": true}, "_id": 1041062}, {"owner": {"type": "User", "site_admin": false}, "fork": false, "created_at": "2010-11-01T06:36:29Z", "updated_at": "2013-10-19T22:12:17Z", "pushed_at": "2012-06-26T13:33:37Z", "size": 105, "stargazers_count": 8, "watchers_count": 8, "language": "PHP", "has_issues": true, "has_projects": true, "has_downloads": true, "has_wiki": true, "has_pages": false, "has_discussions": false, "forks_count": 1, "mirror_url": null, "archived": false, "disabled": false, "open_issues_count": 0, "license": null, "allow_forking": true, "is_template": false, "web_commit_signoff_required": false, "topics": [], "default_branch": "master", "permissions": {"admin": false, "maintain": false, "push": false, "triage": false, "pull": true}, "_id": 1041103}, {"owner": {"type": "User", "site_admin": false}, "fork": false, "created_at": "2010-11-01T06:51:48Z", "updated_at": "2017-05-21T03:10:51Z", "pushed_at": "2010-12-02T09:44:34Z", "size": 1317, "stargazers_count": 12, "watchers_count": 12, "language": "Objective-J", "has_issues": true, "has_projects": true, "has_downloads": true, "has_wiki": true, "has_pages": false, "has_discussions": false, "forks_count": 1, "mirror_url": null, "archived": false, "disabled": false, "open_issues_count": 0, "license": null, "allow_forking": true, "is_template": false, "web_commit_signoff_required": false, "topics": [], "default_branch": "master", "permissions": {"admin": false, "maintain": false, "push": false, "triage": false, "pull": true}, "_id": 1041124}, {"owner": {"type": "User", "site_admin": false}, "fork": false, "created_at": "2010-11-01T06:51:50Z", "updated_at": "2022-06-07T10:21:47Z", "pushed_at": "2015-08-10T10:18:52Z", "size": 2363, "stargazers_count": 48, "watchers_count": 48, "language": "Python", "has_issues": true, "has_projects": true, "has_downloads": true, "has_wiki": true, "has_pages": true, "has_discussions": false, "forks_count": 25, "mirror_url": null, "archived": false, "disabled": false, "open_issues_count": 6, "license": {"key": "other", "name": "Other", "spdx_id": "NOASSERTION", "url": null, "node_id": "MDc6TGljZW5zZTA="}, "allow_forking": true, "is_template": false, "web_commit_signoff_required": false, "topics": [], "default_branch": "develop", "permissions": {"admin": false, "maintain": false, "push": false, "triage": false, "pull": true}, "_id": 1041125}, {"owner": {"type": "User", "site_admin": false}, "fork": false, "created_at": "2010-11-01T07:09:07Z", "updated_at": "2022-02-06T10:37:53Z", "pushed_at": "2012-10-21T21:49:25Z", "size": 5843, "stargazers_count": 71, "watchers_count": 71, "language": "JavaScript", "has_issues": true, "has_projects": true, "has_downloads": true, "has_wiki": true, "has_pages": false, "has_discussions": false, "forks_count": 10, "mirror_url": null, "archived": false, "disabled": false, "open_issues_count": 3, "license": null, "allow_forking": true, "is_template": false, "web_commit_signoff_required": false, "topics": [], "default_branch": "master", "permissions": {"admin": false, "maintain": false, "push": false, "triage": false, "pull": true}, "_id": 1041146}, {"owner": {"type": "User", "site_admin": false}, "fork": false, "created_at": "2010-11-01T07:10:28Z", "updated_at": "2019-07-15T20:42:33Z", "pushed_at": "2012-02-25T13:20:56Z", "size": 1114, "stargazers_count": 23, "watchers_count": 23, "language": "PHP", "has_issues": true, "has_projects": true, "has_downloads": true, "has_wiki": true, "has_pages": false, "has_discussions": false, "forks_count": 1, "mirror_url": null, "archived": false, "disabled": false, "open_issues_count": 1, "license": null, "allow_forking": true, "is_template": false, "web_commit_signoff_required": false, "topics": [], "default_branch": "master", "permissions": {"admin": false, "maintain": false, "push": false, "triage": false, "pull": true}, "_id": 1041147}, {"owner": {"type": "User", "site_admin": false}, "fork": false, "created_at": "2010-11-01T07:40:40Z", "updated_at": "2018-05-01T04:51:15Z", "pushed_at": "2012-06-24T04:15:59Z", "size": 245, "stargazers_count": 16, "watchers_count": 16, "language": "JavaScript", "has_issues": true, "has_projects": true, "has_downloads": true, "has_wiki": true, "has_pages": false, "has_discussions": false, "forks_count": 5, "mirror_url": null, "archived": false, "disabled": false, "open_issues_count": 1, "license": null, "allow_forking": true, "is_template": false, "web_commit_signoff_required": false, "topics": [], "default_branch": "master", "permissions": {"admin": false, "maintain": false, "push": false, "triage": false, "pull": true}, "_id": 1041187}, {"owner": {"type": "User", "site_admin": false}, "fork": false, "created_at": "2010-11-01T07:54:36Z", "updated_at": "2022-04-01T12:30:17Z", "pushed_at": "2014-02-08T19:43:12Z", "size": 184, "stargazers_count": 11, "watchers_count": 11, "language": "Ruby", "has_issues": true, "has_projects": true, "has_downloads": true, "has_wiki": true, "has_pages": false, "has_discussions": false, "forks_count": 3, "mirror_url": null, "archived": false, "disabled": false, "open_issues_count": 0, "license": {"key": "mit", "name": "MIT License", "spdx_id": "MIT", "url": "https://api.github.com/licenses/mit", "node_id": "MDc6TGljZW5zZTEz"}, "allow_forking": true, "is_template": false, "web_commit_signoff_required": false, "topics": [], "default_branch": "master", "permissions": {"admin": false, "maintain": false, "push": false, "triage": false, "pull": true}, "_id": 1041206}, {"owner": {"type": "User", "site_admin": false}, "fork": false, "created_at": "2010-11-01T08:39:18Z", "updated_at": "2017-10-15T16:23:01Z", "pushed_at": "2010-11-01T20:52:34Z", "size": 134, "stargazers_count": 15, "watchers_count": 15, "language": "Ruby", "has_issues": true, "has_projects": true, "has_downloads": true, "has_wiki": true, "has_pages": false, "has_discussions": false, "forks_count": 4, "mirror_url": null, "archived": false, "disabled": false, "open_issues_count": 0, "license": {"key": "mit", "name": "MIT License", "spdx_id": "MIT", "url": "https://api.github.com/licenses/mit", "node_id": "MDc6TGljZW5zZTEz"}, "allow_forking": true, "is_template": false, "web_commit_signoff_required": false, "topics": [], "default_branch": "master", "permissions": {"admin": false, "maintain": false, "push": false, "triage": false, "pull": true}, "_id": 1041257}, {"owner": {"type": "User", "site_admin": false}, "fork": false, "created_at": "2010-11-01T09:27:43Z", "updated_at": "2022-10-25T08:23:03Z", "pushed_at": "2017-06-21T22:54:45Z", "size": 924, "stargazers_count": 547, "watchers_count": 547, "language": "JavaScript", "has_issues": true, "has_projects": true, "has_downloads": true, "has_wiki": true, "has_pages": false, "has_discussions": false, "forks_count": 782, "mirror_url": null, "archived": false, "disabled": false, "open_issues_count": 83, "license": {"key": "other", "name": "Other", "spdx_id": "NOASSERTION", "url": null, "node_id": "MDc6TGljZW5zZTA="}, "allow_forking": true, "is_template": false, "web_commit_signoff_required": false, "topics": [], "default_branch": "master", "permissions": {"admin": false, "maintain": false, "push": false, "triage": false, "pull": true}, "_id": 1041356}, {"owner": {"type": "User", "site_admin": false}, "fork": false, "created_at": "2010-11-01T09:32:17Z", "updated_at": "2015-06-25T21:53:10Z", "pushed_at": "2012-05-07T10:36:48Z", "size": 124, "stargazers_count": 7, "watchers_count": 7, "language": "Java", "has_issues": true, "has_projects": true, "has_downloads": true, "has_wiki": true, "has_pages": false, "has_discussions": false, "forks_count": 4, "mirror_url": null, "archived": false, "disabled": false, "open_issues_count": 0, "license": null, "allow_forking": true, "is_template": false, "web_commit_signoff_required": false, "topics": [], "default_branch": "master", "permissions": {"admin": false, "maintain": false, "push": false, "triage": false, "pull": true}, "_id": 1041375}, {"owner": {"type": "User", "site_admin": false}, "fork": false, "created_at": "2010-11-01T10:31:36Z", "updated_at": "2020-04-03T14:58:47Z", "pushed_at": "2011-01-27T23:08:11Z", "size": 516, "stargazers_count": 7, "watchers_count": 7, "language": "Python", "has_issues": true, "has_projects": true, "has_downloads": true, "has_wiki": true, "has_pages": false, "has_discussions": false, "forks_count": 2, "mirror_url": null, "archived": false, "disabled": false, "open_issues_count": 0, "license": null, "allow_forking": true, "is_template": false, "web_commit_signoff_required": false, "topics": [], "default_branch": "master", "permissions": {"admin": false, "maintain": false, "push": false, "triage": false, "pull": true}, "_id": 1041476}, {"owner": {"type": "Organization", "site_admin": false}, "fork": false, "created_at": "2010-11-01T10:56:36Z", "updated_at": "2018-08-12T19:04:39Z", "pushed_at": "2011-05-01T22:42:09Z", "size": 164, "stargazers_count": 8, "watchers_count": 8, "language": "C#", "has_issues": true, "has_projects": true, "has_downloads": true, "has_wiki": true, "has_pages": false, "has_discussions": false, "forks_count": 2, "mirror_url": null, "archived": false, "disabled": false, "open_issues_count": 0, "license": {"key": "other", "name": "Other", "spdx_id": "NOASSERTION", "url": null, "node_id": "MDc6TGljZW5zZTA="}, "allow_forking": true, "is_template": false, "web_commit_signoff_required": false, "topics": [], "default_branch": "master", "permissions": {"admin": false, "maintain": false, "push": false, "triage": false, "pull": true}, "_id": 1041511}, {"owner": {"type": "User", "site_admin": false}, "fork": false, "created_at": "2010-11-01T10:57:37Z", "updated_at": "2022-03-10T15:30:09Z", "pushed_at": "2012-01-10T21:14:22Z", "size": 15978, "stargazers_count": 10, "watchers_count": 10, "language": "C++", "has_issues": true, "has_projects": true, "has_downloads": true, "has_wiki": true, "has_pages": false, "has_discussions": false, "forks_count": 4, "mirror_url": null, "archived": false, "disabled": false, "open_issues_count": 3, "license": null, "allow_forking": true, "is_template": false, "web_commit_signoff_required": false, "topics": [], "default_branch": "master", "permissions": {"admin": false, "maintain": false, "push": false, "triage": false, "pull": true}, "_id": 1041513}, {"owner": {"type": "Organization", "site_admin": false}, "fork": false, "created_at": "2010-11-01T11:01:17Z", "updated_at": "2022-08-12T05:29:50Z", "pushed_at": "2022-09-28T10:05:11Z", "size": 869, "stargazers_count": 119, "watchers_count": 119, "language": "Shell", "has_issues": true, "has_projects": false, "has_downloads": true, "has_wiki": false, "has_pages": false, "has_discussions": false, "forks_count": 169, "mirror_url": null, "archived": false, "disabled": false, "open_issues_count": 0, "license": null, "allow_forking": true, "is_template": false, "web_commit_signoff_required": false, "topics": [], "default_branch": "master", "permissions": {"admin": false, "maintain": false, "push": false, "triage": false, "pull": true}, "_id": 1041516}, {"owner": {"type": "User", "site_admin": false}, "fork": false, "created_at": "2010-11-01T11:19:15Z", "updated_at": "2022-04-23T19:21:25Z", "pushed_at": "2016-02-12T00:35:23Z", "size": 11881, "stargazers_count": 18, "watchers_count": 18, "language": "HTML", "has_issues": true, "has_projects": true, "has_downloads": true, "has_wiki": true, "has_pages": false, "has_discussions": false, "forks_count": 4, "mirror_url": null, "archived": false, "disabled": false, "open_issues_count": 0, "license": {"key": "gpl-3.0", "name": "GNU General Public License v3.0", "spdx_id": "GPL-3.0", "url": "https://api.github.com/licenses/gpl-3.0", "node_id": "MDc6TGljZW5zZTk="}, "allow_forking": true, "is_template": false, "web_commit_signoff_required": false, "topics": [], "default_branch": "master", "permissions": {"admin": false, "maintain": false, "push": false, "triage": false, "pull": true}, "_id": 1041540}, {"owner": {"type": "User", "site_admin": false}, "fork": false, "created_at": "2010-11-01T11:20:11Z", "updated_at": "2016-10-27T05:55:14Z", "pushed_at": "2014-01-13T22:24:43Z", "size": 141, "stargazers_count": 7, "watchers_count": 7, "language": "Emacs Lisp", "has_issues": true, "has_projects": true, "has_downloads": true, "has_wiki": true, "has_pages": false, "has_discussions": false, "forks_count": 1, "mirror_url": null, "archived": false, "disabled": false, "open_issues_count": 0, "license": null, "allow_forking": true, "is_template": false, "web_commit_signoff_required": false, "topics": [], "default_branch": "master", "permissions": {"admin": false, "maintain": false, "push": false, "triage": false, "pull": true}, "_id": 1041542}, {"owner": {"type": "Organization", "site_admin": false}, "fork": false, "created_at": "2010-11-01T11:59:19Z", "updated_at": "2022-11-17T13:47:38Z", "pushed_at": "2022-07-09T03:32:09Z", "size": 2250, "stargazers_count": 132, "watchers_count": 132, "language": "PHP", "has_issues": true, "has_projects": true, "has_downloads": true, "has_wiki": false, "has_pages": false, "has_discussions": false, "forks_count": 35, "mirror_url": null, "archived": false, "disabled": false, "open_issues_count": 18, "license": {"key": "mit", "name": "MIT License", "spdx_id": "MIT", "url": "https://api.github.com/licenses/mit", "node_id": "MDc6TGljZW5zZTEz"}, "allow_forking": true, "is_template": false, "web_commit_signoff_required": false, "topics": [], "default_branch": "3.0.0-alpha2", "permissions": {"admin": false, "maintain": false, "push": false, "triage": false, "pull": true}, "_id": 1041611}, {"owner": {"type": "User", "site_admin": false}, "fork": false, "created_at": "2010-11-01T12:04:55Z", "updated_at": "2022-11-12T17:32:00Z", "pushed_at": "2013-07-19T13:04:45Z", "size": 545, "stargazers_count": 31, "watchers_count": 31, "language": "Lua", "has_issues": true, "has_projects": true, "has_downloads": true, "has_wiki": true, "has_pages": false, "has_discussions": false, "forks_count": 6, "mirror_url": null, "archived": false, "disabled": false, "open_issues_count": 2, "license": null, "allow_forking": true, "is_template": false, "web_commit_signoff_required": false, "topics": [], "default_branch": "master", "permissions": {"admin": false, "maintain": false, "push": false, "triage": false, "pull": true}, "_id": 1041627}, {"owner": {"type": "User", "site_admin": false}, "fork": false, "created_at": "2010-11-01T12:12:49Z", "updated_at": "2018-07-10T02:44:14Z", "pushed_at": "2011-03-04T20:47:50Z", "size": 11324, "stargazers_count": 8, "watchers_count": 8, "language": "ActionScript", "has_issues": true, "has_projects": true, "has_downloads": true, "has_wiki": true, "has_pages": false, "has_discussions": false, "forks_count": 2, "mirror_url": null, "archived": true, "disabled": false, "open_issues_count": 0, "license": null, "allow_forking": true, "is_template": false, "web_commit_signoff_required": false, "topics": [], "default_branch": "master", "permissions": {"admin": false, "maintain": false, "push": false, "triage": false, "pull": true}, "_id": 1041646}, {"owner": {"type": "Organization", "site_admin": false}, "fork": false, "created_at": "2010-11-01T12:44:17Z", "updated_at": "2022-10-02T20:13:54Z", "pushed_at": "2022-10-13T11:15:22Z", "size": 4652, "stargazers_count": 50, "watchers_count": 50, "language": "JavaScript", "has_issues": true, "has_projects": true, "has_downloads": true, "has_wiki": true, "has_pages": true, "has_discussions": false, "forks_count": 43, "mirror_url": null, "archived": false, "disabled": false, "open_issues_count": 4, "license": null, "allow_forking": true, "is_template": false, "web_commit_signoff_required": false, "topics": ["hacktoberfest", "javascript", "meetup", "paris", "talks"], "default_branch": "master", "permissions": {"admin": false, "maintain": false, "push": false, "triage": false, "pull": true}, "_id": 1041692}, {"owner": {"type": "User", "site_admin": false}, "fork": false, "created_at": "2010-11-01T13:02:54Z", "updated_at": "2022-04-05T17:31:33Z", "pushed_at": "2012-07-31T08:14:11Z", "size": 206, "stargazers_count": 112, "watchers_count": 112, "language": "Ruby", "has_issues": true, "has_projects": true, "has_downloads": true, "has_wiki": true, "has_pages": false, "has_discussions": false, "forks_count": 27, "mirror_url": null, "archived": false, "disabled": false, "open_issues_count": 1, "license": {"key": "other", "name": "Other", "spdx_id": "NOASSERTION", "url": null, "node_id": "MDc6TGljZW5zZTA="}, "allow_forking": true, "is_template": false, "web_commit_signoff_required": false, "topics": [], "default_branch": "master", "permissions": {"admin": false, "maintain": false, "push": false, "triage": false, "pull": true}, "_id": 1041716}, {"owner": {"type": "User", "site_admin": false}, "fork": false, "created_at": "2010-11-01T13:10:47Z", "updated_at": "2021-02-25T18:30:16Z", "pushed_at": "2012-11-20T17:30:35Z", "size": 179, "stargazers_count": 20, "watchers_count": 20, "language": "Python", "has_issues": true, "has_projects": true, "has_downloads": true, "has_wiki": true, "has_pages": false, "has_discussions": false, "forks_count": 5, "mirror_url": null, "archived": false, "disabled": false, "open_issues_count": 0, "license": {"key": "bsd-2-clause", "name": "BSD 2-Clause \"Simplified\" License", "spdx_id": "BSD-2-Clause", "url": "https://api.github.com/licenses/bsd-2-clause", "node_id": "MDc6TGljZW5zZTQ="}, "allow_forking": true, "is_template": false, "web_commit_signoff_required": false, "topics": [], "default_branch": "master", "permissions": {"admin": false, "maintain": false, "push": false, "triage": false, "pull": true}, "_id": 1041730}, {"owner": {"type": "User", "site_admin": false}, "fork": false, "created_at": "2010-11-01T13:11:05Z", "updated_at": "2022-09-26T13:37:33Z", "pushed_at": "2013-03-04T10:10:20Z", "size": 24814, "stargazers_count": 50, "watchers_count": 50, "language": "Ruby", "has_issues": true, "has_projects": true, "has_downloads": true, "has_wiki": true, "has_pages": false, "has_discussions": false, "forks_count": 10, "mirror_url": null, "archived": false, "disabled": false, "open_issues_count": 2, "license": {"key": "other", "name": "Other", "spdx_id": "NOASSERTION", "url": null, "node_id": "MDc6TGljZW5zZTA="}, "allow_forking": true, "is_template": false, "web_commit_signoff_required": false, "topics": [], "default_branch": "master", "permissions": {"admin": false, "maintain": false, "push": false, "triage": false, "pull": true}, "_id": 1041732}, {"owner": {"type": "User", "site_admin": false}, "fork": false, "created_at": "2010-11-01T13:12:59Z", "updated_at": "2022-08-13T14:41:44Z", "pushed_at": "2022-11-08T15:31:37Z", "size": 536, "stargazers_count": 429, "watchers_count": 429, "language": "Ruby", "has_issues": true, "has_projects": true, "has_downloads": true, "has_wiki": true, "has_pages": false, "has_discussions": false, "forks_count": 34, "mirror_url": null, "archived": false, "disabled": false, "open_issues_count": 8, "license": {"key": "mit", "name": "MIT License", "spdx_id": "MIT", "url": "https://api.github.com/licenses/mit", "node_id": "MDc6TGljZW5zZTEz"}, "allow_forking": true, "is_template": false, "web_commit_signoff_required": false, "topics": [], "default_branch": "master", "permissions": {"admin": false, "maintain": false, "push": false, "triage": false, "pull": true}, "_id": 1041741}, {"owner": {"type": "Organization", "site_admin": false}, "fork": false, "created_at": "2010-11-01T13:16:49Z", "updated_at": "2021-10-20T13:41:22Z", "pushed_at": "2022-01-07T22:57:50Z", "size": 4766, "stargazers_count": 161, "watchers_count": 161, "language": "HTML", "has_issues": true, "has_projects": true, "has_downloads": true, "has_wiki": false, "has_pages": false, "has_discussions": false, "forks_count": 235, "mirror_url": null, "archived": false, "disabled": false, "open_issues_count": 12, "license": {"key": "other", "name": "Other", "spdx_id": "NOASSERTION", "url": null, "node_id": "MDc6TGljZW5zZTA="}, "allow_forking": true, "is_template": false, "web_commit_signoff_required": false, "topics": [], "default_branch": "1.9/develop", "permissions": {"admin": false, "maintain": false, "push": false, "triage": false, "pull": true}, "_id": 1041750}, {"owner": {"type": "User", "site_admin": false}, "fork": false, "created_at": "2010-11-01T13:34:17Z", "updated_at": "2016-02-26T08:59:56Z", "pushed_at": "2011-03-15T20:38:24Z", "size": 132, "stargazers_count": 9, "watchers_count": 9, "language": "Java", "has_issues": true, "has_projects": true, "has_downloads": true, "has_wiki": true, "has_pages": false, "has_discussions": false, "forks_count": 2, "mirror_url": null, "archived": false, "disabled": false, "open_issues_count": 0, "license": null, "allow_forking": true, "is_template": false, "web_commit_signoff_required": false, "topics": [], "default_branch": "master", "permissions": {"admin": false, "maintain": false, "push": false, "triage": false, "pull": true}, "_id": 1041783}, {"owner": {"type": "User", "site_admin": false}, "fork": false, "created_at": "2010-11-01T13:50:21Z", "updated_at": "2021-03-20T13:16:47Z", "pushed_at": "2021-04-04T16:42:05Z", "size": 4417, "stargazers_count": 6, "watchers_count": 6, "language": "Java", "has_issues": true, "has_projects": true, "has_downloads": true, "has_wiki": true, "has_pages": false, "has_discussions": false, "forks_count": 5, "mirror_url": null, "archived": false, "disabled": false, "open_issues_count": 1, "license": {"key": "apache-2.0", "name": "Apache License 2.0", "spdx_id": "Apache-2.0", "url": "https://api.github.com/licenses/apache-2.0", "node_id": "MDc6TGljZW5zZTI="}, "allow_forking": true, "is_template": false, "web_commit_signoff_required": false, "topics": [], "default_branch": "master", "permissions": {"admin": false, "maintain": false, "push": false, "triage": false, "pull": true}, "_id": 1041823}, {"owner": {"type": "User", "site_admin": false}, "fork": false, "created_at": "2010-11-01T14:06:56Z", "updated_at": "2021-05-01T13:35:21Z", "pushed_at": "2020-09-16T04:17:14Z", "size": 1713, "stargazers_count": 17, "watchers_count": 17, "language": "Vim script", "has_issues": true, "has_projects": true, "has_downloads": true, "has_wiki": true, "has_pages": false, "has_discussions": false, "forks_count": 7, "mirror_url": null, "archived": false, "disabled": false, "open_issues_count": 0, "license": null, "allow_forking": true, "is_template": false, "web_commit_signoff_required": false, "topics": [], "default_branch": "master", "permissions": {"admin": false, "maintain": false, "push": false, "triage": false, "pull": true}, "_id": 1041854}, {"owner": {"type": "Organization", "site_admin": false}, "fork": false, "created_at": "2010-11-01T14:07:46Z", "updated_at": "2019-08-13T14:38:19Z", "pushed_at": "2010-11-02T13:04:37Z", "size": 16224, "stargazers_count": 6, "watchers_count": 6, "language": "PHP", "has_issues": true, "has_projects": true, "has_downloads": true, "has_wiki": true, "has_pages": false, "has_discussions": false, "forks_count": 1, "mirror_url": null, "archived": false, "disabled": false, "open_issues_count": 0, "license": null, "allow_forking": true, "is_template": false, "web_commit_signoff_required": false, "topics": [], "default_branch": "master", "permissions": {"admin": false, "maintain": false, "push": false, "triage": false, "pull": true}, "_id": 1041860}, {"owner": {"type": "User", "site_admin": false}, "fork": false, "created_at": "2010-11-01T14:13:39Z", "updated_at": "2020-09-23T00:48:05Z", "pushed_at": "2015-05-23T16:35:27Z", "size": 1092, "stargazers_count": 6, "watchers_count": 6, "language": "Emacs Lisp", "has_issues": true, "has_projects": true, "has_downloads": true, "has_wiki": true, "has_pages": false, "has_discussions": false, "forks_count": 0, "mirror_url": null, "archived": true, "disabled": false, "open_issues_count": 2, "license": {"key": "gpl-3.0", "name": "GNU General Public License v3.0", "spdx_id": "GPL-3.0", "url": "https://api.github.com/licenses/gpl-3.0", "node_id": "MDc6TGljZW5zZTk="}, "allow_forking": true, "is_template": false, "web_commit_signoff_required": false, "topics": [], "default_branch": "master", "permissions": {"admin": false, "maintain": false, "push": false, "triage": false, "pull": true}, "_id": 1041880}, {"owner": {"type": "User", "site_admin": false}, "fork": false, "created_at": "2010-11-01T14:15:46Z", "updated_at": "2021-09-27T14:51:47Z", "pushed_at": "2016-09-10T10:15:30Z", "size": 97, "stargazers_count": 10, "watchers_count": 10, "language": "Ruby", "has_issues": true, "has_projects": true, "has_downloads": true, "has_wiki": true, "has_pages": false, "has_discussions": false, "forks_count": 9, "mirror_url": null, "archived": false, "disabled": false, "open_issues_count": 1, "license": {"key": "mit", "name": "MIT License", "spdx_id": "MIT", "url": "https://api.github.com/licenses/mit", "node_id": "MDc6TGljZW5zZTEz"}, "allow_forking": true, "is_template": false, "web_commit_signoff_required": false, "topics": [], "default_branch": "master", "permissions": {"admin": false, "maintain": false, "push": false, "triage": false, "pull": true}, "_id": 1041885}, {"owner": {"type": "User", "site_admin": false}, "fork": false, "created_at": "2010-11-01T14:17:12Z", "updated_at": "2021-10-21T12:07:23Z", "pushed_at": "2022-05-30T17:02:23Z", "size": 377, "stargazers_count": 8, "watchers_count": 8, "language": "Shell", "has_issues": true, "has_projects": true, "has_downloads": true, "has_wiki": true, "has_pages": false, "has_discussions": false, "forks_count": 1, "mirror_url": null, "archived": false, "disabled": false, "open_issues_count": 1, "license": null, "allow_forking": true, "is_template": false, "web_commit_signoff_required": false, "topics": [], "default_branch": "master", "permissions": {"admin": false, "maintain": false, "push": false, "triage": false, "pull": true}, "_id": 1041888}, {"owner": {"type": "User", "site_admin": false}, "fork": false, "created_at": "2010-11-01T14:24:44Z", "updated_at": "2020-10-19T19:28:57Z", "pushed_at": "2019-07-14T14:53:41Z", "size": 920, "stargazers_count": 7, "watchers_count": 7, "language": "C", "has_issues": true, "has_projects": true, "has_downloads": true, "has_wiki": true, "has_pages": false, "has_discussions": false, "forks_count": 1, "mirror_url": null, "archived": false, "disabled": false, "open_issues_count": 0, "license": {"key": "gpl-3.0", "name": "GNU General Public License v3.0", "spdx_id": "GPL-3.0", "url": "https://api.github.com/licenses/gpl-3.0", "node_id": "MDc6TGljZW5zZTk="}, "allow_forking": true, "is_template": false, "web_commit_signoff_required": false, "topics": [], "default_branch": "master", "permissions": {"admin": false, "maintain": false, "push": false, "triage": false, "pull": true}, "_id": 1041903}, {"owner": {"type": "User", "site_admin": false}, "fork": false, "created_at": "2010-11-01T14:30:11Z", "updated_at": "2022-05-18T05:52:48Z", "pushed_at": "2021-08-03T09:54:19Z", "size": 361, "stargazers_count": 8, "watchers_count": 8, "language": "Ruby", "has_issues": true, "has_projects": true, "has_downloads": true, "has_wiki": true, "has_pages": false, "has_discussions": false, "forks_count": 0, "mirror_url": null, "archived": false, "disabled": false, "open_issues_count": 0, "license": {"key": "agpl-3.0", "name": "GNU Affero General Public License v3.0", "spdx_id": "AGPL-3.0", "url": "https://api.github.com/licenses/agpl-3.0", "node_id": "MDc6TGljZW5zZTE="}, "allow_forking": true, "is_template": false, "web_commit_signoff_required": false, "topics": [], "default_branch": "master", "permissions": {"admin": false, "maintain": false, "push": false, "triage": false, "pull": true}, "_id": 1041918}, {"owner": {"type": "User", "site_admin": false}, "fork": false, "created_at": "2010-11-01T14:51:33Z", "updated_at": "2022-03-17T03:45:25Z", "pushed_at": "2011-03-01T13:23:26Z", "size": 458, "stargazers_count": 20, "watchers_count": 20, "language": "Ruby", "has_issues": true, "has_projects": true, "has_downloads": true, "has_wiki": true, "has_pages": false, "has_discussions": false, "forks_count": 6, "mirror_url": null, "archived": false, "disabled": false, "open_issues_count": 2, "license": null, "allow_forking": true, "is_template": false, "web_commit_signoff_required": false, "topics": [], "default_branch": "master", "permissions": {"admin": false, "maintain": false, "push": false, "triage": false, "pull": true}, "_id": 1041988}, {"owner": {"type": "Organization", "site_admin": false}, "fork": false, "created_at": "2010-11-01T15:02:53Z", "updated_at": "2019-08-13T14:38:19Z", "pushed_at": "2010-11-01T15:38:12Z", "size": 126, "stargazers_count": 8, "watchers_count": 8, "language": null, "has_issues": true, "has_projects": true, "has_downloads": true, "has_wiki": true, "has_pages": false, "has_discussions": false, "forks_count": 4, "mirror_url": null, "archived": false, "disabled": false, "open_issues_count": 0, "license": null, "allow_forking": true, "is_template": false, "web_commit_signoff_required": false, "topics": [], "default_branch": "master", "permissions": {"admin": false, "maintain": false, "push": false, "triage": false, "pull": true}, "_id": 1042014}, {"owner": {"type": "Organization", "site_admin": false}, "fork": false, "created_at": "2010-11-01T15:03:29Z", "updated_at": "2017-05-27T20:06:25Z", "pushed_at": "2010-11-01T17:56:04Z", "size": 155, "stargazers_count": 8, "watchers_count": 8, "language": null, "has_issues": true, "has_projects": true, "has_downloads": true, "has_wiki": true, "has_pages": false, "has_discussions": false, "forks_count": 5, "mirror_url": null, "archived": false, "disabled": false, "open_issues_count": 0, "license": null, "allow_forking": true, "is_template": false, "web_commit_signoff_required": false, "topics": [], "default_branch": "master", "permissions": {"admin": false, "maintain": false, "push": false, "triage": false, "pull": true}, "_id": 1042015}, {"owner": {"type": "Organization", "site_admin": false}, "fork": false, "created_at": "2010-11-01T15:03:45Z", "updated_at": "2020-09-05T04:59:07Z", "pushed_at": "2010-11-01T18:08:55Z", "size": 125, "stargazers_count": 7, "watchers_count": 7, "language": null, "has_issues": true, "has_projects": true, "has_downloads": true, "has_wiki": true, "has_pages": false, "has_discussions": false, "forks_count": 3, "mirror_url": null, "archived": false, "disabled": false, "open_issues_count": 0, "license": null, "allow_forking": true, "is_template": false, "web_commit_signoff_required": false, "topics": [], "default_branch": "master", "permissions": {"admin": false, "maintain": false, "push": false, "triage": false, "pull": true}, "_id": 1042016}, {"owner": {"type": "User", "site_admin": false}, "fork": false, "created_at": "2010-11-01T15:08:23Z", "updated_at": "2017-10-22T17:26:17Z", "pushed_at": "2018-09-24T09:20:52Z", "size": 798, "stargazers_count": 23, "watchers_count": 23, "language": "PHP", "has_issues": true, "has_projects": true, "has_downloads": true, "has_wiki": false, "has_pages": false, "has_discussions": false, "forks_count": 18, "mirror_url": null, "archived": false, "disabled": false, "open_issues_count": 21, "license": null, "allow_forking": true, "is_template": false, "web_commit_signoff_required": false, "topics": [], "default_branch": "develop", "permissions": {"admin": false, "maintain": false, "push": false, "triage": false, "pull": true}, "_id": 1042029}, {"owner": {"type": "Organization", "site_admin": false}, "fork": false, "created_at": "2010-11-01T15:30:00Z", "updated_at": "2022-10-28T20:52:00Z", "pushed_at": "2012-01-23T00:51:41Z", "size": 99, "stargazers_count": 30, "watchers_count": 30, "language": null, "has_issues": true, "has_projects": true, "has_downloads": true, "has_wiki": true, "has_pages": false, "has_discussions": false, "forks_count": 16, "mirror_url": null, "archived": false, "disabled": false, "open_issues_count": 0, "license": {"key": "other", "name": "Other", "spdx_id": "NOASSERTION", "url": null, "node_id": "MDc6TGljZW5zZTA="}, "allow_forking": true, "is_template": false, "web_commit_signoff_required": false, "topics": [], "default_branch": "master", "permissions": {"admin": false, "maintain": false, "push": false, "triage": false, "pull": true}, "_id": 1042096}, {"owner": {"type": "User", "site_admin": false}, "fork": false, "created_at": "2010-11-01T15:36:29Z", "updated_at": "2020-07-05T19:56:16Z", "pushed_at": "2015-05-11T22:28:45Z", "size": 121, "stargazers_count": 21, "watchers_count": 21, "language": "VimL", "has_issues": true, "has_projects": true, "has_downloads": true, "has_wiki": true, "has_pages": false, "has_discussions": false, "forks_count": 9, "mirror_url": null, "archived": false, "disabled": false, "open_issues_count": 0, "license": null, "allow_forking": true, "is_template": false, "web_commit_signoff_required": false, "topics": [], "default_branch": "master", "permissions": {"admin": false, "maintain": false, "push": false, "triage": false, "pull": true}, "_id": 1042107}, {"owner": {"type": "User", "site_admin": false}, "fork": false, "created_at": "2010-11-01T15:44:25Z", "updated_at": "2022-09-27T14:06:28Z", "pushed_at": "2022-04-27T15:50:57Z", "size": 40, "stargazers_count": 10, "watchers_count": 10, "language": "PLpgSQL", "has_issues": true, "has_projects": true, "has_downloads": true, "has_wiki": true, "has_pages": false, "has_discussions": false, "forks_count": 5, "mirror_url": null, "archived": false, "disabled": false, "open_issues_count": 4, "license": {"key": "other", "name": "Other", "spdx_id": "NOASSERTION", "url": null, "node_id": "MDc6TGljZW5zZTA="}, "allow_forking": true, "is_template": false, "web_commit_signoff_required": false, "topics": [], "default_branch": "master", "permissions": {"admin": false, "maintain": false, "push": false, "triage": false, "pull": true}, "_id": 1042124}, {"owner": {"type": "User", "site_admin": false}, "fork": false, "created_at": "2010-11-01T15:50:12Z", "updated_at": "2021-07-14T14:42:55Z", "pushed_at": "2020-01-19T13:03:34Z", "size": 549, "stargazers_count": 19, "watchers_count": 19, "language": "PHP", "has_issues": true, "has_projects": true, "has_downloads": true, "has_wiki": true, "has_pages": false, "has_discussions": false, "forks_count": 4, "mirror_url": null, "archived": true, "disabled": false, "open_issues_count": 1, "license": null, "allow_forking": true, "is_template": false, "web_commit_signoff_required": false, "topics": [], "default_branch": "develop", "permissions": {"admin": false, "maintain": false, "push": false, "triage": false, "pull": true}, "_id": 1042137}, {"owner": {"type": "User", "site_admin": false}, "fork": false, "created_at": "2010-11-01T15:54:20Z", "updated_at": "2020-06-06T17:08:22Z", "pushed_at": "2014-05-11T22:28:45Z", "size": 172, "stargazers_count": 7, "watchers_count": 7, "language": "C", "has_issues": true, "has_projects": true, "has_downloads": true, "has_wiki": true, "has_pages": false, "has_discussions": false, "forks_count": 1, "mirror_url": null, "archived": false, "disabled": false, "open_issues_count": 0, "license": {"key": "gpl-2.0", "name": "GNU General Public License v2.0", "spdx_id": "GPL-2.0", "url": "https://api.github.com/licenses/gpl-2.0", "node_id": "MDc6TGljZW5zZTg="}, "allow_forking": true, "is_template": false, "web_commit_signoff_required": false, "topics": [], "default_branch": "master", "permissions": {"admin": false, "maintain": false, "push": false, "triage": false, "pull": true}, "_id": 1042147}, {"owner": {"type": "User", "site_admin": false}, "fork": false, "created_at": "2010-11-01T15:58:49Z", "updated_at": "2019-12-05T09:57:41Z", "pushed_at": "2011-09-21T15:56:18Z", "size": 257, "stargazers_count": 6, "watchers_count": 6, "language": "Haskell", "has_issues": true, "has_projects": false, "has_downloads": true, "has_wiki": false, "has_pages": false, "has_discussions": false, "forks_count": 2, "mirror_url": null, "archived": false, "disabled": false, "open_issues_count": 0, "license": {"key": "bsd-3-clause", "name": "BSD 3-Clause \"New\" or \"Revised\" License", "spdx_id": "BSD-3-Clause", "url": "https://api.github.com/licenses/bsd-3-clause", "node_id": "MDc6TGljZW5zZTU="}, "allow_forking": true, "is_template": false, "web_commit_signoff_required": false, "topics": [], "default_branch": "master", "permissions": {"admin": false, "maintain": false, "push": false, "triage": false, "pull": true}, "_id": 1042163}, {"owner": {"type": "User", "site_admin": false}, "fork": false, "created_at": "2010-11-01T16:15:05Z", "updated_at": "2022-11-14T06:17:16Z", "pushed_at": "2021-06-07T15:18:31Z", "size": 18201, "stargazers_count": 423, "watchers_count": 423, "language": "C++", "has_issues": true, "has_projects": true, "has_downloads": true, "has_wiki": true, "has_pages": false, "has_discussions": false, "forks_count": 79, "mirror_url": null, "archived": false, "disabled": false, "open_issues_count": 3, "license": {"key": "apache-2.0", "name": "Apache License 2.0", "spdx_id": "Apache-2.0", "url": "https://api.github.com/licenses/apache-2.0", "node_id": "MDc6TGljZW5zZTI="}, "allow_forking": true, "is_template": false, "web_commit_signoff_required": false, "topics": ["bitmap", "bitset", "compression", "ewah"], "default_branch": "master", "permissions": {"admin": false, "maintain": false, "push": false, "triage": false, "pull": true}, "_id": 1042208}, {"owner": {"type": "User", "site_admin": false}, "fork": false, "created_at": "2010-11-01T16:53:09Z", "updated_at": "2022-03-06T21:00:23Z", "pushed_at": "2019-07-08T15:37:34Z", "size": 47, "stargazers_count": 7, "watchers_count": 7, "language": "C++", "has_issues": true, "has_projects": true, "has_downloads": true, "has_wiki": true, "has_pages": false, "has_discussions": false, "forks_count": 2, "mirror_url": null, "archived": false, "disabled": false, "open_issues_count": 0, "license": {"key": "gpl-3.0", "name": "GNU General Public License v3.0", "spdx_id": "GPL-3.0", "url": "https://api.github.com/licenses/gpl-3.0", "node_id": "MDc6TGljZW5zZTk="}, "allow_forking": true, "is_template": false, "web_commit_signoff_required": false, "topics": [], "default_branch": "master", "permissions": {"admin": false, "maintain": false, "push": false, "triage": false, "pull": true}, "_id": 1042308}, {"owner": {"type": "User", "site_admin": false}, "fork": false, "created_at": "2010-11-01T16:59:28Z", "updated_at": "2021-06-28T20:17:33Z", "pushed_at": "2010-11-12T23:58:02Z", "size": 86, "stargazers_count": 9, "watchers_count": 9, "language": "Emacs Lisp", "has_issues": true, "has_projects": true, "has_downloads": true, "has_wiki": true, "has_pages": false, "has_discussions": false, "forks_count": 2, "mirror_url": null, "archived": false, "disabled": false, "open_issues_count": 0, "license": null, "allow_forking": true, "is_template": false, "web_commit_signoff_required": false, "topics": [], "default_branch": "master", "permissions": {"admin": false, "maintain": false, "push": false, "triage": false, "pull": true}, "_id": 1042328}, {"owner": {"type": "User", "site_admin": false}, "fork": false, "created_at": "2010-11-01T17:11:36Z", "updated_at": "2017-03-16T15:25:30Z", "pushed_at": "2011-06-10T03:29:06Z", "size": 230, "stargazers_count": 11, "watchers_count": 11, "language": "JavaScript", "has_issues": true, "has_projects": true, "has_downloads": true, "has_wiki": true, "has_pages": false, "has_discussions": false, "forks_count": 2, "mirror_url": null, "archived": false, "disabled": false, "open_issues_count": 1, "license": null, "allow_forking": true, "is_template": false, "web_commit_signoff_required": false, "topics": [], "default_branch": "develop", "permissions": {"admin": false, "maintain": false, "push": false, "triage": false, "pull": true}, "_id": 1042366}, {"owner": {"type": "User", "site_admin": false}, "fork": false, "created_at": "2010-11-01T17:18:58Z", "updated_at": "2022-11-10T00:04:32Z", "pushed_at": "2022-11-12T19:00:31Z", "size": 47563, "stargazers_count": 329, "watchers_count": 329, "language": "C", "has_issues": true, "has_projects": true, "has_downloads": true, "has_wiki": true, "has_pages": false, "has_discussions": false, "forks_count": 175, "mirror_url": null, "archived": false, "disabled": false, "open_issues_count": 23, "license": null, "allow_forking": true, "is_template": false, "web_commit_signoff_required": false, "topics": [], "default_branch": "master", "permissions": {"admin": false, "maintain": false, "push": false, "triage": false, "pull": true}, "_id": 1042385}, {"owner": {"type": "User", "site_admin": false}, "fork": false, "created_at": "2010-11-01T17:25:15Z", "updated_at": "2022-11-04T13:42:53Z", "pushed_at": "2022-11-24T16:05:44Z", "size": 43709, "stargazers_count": 29, "watchers_count": 29, "language": "Python", "has_issues": true, "has_projects": true, "has_downloads": true, "has_wiki": true, "has_pages": false, "has_discussions": false, "forks_count": 15, "mirror_url": null, "archived": false, "disabled": false, "open_issues_count": 33, "license": {"key": "mit", "name": "MIT License", "spdx_id": "MIT", "url": "https://api.github.com/licenses/mit", "node_id": "MDc6TGljZW5zZTEz"}, "allow_forking": true, "is_template": false, "web_commit_signoff_required": false, "topics": [], "default_branch": "master", "permissions": {"admin": false, "maintain": false, "push": false, "triage": false, "pull": true}, "_id": 1042402}, {"owner": {"type": "User", "site_admin": false}, "fork": false, "created_at": "2010-11-01T17:33:58Z", "updated_at": "2016-11-28T16:56:32Z", "pushed_at": "2010-11-01T17:35:35Z", "size": 175, "stargazers_count": 6, "watchers_count": 6, "language": "Objective-C", "has_issues": true, "has_projects": true, "has_downloads": true, "has_wiki": true, "has_pages": false, "has_discussions": false, "forks_count": 0, "mirror_url": null, "archived": false, "disabled": false, "open_issues_count": 0, "license": {"key": "mit", "name": "MIT License", "spdx_id": "MIT", "url": "https://api.github.com/licenses/mit", "node_id": "MDc6TGljZW5zZTEz"}, "allow_forking": true, "is_template": false, "web_commit_signoff_required": false, "topics": [], "default_branch": "master", "permissions": {"admin": false, "maintain": false, "push": false, "triage": false, "pull": true}, "_id": 1042425}, {"owner": {"type": "User", "site_admin": false}, "fork": false, "created_at": "2010-11-01T17:46:53Z", "updated_at": "2022-09-01T01:49:18Z", "pushed_at": "2015-11-04T22:16:10Z", "size": 12211, "stargazers_count": 17, "watchers_count": 17, "language": "Ruby", "has_issues": true, "has_projects": true, "has_downloads": true, "has_wiki": true, "has_pages": false, "has_discussions": false, "forks_count": 17, "mirror_url": null, "archived": false, "disabled": false, "open_issues_count": 6, "license": null, "allow_forking": true, "is_template": false, "web_commit_signoff_required": false, "topics": [], "default_branch": "master", "permissions": {"admin": false, "maintain": false, "push": false, "triage": false, "pull": true}, "_id": 1042464}, {"owner": {"type": "User", "site_admin": false}, "fork": false, "created_at": "2010-11-01T17:47:40Z", "updated_at": "2022-11-20T14:43:59Z", "pushed_at": "2022-07-14T11:10:20Z", "size": 61350, "stargazers_count": 1448, "watchers_count": 1448, "language": "Objective-C", "has_issues": true, "has_projects": true, "has_downloads": true, "has_wiki": true, "has_pages": true, "has_discussions": false, "forks_count": 201, "mirror_url": null, "archived": false, "disabled": false, "open_issues_count": 13, "license": {"key": "mit", "name": "MIT License", "spdx_id": "MIT", "url": "https://api.github.com/licenses/mit", "node_id": "MDc6TGljZW5zZTEz"}, "allow_forking": true, "is_template": false, "web_commit_signoff_required": false, "topics": [], "default_branch": "master", "permissions": {"admin": false, "maintain": false, "push": false, "triage": false, "pull": true}, "_id": 1042468}, {"owner": {"type": "Organization", "site_admin": false}, "fork": false, "created_at": "2010-11-01T17:56:35Z", "updated_at": "2021-10-13T12:59:11Z", "pushed_at": "2013-02-27T15:30:21Z", "size": 119899, "stargazers_count": 27, "watchers_count": 27, "language": "Java", "has_issues": true, "has_projects": true, "has_downloads": true, "has_wiki": true, "has_pages": false, "has_discussions": false, "forks_count": 6, "mirror_url": null, "archived": false, "disabled": false, "open_issues_count": 0, "license": {"key": "other", "name": "Other", "spdx_id": "NOASSERTION", "url": null, "node_id": "MDc6TGljZW5zZTA="}, "allow_forking": true, "is_template": false, "web_commit_signoff_required": false, "topics": [], "default_branch": "master", "permissions": {"admin": false, "maintain": false, "push": false, "triage": false, "pull": true}, "_id": 1042490}, {"owner": {"type": "User", "site_admin": false}, "fork": false, "created_at": "2010-11-01T17:56:56Z", "updated_at": "2013-09-30T00:42:27Z", "pushed_at": "2010-11-02T00:36:34Z", "size": 224, "stargazers_count": 6, "watchers_count": 6, "language": "Ruby", "has_issues": true, "has_projects": true, "has_downloads": true, "has_wiki": true, "has_pages": false, "has_discussions": false, "forks_count": 5, "mirror_url": null, "archived": false, "disabled": false, "open_issues_count": 2, "license": null, "allow_forking": true, "is_template": false, "web_commit_signoff_required": false, "topics": [], "default_branch": "master", "permissions": {"admin": false, "maintain": false, "push": false, "triage": false, "pull": true}, "_id": 1042492}, {"owner": {"type": "User", "site_admin": false}, "fork": false, "created_at": "2010-11-01T18:03:45Z", "updated_at": "2021-07-27T03:29:55Z", "pushed_at": "2014-01-08T00:45:05Z", "size": 601, "stargazers_count": 12, "watchers_count": 12, "language": "Arc", "has_issues": true, "has_projects": true, "has_downloads": true, "has_wiki": true, "has_pages": false, "has_discussions": false, "forks_count": 3, "mirror_url": null, "archived": false, "disabled": false, "open_issues_count": 0, "license": {"key": "other", "name": "Other", "spdx_id": "NOASSERTION", "url": null, "node_id": "MDc6TGljZW5zZTA="}, "allow_forking": true, "is_template": false, "web_commit_signoff_required": false, "topics": [], "default_branch": "master", "permissions": {"admin": false, "maintain": false, "push": false, "triage": false, "pull": true}, "_id": 1042511}, {"owner": {"type": "User", "site_admin": false}, "fork": false, "created_at": "2010-11-01T18:14:38Z", "updated_at": "2019-08-13T14:38:19Z", "pushed_at": "2010-11-01T18:39:09Z", "size": 200, "stargazers_count": 41, "watchers_count": 41, "language": "Ruby", "has_issues": true, "has_projects": true, "has_downloads": true, "has_wiki": true, "has_pages": false, "has_discussions": false, "forks_count": 3, "mirror_url": null, "archived": false, "disabled": false, "open_issues_count": 0, "license": {"key": "other", "name": "Other", "spdx_id": "NOASSERTION", "url": null, "node_id": "MDc6TGljZW5zZTA="}, "allow_forking": true, "is_template": false, "web_commit_signoff_required": false, "topics": [], "default_branch": "master", "permissions": {"admin": false, "maintain": false, "push": false, "triage": false, "pull": true}, "_id": 1042543}, {"owner": {"type": "Organization", "site_admin": false}, "fork": false, "created_at": "2010-11-01T18:14:54Z", "updated_at": "2022-01-26T16:17:46Z", "pushed_at": "2022-11-22T08:48:47Z", "size": 1527, "stargazers_count": 67, "watchers_count": 67, "language": "HTML", "has_issues": true, "has_projects": true, "has_downloads": true, "has_wiki": true, "has_pages": false, "has_discussions": false, "forks_count": 18, "mirror_url": null, "archived": false, "disabled": false, "open_issues_count": 18, "license": {"key": "gpl-3.0", "name": "GNU General Public License v3.0", "spdx_id": "GPL-3.0", "url": "https://api.github.com/licenses/gpl-3.0", "node_id": "MDc6TGljZW5zZTk="}, "allow_forking": true, "is_template": false, "web_commit_signoff_required": false, "topics": [], "default_branch": "master", "permissions": {"admin": false, "maintain": false, "push": false, "triage": false, "pull": true}, "_id": 1042545}, {"owner": {"type": "Organization", "site_admin": false}, "fork": false, "created_at": "2010-11-01T18:20:07Z", "updated_at": "2020-01-30T14:00:52Z", "pushed_at": "2011-01-05T16:47:39Z", "size": 2321, "stargazers_count": 11, "watchers_count": 11, "language": "Scala", "has_issues": true, "has_projects": true, "has_downloads": true, "has_wiki": true, "has_pages": false, "has_discussions": false, "forks_count": 3, "mirror_url": null, "archived": true, "disabled": false, "open_issues_count": 0, "license": null, "allow_forking": true, "is_template": false, "web_commit_signoff_required": false, "topics": [], "default_branch": "master", "permissions": {"admin": false, "maintain": false, "push": false, "triage": false, "pull": true}, "_id": 1042556}, {"owner": {"type": "User", "site_admin": false}, "fork": false, "created_at": "2010-11-01T18:26:35Z", "updated_at": "2022-10-23T23:56:12Z", "pushed_at": "2021-09-14T17:36:38Z", "size": 54, "stargazers_count": 99, "watchers_count": 99, "language": "C", "has_issues": true, "has_projects": true, "has_downloads": true, "has_wiki": true, "has_pages": false, "has_discussions": false, "forks_count": 30, "mirror_url": null, "archived": false, "disabled": false, "open_issues_count": 2, "license": {"key": "lgpl-2.1", "name": "GNU Lesser General Public License v2.1", "spdx_id": "LGPL-2.1", "url": "https://api.github.com/licenses/lgpl-2.1", "node_id": "MDc6TGljZW5zZTEx"}, "allow_forking": true, "is_template": false, "web_commit_signoff_required": false, "topics": ["epoll", "iptables", "redirect", "socks", "socks5"], "default_branch": "master", "permissions": {"admin": false, "maintain": false, "push": false, "triage": false, "pull": true}, "_id": 1042574}, {"owner": {"type": "User", "site_admin": false}, "fork": false, "created_at": "2010-11-01T18:39:03Z", "updated_at": "2019-08-13T14:38:20Z", "pushed_at": "2015-07-28T19:04:54Z", "size": 240, "stargazers_count": 58, "watchers_count": 58, "language": "Shell", "has_issues": true, "has_projects": true, "has_downloads": true, "has_wiki": true, "has_pages": false, "has_discussions": false, "forks_count": 18, "mirror_url": null, "archived": false, "disabled": false, "open_issues_count": 5, "license": null, "allow_forking": true, "is_template": false, "web_commit_signoff_required": false, "topics": [], "default_branch": "master", "permissions": {"admin": false, "maintain": false, "push": false, "triage": false, "pull": true}, "_id": 1042605}, {"owner": {"type": "User", "site_admin": false}, "fork": false, "created_at": "2010-11-01T18:45:42Z", "updated_at": "2020-04-15T15:29:55Z", "pushed_at": "2010-11-04T18:06:19Z", "size": 100, "stargazers_count": 9, "watchers_count": 9, "language": "Clojure", "has_issues": true, "has_projects": true, "has_downloads": true, "has_wiki": true, "has_pages": false, "has_discussions": false, "forks_count": 0, "mirror_url": null, "archived": false, "disabled": false, "open_issues_count": 0, "license": null, "allow_forking": true, "is_template": false, "web_commit_signoff_required": false, "topics": [], "default_branch": "master", "permissions": {"admin": false, "maintain": false, "push": false, "triage": false, "pull": true}, "_id": 1042623}, {"owner": {"type": "User", "site_admin": false}, "fork": false, "created_at": "2010-11-01T18:51:51Z", "updated_at": "2020-07-26T15:16:46Z", "pushed_at": "2010-11-01T18:58:01Z", "size": 532, "stargazers_count": 15, "watchers_count": 15, "language": null, "has_issues": true, "has_projects": true, "has_downloads": true, "has_wiki": true, "has_pages": false, "has_discussions": false, "forks_count": 44, "mirror_url": null, "archived": false, "disabled": false, "open_issues_count": 0, "license": {"key": "other", "name": "Other", "spdx_id": "NOASSERTION", "url": null, "node_id": "MDc6TGljZW5zZTA="}, "allow_forking": true, "is_template": false, "web_commit_signoff_required": false, "topics": [], "default_branch": "master", "permissions": {"admin": false, "maintain": false, "push": false, "triage": false, "pull": true}, "_id": 1042640}, {"owner": {"type": "User", "site_admin": false}, "fork": false, "created_at": "2010-11-01T18:55:05Z", "updated_at": "2017-06-22T00:29:52Z", "pushed_at": "2010-11-02T20:06:12Z", "size": 262, "stargazers_count": 6, "watchers_count": 6, "language": "Clojure", "has_issues": true, "has_projects": true, "has_downloads": true, "has_wiki": true, "has_pages": false, "has_discussions": false, "forks_count": 0, "mirror_url": null, "archived": false, "disabled": false, "open_issues_count": 0, "license": null, "allow_forking": true, "is_template": false, "web_commit_signoff_required": false, "topics": [], "default_branch": "master", "permissions": {"admin": false, "maintain": false, "push": false, "triage": false, "pull": true}, "_id": 1042645}, {"owner": {"type": "User", "site_admin": false}, "fork": false, "created_at": "2010-11-01T19:50:28Z", "updated_at": "2022-10-28T12:58:15Z", "pushed_at": "2018-01-28T20:13:09Z", "size": 9, "stargazers_count": 7, "watchers_count": 7, "language": "C", "has_issues": true, "has_projects": true, "has_downloads": true, "has_wiki": true, "has_pages": false, "has_discussions": false, "forks_count": 1, "mirror_url": null, "archived": false, "disabled": false, "open_issues_count": 0, "license": null, "allow_forking": true, "is_template": false, "web_commit_signoff_required": false, "topics": [], "default_branch": "master", "permissions": {"admin": false, "maintain": false, "push": false, "triage": false, "pull": true}, "_id": 1042783}, {"owner": {"type": "Organization", "site_admin": false}, "fork": false, "created_at": "2010-11-01T19:51:54Z", "updated_at": "2019-08-13T14:38:20Z", "pushed_at": "2011-01-10T20:38:30Z", "size": 180, "stargazers_count": 19, "watchers_count": 19, "language": "PHP", "has_issues": false, "has_projects": true, "has_downloads": true, "has_wiki": false, "has_pages": false, "has_discussions": false, "forks_count": 9, "mirror_url": null, "archived": true, "disabled": false, "open_issues_count": 0, "license": null, "allow_forking": true, "is_template": false, "web_commit_signoff_required": false, "topics": [], "default_branch": "master", "permissions": {"admin": false, "maintain": false, "push": false, "triage": false, "pull": true}, "_id": 1042788}, {"owner": {"type": "User", "site_admin": false}, "fork": false, "created_at": "2010-11-01T20:01:15Z", "updated_at": "2022-11-20T13:19:06Z", "pushed_at": "2022-04-02T09:27:56Z", "size": 1236, "stargazers_count": 904, "watchers_count": 904, "language": "CoffeeScript", "has_issues": true, "has_projects": true, "has_downloads": true, "has_wiki": true, "has_pages": false, "has_discussions": false, "forks_count": 109, "mirror_url": null, "archived": false, "disabled": false, "open_issues_count": 3, "license": {"key": "mit", "name": "MIT License", "spdx_id": "MIT", "url": "https://api.github.com/licenses/mit", "node_id": "MDc6TGljZW5zZTEz"}, "allow_forking": true, "is_template": false, "web_commit_signoff_required": false, "topics": ["coffeescript", "javascript", "node-js", "xml", "xmlbuilder"], "default_branch": "master", "permissions": {"admin": false, "maintain": false, "push": false, "triage": false, "pull": true}, "_id": 1042809}, {"owner": {"type": "User", "site_admin": false}, "fork": false, "created_at": "2010-11-01T20:08:13Z", "updated_at": "2022-02-08T15:28:39Z", "pushed_at": "2011-03-02T11:44:08Z", "size": 148, "stargazers_count": 20, "watchers_count": 20, "language": "JavaScript", "has_issues": true, "has_projects": true, "has_downloads": true, "has_wiki": true, "has_pages": false, "has_discussions": false, "forks_count": 0, "mirror_url": null, "archived": false, "disabled": false, "open_issues_count": 0, "license": {"key": "other", "name": "Other", "spdx_id": "NOASSERTION", "url": null, "node_id": "MDc6TGljZW5zZTA="}, "allow_forking": true, "is_template": false, "web_commit_signoff_required": false, "topics": [], "default_branch": "master", "permissions": {"admin": false, "maintain": false, "push": false, "triage": false, "pull": true}, "_id": 1042830}, {"owner": {"type": "User", "site_admin": false}, "fork": false, "created_at": "2010-11-01T20:13:10Z", "updated_at": "2022-11-16T13:50:00Z", "pushed_at": "2022-11-02T23:33:15Z", "size": 300, "stargazers_count": 75, "watchers_count": 75, "language": "Ruby", "has_issues": true, "has_projects": true, "has_downloads": true, "has_wiki": true, "has_pages": false, "has_discussions": false, "forks_count": 11, "mirror_url": null, "archived": false, "disabled": false, "open_issues_count": 2, "license": {"key": "other", "name": "Other", "spdx_id": "NOASSERTION", "url": null, "node_id": "MDc6TGljZW5zZTA="}, "allow_forking": true, "is_template": false, "web_commit_signoff_required": false, "topics": ["image-dimensions", "image-format", "ruby"], "default_branch": "master", "permissions": {"admin": false, "maintain": false, "push": false, "triage": false, "pull": true}, "_id": 1042843}, {"owner": {"type": "Organization", "site_admin": false}, "fork": false, "created_at": "2010-11-01T21:10:56Z", "updated_at": "2022-09-02T21:04:29Z", "pushed_at": "2022-09-02T21:05:50Z", "size": 93, "stargazers_count": 99, "watchers_count": 99, "language": "Python", "has_issues": true, "has_projects": true, "has_downloads": true, "has_wiki": true, "has_pages": false, "has_discussions": false, "forks_count": 33, "mirror_url": null, "archived": false, "disabled": false, "open_issues_count": 9, "license": {"key": "bsd-3-clause", "name": "BSD 3-Clause \"New\" or \"Revised\" License", "spdx_id": "BSD-3-Clause", "url": "https://api.github.com/licenses/bsd-3-clause", "node_id": "MDc6TGljZW5zZTU="}, "allow_forking": true, "is_template": false, "web_commit_signoff_required": false, "topics": [], "default_branch": "master", "permissions": {"admin": false, "maintain": false, "push": false, "triage": false, "pull": true}, "_id": 1042991}, {"owner": {"type": "User", "site_admin": false}, "fork": false, "created_at": "2010-11-01T21:24:19Z", "updated_at": "2019-08-13T14:38:20Z", "pushed_at": "2010-11-24T09:09:26Z", "size": 118, "stargazers_count": 6, "watchers_count": 6, "language": "Ruby", "has_issues": true, "has_projects": true, "has_downloads": true, "has_wiki": true, "has_pages": false, "has_discussions": false, "forks_count": 0, "mirror_url": null, "archived": false, "disabled": false, "open_issues_count": 0, "license": null, "allow_forking": true, "is_template": false, "web_commit_signoff_required": false, "topics": [], "default_branch": "master", "permissions": {"admin": false, "maintain": false, "push": false, "triage": false, "pull": true}, "_id": 1043026}, {"owner": {"type": "User", "site_admin": false}, "fork": false, "created_at": "2010-11-01T21:29:57Z", "updated_at": "2016-12-27T14:59:54Z", "pushed_at": "2013-06-04T16:39:47Z", "size": 193, "stargazers_count": 7, "watchers_count": 7, "language": "JavaScript", "has_issues": true, "has_projects": true, "has_downloads": true, "has_wiki": true, "has_pages": false, "has_discussions": false, "forks_count": 3, "mirror_url": null, "archived": false, "disabled": false, "open_issues_count": 0, "license": {"key": "mit", "name": "MIT License", "spdx_id": "MIT", "url": "https://api.github.com/licenses/mit", "node_id": "MDc6TGljZW5zZTEz"}, "allow_forking": true, "is_template": false, "web_commit_signoff_required": false, "topics": [], "default_branch": "master", "permissions": {"admin": false, "maintain": false, "push": false, "triage": false, "pull": true}, "_id": 1043043}, {"owner": {"type": "User", "site_admin": false}, "fork": false, "created_at": "2010-11-01T21:57:03Z", "updated_at": "2018-03-09T04:42:01Z", "pushed_at": "2011-08-25T21:50:08Z", "size": 140309, "stargazers_count": 8, "watchers_count": 8, "language": "C", "has_issues": true, "has_projects": true, "has_downloads": true, "has_wiki": true, "has_pages": false, "has_discussions": false, "forks_count": 3, "mirror_url": null, "archived": false, "disabled": false, "open_issues_count": 0, "license": null, "allow_forking": true, "is_template": false, "web_commit_signoff_required": false, "topics": [], "default_branch": "master", "permissions": {"admin": false, "maintain": false, "push": false, "triage": false, "pull": true}, "_id": 1043111}, {"owner": {"type": "User", "site_admin": false}, "fork": false, "created_at": "2010-11-01T21:57:36Z", "updated_at": "2015-10-31T05:21:45Z", "pushed_at": "2010-11-01T22:08:15Z", "size": 92, "stargazers_count": 7, "watchers_count": 7, "language": null, "has_issues": true, "has_projects": true, "has_downloads": true, "has_wiki": false, "has_pages": false, "has_discussions": false, "forks_count": 0, "mirror_url": null, "archived": false, "disabled": false, "open_issues_count": 0, "license": null, "allow_forking": true, "is_template": false, "web_commit_signoff_required": false, "topics": [], "default_branch": "master", "permissions": {"admin": false, "maintain": false, "push": false, "triage": false, "pull": true}, "_id": 1043115}, {"owner": {"type": "User", "site_admin": false}, "fork": false, "created_at": "2010-11-01T22:02:14Z", "updated_at": "2019-02-21T07:58:09Z", "pushed_at": "2010-11-01T22:09:42Z", "size": 92, "stargazers_count": 6, "watchers_count": 6, "language": null, "has_issues": true, "has_projects": true, "has_downloads": true, "has_wiki": false, "has_pages": false, "has_discussions": false, "forks_count": 0, "mirror_url": null, "archived": false, "disabled": false, "open_issues_count": 0, "license": null, "allow_forking": true, "is_template": false, "web_commit_signoff_required": false, "topics": [], "default_branch": "master", "permissions": {"admin": false, "maintain": false, "push": false, "triage": false, "pull": true}, "_id": 1043121}, {"owner": {"type": "User", "site_admin": false}, "fork": false, "created_at": "2010-11-01T22:43:04Z", "updated_at": "2022-10-06T15:00:01Z", "pushed_at": "2022-05-14T08:59:26Z", "size": 106, "stargazers_count": 22, "watchers_count": 22, "language": "Ruby", "has_issues": true, "has_projects": true, "has_downloads": true, "has_wiki": true, "has_pages": false, "has_discussions": false, "forks_count": 1, "mirror_url": null, "archived": false, "disabled": false, "open_issues_count": 0, "license": {"key": "other", "name": "Other", "spdx_id": "NOASSERTION", "url": null, "node_id": "MDc6TGljZW5zZTA="}, "allow_forking": true, "is_template": false, "web_commit_signoff_required": false, "topics": [], "default_branch": "master", "permissions": {"admin": false, "maintain": false, "push": false, "triage": false, "pull": true}, "_id": 1043225}, {"owner": {"type": "User", "site_admin": false}, "fork": false, "created_at": "2010-11-01T22:43:40Z", "updated_at": "2014-05-11T08:02:11Z", "pushed_at": "2010-11-06T22:36:38Z", "size": 100, "stargazers_count": 10, "watchers_count": 10, "language": "Ruby", "has_issues": true, "has_projects": true, "has_downloads": true, "has_wiki": true, "has_pages": false, "has_discussions": false, "forks_count": 1, "mirror_url": null, "archived": false, "disabled": false, "open_issues_count": 0, "license": {"key": "mit", "name": "MIT License", "spdx_id": "MIT", "url": "https://api.github.com/licenses/mit", "node_id": "MDc6TGljZW5zZTEz"}, "allow_forking": true, "is_template": false, "web_commit_signoff_required": false, "topics": [], "default_branch": "master", "permissions": {"admin": false, "maintain": false, "push": false, "triage": false, "pull": true}, "_id": 1043227}, {"owner": {"type": "User", "site_admin": false}, "fork": false, "created_at": "2010-11-01T23:46:50Z", "updated_at": "2017-11-13T14:01:39Z", "pushed_at": "2010-11-11T00:27:37Z", "size": 242, "stargazers_count": 7, "watchers_count": 7, "language": "Python", "has_issues": true, "has_projects": true, "has_downloads": true, "has_wiki": true, "has_pages": false, "has_discussions": false, "forks_count": 2, "mirror_url": null, "archived": false, "disabled": false, "open_issues_count": 0, "license": null, "allow_forking": true, "is_template": false, "web_commit_signoff_required": false, "topics": [], "default_branch": "master", "permissions": {"admin": false, "maintain": false, "push": false, "triage": false, "pull": true}, "_id": 1043334}, {"owner": {"type": "User", "site_admin": false}, "fork": false, "created_at": "2010-11-01T23:49:08Z", "updated_at": "2019-08-13T14:38:20Z", "pushed_at": "2011-09-15T18:44:35Z", "size": 96, "stargazers_count": 11, "watchers_count": 11, "language": "Ruby", "has_issues": true, "has_projects": true, "has_downloads": true, "has_wiki": true, "has_pages": false, "has_discussions": false, "forks_count": 1, "mirror_url": null, "archived": false, "disabled": false, "open_issues_count": 2, "license": null, "allow_forking": true, "is_template": false, "web_commit_signoff_required": false, "topics": [], "default_branch": "master", "permissions": {"admin": false, "maintain": false, "push": false, "triage": false, "pull": true}, "_id": 1043338}, {"owner": {"type": "User", "site_admin": false}, "fork": false, "created_at": "2010-11-01T23:55:03Z", "updated_at": "2022-05-08T17:21:26Z", "pushed_at": "2019-05-30T00:08:07Z", "size": 72, "stargazers_count": 19, "watchers_count": 19, "language": "Python", "has_issues": true, "has_projects": true, "has_downloads": true, "has_wiki": true, "has_pages": false, "has_discussions": false, "forks_count": 2, "mirror_url": null, "archived": false, "disabled": false, "open_issues_count": 3, "license": null, "allow_forking": true, "is_template": false, "web_commit_signoff_required": false, "topics": [], "default_branch": "master", "permissions": {"admin": false, "maintain": false, "push": false, "triage": false, "pull": true}, "_id": 1043350}]