[{"owner": {"type": "User", "site_admin": false}, "fork": false, "created_at": "2010-02-10T00:33:59Z", "updated_at": "2022-05-11T13:09:39Z", "pushed_at": "2016-07-25T13:36:42Z", "size": 198, "stargazers_count": 177, "watchers_count": 177, "language": "Python", "has_issues": true, "has_projects": true, "has_downloads": true, "has_wiki": true, "has_pages": false, "has_discussions": false, "forks_count": 48, "mirror_url": null, "archived": false, "disabled": false, "open_issues_count": 4, "license": {"key": "bsd-3-clause", "name": "BSD 3-Clause \"New\" or \"Revised\" License", "spdx_id": "BSD-3-Clause", "url": "https://api.github.com/licenses/bsd-3-clause", "node_id": "MDc6TGljZW5zZTU="}, "allow_forking": true, "is_template": false, "web_commit_signoff_required": false, "topics": [], "default_branch": "master", "permissions": {"admin": false, "maintain": false, "push": false, "triage": false, "pull": true}, "_id": 510501}, {"owner": {"type": "User", "site_admin": false}, "fork": false, "created_at": "2010-02-10T00:45:48Z", "updated_at": "2022-11-21T12:49:05Z", "pushed_at": "2017-11-10T13:21:50Z", "size": 438, "stargazers_count": 1881, "watchers_count": 1881, "language": "JavaScript", "has_issues": true, "has_projects": true, "has_downloads": true, "has_wiki": false, "has_pages": false, "has_discussions": false, "forks_count": 353, "mirror_url": null, "archived": false, "disabled": false, "open_issues_count": 12, "license": {"key": "gpl-2.0", "name": "GNU General Public License v2.0", "spdx_id": "GPL-2.0", "url": "https://api.github.com/licenses/gpl-2.0", "node_id": "MDc6TGljZW5zZTg="}, "allow_forking": true, "is_template": false, "web_commit_signoff_required": false, "topics": [], "default_branch": "master", "permissions": {"admin": false, "maintain": false, "push": false, "triage": false, "pull": true}, "_id": 510517}, {"owner": {"type": "User", "site_admin": false}, "fork": false, "created_at": "2010-02-10T00:46:03Z", "updated_at": "2018-09-06T09:42:55Z", "pushed_at": "2010-10-05T19:09:23Z", "size": 201, "stargazers_count": 20, "watchers_count": 20, "language": "C", "has_issues": true, "has_projects": true, "has_downloads": true, "has_wiki": true, "has_pages": false, "has_discussions": false, "forks_count": 1, "mirror_url": null, "archived": false, "disabled": false, "open_issues_count": 0, "license": {"key": "gpl-3.0", "name": "GNU General Public License v3.0", "spdx_id": "GPL-3.0", "url": "https://api.github.com/licenses/gpl-3.0", "node_id": "MDc6TGljZW5zZTk="}, "allow_forking": true, "is_template": false, "web_commit_signoff_required": false, "topics": [], "default_branch": "master", "permissions": {"admin": false, "maintain": false, "push": false, "triage": false, "pull": true}, "_id": 510518}, {"owner": {"type": "User", "site_admin": true}, "fork": false, "created_at": "2010-02-10T00:51:30Z", "updated_at": "2022-11-19T13:29:47Z", "pushed_at": "2020-01-31T09:06:57Z", "size": 2982, "stargazers_count": 567, "watchers_count": 567, "language": "Objective-C", "has_issues": true, "has_projects": true, "has_downloads": true, "has_wiki": false, "has_pages": true, "has_discussions": false, "forks_count": 78, "mirror_url": null, "archived": false, "disabled": false, "open_issues_count": 14, "license": {"key": "mit", "name": "MIT License", "spdx_id": "MIT", "url": "https://api.github.com/licenses/mit", "node_id": "MDc6TGljZW5zZTEz"}, "allow_forking": true, "is_template": false, "web_commit_signoff_required": false, "topics": [], "default_branch": "master", "permissions": {"admin": false, "maintain": false, "push": false, "triage": false, "pull": true}, "_id": 510528}, {"owner": {"type": "User", "site_admin": false}, "fork": false, "created_at": "2010-02-10T01:46:47Z", "updated_at": "2022-06-02T17:30:38Z", "pushed_at": "2012-12-19T00:44:40Z", "size": 489, "stargazers_count": 32, "watchers_count": 32, "language": "Erlang", "has_issues": true, "has_projects": true, "has_downloads": true, "has_wiki": true, "has_pages": false, "has_discussions": false, "forks_count": 20, "mirror_url": null, "archived": false, "disabled": false, "open_issues_count": 2, "license": {"key": "mit", "name": "MIT License", "spdx_id": "MIT", "url": "https://api.github.com/licenses/mit", "node_id": "MDc6TGljZW5zZTEz"}, "allow_forking": true, "is_template": false, "web_commit_signoff_required": false, "topics": [], "default_branch": "master", "permissions": {"admin": false, "maintain": false, "push": false, "triage": false, "pull": true}, "_id": 510575}, {"owner": {"type": "User", "site_admin": false}, "fork": false, "created_at": "2010-02-10T01:55:45Z", "updated_at": "2013-12-07T00:58:17Z", "pushed_at": "2010-02-10T02:23:08Z", "size": 336, "stargazers_count": 7, "watchers_count": 7, "language": "ActionScript", "has_issues": true, "has_projects": true, "has_downloads": true, "has_wiki": true, "has_pages": false, "has_discussions": false, "forks_count": 0, "mirror_url": null, "archived": false, "disabled": false, "open_issues_count": 0, "license": null, "allow_forking": true, "is_template": false, "web_commit_signoff_required": false, "topics": [], "default_branch": "master", "permissions": {"admin": false, "maintain": false, "push": false, "triage": false, "pull": true}, "_id": 510584}, {"owner": {"type": "User", "site_admin": false}, "fork": false, "created_at": "2010-02-10T02:01:12Z", "updated_at": "2019-07-15T08:51:58Z", "pushed_at": "2019-12-03T04:34:25Z", "size": 206, "stargazers_count": 9, "watchers_count": 9, "language": "Python", "has_issues": true, "has_projects": true, "has_downloads": true, "has_wiki": true, "has_pages": false, "has_discussions": false, "forks_count": 12, "mirror_url": null, "archived": false, "disabled": false, "open_issues_count": 2, "license": null, "allow_forking": true, "is_template": false, "web_commit_signoff_required": false, "topics": [], "default_branch": "master", "permissions": {"admin": false, "maintain": false, "push": false, "triage": false, "pull": true}, "_id": 510590}, {"owner": {"type": "User", "site_admin": false}, "fork": false, "created_at": "2010-02-10T02:26:13Z", "updated_at": "2022-06-01T19:29:26Z", "pushed_at": "2011-04-11T19:31:19Z", "size": 1790, "stargazers_count": 8, "watchers_count": 8, "language": "ActionScript", "has_issues": true, "has_projects": true, "has_downloads": true, "has_wiki": true, "has_pages": false, "has_discussions": false, "forks_count": 2, "mirror_url": null, "archived": true, "disabled": false, "open_issues_count": 1, "license": {"key": "mit", "name": "MIT License", "spdx_id": "MIT", "url": "https://api.github.com/licenses/mit", "node_id": "MDc6TGljZW5zZTEz"}, "allow_forking": true, "is_template": false, "web_commit_signoff_required": false, "topics": [], "default_branch": "master", "permissions": {"admin": false, "maintain": false, "push": false, "triage": false, "pull": true}, "_id": 510607}, {"owner": {"type": "User", "site_admin": false}, "fork": false, "created_at": "2010-02-10T02:37:10Z", "updated_at": "2014-03-15T17:55:27Z", "pushed_at": "2010-02-10T02:57:40Z", "size": 1868, "stargazers_count": 6, "watchers_count": 6, "language": null, "has_issues": true, "has_projects": true, "has_downloads": true, "has_wiki": true, "has_pages": false, "has_discussions": false, "forks_count": 0, "mirror_url": null, "archived": false, "disabled": false, "open_issues_count": 0, "license": null, "allow_forking": true, "is_template": false, "web_commit_signoff_required": false, "topics": [], "default_branch": "master", "permissions": {"admin": false, "maintain": false, "push": false, "triage": false, "pull": true}, "_id": 510617}, {"owner": {"type": "User", "site_admin": false}, "fork": false, "created_at": "2010-02-10T02:57:48Z", "updated_at": "2017-07-29T17:16:37Z", "pushed_at": "2010-02-10T05:54:14Z", "size": 87, "stargazers_count": 8, "watchers_count": 8, "language": "JavaScript", "has_issues": true, "has_projects": true, "has_downloads": true, "has_wiki": true, "has_pages": true, "has_discussions": false, "forks_count": 1, "mirror_url": null, "archived": false, "disabled": false, "open_issues_count": 1, "license": null, "allow_forking": true, "is_template": false, "web_commit_signoff_required": false, "topics": [], "default_branch": "master", "permissions": {"admin": false, "maintain": false, "push": false, "triage": false, "pull": true}, "_id": 510635}, {"owner": {"type": "User", "site_admin": false}, "fork": false, "created_at": "2010-02-10T03:13:03Z", "updated_at": "2020-04-07T07:41:47Z", "pushed_at": "2012-09-30T07:33:11Z", "size": 440, "stargazers_count": 9, "watchers_count": 9, "language": "JavaScript", "has_issues": true, "has_projects": true, "has_downloads": true, "has_wiki": true, "has_pages": false, "has_discussions": false, "forks_count": 0, "mirror_url": null, "archived": false, "disabled": false, "open_issues_count": 0, "license": null, "allow_forking": true, "is_template": false, "web_commit_signoff_required": false, "topics": [], "default_branch": "master", "permissions": {"admin": false, "maintain": false, "push": false, "triage": false, "pull": true}, "_id": 510654}, {"owner": {"type": "User", "site_admin": false}, "fork": false, "created_at": "2010-02-10T03:14:35Z", "updated_at": "2021-04-30T21:05:26Z", "pushed_at": "2011-03-20T23:32:38Z", "size": 1080, "stargazers_count": 108, "watchers_count": 108, "language": "JavaScript", "has_issues": true, "has_projects": true, "has_downloads": false, "has_wiki": false, "has_pages": false, "has_discussions": false, "forks_count": 7, "mirror_url": null, "archived": false, "disabled": false, "open_issues_count": 2, "license": {"key": "mit", "name": "MIT License", "spdx_id": "MIT", "url": "https://api.github.com/licenses/mit", "node_id": "MDc6TGljZW5zZTEz"}, "allow_forking": true, "is_template": false, "web_commit_signoff_required": false, "topics": [], "default_branch": "master", "permissions": {"admin": false, "maintain": false, "push": false, "triage": false, "pull": true}, "_id": 510655}, {"owner": {"type": "User", "site_admin": false}, "fork": false, "created_at": "2010-02-10T04:41:52Z", "updated_at": "2014-01-26T23:59:11Z", "pushed_at": "2010-04-15T22:04:27Z", "size": 12669, "stargazers_count": 7, "watchers_count": 7, "language": "Java", "has_issues": true, "has_projects": true, "has_downloads": true, "has_wiki": true, "has_pages": true, "has_discussions": false, "forks_count": 42, "mirror_url": null, "archived": false, "disabled": false, "open_issues_count": 0, "license": {"key": "other", "name": "Other", "spdx_id": "NOASSERTION", "url": null, "node_id": "MDc6TGljZW5zZTA="}, "allow_forking": true, "is_template": false, "web_commit_signoff_required": false, "topics": [], "default_branch": "master", "permissions": {"admin": false, "maintain": false, "push": false, "triage": false, "pull": true}, "_id": 510730}, {"owner": {"type": "User", "site_admin": false}, "fork": false, "created_at": "2010-02-10T05:34:58Z", "updated_at": "2021-05-17T11:24:53Z", "pushed_at": "2013-03-12T05:39:50Z", "size": 935, "stargazers_count": 35, "watchers_count": 35, "language": "Ruby", "has_issues": true, "has_projects": true, "has_downloads": false, "has_wiki": true, "has_pages": true, "has_discussions": false, "forks_count": 4, "mirror_url": null, "archived": false, "disabled": false, "open_issues_count": 4, "license": {"key": "mit", "name": "MIT License", "spdx_id": "MIT", "url": "https://api.github.com/licenses/mit", "node_id": "MDc6TGljZW5zZTEz"}, "allow_forking": true, "is_template": false, "web_commit_signoff_required": false, "topics": [], "default_branch": "master", "permissions": {"admin": false, "maintain": false, "push": false, "triage": false, "pull": true}, "_id": 510775}, {"owner": {"type": "User", "site_admin": false}, "fork": false, "created_at": "2010-02-10T05:36:13Z", "updated_at": "2015-03-06T13:50:37Z", "pushed_at": "2010-02-10T06:15:31Z", "size": 76, "stargazers_count": 6, "watchers_count": 6, "language": "Ruby", "has_issues": true, "has_projects": true, "has_downloads": true, "has_wiki": true, "has_pages": false, "has_discussions": false, "forks_count": 0, "mirror_url": null, "archived": false, "disabled": false, "open_issues_count": 0, "license": {"key": "mit", "name": "MIT License", "spdx_id": "MIT", "url": "https://api.github.com/licenses/mit", "node_id": "MDc6TGljZW5zZTEz"}, "allow_forking": true, "is_template": false, "web_commit_signoff_required": false, "topics": [], "default_branch": "master", "permissions": {"admin": false, "maintain": false, "push": false, "triage": false, "pull": true}, "_id": 510778}, {"owner": {"type": "Organization", "site_admin": false}, "fork": false, "created_at": "2010-02-10T05:48:01Z", "updated_at": "2021-12-07T06:44:59Z", "pushed_at": "2013-06-23T03:12:15Z", "size": 10474, "stargazers_count": 13, "watchers_count": 13, "language": "PHP", "has_issues": true, "has_projects": true, "has_downloads": true, "has_wiki": true, "has_pages": true, "has_discussions": false, "forks_count": 1, "mirror_url": null, "archived": false, "disabled": false, "open_issues_count": 0, "license": null, "allow_forking": true, "is_template": false, "web_commit_signoff_required": false, "topics": [], "default_branch": "master", "permissions": {"admin": false, "maintain": false, "push": false, "triage": false, "pull": true}, "_id": 510788}, {"owner": {"type": "User", "site_admin": false}, "fork": false, "created_at": "2010-02-10T05:59:15Z", "updated_at": "2019-08-13T14:31:11Z", "pushed_at": "2010-08-05T07:29:27Z", "size": 116, "stargazers_count": 8, "watchers_count": 8, "language": "Erlang", "has_issues": true, "has_projects": true, "has_downloads": true, "has_wiki": true, "has_pages": false, "has_discussions": false, "forks_count": 0, "mirror_url": null, "archived": false, "disabled": false, "open_issues_count": 0, "license": null, "allow_forking": true, "is_template": false, "web_commit_signoff_required": false, "topics": [], "default_branch": "master", "permissions": {"admin": false, "maintain": false, "push": false, "triage": false, "pull": true}, "_id": 510796}, {"owner": {"type": "User", "site_admin": false}, "fork": false, "created_at": "2010-02-10T06:52:56Z", "updated_at": "2021-02-16T02:49:04Z", "pushed_at": "2010-02-16T05:25:02Z", "size": 324, "stargazers_count": 16, "watchers_count": 16, "language": null, "has_issues": true, "has_projects": true, "has_downloads": true, "has_wiki": true, "has_pages": false, "has_discussions": false, "forks_count": 0, "mirror_url": null, "archived": false, "disabled": false, "open_issues_count": 0, "license": null, "allow_forking": true, "is_template": false, "web_commit_signoff_required": false, "topics": [], "default_branch": "master", "permissions": {"admin": false, "maintain": false, "push": false, "triage": false, "pull": true}, "_id": 510832}, {"owner": {"type": "User", "site_admin": false}, "fork": false, "created_at": "2010-02-10T07:09:51Z", "updated_at": "2020-04-27T15:42:34Z", "pushed_at": "2010-04-09T18:49:38Z", "size": 90, "stargazers_count": 12, "watchers_count": 12, "language": "Ruby", "has_issues": true, "has_projects": true, "has_downloads": true, "has_wiki": true, "has_pages": false, "has_discussions": false, "forks_count": 5, "mirror_url": null, "archived": false, "disabled": false, "open_issues_count": 0, "license": {"key": "mit", "name": "MIT License", "spdx_id": "MIT", "url": "https://api.github.com/licenses/mit", "node_id": "MDc6TGljZW5zZTEz"}, "allow_forking": true, "is_template": false, "web_commit_signoff_required": false, "topics": [], "default_branch": "master", "permissions": {"admin": false, "maintain": false, "push": false, "triage": false, "pull": true}, "_id": 510848}, {"owner": {"type": "User", "site_admin": false}, "fork": false, "created_at": "2010-02-10T07:10:33Z", "updated_at": "2012-12-13T23:04:55Z", "pushed_at": "2010-03-18T08:59:40Z", "size": 2940, "stargazers_count": 6, "watchers_count": 6, "language": "JavaScript", "has_issues": true, "has_projects": true, "has_downloads": true, "has_wiki": true, "has_pages": false, "has_discussions": false, "forks_count": 0, "mirror_url": null, "archived": false, "disabled": false, "open_issues_count": 0, "license": null, "allow_forking": true, "is_template": false, "web_commit_signoff_required": false, "topics": [], "default_branch": "master", "permissions": {"admin": false, "maintain": false, "push": false, "triage": false, "pull": true}, "_id": 510849}, {"owner": {"type": "User", "site_admin": false}, "fork": false, "created_at": "2010-02-10T08:07:18Z", "updated_at": "2019-08-13T14:31:11Z", "pushed_at": "2018-04-08T15:42:26Z", "size": 78, "stargazers_count": 8, "watchers_count": 8, "language": "JavaScript", "has_issues": true, "has_projects": true, "has_downloads": true, "has_wiki": true, "has_pages": false, "has_discussions": false, "forks_count": 1, "mirror_url": null, "archived": false, "disabled": false, "open_issues_count": 0, "license": null, "allow_forking": true, "is_template": false, "web_commit_signoff_required": false, "topics": [], "default_branch": "master", "permissions": {"admin": false, "maintain": false, "push": false, "triage": false, "pull": true}, "_id": 510892}, {"owner": {"type": "User", "site_admin": false}, "fork": false, "created_at": "2010-02-10T08:09:43Z", "updated_at": "2020-02-15T08:49:03Z", "pushed_at": "2010-11-18T11:50:45Z", "size": 226, "stargazers_count": 6, "watchers_count": 6, "language": "PHP", "has_issues": true, "has_projects": true, "has_downloads": true, "has_wiki": true, "has_pages": false, "has_discussions": false, "forks_count": 2, "mirror_url": null, "archived": false, "disabled": false, "open_issues_count": 0, "license": null, "allow_forking": true, "is_template": false, "web_commit_signoff_required": false, "topics": [], "default_branch": "master", "permissions": {"admin": false, "maintain": false, "push": false, "triage": false, "pull": true}, "_id": 510894}, {"owner": {"type": "User", "site_admin": false}, "fork": false, "created_at": "2010-02-10T08:11:11Z", "updated_at": "2020-11-14T11:46:04Z", "pushed_at": "2012-11-21T08:39:31Z", "size": 11073, "stargazers_count": 7, "watchers_count": 7, "language": "Java", "has_issues": true, "has_projects": true, "has_downloads": true, "has_wiki": true, "has_pages": false, "has_discussions": false, "forks_count": 5, "mirror_url": null, "archived": false, "disabled": false, "open_issues_count": 4, "license": null, "allow_forking": true, "is_template": false, "web_commit_signoff_required": false, "topics": [], "default_branch": "master", "permissions": {"admin": false, "maintain": false, "push": false, "triage": false, "pull": true}, "_id": 510895}, {"owner": {"type": "User", "site_admin": false}, "fork": false, "created_at": "2010-02-10T08:37:09Z", "updated_at": "2015-10-20T01:58:43Z", "pushed_at": "2010-02-18T21:06:43Z", "size": 2710, "stargazers_count": 8, "watchers_count": 8, "language": "C", "has_issues": true, "has_projects": true, "has_downloads": true, "has_wiki": true, "has_pages": false, "has_discussions": false, "forks_count": 5, "mirror_url": null, "archived": false, "disabled": false, "open_issues_count": 0, "license": {"key": "gpl-2.0", "name": "GNU General Public License v2.0", "spdx_id": "GPL-2.0", "url": "https://api.github.com/licenses/gpl-2.0", "node_id": "MDc6TGljZW5zZTg="}, "allow_forking": true, "is_template": false, "web_commit_signoff_required": false, "topics": [], "default_branch": "master", "permissions": {"admin": false, "maintain": false, "push": false, "triage": false, "pull": true}, "_id": 510927}, {"owner": {"type": "Organization", "site_admin": false}, "fork": false, "created_at": "2010-02-10T09:05:37Z", "updated_at": "2019-01-10T16:45:52Z", "pushed_at": "2010-08-23T12:36:53Z", "size": 91, "stargazers_count": 9, "watchers_count": 9, "language": "Python", "has_issues": true, "has_projects": true, "has_downloads": true, "has_wiki": true, "has_pages": false, "has_discussions": false, "forks_count": 0, "mirror_url": null, "archived": true, "disabled": false, "open_issues_count": 0, "license": {"key": "bsd-3-clause", "name": "BSD 3-Clause \"New\" or \"Revised\" License", "spdx_id": "BSD-3-Clause", "url": "https://api.github.com/licenses/bsd-3-clause", "node_id": "MDc6TGljZW5zZTU="}, "allow_forking": true, "is_template": false, "web_commit_signoff_required": false, "topics": [], "default_branch": "master", "permissions": {"admin": false, "maintain": false, "push": false, "triage": false, "pull": true}, "_id": 510951}, {"owner": {"type": "User", "site_admin": false}, "fork": false, "created_at": "2010-02-10T09:21:55Z", "updated_at": "2019-08-13T14:31:11Z", "pushed_at": "2010-05-20T05:11:51Z", "size": 149, "stargazers_count": 11, "watchers_count": 11, "language": "JavaScript", "has_issues": true, "has_projects": true, "has_downloads": true, "has_wiki": true, "has_pages": false, "has_discussions": false, "forks_count": 0, "mirror_url": null, "archived": false, "disabled": false, "open_issues_count": 1, "license": null, "allow_forking": true, "is_template": false, "web_commit_signoff_required": false, "topics": [], "default_branch": "master", "permissions": {"admin": false, "maintain": false, "push": false, "triage": false, "pull": true}, "_id": 510974}, {"owner": {"type": "Organization", "site_admin": false}, "fork": false, "created_at": "2010-02-10T09:39:00Z", "updated_at": "2022-11-14T05:13:15Z", "pushed_at": "2022-05-23T10:54:39Z", "size": 126, "stargazers_count": 64, "watchers_count": 64, "language": "C", "has_issues": true, "has_projects": true, "has_downloads": true, "has_wiki": true, "has_pages": false, "has_discussions": false, "forks_count": 19, "mirror_url": null, "archived": false, "disabled": false, "open_issues_count": 2, "license": null, "allow_forking": true, "is_template": false, "web_commit_signoff_required": false, "topics": [], "default_branch": "master", "permissions": {"admin": false, "maintain": false, "push": false, "triage": false, "pull": true}, "_id": 510988}, {"owner": {"type": "User", "site_admin": false}, "fork": false, "created_at": "2010-02-10T09:49:26Z", "updated_at": "2020-05-01T14:39:36Z", "pushed_at": "2010-02-10T09:50:11Z", "size": 71, "stargazers_count": 7, "watchers_count": 7, "language": "PHP", "has_issues": true, "has_projects": true, "has_downloads": true, "has_wiki": true, "has_pages": false, "has_discussions": false, "forks_count": 0, "mirror_url": null, "archived": false, "disabled": false, "open_issues_count": 0, "license": null, "allow_forking": true, "is_template": false, "web_commit_signoff_required": false, "topics": [], "default_branch": "master", "permissions": {"admin": false, "maintain": false, "push": false, "triage": false, "pull": true}, "_id": 511008}, {"owner": {"type": "User", "site_admin": true}, "fork": false, "created_at": "2010-02-10T10:14:32Z", "updated_at": "2019-08-13T14:31:11Z", "pushed_at": "2010-02-10T10:16:12Z", "size": 88, "stargazers_count": 9, "watchers_count": 9, "language": "Objective-C", "has_issues": true, "has_projects": true, "has_downloads": true, "has_wiki": true, "has_pages": false, "has_discussions": false, "forks_count": 0, "mirror_url": null, "archived": true, "disabled": false, "open_issues_count": 0, "license": null, "allow_forking": true, "is_template": false, "web_commit_signoff_required": false, "topics": [], "default_branch": "master", "permissions": {"admin": false, "maintain": false, "push": false, "triage": false, "pull": true}, "_id": 511039}, {"owner": {"type": "Organization", "site_admin": false}, "fork": false, "created_at": "2010-02-10T10:14:49Z", "updated_at": "2021-10-02T17:57:43Z", "pushed_at": "2012-11-19T09:05:32Z", "size": 180, "stargazers_count": 13, "watchers_count": 13, "language": "Java", "has_issues": true, "has_projects": true, "has_downloads": true, "has_wiki": true, "has_pages": false, "has_discussions": false, "forks_count": 5, "mirror_url": null, "archived": true, "disabled": false, "open_issues_count": 0, "license": {"key": "other", "name": "Other", "spdx_id": "NOASSERTION", "url": null, "node_id": "MDc6TGljZW5zZTA="}, "allow_forking": true, "is_template": false, "web_commit_signoff_required": false, "topics": [], "default_branch": "master", "permissions": {"admin": false, "maintain": false, "push": false, "triage": false, "pull": true}, "_id": 511040}, {"owner": {"type": "Organization", "site_admin": false}, "fork": false, "created_at": "2010-02-10T10:20:17Z", "updated_at": "2017-05-21T05:33:20Z", "pushed_at": "2010-02-10T11:28:45Z", "size": 168, "stargazers_count": 14, "watchers_count": 14, "language": "Ruby", "has_issues": true, "has_projects": true, "has_downloads": true, "has_wiki": true, "has_pages": false, "has_discussions": false, "forks_count": 0, "mirror_url": null, "archived": false, "disabled": false, "open_issues_count": 0, "license": null, "allow_forking": true, "is_template": false, "web_commit_signoff_required": false, "topics": [], "default_branch": "master", "permissions": {"admin": false, "maintain": false, "push": false, "triage": false, "pull": true}, "_id": 511044}, {"owner": {"type": "User", "site_admin": false}, "fork": false, "created_at": "2010-02-10T10:36:06Z", "updated_at": "2019-08-13T14:31:11Z", "pushed_at": "2013-03-04T18:36:57Z", "size": 107, "stargazers_count": 6, "watchers_count": 6, "language": "JavaScript", "has_issues": true, "has_projects": true, "has_downloads": true, "has_wiki": true, "has_pages": false, "has_discussions": false, "forks_count": 2, "mirror_url": null, "archived": false, "disabled": false, "open_issues_count": 0, "license": null, "allow_forking": true, "is_template": false, "web_commit_signoff_required": false, "topics": [], "default_branch": "master", "permissions": {"admin": false, "maintain": false, "push": false, "triage": false, "pull": true}, "_id": 511065}, {"owner": {"type": "User", "site_admin": false}, "fork": false, "created_at": "2010-02-10T11:08:10Z", "updated_at": "2019-08-26T19:17:50Z", "pushed_at": "2010-02-15T19:00:58Z", "size": 77, "stargazers_count": 15, "watchers_count": 15, "language": "C", "has_issues": true, "has_projects": true, "has_downloads": true, "has_wiki": true, "has_pages": false, "has_discussions": false, "forks_count": 6, "mirror_url": null, "archived": false, "disabled": false, "open_issues_count": 0, "license": null, "allow_forking": true, "is_template": false, "web_commit_signoff_required": false, "topics": [], "default_branch": "master", "permissions": {"admin": false, "maintain": false, "push": false, "triage": false, "pull": true}, "_id": 511086}, {"owner": {"type": "User", "site_admin": false}, "fork": false, "created_at": "2010-02-10T12:59:53Z", "updated_at": "2021-10-21T20:18:55Z", "pushed_at": "2010-02-18T13:44:46Z", "size": 194, "stargazers_count": 10, "watchers_count": 10, "language": "JavaScript", "has_issues": true, "has_projects": true, "has_downloads": true, "has_wiki": true, "has_pages": false, "has_discussions": false, "forks_count": 0, "mirror_url": null, "archived": false, "disabled": false, "open_issues_count": 0, "license": null, "allow_forking": true, "is_template": false, "web_commit_signoff_required": false, "topics": [], "default_branch": "master", "permissions": {"admin": false, "maintain": false, "push": false, "triage": false, "pull": true}, "_id": 511201}, {"owner": {"type": "User", "site_admin": false}, "fork": false, "created_at": "2010-02-10T13:03:31Z", "updated_at": "2019-11-13T09:12:11Z", "pushed_at": "2010-04-22T12:25:08Z", "size": 105, "stargazers_count": 13, "watchers_count": 13, "language": "Objective-C", "has_issues": true, "has_projects": true, "has_downloads": true, "has_wiki": true, "has_pages": false, "has_discussions": false, "forks_count": 3, "mirror_url": null, "archived": false, "disabled": false, "open_issues_count": 0, "license": null, "allow_forking": true, "is_template": false, "web_commit_signoff_required": false, "topics": [], "default_branch": "master", "permissions": {"admin": false, "maintain": false, "push": false, "triage": false, "pull": true}, "_id": 511202}, {"owner": {"type": "User", "site_admin": false}, "fork": false, "created_at": "2010-02-10T13:13:00Z", "updated_at": "2019-08-13T14:31:11Z", "pushed_at": "2012-05-29T16:22:01Z", "size": 420, "stargazers_count": 46, "watchers_count": 46, "language": "Ruby", "has_issues": true, "has_projects": true, "has_downloads": true, "has_wiki": true, "has_pages": false, "has_discussions": false, "forks_count": 0, "mirror_url": null, "archived": false, "disabled": false, "open_issues_count": 1, "license": {"key": "other", "name": "Other", "spdx_id": "NOASSERTION", "url": null, "node_id": "MDc6TGljZW5zZTA="}, "allow_forking": true, "is_template": false, "web_commit_signoff_required": false, "topics": [], "default_branch": "master", "permissions": {"admin": false, "maintain": false, "push": false, "triage": false, "pull": true}, "_id": 511209}, {"owner": {"type": "User", "site_admin": false}, "fork": false, "created_at": "2010-02-10T13:18:40Z", "updated_at": "2022-08-04T11:51:50Z", "pushed_at": "2011-07-05T13:51:33Z", "size": 706, "stargazers_count": 22, "watchers_count": 22, "language": "C", "has_issues": true, "has_projects": true, "has_downloads": true, "has_wiki": true, "has_pages": false, "has_discussions": false, "forks_count": 2, "mirror_url": null, "archived": false, "disabled": false, "open_issues_count": 1, "license": {"key": "lgpl-2.1", "name": "GNU Lesser General Public License v2.1", "spdx_id": "LGPL-2.1", "url": "https://api.github.com/licenses/lgpl-2.1", "node_id": "MDc6TGljZW5zZTEx"}, "allow_forking": true, "is_template": false, "web_commit_signoff_required": false, "topics": [], "default_branch": "master", "permissions": {"admin": false, "maintain": false, "push": false, "triage": false, "pull": true}, "_id": 511217}, {"owner": {"type": "User", "site_admin": false}, "fork": false, "created_at": "2010-02-10T13:28:32Z", "updated_at": "2022-07-17T18:19:46Z", "pushed_at": "2022-10-08T13:18:13Z", "size": 16310, "stargazers_count": 9, "watchers_count": 9, "language": "Emacs Lisp", "has_issues": true, "has_projects": true, "has_downloads": true, "has_wiki": true, "has_pages": false, "has_discussions": false, "forks_count": 1, "mirror_url": null, "archived": false, "disabled": false, "open_issues_count": 0, "license": null, "allow_forking": true, "is_template": false, "web_commit_signoff_required": false, "topics": ["emacs-lisp"], "default_branch": "master", "permissions": {"admin": false, "maintain": false, "push": false, "triage": false, "pull": true}, "_id": 511228}, {"owner": {"type": "User", "site_admin": false}, "fork": false, "created_at": "2010-02-10T13:29:05Z", "updated_at": "2018-06-13T05:10:24Z", "pushed_at": "2020-04-12T12:41:19Z", "size": 303, "stargazers_count": 6, "watchers_count": 6, "language": "Vim script", "has_issues": true, "has_projects": true, "has_downloads": true, "has_wiki": true, "has_pages": false, "has_discussions": false, "forks_count": 1, "mirror_url": null, "archived": false, "disabled": false, "open_issues_count": 0, "license": null, "allow_forking": true, "is_template": false, "web_commit_signoff_required": false, "topics": [], "default_branch": "master", "permissions": {"admin": false, "maintain": false, "push": false, "triage": false, "pull": true}, "_id": 511229}, {"owner": {"type": "User", "site_admin": false}, "fork": false, "created_at": "2010-02-10T14:32:34Z", "updated_at": "2022-11-01T18:08:24Z", "pushed_at": "2022-02-26T00:46:49Z", "size": 36704, "stargazers_count": 647, "watchers_count": 647, "language": "Java", "has_issues": true, "has_projects": true, "has_downloads": true, "has_wiki": true, "has_pages": true, "has_discussions": false, "forks_count": 309, "mirror_url": null, "archived": false, "disabled": false, "open_issues_count": 131, "license": {"key": "mit", "name": "MIT License", "spdx_id": "MIT", "url": "https://api.github.com/licenses/mit", "node_id": "MDc6TGljZW5zZTEz"}, "allow_forking": true, "is_template": false, "web_commit_signoff_required": false, "topics": [], "default_branch": "master", "permissions": {"admin": false, "maintain": false, "push": false, "triage": false, "pull": true}, "_id": 511297}, {"owner": {"type": "User", "site_admin": false}, "fork": false, "created_at": "2010-02-10T14:38:23Z", "updated_at": "2021-11-16T23:52:48Z", "pushed_at": "2010-07-31T11:36:26Z", "size": 208, "stargazers_count": 6, "watchers_count": 6, "language": "Python", "has_issues": true, "has_projects": true, "has_downloads": true, "has_wiki": true, "has_pages": false, "has_discussions": false, "forks_count": 0, "mirror_url": null, "archived": false, "disabled": false, "open_issues_count": 6, "license": null, "allow_forking": true, "is_template": false, "web_commit_signoff_required": false, "topics": [], "default_branch": "master", "permissions": {"admin": false, "maintain": false, "push": false, "triage": false, "pull": true}, "_id": 511309}, {"owner": {"type": "User", "site_admin": false}, "fork": false, "created_at": "2010-02-10T14:40:01Z", "updated_at": "2019-07-15T16:50:27Z", "pushed_at": "2014-02-28T17:49:25Z", "size": 4696, "stargazers_count": 7, "watchers_count": 7, "language": "Java", "has_issues": true, "has_projects": true, "has_downloads": false, "has_wiki": false, "has_pages": true, "has_discussions": false, "forks_count": 7, "mirror_url": null, "archived": false, "disabled": false, "open_issues_count": 1, "license": {"key": "gpl-3.0", "name": "GNU General Public License v3.0", "spdx_id": "GPL-3.0", "url": "https://api.github.com/licenses/gpl-3.0", "node_id": "MDc6TGljZW5zZTk="}, "allow_forking": true, "is_template": false, "web_commit_signoff_required": false, "topics": [], "default_branch": "master", "permissions": {"admin": false, "maintain": false, "push": false, "triage": false, "pull": true}, "_id": 511311}, {"owner": {"type": "User", "site_admin": false}, "fork": false, "created_at": "2010-02-10T14:43:09Z", "updated_at": "2020-07-02T22:03:17Z", "pushed_at": "2011-04-07T10:38:15Z", "size": 472, "stargazers_count": 60, "watchers_count": 60, "language": "C++", "has_issues": true, "has_projects": true, "has_downloads": true, "has_wiki": true, "has_pages": false, "has_discussions": false, "forks_count": 17, "mirror_url": null, "archived": false, "disabled": false, "open_issues_count": 2, "license": {"key": "bsd-3-clause", "name": "BSD 3-Clause \"New\" or \"Revised\" License", "spdx_id": "BSD-3-Clause", "url": "https://api.github.com/licenses/bsd-3-clause", "node_id": "MDc6TGljZW5zZTU="}, "allow_forking": true, "is_template": false, "web_commit_signoff_required": false, "topics": [], "default_branch": "master", "permissions": {"admin": false, "maintain": false, "push": false, "triage": false, "pull": true}, "_id": 511316}, {"owner": {"type": "User", "site_admin": false}, "fork": false, "created_at": "2010-02-10T14:49:51Z", "updated_at": "2022-07-26T10:30:49Z", "pushed_at": "2015-08-06T09:19:20Z", "size": 255, "stargazers_count": 178, "watchers_count": 178, "language": "JavaScript", "has_issues": true, "has_projects": true, "has_downloads": true, "has_wiki": true, "has_pages": false, "has_discussions": false, "forks_count": 20, "mirror_url": null, "archived": false, "disabled": false, "open_issues_count": 1, "license": {"key": "mit", "name": "MIT License", "spdx_id": "MIT", "url": "https://api.github.com/licenses/mit", "node_id": "MDc6TGljZW5zZTEz"}, "allow_forking": true, "is_template": false, "web_commit_signoff_required": false, "topics": [], "default_branch": "master", "permissions": {"admin": false, "maintain": false, "push": false, "triage": false, "pull": true}, "_id": 511323}, {"owner": {"type": "User", "site_admin": false}, "fork": false, "created_at": "2010-02-10T14:54:07Z", "updated_at": "2016-06-13T17:40:56Z", "pushed_at": "2010-09-07T14:39:17Z", "size": 11140, "stargazers_count": 7, "watchers_count": 7, "language": "JavaScript", "has_issues": true, "has_projects": true, "has_downloads": true, "has_wiki": true, "has_pages": false, "has_discussions": false, "forks_count": 2, "mirror_url": null, "archived": false, "disabled": false, "open_issues_count": 0, "license": null, "allow_forking": true, "is_template": false, "web_commit_signoff_required": false, "topics": [], "default_branch": "master", "permissions": {"admin": false, "maintain": false, "push": false, "triage": false, "pull": true}, "_id": 511329}, {"owner": {"type": "User", "site_admin": false}, "fork": false, "created_at": "2010-02-10T14:55:46Z", "updated_at": "2014-04-27T07:50:01Z", "pushed_at": "2010-02-18T06:55:11Z", "size": 1295, "stargazers_count": 8, "watchers_count": 8, "language": "JavaScript", "has_issues": true, "has_projects": true, "has_downloads": true, "has_wiki": true, "has_pages": false, "has_discussions": false, "forks_count": 1, "mirror_url": null, "archived": false, "disabled": false, "open_issues_count": 0, "license": null, "allow_forking": true, "is_template": false, "web_commit_signoff_required": false, "topics": [], "default_branch": "master", "permissions": {"admin": false, "maintain": false, "push": false, "triage": false, "pull": true}, "_id": 511332}, {"owner": {"type": "User", "site_admin": false}, "fork": false, "created_at": "2010-02-10T15:11:43Z", "updated_at": "2022-03-22T04:14:29Z", "pushed_at": "2021-11-20T17:30:31Z", "size": 2226, "stargazers_count": 37, "watchers_count": 37, "language": "PHP", "has_issues": true, "has_projects": true, "has_downloads": true, "has_wiki": true, "has_pages": false, "has_discussions": false, "forks_count": 15, "mirror_url": null, "archived": false, "disabled": false, "open_issues_count": 9, "license": null, "allow_forking": true, "is_template": false, "web_commit_signoff_required": false, "topics": [], "default_branch": "stand-alone", "permissions": {"admin": false, "maintain": false, "push": false, "triage": false, "pull": true}, "_id": 511349}, {"owner": {"type": "Organization", "site_admin": false}, "fork": false, "created_at": "2010-02-10T15:23:02Z", "updated_at": "2022-11-18T17:37:41Z", "pushed_at": "2022-05-20T20:52:18Z", "size": 8084, "stargazers_count": 738, "watchers_count": 738, "language": "Scheme", "has_issues": true, "has_projects": true, "has_downloads": true, "has_wiki": true, "has_pages": true, "has_discussions": false, "forks_count": 187, "mirror_url": null, "archived": false, "disabled": false, "open_issues_count": 87, "license": {"key": "other", "name": "Other", "spdx_id": "NOASSERTION", "url": null, "node_id": "MDc6TGljZW5zZTA="}, "allow_forking": true, "is_template": false, "web_commit_signoff_required": false, "topics": ["geoserver", "geotools", "gis", "hacktoberfest", "neo4j", "neo4j-database", "neo4j-procedures", "neo4j-spatial-plugin", "postgis", "procedures", "spatial-data"], "default_branch": "master", "permissions": {"admin": false, "maintain": false, "push": false, "triage": false, "pull": true}, "_id": 511373}, {"owner": {"type": "User", "site_admin": false}, "fork": false, "created_at": "2010-02-10T15:23:41Z", "updated_at": "2021-06-02T05:32:10Z", "pushed_at": "2010-03-01T16:32:15Z", "size": 85, "stargazers_count": 7, "watchers_count": 7, "language": "Ruby", "has_issues": true, "has_projects": true, "has_downloads": true, "has_wiki": true, "has_pages": false, "has_discussions": false, "forks_count": 1, "mirror_url": null, "archived": false, "disabled": false, "open_issues_count": 0, "license": null, "allow_forking": true, "is_template": false, "web_commit_signoff_required": false, "topics": [], "default_branch": "master", "permissions": {"admin": false, "maintain": false, "push": false, "triage": false, "pull": true}, "_id": 511380}, {"owner": {"type": "User", "site_admin": false}, "fork": false, "created_at": "2010-02-10T15:34:43Z", "updated_at": "2022-06-09T06:43:34Z", "pushed_at": "2014-01-22T19:05:40Z", "size": 357, "stargazers_count": 12, "watchers_count": 12, "language": "Java", "has_issues": true, "has_projects": true, "has_downloads": true, "has_wiki": false, "has_pages": false, "has_discussions": false, "forks_count": 7, "mirror_url": null, "archived": false, "disabled": false, "open_issues_count": 2, "license": {"key": "mit", "name": "MIT License", "spdx_id": "MIT", "url": "https://api.github.com/licenses/mit", "node_id": "MDc6TGljZW5zZTEz"}, "allow_forking": true, "is_template": false, "web_commit_signoff_required": false, "topics": [], "default_branch": "master", "permissions": {"admin": false, "maintain": false, "push": false, "triage": false, "pull": true}, "_id": 511400}, {"owner": {"type": "User", "site_admin": false}, "fork": false, "created_at": "2010-02-10T15:42:30Z", "updated_at": "2020-04-16T22:51:58Z", "pushed_at": "2019-03-03T19:32:18Z", "size": 446, "stargazers_count": 6, "watchers_count": 6, "language": "JavaScript", "has_issues": true, "has_projects": true, "has_downloads": true, "has_wiki": true, "has_pages": false, "has_discussions": false, "forks_count": 2, "mirror_url": null, "archived": true, "disabled": false, "open_issues_count": 0, "license": null, "allow_forking": true, "is_template": false, "web_commit_signoff_required": false, "topics": [], "default_branch": "master", "permissions": {"admin": false, "maintain": false, "push": false, "triage": false, "pull": true}, "_id": 511410}, {"owner": {"type": "User", "site_admin": false}, "fork": false, "created_at": "2010-02-10T15:43:12Z", "updated_at": "2021-12-02T12:46:55Z", "pushed_at": "2010-02-10T15:56:05Z", "size": 21796, "stargazers_count": 11, "watchers_count": 11, "language": "C", "has_issues": true, "has_projects": true, "has_downloads": true, "has_wiki": true, "has_pages": false, "has_discussions": false, "forks_count": 0, "mirror_url": null, "archived": true, "disabled": false, "open_issues_count": 1, "license": null, "allow_forking": true, "is_template": false, "web_commit_signoff_required": false, "topics": [], "default_branch": "master", "permissions": {"admin": false, "maintain": false, "push": false, "triage": false, "pull": true}, "_id": 511412}, {"owner": {"type": "User", "site_admin": false}, "fork": false, "created_at": "2010-02-10T15:50:34Z", "updated_at": "2021-10-22T15:38:05Z", "pushed_at": "2011-08-05T12:15:25Z", "size": 494, "stargazers_count": 58, "watchers_count": 58, "language": "Java", "has_issues": true, "has_projects": true, "has_downloads": true, "has_wiki": true, "has_pages": false, "has_discussions": false, "forks_count": 64, "mirror_url": null, "archived": false, "disabled": false, "open_issues_count": 0, "license": null, "allow_forking": true, "is_template": false, "web_commit_signoff_required": false, "topics": [], "default_branch": "master", "permissions": {"admin": false, "maintain": false, "push": false, "triage": false, "pull": true}, "_id": 511437}, {"owner": {"type": "User", "site_admin": false}, "fork": false, "created_at": "2010-02-10T16:02:39Z", "updated_at": "2015-04-30T01:50:58Z", "pushed_at": "2010-04-22T05:00:36Z", "size": 145, "stargazers_count": 6, "watchers_count": 6, "language": "Java", "has_issues": true, "has_projects": true, "has_downloads": true, "has_wiki": true, "has_pages": true, "has_discussions": false, "forks_count": 1, "mirror_url": null, "archived": false, "disabled": false, "open_issues_count": 0, "license": null, "allow_forking": true, "is_template": false, "web_commit_signoff_required": false, "topics": [], "default_branch": "eclair", "permissions": {"admin": false, "maintain": false, "push": false, "triage": false, "pull": true}, "_id": 511454}, {"owner": {"type": "User", "site_admin": false}, "fork": false, "created_at": "2010-02-10T16:16:51Z", "updated_at": "2019-07-14T15:49:16Z", "pushed_at": "2010-10-16T17:04:57Z", "size": 144, "stargazers_count": 10, "watchers_count": 10, "language": "JavaScript", "has_issues": true, "has_projects": true, "has_downloads": true, "has_wiki": true, "has_pages": false, "has_discussions": false, "forks_count": 2, "mirror_url": null, "archived": false, "disabled": false, "open_issues_count": 0, "license": null, "allow_forking": true, "is_template": false, "web_commit_signoff_required": false, "topics": [], "default_branch": "master", "permissions": {"admin": false, "maintain": false, "push": false, "triage": false, "pull": true}, "_id": 511482}, {"owner": {"type": "User", "site_admin": false}, "fork": false, "created_at": "2010-02-10T16:24:50Z", "updated_at": "2022-09-28T16:36:00Z", "pushed_at": "2022-11-02T10:36:23Z", "size": 1470, "stargazers_count": 216, "watchers_count": 216, "language": "Erlang", "has_issues": true, "has_projects": true, "has_downloads": true, "has_wiki": true, "has_pages": false, "has_discussions": false, "forks_count": 115, "mirror_url": null, "archived": false, "disabled": false, "open_issues_count": 6, "license": {"key": "apache-2.0", "name": "Apache License 2.0", "spdx_id": "Apache-2.0", "url": "https://api.github.com/licenses/apache-2.0", "node_id": "MDc6TGljZW5zZTI="}, "allow_forking": true, "is_template": false, "web_commit_signoff_required": false, "topics": [], "default_branch": "master", "permissions": {"admin": false, "maintain": false, "push": false, "triage": false, "pull": true}, "_id": 511506}, {"owner": {"type": "User", "site_admin": false}, "fork": false, "created_at": "2010-02-10T16:25:18Z", "updated_at": "2020-06-19T12:50:19Z", "pushed_at": "2020-06-19T12:50:16Z", "size": 147, "stargazers_count": 7, "watchers_count": 7, "language": "JavaScript", "has_issues": false, "has_projects": true, "has_downloads": true, "has_wiki": true, "has_pages": false, "has_discussions": false, "forks_count": 1, "mirror_url": null, "archived": false, "disabled": false, "open_issues_count": 0, "license": null, "allow_forking": true, "is_template": false, "web_commit_signoff_required": false, "topics": [], "default_branch": "master", "permissions": {"admin": false, "maintain": false, "push": false, "triage": false, "pull": true}, "_id": 511509}, {"owner": {"type": "User", "site_admin": false}, "fork": false, "created_at": "2010-02-10T16:27:55Z", "updated_at": "2018-09-05T18:35:20Z", "pushed_at": "2013-09-24T10:10:35Z", "size": 952, "stargazers_count": 15, "watchers_count": 15, "language": "Ruby", "has_issues": true, "has_projects": true, "has_downloads": true, "has_wiki": true, "has_pages": false, "has_discussions": false, "forks_count": 4, "mirror_url": null, "archived": false, "disabled": false, "open_issues_count": 1, "license": null, "allow_forking": true, "is_template": false, "web_commit_signoff_required": false, "topics": [], "default_branch": "master", "permissions": {"admin": false, "maintain": false, "push": false, "triage": false, "pull": true}, "_id": 511513}, {"owner": {"type": "User", "site_admin": false}, "fork": false, "created_at": "2010-02-10T16:41:50Z", "updated_at": "2022-08-26T10:14:07Z", "pushed_at": "2021-12-04T18:13:08Z", "size": 91, "stargazers_count": 102, "watchers_count": 102, "language": "C++", "has_issues": true, "has_projects": true, "has_downloads": true, "has_wiki": true, "has_pages": false, "has_discussions": false, "forks_count": 7, "mirror_url": null, "archived": false, "disabled": false, "open_issues_count": 0, "license": null, "allow_forking": true, "is_template": false, "web_commit_signoff_required": false, "topics": [], "default_branch": "master", "permissions": {"admin": false, "maintain": false, "push": false, "triage": false, "pull": true}, "_id": 511548}, {"owner": {"type": "User", "site_admin": false}, "fork": false, "created_at": "2010-02-10T16:45:58Z", "updated_at": "2020-07-20T19:18:23Z", "pushed_at": "2014-08-26T14:01:33Z", "size": 186, "stargazers_count": 7, "watchers_count": 7, "language": "Python", "has_issues": true, "has_projects": true, "has_downloads": true, "has_wiki": true, "has_pages": false, "has_discussions": false, "forks_count": 2, "mirror_url": null, "archived": false, "disabled": false, "open_issues_count": 0, "license": null, "allow_forking": true, "is_template": false, "web_commit_signoff_required": false, "topics": [], "default_branch": "master", "permissions": {"admin": false, "maintain": false, "push": false, "triage": false, "pull": true}, "_id": 511553}, {"owner": {"type": "User", "site_admin": false}, "fork": false, "created_at": "2010-02-10T16:57:24Z", "updated_at": "2018-07-26T00:54:58Z", "pushed_at": "2010-09-15T19:53:18Z", "size": 381, "stargazers_count": 15, "watchers_count": 15, "language": "PHP", "has_issues": true, "has_projects": true, "has_downloads": true, "has_wiki": true, "has_pages": false, "has_discussions": false, "forks_count": 4, "mirror_url": null, "archived": false, "disabled": false, "open_issues_count": 0, "license": {"key": "mit", "name": "MIT License", "spdx_id": "MIT", "url": "https://api.github.com/licenses/mit", "node_id": "MDc6TGljZW5zZTEz"}, "allow_forking": true, "is_template": false, "web_commit_signoff_required": false, "topics": [], "default_branch": "master", "permissions": {"admin": false, "maintain": false, "push": false, "triage": false, "pull": true}, "_id": 511573}, {"owner": {"type": "User", "site_admin": false}, "fork": false, "created_at": "2010-02-10T17:09:56Z", "updated_at": "2021-05-18T16:21:01Z", "pushed_at": "2014-03-30T03:55:28Z", "size": 385, "stargazers_count": 29, "watchers_count": 29, "language": "Java", "has_issues": true, "has_projects": true, "has_downloads": true, "has_wiki": true, "has_pages": false, "has_discussions": false, "forks_count": 2, "mirror_url": null, "archived": false, "disabled": false, "open_issues_count": 1, "license": null, "allow_forking": true, "is_template": false, "web_commit_signoff_required": false, "topics": [], "default_branch": "master", "permissions": {"admin": false, "maintain": false, "push": false, "triage": false, "pull": true}, "_id": 511601}, {"owner": {"type": "User", "site_admin": false}, "fork": false, "created_at": "2010-02-10T18:34:01Z", "updated_at": "2018-12-14T03:06:04Z", "pushed_at": "2011-04-09T22:50:59Z", "size": 187, "stargazers_count": 10, "watchers_count": 10, "language": "Python", "has_issues": true, "has_projects": true, "has_downloads": true, "has_wiki": true, "has_pages": false, "has_discussions": false, "forks_count": 1, "mirror_url": null, "archived": false, "disabled": false, "open_issues_count": 0, "license": null, "allow_forking": true, "is_template": false, "web_commit_signoff_required": false, "topics": [], "default_branch": "master", "permissions": {"admin": false, "maintain": false, "push": false, "triage": false, "pull": true}, "_id": 511767}, {"owner": {"type": "User", "site_admin": false}, "fork": false, "created_at": "2010-02-10T18:38:41Z", "updated_at": "2022-09-06T15:33:00Z", "pushed_at": "2022-06-29T20:22:17Z", "size": 437, "stargazers_count": 29, "watchers_count": 29, "language": "PHP", "has_issues": true, "has_projects": true, "has_downloads": true, "has_wiki": true, "has_pages": false, "has_discussions": false, "forks_count": 20, "mirror_url": null, "archived": false, "disabled": false, "open_issues_count": 30, "license": {"key": "gpl-3.0", "name": "GNU General Public License v3.0", "spdx_id": "GPL-3.0", "url": "https://api.github.com/licenses/gpl-3.0", "node_id": "MDc6TGljZW5zZTk="}, "allow_forking": true, "is_template": false, "web_commit_signoff_required": false, "topics": [], "default_branch": "master", "permissions": {"admin": false, "maintain": false, "push": false, "triage": false, "pull": true}, "_id": 511779}, {"owner": {"type": "User", "site_admin": false}, "fork": false, "created_at": "2010-02-10T18:58:10Z", "updated_at": "2020-09-22T11:03:21Z", "pushed_at": "2010-02-10T19:22:36Z", "size": 76, "stargazers_count": 11, "watchers_count": 11, "language": null, "has_issues": true, "has_projects": true, "has_downloads": true, "has_wiki": true, "has_pages": false, "has_discussions": false, "forks_count": 6, "mirror_url": null, "archived": false, "disabled": false, "open_issues_count": 0, "license": null, "allow_forking": true, "is_template": false, "web_commit_signoff_required": false, "topics": [], "default_branch": "master", "permissions": {"admin": false, "maintain": false, "push": false, "triage": false, "pull": true}, "_id": 511812}, {"owner": {"type": "User", "site_admin": false}, "fork": false, "created_at": "2010-02-10T19:02:37Z", "updated_at": "2020-12-02T10:33:42Z", "pushed_at": "2012-07-19T11:02:46Z", "size": 3065, "stargazers_count": 28, "watchers_count": 28, "language": "C#", "has_issues": true, "has_projects": true, "has_downloads": true, "has_wiki": true, "has_pages": false, "has_discussions": false, "forks_count": 9, "mirror_url": null, "archived": false, "disabled": false, "open_issues_count": 1, "license": null, "allow_forking": true, "is_template": false, "web_commit_signoff_required": false, "topics": [], "default_branch": "master", "permissions": {"admin": false, "maintain": false, "push": false, "triage": false, "pull": true}, "_id": 511816}, {"owner": {"type": "User", "site_admin": false}, "fork": false, "created_at": "2010-02-10T19:22:16Z", "updated_at": "2020-03-04T04:17:22Z", "pushed_at": "2016-10-09T19:02:07Z", "size": 14, "stargazers_count": 32, "watchers_count": 32, "language": "Ruby", "has_issues": true, "has_projects": true, "has_downloads": true, "has_wiki": true, "has_pages": false, "has_discussions": false, "forks_count": 5, "mirror_url": null, "archived": false, "disabled": false, "open_issues_count": 1, "license": {"key": "mit", "name": "MIT License", "spdx_id": "MIT", "url": "https://api.github.com/licenses/mit", "node_id": "MDc6TGljZW5zZTEz"}, "allow_forking": true, "is_template": false, "web_commit_signoff_required": false, "topics": [], "default_branch": "master", "permissions": {"admin": false, "maintain": false, "push": false, "triage": false, "pull": true}, "_id": 511843}, {"owner": {"type": "User", "site_admin": false}, "fork": false, "created_at": "2010-02-10T19:26:59Z", "updated_at": "2022-11-25T17:03:16Z", "pushed_at": "2022-06-16T08:05:19Z", "size": 400, "stargazers_count": 203, "watchers_count": 203, "language": "Clojure", "has_issues": true, "has_projects": true, "has_downloads": true, "has_wiki": true, "has_pages": true, "has_discussions": false, "forks_count": 20, "mirror_url": null, "archived": false, "disabled": false, "open_issues_count": 4, "license": {"key": "epl-1.0", "name": "Eclipse Public License 1.0", "spdx_id": "EPL-1.0", "url": "https://api.github.com/licenses/epl-1.0", "node_id": "MDc6TGljZW5zZTc="}, "allow_forking": true, "is_template": false, "web_commit_signoff_required": false, "topics": [], "default_branch": "master", "permissions": {"admin": false, "maintain": false, "push": false, "triage": false, "pull": true}, "_id": 511849}, {"owner": {"type": "User", "site_admin": false}, "fork": false, "created_at": "2010-02-10T19:29:56Z", "updated_at": "2022-10-14T22:10:56Z", "pushed_at": "2010-07-05T19:39:50Z", "size": 532, "stargazers_count": 446, "watchers_count": 446, "language": "Ruby", "has_issues": true, "has_projects": true, "has_downloads": true, "has_wiki": true, "has_pages": false, "has_discussions": false, "forks_count": 11, "mirror_url": null, "archived": false, "disabled": false, "open_issues_count": 5, "license": {"key": "mit", "name": "MIT License", "spdx_id": "MIT", "url": "https://api.github.com/licenses/mit", "node_id": "MDc6TGljZW5zZTEz"}, "allow_forking": true, "is_template": false, "web_commit_signoff_required": false, "topics": [], "default_branch": "master", "permissions": {"admin": false, "maintain": false, "push": false, "triage": false, "pull": true}, "_id": 511859}, {"owner": {"type": "User", "site_admin": false}, "fork": false, "created_at": "2010-02-10T19:33:32Z", "updated_at": "2022-03-29T21:33:43Z", "pushed_at": "2010-04-01T16:45:52Z", "size": 173, "stargazers_count": 169, "watchers_count": 169, "language": "Ruby", "has_issues": true, "has_projects": true, "has_downloads": true, "has_wiki": true, "has_pages": false, "has_discussions": false, "forks_count": 8, "mirror_url": null, "archived": false, "disabled": false, "open_issues_count": 3, "license": {"key": "mit", "name": "MIT License", "spdx_id": "MIT", "url": "https://api.github.com/licenses/mit", "node_id": "MDc6TGljZW5zZTEz"}, "allow_forking": true, "is_template": false, "web_commit_signoff_required": false, "topics": [], "default_branch": "master", "permissions": {"admin": false, "maintain": false, "push": false, "triage": false, "pull": true}, "_id": 511871}, {"owner": {"type": "User", "site_admin": false}, "fork": false, "created_at": "2010-02-10T19:45:24Z", "updated_at": "2020-05-08T23:18:21Z", "pushed_at": "2014-12-09T04:39:10Z", "size": 204, "stargazers_count": 36, "watchers_count": 36, "language": "Makefile", "has_issues": true, "has_projects": true, "has_downloads": true, "has_wiki": true, "has_pages": false, "has_discussions": false, "forks_count": 2, "mirror_url": null, "archived": false, "disabled": false, "open_issues_count": 6, "license": null, "allow_forking": true, "is_template": false, "web_commit_signoff_required": false, "topics": [], "default_branch": "master", "permissions": {"admin": false, "maintain": false, "push": false, "triage": false, "pull": true}, "_id": 511884}, {"owner": {"type": "User", "site_admin": false}, "fork": false, "created_at": "2010-02-10T19:54:27Z", "updated_at": "2022-10-11T05:14:09Z", "pushed_at": "2021-03-23T15:23:59Z", "size": 254, "stargazers_count": 157, "watchers_count": 157, "language": "Ruby", "has_issues": true, "has_projects": true, "has_downloads": true, "has_wiki": true, "has_pages": false, "has_discussions": false, "forks_count": 29, "mirror_url": null, "archived": false, "disabled": false, "open_issues_count": 5, "license": null, "allow_forking": true, "is_template": false, "web_commit_signoff_required": false, "topics": [], "default_branch": "master", "permissions": {"admin": false, "maintain": false, "push": false, "triage": false, "pull": true}, "_id": 511892}, {"owner": {"type": "User", "site_admin": false}, "fork": false, "created_at": "2010-02-10T20:04:49Z", "updated_at": "2022-07-29T23:11:02Z", "pushed_at": "2010-07-27T17:53:37Z", "size": 8752, "stargazers_count": 27, "watchers_count": 27, "language": "JavaScript", "has_issues": true, "has_projects": true, "has_downloads": true, "has_wiki": true, "has_pages": false, "has_discussions": false, "forks_count": 4, "mirror_url": null, "archived": false, "disabled": false, "open_issues_count": 0, "license": {"key": "mit", "name": "MIT License", "spdx_id": "MIT", "url": "https://api.github.com/licenses/mit", "node_id": "MDc6TGljZW5zZTEz"}, "allow_forking": true, "is_template": false, "web_commit_signoff_required": false, "topics": [], "default_branch": "master", "permissions": {"admin": false, "maintain": false, "push": false, "triage": false, "pull": true}, "_id": 511912}, {"owner": {"type": "User", "site_admin": false}, "fork": false, "created_at": "2010-02-10T20:06:32Z", "updated_at": "2022-11-18T15:18:23Z", "pushed_at": "2022-11-15T13:45:07Z", "size": 1230739, "stargazers_count": 156, "watchers_count": 156, "language": "Ruby", "has_issues": true, "has_projects": true, "has_downloads": true, "has_wiki": false, "has_pages": false, "has_discussions": false, "forks_count": 296, "mirror_url": null, "archived": false, "disabled": false, "open_issues_count": 27, "license": {"key": "apache-2.0", "name": "Apache License 2.0", "spdx_id": "Apache-2.0", "url": "https://api.github.com/licenses/apache-2.0", "node_id": "MDc6TGljZW5zZTI="}, "allow_forking": true, "is_template": false, "web_commit_signoff_required": false, "topics": [], "default_branch": "master", "permissions": {"admin": false, "maintain": false, "push": false, "triage": false, "pull": true}, "_id": 511916}, {"owner": {"type": "User", "site_admin": false}, "fork": false, "created_at": "2010-02-10T20:12:52Z", "updated_at": "2015-01-11T02:59:29Z", "pushed_at": "2010-05-05T22:47:16Z", "size": 89, "stargazers_count": 11, "watchers_count": 11, "language": "Python", "has_issues": true, "has_projects": true, "has_downloads": true, "has_wiki": true, "has_pages": false, "has_discussions": false, "forks_count": 2, "mirror_url": null, "archived": false, "disabled": false, "open_issues_count": 1, "license": null, "allow_forking": true, "is_template": false, "web_commit_signoff_required": false, "topics": [], "default_branch": "master", "permissions": {"admin": false, "maintain": false, "push": false, "triage": false, "pull": true}, "_id": 511927}, {"owner": {"type": "User", "site_admin": false}, "fork": false, "created_at": "2010-02-10T20:39:06Z", "updated_at": "2021-06-13T16:14:42Z", "pushed_at": "2010-07-26T09:01:26Z", "size": 1707, "stargazers_count": 9, "watchers_count": 9, "language": "Python", "has_issues": true, "has_projects": true, "has_downloads": true, "has_wiki": true, "has_pages": false, "has_discussions": false, "forks_count": 2, "mirror_url": null, "archived": true, "disabled": false, "open_issues_count": 0, "license": null, "allow_forking": true, "is_template": false, "web_commit_signoff_required": false, "topics": [], "default_branch": "master", "permissions": {"admin": false, "maintain": false, "push": false, "triage": false, "pull": true}, "_id": 511959}, {"owner": {"type": "User", "site_admin": false}, "fork": false, "created_at": "2010-02-10T20:56:12Z", "updated_at": "2013-11-22T09:54:56Z", "pushed_at": "2010-07-16T21:27:06Z", "size": 161, "stargazers_count": 17, "watchers_count": 17, "language": "Python", "has_issues": true, "has_projects": true, "has_downloads": true, "has_wiki": false, "has_pages": false, "has_discussions": false, "forks_count": 5, "mirror_url": null, "archived": false, "disabled": false, "open_issues_count": 0, "license": null, "allow_forking": true, "is_template": false, "web_commit_signoff_required": false, "topics": [], "default_branch": "master", "permissions": {"admin": false, "maintain": false, "push": false, "triage": false, "pull": true}, "_id": 511997}, {"owner": {"type": "User", "site_admin": false}, "fork": false, "created_at": "2010-02-10T20:56:24Z", "updated_at": "2021-10-27T13:52:40Z", "pushed_at": "2010-02-17T23:30:56Z", "size": 89, "stargazers_count": 39, "watchers_count": 39, "language": "C", "has_issues": true, "has_projects": true, "has_downloads": true, "has_wiki": true, "has_pages": false, "has_discussions": false, "forks_count": 6, "mirror_url": null, "archived": false, "disabled": false, "open_issues_count": 2, "license": null, "allow_forking": true, "is_template": false, "web_commit_signoff_required": false, "topics": [], "default_branch": "master", "permissions": {"admin": false, "maintain": false, "push": false, "triage": false, "pull": true}, "_id": 512000}, {"owner": {"type": "User", "site_admin": false}, "fork": false, "created_at": "2010-02-10T21:27:07Z", "updated_at": "2022-02-02T03:10:09Z", "pushed_at": "2016-01-07T22:40:55Z", "size": 40, "stargazers_count": 23, "watchers_count": 23, "language": "Python", "has_issues": true, "has_projects": true, "has_downloads": true, "has_wiki": true, "has_pages": false, "has_discussions": false, "forks_count": 9, "mirror_url": null, "archived": false, "disabled": false, "open_issues_count": 0, "license": null, "allow_forking": true, "is_template": false, "web_commit_signoff_required": false, "topics": [], "default_branch": "master", "permissions": {"admin": false, "maintain": false, "push": false, "triage": false, "pull": true}, "_id": 512053}, {"owner": {"type": "User", "site_admin": false}, "fork": false, "created_at": "2010-02-10T21:31:38Z", "updated_at": "2022-04-23T12:11:49Z", "pushed_at": "2010-02-16T23:21:00Z", "size": 101, "stargazers_count": 9, "watchers_count": 9, "language": "JavaScript", "has_issues": true, "has_projects": true, "has_downloads": false, "has_wiki": false, "has_pages": false, "has_discussions": false, "forks_count": 5, "mirror_url": null, "archived": false, "disabled": false, "open_issues_count": 1, "license": null, "allow_forking": true, "is_template": false, "web_commit_signoff_required": false, "topics": [], "default_branch": "master", "permissions": {"admin": false, "maintain": false, "push": false, "triage": false, "pull": true}, "_id": 512060}, {"owner": {"type": "User", "site_admin": false}, "fork": false, "created_at": "2010-02-10T21:46:03Z", "updated_at": "2019-03-07T08:22:38Z", "pushed_at": "2011-10-28T11:53:49Z", "size": 75, "stargazers_count": 11, "watchers_count": 11, "language": "JavaScript", "has_issues": true, "has_projects": true, "has_downloads": true, "has_wiki": true, "has_pages": false, "has_discussions": false, "forks_count": 7, "mirror_url": null, "archived": false, "disabled": false, "open_issues_count": 0, "license": {"key": "bsd-3-clause", "name": "BSD 3-Clause \"New\" or \"Revised\" License", "spdx_id": "BSD-3-Clause", "url": "https://api.github.com/licenses/bsd-3-clause", "node_id": "MDc6TGljZW5zZTU="}, "allow_forking": true, "is_template": false, "web_commit_signoff_required": false, "topics": [], "default_branch": "master", "permissions": {"admin": false, "maintain": false, "push": false, "triage": false, "pull": true}, "_id": 512083}, {"owner": {"type": "User", "site_admin": false}, "fork": false, "created_at": "2010-02-10T21:50:56Z", "updated_at": "2013-10-06T12:39:23Z", "pushed_at": "2010-02-23T04:15:31Z", "size": 116, "stargazers_count": 7, "watchers_count": 7, "language": "JavaScript", "has_issues": true, "has_projects": true, "has_downloads": true, "has_wiki": true, "has_pages": false, "has_discussions": false, "forks_count": 0, "mirror_url": null, "archived": false, "disabled": false, "open_issues_count": 0, "license": {"key": "mit", "name": "MIT License", "spdx_id": "MIT", "url": "https://api.github.com/licenses/mit", "node_id": "MDc6TGljZW5zZTEz"}, "allow_forking": true, "is_template": false, "web_commit_signoff_required": false, "topics": [], "default_branch": "master", "permissions": {"admin": false, "maintain": false, "push": false, "triage": false, "pull": true}, "_id": 512099}, {"owner": {"type": "User", "site_admin": false}, "fork": false, "created_at": "2010-02-10T22:04:14Z", "updated_at": "2022-09-10T08:12:19Z", "pushed_at": "2022-08-23T08:49:28Z", "size": 238, "stargazers_count": 15, "watchers_count": 15, "language": "C", "has_issues": true, "has_projects": true, "has_downloads": true, "has_wiki": true, "has_pages": true, "has_discussions": false, "forks_count": 6, "mirror_url": null, "archived": false, "disabled": false, "open_issues_count": 0, "license": null, "allow_forking": true, "is_template": false, "web_commit_signoff_required": false, "topics": [], "default_branch": "master", "permissions": {"admin": false, "maintain": false, "push": false, "triage": false, "pull": true}, "_id": 512117}, {"owner": {"type": "User", "site_admin": false}, "fork": false, "created_at": "2010-02-10T22:11:51Z", "updated_at": "2019-12-25T09:20:59Z", "pushed_at": "2010-06-07T15:58:37Z", "size": 142, "stargazers_count": 7, "watchers_count": 7, "language": "Ruby", "has_issues": true, "has_projects": true, "has_downloads": true, "has_wiki": true, "has_pages": false, "has_discussions": false, "forks_count": 0, "mirror_url": null, "archived": false, "disabled": false, "open_issues_count": 0, "license": null, "allow_forking": true, "is_template": false, "web_commit_signoff_required": false, "topics": [], "default_branch": "master", "permissions": {"admin": false, "maintain": false, "push": false, "triage": false, "pull": true}, "_id": 512126}, {"owner": {"type": "User", "site_admin": false}, "fork": false, "created_at": "2010-02-10T22:15:05Z", "updated_at": "2016-10-08T15:53:16Z", "pushed_at": "2014-11-07T18:44:09Z", "size": 870, "stargazers_count": 6, "watchers_count": 6, "language": "Ruby", "has_issues": true, "has_projects": true, "has_downloads": true, "has_wiki": true, "has_pages": true, "has_discussions": false, "forks_count": 5, "mirror_url": null, "archived": false, "disabled": false, "open_issues_count": 0, "license": null, "allow_forking": true, "is_template": false, "web_commit_signoff_required": false, "topics": [], "default_branch": "master", "permissions": {"admin": false, "maintain": false, "push": false, "triage": false, "pull": true}, "_id": 512128}, {"owner": {"type": "User", "site_admin": false}, "fork": false, "created_at": "2010-02-10T22:18:51Z", "updated_at": "2022-01-13T21:57:43Z", "pushed_at": "2021-10-29T23:40:24Z", "size": 1321, "stargazers_count": 33, "watchers_count": 33, "language": "C", "has_issues": true, "has_projects": true, "has_downloads": true, "has_wiki": true, "has_pages": false, "has_discussions": false, "forks_count": 19, "mirror_url": null, "archived": false, "disabled": false, "open_issues_count": 9, "license": {"key": "other", "name": "Other", "spdx_id": "NOASSERTION", "url": null, "node_id": "MDc6TGljZW5zZTA="}, "allow_forking": true, "is_template": false, "web_commit_signoff_required": false, "topics": [], "default_branch": "widechar", "permissions": {"admin": false, "maintain": false, "push": false, "triage": false, "pull": true}, "_id": 512136}, {"owner": {"type": "User", "site_admin": false}, "fork": false, "created_at": "2010-02-10T22:24:46Z", "updated_at": "2021-05-04T01:11:18Z", "pushed_at": "2018-03-09T10:20:40Z", "size": 171, "stargazers_count": 23, "watchers_count": 23, "language": "Ruby", "has_issues": true, "has_projects": true, "has_downloads": true, "has_wiki": true, "has_pages": false, "has_discussions": false, "forks_count": 10, "mirror_url": null, "archived": false, "disabled": false, "open_issues_count": 1, "license": null, "allow_forking": true, "is_template": false, "web_commit_signoff_required": false, "topics": [], "default_branch": "github", "permissions": {"admin": false, "maintain": false, "push": false, "triage": false, "pull": true}, "_id": 512147}, {"owner": {"type": "User", "site_admin": false}, "fork": false, "created_at": "2010-02-10T22:34:45Z", "updated_at": "2020-11-14T11:46:03Z", "pushed_at": "2011-04-06T21:14:13Z", "size": 2434, "stargazers_count": 8, "watchers_count": 8, "language": "Java", "has_issues": true, "has_projects": true, "has_downloads": true, "has_wiki": true, "has_pages": false, "has_discussions": false, "forks_count": 2, "mirror_url": null, "archived": false, "disabled": false, "open_issues_count": 0, "license": null, "allow_forking": true, "is_template": false, "web_commit_signoff_required": false, "topics": [], "default_branch": "master", "permissions": {"admin": false, "maintain": false, "push": false, "triage": false, "pull": true}, "_id": 512161}, {"owner": {"type": "User", "site_admin": false}, "fork": false, "created_at": "2010-02-10T22:54:41Z", "updated_at": "2022-05-17T01:05:39Z", "pushed_at": "2014-12-02T11:35:18Z", "size": 499, "stargazers_count": 127, "watchers_count": 127, "language": "Ruby", "has_issues": true, "has_projects": true, "has_downloads": true, "has_wiki": false, "has_pages": false, "has_discussions": false, "forks_count": 9, "mirror_url": null, "archived": true, "disabled": false, "open_issues_count": 2, "license": null, "allow_forking": true, "is_template": false, "web_commit_signoff_required": false, "topics": [], "default_branch": "master", "permissions": {"admin": false, "maintain": false, "push": false, "triage": false, "pull": true}, "_id": 512188}, {"owner": {"type": "User", "site_admin": false}, "fork": false, "created_at": "2010-02-10T23:03:40Z", "updated_at": "2022-11-17T12:01:44Z", "pushed_at": "2010-12-25T22:10:40Z", "size": 828, "stargazers_count": 18, "watchers_count": 18, "language": "Python", "has_issues": true, "has_projects": true, "has_downloads": true, "has_wiki": true, "has_pages": false, "has_discussions": false, "forks_count": 1, "mirror_url": null, "archived": false, "disabled": false, "open_issues_count": 3, "license": null, "allow_forking": true, "is_template": false, "web_commit_signoff_required": false, "topics": [], "default_branch": "master", "permissions": {"admin": false, "maintain": false, "push": false, "triage": false, "pull": true}, "_id": 512199}, {"owner": {"type": "User", "site_admin": false}, "fork": false, "created_at": "2010-02-10T23:15:19Z", "updated_at": "2021-06-25T21:15:02Z", "pushed_at": "2012-05-24T20:38:12Z", "size": 516, "stargazers_count": 13, "watchers_count": 13, "language": "ActionScript", "has_issues": true, "has_projects": true, "has_downloads": true, "has_wiki": true, "has_pages": true, "has_discussions": false, "forks_count": 2, "mirror_url": null, "archived": false, "disabled": false, "open_issues_count": 0, "license": null, "allow_forking": true, "is_template": false, "web_commit_signoff_required": false, "topics": [], "default_branch": "master", "permissions": {"admin": false, "maintain": false, "push": false, "triage": false, "pull": true}, "_id": 512216}, {"owner": {"type": "User", "site_admin": false}, "fork": false, "created_at": "2010-02-10T23:39:29Z", "updated_at": "2021-12-10T08:56:17Z", "pushed_at": "2021-12-10T08:56:13Z", "size": 9, "stargazers_count": 6, "watchers_count": 6, "language": "Erlang", "has_issues": true, "has_projects": true, "has_downloads": true, "has_wiki": true, "has_pages": false, "has_discussions": false, "forks_count": 0, "mirror_url": null, "archived": false, "disabled": false, "open_issues_count": 0, "license": {"key": "mit", "name": "MIT License", "spdx_id": "MIT", "url": "https://api.github.com/licenses/mit", "node_id": "MDc6TGljZW5zZTEz"}, "allow_forking": true, "is_template": false, "web_commit_signoff_required": false, "topics": [], "default_branch": "master", "permissions": {"admin": false, "maintain": false, "push": false, "triage": false, "pull": true}, "_id": 512259}, {"owner": {"type": "User", "site_admin": false}, "fork": false, "created_at": "2010-02-10T23:50:54Z", "updated_at": "2022-03-03T22:35:04Z", "pushed_at": "2012-05-29T13:31:36Z", "size": 116, "stargazers_count": 14, "watchers_count": 14, "language": "Ruby", "has_issues": true, "has_projects": true, "has_downloads": true, "has_wiki": true, "has_pages": false, "has_discussions": false, "forks_count": 0, "mirror_url": null, "archived": false, "disabled": false, "open_issues_count": 0, "license": {"key": "gpl-3.0", "name": "GNU General Public License v3.0", "spdx_id": "GPL-3.0", "url": "https://api.github.com/licenses/gpl-3.0", "node_id": "MDc6TGljZW5zZTk="}, "allow_forking": true, "is_template": false, "web_commit_signoff_required": false, "topics": [], "default_branch": "master", "permissions": {"admin": false, "maintain": false, "push": false, "triage": false, "pull": true}, "_id": 512277}, {"owner": {"type": "Organization", "site_admin": false}, "fork": false, "created_at": "2010-02-10T23:57:57Z", "updated_at": "2022-11-25T00:27:51Z", "pushed_at": "2022-11-25T13:19:30Z", "size": 354363, "stargazers_count": 2703, "watchers_count": 2703, "language": "HTML", "has_issues": true, "has_projects": true, "has_downloads": true, "has_wiki": true, "has_pages": false, "has_discussions": false, "forks_count": 964, "mirror_url": null, "archived": false, "disabled": false, "open_issues_count": 283, "license": {"key": "apache-2.0", "name": "Apache License 2.0", "spdx_id": "Apache-2.0", "url": "https://api.github.com/licenses/apache-2.0", "node_id": "MDc6TGljZW5zZTI="}, "allow_forking": true, "is_template": false, "web_commit_signoff_required": false, "topics": ["grails", "groovy"], "default_branch": "6.0.x", "permissions": {"admin": false, "maintain": false, "push": false, "triage": false, "pull": true}, "_id": 512295}, {"owner": {"type": "Organization", "site_admin": false}, "fork": false, "created_at": "2010-02-10T23:59:05Z", "updated_at": "2022-11-06T16:37:29Z", "pushed_at": "2022-11-15T04:22:26Z", "size": 524232, "stargazers_count": 196, "watchers_count": 196, "language": "Groovy", "has_issues": true, "has_projects": false, "has_downloads": true, "has_wiki": false, "has_pages": true, "has_discussions": false, "forks_count": 512, "mirror_url": null, "archived": false, "disabled": false, "open_issues_count": 34, "license": null, "allow_forking": true, "is_template": false, "web_commit_signoff_required": false, "topics": [], "default_branch": "5.2.x", "permissions": {"admin": false, "maintain": false, "push": false, "triage": false, "pull": true}, "_id": 512298}, {"owner": {"type": "Organization", "site_admin": false}, "fork": false, "created_at": "2010-02-10T23:59:29Z", "updated_at": "2022-07-06T13:31:28Z", "pushed_at": "2015-09-26T01:23:53Z", "size": 1377, "stargazers_count": 144, "watchers_count": 144, "language": "Groovy", "has_issues": true, "has_projects": true, "has_downloads": true, "has_wiki": true, "has_pages": true, "has_discussions": false, "forks_count": 46, "mirror_url": null, "archived": false, "disabled": false, "open_issues_count": 36, "license": null, "allow_forking": true, "is_template": false, "web_commit_signoff_required": false, "topics": [], "default_branch": "master", "permissions": {"admin": false, "maintain": false, "push": false, "triage": false, "pull": true}, "_id": 512300}]