[{"owner": {"type": "User", "site_admin": false}, "fork": false, "created_at": "2011-12-25T00:05:30Z", "updated_at": "2022-04-16T15:25:40Z", "pushed_at": "2014-11-27T01:41:17Z", "size": 2180, "stargazers_count": 130, "watchers_count": 130, "language": "Clojure", "has_issues": true, "has_projects": true, "has_downloads": true, "has_wiki": true, "has_pages": false, "has_discussions": false, "forks_count": 30, "mirror_url": null, "archived": false, "disabled": false, "open_issues_count": 25, "license": null, "allow_forking": true, "is_template": false, "web_commit_signoff_required": false, "topics": [], "default_branch": "master", "permissions": {"admin": false, "maintain": false, "push": false, "triage": false, "pull": true}, "_id": 3046474}, {"owner": {"type": "User", "site_admin": false}, "fork": false, "created_at": "2011-12-25T00:12:01Z", "updated_at": "2021-05-16T04:35:40Z", "pushed_at": "2015-12-30T14:33:40Z", "size": 954, "stargazers_count": 6, "watchers_count": 6, "language": "HTML", "has_issues": true, "has_projects": true, "has_downloads": true, "has_wiki": false, "has_pages": true, "has_discussions": false, "forks_count": 2, "mirror_url": null, "archived": false, "disabled": false, "open_issues_count": 3, "license": null, "allow_forking": true, "is_template": false, "web_commit_signoff_required": false, "topics": [], "default_branch": "gh-pages", "permissions": {"admin": false, "maintain": false, "push": false, "triage": false, "pull": true}, "_id": 3046490}, {"owner": {"type": "User", "site_admin": false}, "fork": false, "created_at": "2011-12-25T00:17:06Z", "updated_at": "2022-11-07T02:11:15Z", "pushed_at": "2022-08-17T19:23:22Z", "size": 3490, "stargazers_count": 407, "watchers_count": 407, "language": "Haskell", "has_issues": true, "has_projects": true, "has_downloads": true, "has_wiki": false, "has_pages": false, "has_discussions": false, "forks_count": 76, "mirror_url": null, "archived": false, "disabled": false, "open_issues_count": 53, "license": {"key": "other", "name": "Other", "spdx_id": "NOASSERTION", "url": null, "node_id": "MDc6TGljZW5zZTA="}, "allow_forking": true, "is_template": false, "web_commit_signoff_required": false, "topics": ["gui", "haskell", "javascript"], "default_branch": "master", "permissions": {"admin": false, "maintain": false, "push": false, "triage": false, "pull": true}, "_id": 3046496}, {"owner": {"type": "User", "site_admin": false}, "fork": false, "created_at": "2011-12-25T00:27:32Z", "updated_at": "2021-03-02T04:36:56Z", "pushed_at": "2016-01-31T21:06:10Z", "size": 1477, "stargazers_count": 7, "watchers_count": 7, "language": "C++", "has_issues": true, "has_projects": true, "has_downloads": true, "has_wiki": true, "has_pages": false, "has_discussions": false, "forks_count": 0, "mirror_url": null, "archived": false, "disabled": false, "open_issues_count": 0, "license": null, "allow_forking": true, "is_template": false, "web_commit_signoff_required": false, "topics": [], "default_branch": "master", "permissions": {"admin": false, "maintain": false, "push": false, "triage": false, "pull": true}, "_id": 3046506}, {"owner": {"type": "User", "site_admin": false}, "fork": false, "created_at": "2011-12-25T00:29:07Z", "updated_at": "2022-11-14T15:49:55Z", "pushed_at": "2022-08-12T04:03:39Z", "size": 4383, "stargazers_count": 3110, "watchers_count": 3110, "language": "JavaScript", "has_issues": true, "has_projects": true, "has_downloads": true, "has_wiki": false, "has_pages": false, "has_discussions": false, "forks_count": 403, "mirror_url": null, "archived": false, "disabled": false, "open_issues_count": 34, "license": {"key": "mit", "name": "MIT License", "spdx_id": "MIT", "url": "https://api.github.com/licenses/mit", "node_id": "MDc6TGljZW5zZTEz"}, "allow_forking": true, "is_template": false, "web_commit_signoff_required": false, "topics": [], "default_branch": "master", "permissions": {"admin": false, "maintain": false, "push": false, "triage": false, "pull": true}, "_id": 3046507}, {"owner": {"type": "User", "site_admin": false}, "fork": false, "created_at": "2011-12-25T00:34:11Z", "updated_at": "2022-08-28T11:47:42Z", "pushed_at": "2013-04-02T22:13:08Z", "size": 455, "stargazers_count": 490, "watchers_count": 490, "language": "JavaScript", "has_issues": true, "has_projects": true, "has_downloads": true, "has_wiki": true, "has_pages": false, "has_discussions": false, "forks_count": 178, "mirror_url": null, "archived": false, "disabled": false, "open_issues_count": 8, "license": null, "allow_forking": true, "is_template": false, "web_commit_signoff_required": false, "topics": [], "default_branch": "master", "permissions": {"admin": false, "maintain": false, "push": false, "triage": false, "pull": true}, "_id": 3046519}, {"owner": {"type": "Organization", "site_admin": false}, "fork": false, "created_at": "2011-12-25T00:53:57Z", "updated_at": "2022-05-25T10:14:56Z", "pushed_at": "2019-07-17T19:04:42Z", "size": 329, "stargazers_count": 19, "watchers_count": 19, "language": null, "has_issues": true, "has_projects": true, "has_downloads": true, "has_wiki": false, "has_pages": false, "has_discussions": false, "forks_count": 17, "mirror_url": null, "archived": false, "disabled": false, "open_issues_count": 1, "license": {"key": "other", "name": "Other", "spdx_id": "NOASSERTION", "url": null, "node_id": "MDc6TGljZW5zZTA="}, "allow_forking": true, "is_template": false, "web_commit_signoff_required": false, "topics": [], "default_branch": "master", "permissions": {"admin": false, "maintain": false, "push": false, "triage": false, "pull": true}, "_id": 3046560}, {"owner": {"type": "Organization", "site_admin": false}, "fork": false, "created_at": "2011-12-25T00:54:59Z", "updated_at": "2022-09-04T10:25:38Z", "pushed_at": "2019-02-07T09:51:18Z", "size": 43608, "stargazers_count": 270, "watchers_count": 270, "language": "C", "has_issues": true, "has_projects": true, "has_downloads": true, "has_wiki": true, "has_pages": false, "has_discussions": false, "forks_count": 52, "mirror_url": null, "archived": false, "disabled": false, "open_issues_count": 28, "license": {"key": "other", "name": "Other", "spdx_id": "NOASSERTION", "url": null, "node_id": "MDc6TGljZW5zZTA="}, "allow_forking": true, "is_template": false, "web_commit_signoff_required": false, "topics": [], "default_branch": "master", "permissions": {"admin": false, "maintain": false, "push": false, "triage": false, "pull": true}, "_id": 3046562}, {"owner": {"type": "User", "site_admin": false}, "fork": false, "created_at": "2011-12-25T00:57:44Z", "updated_at": "2022-11-22T17:26:11Z", "pushed_at": "2022-06-27T12:05:29Z", "size": 72, "stargazers_count": 436, "watchers_count": 436, "language": "Python", "has_issues": true, "has_projects": false, "has_downloads": true, "has_wiki": false, "has_pages": false, "has_discussions": false, "forks_count": 73, "mirror_url": null, "archived": false, "disabled": false, "open_issues_count": 10, "license": {"key": "gpl-3.0", "name": "GNU General Public License v3.0", "spdx_id": "GPL-3.0", "url": "https://api.github.com/licenses/gpl-3.0", "node_id": "MDc6TGljZW5zZTk="}, "allow_forking": true, "is_template": false, "web_commit_signoff_required": false, "topics": ["extraction", "python", "renpy", "rpa", "visual-novels"], "default_branch": "master", "permissions": {"admin": false, "maintain": false, "push": false, "triage": false, "pull": true}, "_id": 3046568}, {"owner": {"type": "User", "site_admin": false}, "fork": false, "created_at": "2011-12-25T01:19:24Z", "updated_at": "2015-01-03T04:50:02Z", "pushed_at": "2012-06-07T13:09:48Z", "size": 7016, "stargazers_count": 10, "watchers_count": 10, "language": "Scala", "has_issues": true, "has_projects": true, "has_downloads": true, "has_wiki": true, "has_pages": false, "has_discussions": false, "forks_count": 1, "mirror_url": null, "archived": false, "disabled": false, "open_issues_count": 0, "license": null, "allow_forking": true, "is_template": false, "web_commit_signoff_required": false, "topics": [], "default_branch": "master", "permissions": {"admin": false, "maintain": false, "push": false, "triage": false, "pull": true}, "_id": 3046600}, {"owner": {"type": "Organization", "site_admin": false}, "fork": false, "created_at": "2011-12-25T01:37:59Z", "updated_at": "2022-11-01T04:03:19Z", "pushed_at": "2012-02-21T06:22:17Z", "size": 16248, "stargazers_count": 8, "watchers_count": 8, "language": "C", "has_issues": true, "has_projects": true, "has_downloads": true, "has_wiki": true, "has_pages": false, "has_discussions": false, "forks_count": 4, "mirror_url": null, "archived": true, "disabled": false, "open_issues_count": 4, "license": null, "allow_forking": true, "is_template": false, "web_commit_signoff_required": false, "topics": [], "default_branch": "master", "permissions": {"admin": false, "maintain": false, "push": false, "triage": false, "pull": true}, "_id": 3046634}, {"owner": {"type": "User", "site_admin": false}, "fork": false, "created_at": "2011-12-25T02:29:37Z", "updated_at": "2018-01-06T23:07:16Z", "pushed_at": "2011-12-25T02:29:56Z", "size": 213, "stargazers_count": 19, "watchers_count": 19, "language": "Objective-C", "has_issues": true, "has_projects": true, "has_downloads": true, "has_wiki": true, "has_pages": false, "has_discussions": false, "forks_count": 6, "mirror_url": null, "archived": false, "disabled": false, "open_issues_count": 0, "license": null, "allow_forking": true, "is_template": false, "web_commit_signoff_required": false, "topics": [], "default_branch": "master", "permissions": {"admin": false, "maintain": false, "push": false, "triage": false, "pull": true}, "_id": 3046714}, {"owner": {"type": "User", "site_admin": false}, "fork": false, "created_at": "2011-12-25T02:56:49Z", "updated_at": "2022-05-06T18:35:42Z", "pushed_at": "2020-06-08T11:57:22Z", "size": 34, "stargazers_count": 29, "watchers_count": 29, "language": "C", "has_issues": true, "has_projects": true, "has_downloads": true, "has_wiki": true, "has_pages": false, "has_discussions": false, "forks_count": 5, "mirror_url": null, "archived": false, "disabled": false, "open_issues_count": 1, "license": null, "allow_forking": true, "is_template": false, "web_commit_signoff_required": false, "topics": [], "default_branch": "master", "permissions": {"admin": false, "maintain": false, "push": false, "triage": false, "pull": true}, "_id": 3046763}, {"owner": {"type": "User", "site_admin": false}, "fork": false, "created_at": "2011-12-25T03:09:56Z", "updated_at": "2020-08-05T01:53:06Z", "pushed_at": "2012-09-14T09:58:42Z", "size": 108, "stargazers_count": 10, "watchers_count": 10, "language": "PHP", "has_issues": true, "has_projects": true, "has_downloads": true, "has_wiki": true, "has_pages": false, "has_discussions": false, "forks_count": 5, "mirror_url": null, "archived": false, "disabled": false, "open_issues_count": 0, "license": {"key": "mit", "name": "MIT License", "spdx_id": "MIT", "url": "https://api.github.com/licenses/mit", "node_id": "MDc6TGljZW5zZTEz"}, "allow_forking": true, "is_template": false, "web_commit_signoff_required": false, "topics": [], "default_branch": "master", "permissions": {"admin": false, "maintain": false, "push": false, "triage": false, "pull": true}, "_id": 3046785}, {"owner": {"type": "User", "site_admin": false}, "fork": false, "created_at": "2011-12-25T03:19:57Z", "updated_at": "2022-06-19T19:17:39Z", "pushed_at": "2013-10-05T00:36:26Z", "size": 122, "stargazers_count": 7, "watchers_count": 7, "language": "C++", "has_issues": true, "has_projects": true, "has_downloads": true, "has_wiki": false, "has_pages": false, "has_discussions": false, "forks_count": 4, "mirror_url": null, "archived": false, "disabled": false, "open_issues_count": 1, "license": null, "allow_forking": true, "is_template": false, "web_commit_signoff_required": false, "topics": [], "default_branch": "master", "permissions": {"admin": false, "maintain": false, "push": false, "triage": false, "pull": true}, "_id": 3046801}, {"owner": {"type": "User", "site_admin": false}, "fork": false, "created_at": "2011-12-25T03:22:01Z", "updated_at": "2022-11-12T03:36:34Z", "pushed_at": "2020-12-20T13:55:33Z", "size": 465, "stargazers_count": 107, "watchers_count": 107, "language": "JavaScript", "has_issues": true, "has_projects": true, "has_downloads": true, "has_wiki": true, "has_pages": false, "has_discussions": false, "forks_count": 15, "mirror_url": null, "archived": false, "disabled": false, "open_issues_count": 2, "license": {"key": "other", "name": "Other", "spdx_id": "NOASSERTION", "url": null, "node_id": "MDc6TGljZW5zZTA="}, "allow_forking": true, "is_template": false, "web_commit_signoff_required": false, "topics": [], "default_branch": "master", "permissions": {"admin": false, "maintain": false, "push": false, "triage": false, "pull": true}, "_id": 3046807}, {"owner": {"type": "User", "site_admin": false}, "fork": false, "created_at": "2011-12-25T04:17:30Z", "updated_at": "2022-08-03T08:50:52Z", "pushed_at": "2015-04-03T16:10:37Z", "size": 130, "stargazers_count": 11, "watchers_count": 11, "language": "Emacs Lisp", "has_issues": true, "has_projects": true, "has_downloads": true, "has_wiki": true, "has_pages": false, "has_discussions": false, "forks_count": 5, "mirror_url": null, "archived": false, "disabled": false, "open_issues_count": 1, "license": null, "allow_forking": true, "is_template": false, "web_commit_signoff_required": false, "topics": [], "default_branch": "master", "permissions": {"admin": false, "maintain": false, "push": false, "triage": false, "pull": true}, "_id": 3046893}, {"owner": {"type": "User", "site_admin": false}, "fork": false, "created_at": "2011-12-25T04:18:15Z", "updated_at": "2022-02-25T22:22:04Z", "pushed_at": "2014-07-29T01:12:55Z", "size": 2954, "stargazers_count": 115, "watchers_count": 115, "language": "JavaScript", "has_issues": true, "has_projects": true, "has_downloads": true, "has_wiki": true, "has_pages": false, "has_discussions": false, "forks_count": 6, "mirror_url": null, "archived": false, "disabled": false, "open_issues_count": 32, "license": {"key": "mit", "name": "MIT License", "spdx_id": "MIT", "url": "https://api.github.com/licenses/mit", "node_id": "MDc6TGljZW5zZTEz"}, "allow_forking": true, "is_template": false, "web_commit_signoff_required": false, "topics": [], "default_branch": "master", "permissions": {"admin": false, "maintain": false, "push": false, "triage": false, "pull": true}, "_id": 3046894}, {"owner": {"type": "User", "site_admin": false}, "fork": false, "created_at": "2011-12-25T04:23:33Z", "updated_at": "2022-06-15T02:51:48Z", "pushed_at": "2022-01-13T22:18:36Z", "size": 271, "stargazers_count": 29, "watchers_count": 29, "language": "Python", "has_issues": true, "has_projects": true, "has_downloads": true, "has_wiki": true, "has_pages": false, "has_discussions": false, "forks_count": 8, "mirror_url": null, "archived": false, "disabled": false, "open_issues_count": 8, "license": {"key": "gpl-3.0", "name": "GNU General Public License v3.0", "spdx_id": "GPL-3.0", "url": "https://api.github.com/licenses/gpl-3.0", "node_id": "MDc6TGljZW5zZTk="}, "allow_forking": true, "is_template": false, "web_commit_signoff_required": false, "topics": [], "default_branch": "master", "permissions": {"admin": false, "maintain": false, "push": false, "triage": false, "pull": true}, "_id": 3046903}, {"owner": {"type": "User", "site_admin": false}, "fork": false, "created_at": "2011-12-25T04:56:38Z", "updated_at": "2021-01-08T13:33:43Z", "pushed_at": "2012-01-07T13:17:43Z", "size": 7725, "stargazers_count": 9, "watchers_count": 9, "language": "JavaScript", "has_issues": true, "has_projects": true, "has_downloads": true, "has_wiki": true, "has_pages": false, "has_discussions": false, "forks_count": 5, "mirror_url": null, "archived": false, "disabled": false, "open_issues_count": 0, "license": {"key": "other", "name": "Other", "spdx_id": "NOASSERTION", "url": null, "node_id": "MDc6TGljZW5zZTA="}, "allow_forking": true, "is_template": false, "web_commit_signoff_required": false, "topics": [], "default_branch": "master", "permissions": {"admin": false, "maintain": false, "push": false, "triage": false, "pull": true}, "_id": 3046968}, {"owner": {"type": "User", "site_admin": false}, "fork": false, "created_at": "2011-12-25T05:32:47Z", "updated_at": "2021-09-09T17:36:16Z", "pushed_at": "2015-07-14T23:18:08Z", "size": 378, "stargazers_count": 15, "watchers_count": 15, "language": "Ruby", "has_issues": false, "has_projects": true, "has_downloads": true, "has_wiki": false, "has_pages": false, "has_discussions": false, "forks_count": 15, "mirror_url": null, "archived": true, "disabled": false, "open_issues_count": 0, "license": {"key": "mit", "name": "MIT License", "spdx_id": "MIT", "url": "https://api.github.com/licenses/mit", "node_id": "MDc6TGljZW5zZTEz"}, "allow_forking": true, "is_template": false, "web_commit_signoff_required": false, "topics": [], "default_branch": "master", "permissions": {"admin": false, "maintain": false, "push": false, "triage": false, "pull": true}, "_id": 3047057}, {"owner": {"type": "User", "site_admin": false}, "fork": false, "created_at": "2011-12-25T05:51:13Z", "updated_at": "2022-10-08T20:35:58Z", "pushed_at": "2021-11-19T18:13:41Z", "size": 892, "stargazers_count": 208, "watchers_count": 208, "language": "Haskell", "has_issues": true, "has_projects": true, "has_downloads": true, "has_wiki": true, "has_pages": false, "has_discussions": false, "forks_count": 73, "mirror_url": null, "archived": false, "disabled": false, "open_issues_count": 80, "license": {"key": "other", "name": "Other", "spdx_id": "NOASSERTION", "url": null, "node_id": "MDc6TGljZW5zZTA="}, "allow_forking": true, "is_template": false, "web_commit_signoff_required": false, "topics": [], "default_branch": "master", "permissions": {"admin": false, "maintain": false, "push": false, "triage": false, "pull": true}, "_id": 3047083}, {"owner": {"type": "User", "site_admin": false}, "fork": false, "created_at": "2011-12-25T06:09:52Z", "updated_at": "2022-11-25T14:04:04Z", "pushed_at": "2022-03-26T12:44:29Z", "size": 2, "stargazers_count": 251, "watchers_count": 251, "language": "C", "has_issues": true, "has_projects": true, "has_downloads": true, "has_wiki": true, "has_pages": false, "has_discussions": false, "forks_count": 111, "mirror_url": null, "archived": false, "disabled": false, "open_issues_count": 1, "license": null, "allow_forking": true, "is_template": false, "web_commit_signoff_required": false, "topics": [], "default_branch": "master", "permissions": {"admin": false, "maintain": false, "push": false, "triage": false, "pull": true}, "_id": 3047116}, {"owner": {"type": "User", "site_admin": false}, "fork": false, "created_at": "2011-12-25T06:14:50Z", "updated_at": "2022-09-17T18:21:01Z", "pushed_at": "2022-06-01T04:37:46Z", "size": 1607, "stargazers_count": 7, "watchers_count": 7, "language": "C++", "has_issues": true, "has_projects": true, "has_downloads": true, "has_wiki": true, "has_pages": false, "has_discussions": false, "forks_count": 2, "mirror_url": null, "archived": false, "disabled": false, "open_issues_count": 6, "license": {"key": "gpl-3.0", "name": "GNU General Public License v3.0", "spdx_id": "GPL-3.0", "url": "https://api.github.com/licenses/gpl-3.0", "node_id": "MDc6TGljZW5zZTk="}, "allow_forking": true, "is_template": false, "web_commit_signoff_required": false, "topics": [], "default_branch": "master", "permissions": {"admin": false, "maintain": false, "push": false, "triage": false, "pull": true}, "_id": 3047123}, {"owner": {"type": "User", "site_admin": false}, "fork": false, "created_at": "2011-12-25T06:15:51Z", "updated_at": "2022-08-23T13:17:38Z", "pushed_at": "2014-07-03T10:53:45Z", "size": 693, "stargazers_count": 18, "watchers_count": 18, "language": "C", "has_issues": true, "has_projects": true, "has_downloads": true, "has_wiki": true, "has_pages": true, "has_discussions": false, "forks_count": 13, "mirror_url": null, "archived": false, "disabled": false, "open_issues_count": 0, "license": null, "allow_forking": true, "is_template": false, "web_commit_signoff_required": false, "topics": [], "default_branch": "master", "permissions": {"admin": false, "maintain": false, "push": false, "triage": false, "pull": true}, "_id": 3047126}, {"owner": {"type": "User", "site_admin": false}, "fork": false, "created_at": "2011-12-25T06:16:28Z", "updated_at": "2022-11-21T16:56:14Z", "pushed_at": "2020-10-01T05:52:05Z", "size": 422, "stargazers_count": 539, "watchers_count": 539, "language": "C++", "has_issues": true, "has_projects": true, "has_downloads": true, "has_wiki": true, "has_pages": false, "has_discussions": false, "forks_count": 174, "mirror_url": null, "archived": false, "disabled": false, "open_issues_count": 26, "license": null, "allow_forking": true, "is_template": false, "web_commit_signoff_required": false, "topics": [], "default_branch": "master", "permissions": {"admin": false, "maintain": false, "push": false, "triage": false, "pull": true}, "_id": 3047127}, {"owner": {"type": "User", "site_admin": false}, "fork": false, "created_at": "2011-12-25T06:41:17Z", "updated_at": "2022-10-04T12:01:30Z", "pushed_at": "2021-04-21T04:50:18Z", "size": 36, "stargazers_count": 27, "watchers_count": 27, "language": "Vim script", "has_issues": true, "has_projects": false, "has_downloads": true, "has_wiki": false, "has_pages": false, "has_discussions": false, "forks_count": 7, "mirror_url": null, "archived": false, "disabled": false, "open_issues_count": 0, "license": null, "allow_forking": true, "is_template": false, "web_commit_signoff_required": false, "topics": ["snippets", "symfony", "vim"], "default_branch": "master", "permissions": {"admin": false, "maintain": false, "push": false, "triage": false, "pull": true}, "_id": 3047180}, {"owner": {"type": "User", "site_admin": false}, "fork": false, "created_at": "2011-12-25T07:03:29Z", "updated_at": "2020-02-15T10:15:56Z", "pushed_at": "2011-08-09T03:39:31Z", "size": 108, "stargazers_count": 7, "watchers_count": 7, "language": "PHP", "has_issues": false, "has_projects": true, "has_downloads": true, "has_wiki": true, "has_pages": false, "has_discussions": false, "forks_count": 2, "mirror_url": null, "archived": true, "disabled": false, "open_issues_count": 0, "license": {"key": "gpl-2.0", "name": "GNU General Public License v2.0", "spdx_id": "GPL-2.0", "url": "https://api.github.com/licenses/gpl-2.0", "node_id": "MDc6TGljZW5zZTg="}, "allow_forking": true, "is_template": false, "web_commit_signoff_required": false, "topics": [], "default_branch": "master", "permissions": {"admin": false, "maintain": false, "push": false, "triage": false, "pull": true}, "_id": 3047239}, {"owner": {"type": "User", "site_admin": false}, "fork": false, "created_at": "2011-12-25T08:10:37Z", "updated_at": "2022-08-03T17:17:34Z", "pushed_at": "2011-12-26T22:13:42Z", "size": 2553, "stargazers_count": 11, "watchers_count": 11, "language": "Python", "has_issues": true, "has_projects": true, "has_downloads": true, "has_wiki": true, "has_pages": false, "has_discussions": false, "forks_count": 2, "mirror_url": null, "archived": false, "disabled": false, "open_issues_count": 0, "license": null, "allow_forking": true, "is_template": false, "web_commit_signoff_required": false, "topics": [], "default_branch": "master", "permissions": {"admin": false, "maintain": false, "push": false, "triage": false, "pull": true}, "_id": 3047361}, {"owner": {"type": "User", "site_admin": false}, "fork": false, "created_at": "2011-12-25T08:24:23Z", "updated_at": "2019-02-01T06:40:35Z", "pushed_at": "2012-04-29T11:50:20Z", "size": 260, "stargazers_count": 12, "watchers_count": 12, "language": "C", "has_issues": true, "has_projects": true, "has_downloads": true, "has_wiki": true, "has_pages": false, "has_discussions": false, "forks_count": 0, "mirror_url": null, "archived": false, "disabled": false, "open_issues_count": 0, "license": {"key": "other", "name": "Other", "spdx_id": "NOASSERTION", "url": null, "node_id": "MDc6TGljZW5zZTA="}, "allow_forking": true, "is_template": false, "web_commit_signoff_required": false, "topics": [], "default_branch": "master", "permissions": {"admin": false, "maintain": false, "push": false, "triage": false, "pull": true}, "_id": 3047415}, {"owner": {"type": "User", "site_admin": false}, "fork": false, "created_at": "2011-12-25T08:28:25Z", "updated_at": "2015-10-25T05:54:12Z", "pushed_at": "2012-01-22T17:15:39Z", "size": 133, "stargazers_count": 8, "watchers_count": 8, "language": "C", "has_issues": true, "has_projects": true, "has_downloads": true, "has_wiki": true, "has_pages": false, "has_discussions": false, "forks_count": 0, "mirror_url": null, "archived": false, "disabled": false, "open_issues_count": 0, "license": {"key": "zlib", "name": "zlib License", "spdx_id": "Zlib", "url": "https://api.github.com/licenses/zlib", "node_id": "MDc6TGljZW5zZTI3"}, "allow_forking": true, "is_template": false, "web_commit_signoff_required": false, "topics": [], "default_branch": "master", "permissions": {"admin": false, "maintain": false, "push": false, "triage": false, "pull": true}, "_id": 3047421}, {"owner": {"type": "User", "site_admin": false}, "fork": false, "created_at": "2011-12-25T08:32:31Z", "updated_at": "2018-08-23T22:25:32Z", "pushed_at": "2011-12-29T00:08:30Z", "size": 148, "stargazers_count": 10, "watchers_count": 10, "language": "Scala", "has_issues": true, "has_projects": true, "has_downloads": true, "has_wiki": true, "has_pages": false, "has_discussions": false, "forks_count": 2, "mirror_url": null, "archived": false, "disabled": false, "open_issues_count": 0, "license": null, "allow_forking": true, "is_template": false, "web_commit_signoff_required": false, "topics": [], "default_branch": "master", "permissions": {"admin": false, "maintain": false, "push": false, "triage": false, "pull": true}, "_id": 3047440}, {"owner": {"type": "User", "site_admin": false}, "fork": false, "created_at": "2011-12-25T08:58:46Z", "updated_at": "2021-06-29T00:55:18Z", "pushed_at": "2011-12-25T09:02:34Z", "size": 5104, "stargazers_count": 7, "watchers_count": 7, "language": null, "has_issues": true, "has_projects": true, "has_downloads": true, "has_wiki": true, "has_pages": false, "has_discussions": false, "forks_count": 1, "mirror_url": null, "archived": false, "disabled": false, "open_issues_count": 0, "license": null, "allow_forking": true, "is_template": false, "web_commit_signoff_required": false, "topics": [], "default_branch": "master", "permissions": {"admin": false, "maintain": false, "push": false, "triage": false, "pull": true}, "_id": 3047515}, {"owner": {"type": "User", "site_admin": false}, "fork": false, "created_at": "2011-12-25T09:03:11Z", "updated_at": "2019-10-04T13:04:22Z", "pushed_at": "2012-02-03T17:56:44Z", "size": 581, "stargazers_count": 85, "watchers_count": 85, "language": "Haskell", "has_issues": true, "has_projects": true, "has_downloads": true, "has_wiki": true, "has_pages": false, "has_discussions": false, "forks_count": 4, "mirror_url": null, "archived": false, "disabled": false, "open_issues_count": 2, "license": {"key": "mit", "name": "MIT License", "spdx_id": "MIT", "url": "https://api.github.com/licenses/mit", "node_id": "MDc6TGljZW5zZTEz"}, "allow_forking": true, "is_template": false, "web_commit_signoff_required": false, "topics": [], "default_branch": "master", "permissions": {"admin": false, "maintain": false, "push": false, "triage": false, "pull": true}, "_id": 3047534}, {"owner": {"type": "User", "site_admin": false}, "fork": false, "created_at": "2011-12-25T09:04:11Z", "updated_at": "2021-09-27T14:28:08Z", "pushed_at": "2020-06-24T23:21:31Z", "size": 89, "stargazers_count": 143, "watchers_count": 143, "language": "Ruby", "has_issues": true, "has_projects": true, "has_downloads": true, "has_wiki": true, "has_pages": false, "has_discussions": false, "forks_count": 36, "mirror_url": null, "archived": false, "disabled": false, "open_issues_count": 3, "license": {"key": "mit", "name": "MIT License", "spdx_id": "MIT", "url": "https://api.github.com/licenses/mit", "node_id": "MDc6TGljZW5zZTEz"}, "allow_forking": true, "is_template": false, "web_commit_signoff_required": false, "topics": [], "default_branch": "master", "permissions": {"admin": false, "maintain": false, "push": false, "triage": false, "pull": true}, "_id": 3047538}, {"owner": {"type": "User", "site_admin": false}, "fork": false, "created_at": "2011-12-25T09:09:34Z", "updated_at": "2015-08-18T09:04:32Z", "pushed_at": "2012-10-22T15:11:37Z", "size": 8252, "stargazers_count": 8, "watchers_count": 8, "language": "Python", "has_issues": true, "has_projects": true, "has_downloads": true, "has_wiki": true, "has_pages": false, "has_discussions": false, "forks_count": 2, "mirror_url": null, "archived": false, "disabled": false, "open_issues_count": 0, "license": {"key": "other", "name": "Other", "spdx_id": "NOASSERTION", "url": null, "node_id": "MDc6TGljZW5zZTA="}, "allow_forking": true, "is_template": false, "web_commit_signoff_required": false, "topics": [], "default_branch": "master", "permissions": {"admin": false, "maintain": false, "push": false, "triage": false, "pull": true}, "_id": 3047549}, {"owner": {"type": "User", "site_admin": false}, "fork": false, "created_at": "2011-12-25T09:36:54Z", "updated_at": "2020-10-12T10:45:13Z", "pushed_at": "2012-01-09T02:31:41Z", "size": 471, "stargazers_count": 10, "watchers_count": 10, "language": "Lua", "has_issues": true, "has_projects": true, "has_downloads": true, "has_wiki": true, "has_pages": false, "has_discussions": false, "forks_count": 1, "mirror_url": null, "archived": false, "disabled": false, "open_issues_count": 0, "license": null, "allow_forking": true, "is_template": false, "web_commit_signoff_required": false, "topics": [], "default_branch": "master", "permissions": {"admin": false, "maintain": false, "push": false, "triage": false, "pull": true}, "_id": 3047609}, {"owner": {"type": "User", "site_admin": false}, "fork": false, "created_at": "2011-12-25T09:40:17Z", "updated_at": "2022-11-24T10:53:54Z", "pushed_at": "2020-10-02T14:07:37Z", "size": 15777, "stargazers_count": 35, "watchers_count": 35, "language": "Python", "has_issues": true, "has_projects": true, "has_downloads": true, "has_wiki": true, "has_pages": false, "has_discussions": false, "forks_count": 26, "mirror_url": null, "archived": false, "disabled": false, "open_issues_count": 5, "license": null, "allow_forking": true, "is_template": false, "web_commit_signoff_required": false, "topics": [], "default_branch": "master", "permissions": {"admin": false, "maintain": false, "push": false, "triage": false, "pull": true}, "_id": 3047615}, {"owner": {"type": "User", "site_admin": false}, "fork": false, "created_at": "2011-12-25T09:50:20Z", "updated_at": "2021-04-01T06:34:51Z", "pushed_at": "2013-09-28T16:34:41Z", "size": 18094, "stargazers_count": 11, "watchers_count": 11, "language": "Java", "has_issues": true, "has_projects": true, "has_downloads": true, "has_wiki": true, "has_pages": false, "has_discussions": false, "forks_count": 9, "mirror_url": null, "archived": false, "disabled": false, "open_issues_count": 0, "license": null, "allow_forking": true, "is_template": false, "web_commit_signoff_required": false, "topics": [], "default_branch": "master", "permissions": {"admin": false, "maintain": false, "push": false, "triage": false, "pull": true}, "_id": 3047634}, {"owner": {"type": "User", "site_admin": false}, "fork": false, "created_at": "2011-12-25T09:57:25Z", "updated_at": "2020-04-27T01:47:44Z", "pushed_at": "2017-02-01T19:53:39Z", "size": 221, "stargazers_count": 17, "watchers_count": 17, "language": "Objective-C", "has_issues": true, "has_projects": true, "has_downloads": true, "has_wiki": false, "has_pages": false, "has_discussions": false, "forks_count": 3, "mirror_url": null, "archived": false, "disabled": false, "open_issues_count": 1, "license": {"key": "bsd-2-clause", "name": "BSD 2-Clause \"Simplified\" License", "spdx_id": "BSD-2-Clause", "url": "https://api.github.com/licenses/bsd-2-clause", "node_id": "MDc6TGljZW5zZTQ="}, "allow_forking": true, "is_template": false, "web_commit_signoff_required": false, "topics": [], "default_branch": "master", "permissions": {"admin": false, "maintain": false, "push": false, "triage": false, "pull": true}, "_id": 3047645}, {"owner": {"type": "User", "site_admin": false}, "fork": false, "created_at": "2011-12-25T10:00:48Z", "updated_at": "2022-11-03T15:42:56Z", "pushed_at": "2011-12-25T10:04:23Z", "size": 157514, "stargazers_count": 521, "watchers_count": 521, "language": "Matlab", "has_issues": true, "has_projects": true, "has_downloads": true, "has_wiki": true, "has_pages": false, "has_discussions": false, "forks_count": 363, "mirror_url": null, "archived": false, "disabled": false, "open_issues_count": 1, "license": null, "allow_forking": true, "is_template": false, "web_commit_signoff_required": false, "topics": [], "default_branch": "master", "permissions": {"admin": false, "maintain": false, "push": false, "triage": false, "pull": true}, "_id": 3047653}, {"owner": {"type": "User", "site_admin": true}, "fork": false, "created_at": "2011-12-25T10:11:05Z", "updated_at": "2018-01-12T16:32:25Z", "pushed_at": "2013-04-21T20:23:48Z", "size": 289, "stargazers_count": 13, "watchers_count": 13, "language": "Objective-C", "has_issues": true, "has_projects": true, "has_downloads": true, "has_wiki": true, "has_pages": false, "has_discussions": false, "forks_count": 2, "mirror_url": null, "archived": false, "disabled": false, "open_issues_count": 1, "license": {"key": "bsd-2-clause", "name": "BSD 2-Clause \"Simplified\" License", "spdx_id": "BSD-2-Clause", "url": "https://api.github.com/licenses/bsd-2-clause", "node_id": "MDc6TGljZW5zZTQ="}, "allow_forking": true, "is_template": false, "web_commit_signoff_required": false, "topics": [], "default_branch": "master", "permissions": {"admin": false, "maintain": false, "push": false, "triage": false, "pull": true}, "_id": 3047673}, {"owner": {"type": "User", "site_admin": false}, "fork": false, "created_at": "2011-12-25T10:45:21Z", "updated_at": "2022-04-24T05:55:15Z", "pushed_at": "2013-09-04T19:03:09Z", "size": 212, "stargazers_count": 59, "watchers_count": 59, "language": "Java", "has_issues": true, "has_projects": true, "has_downloads": true, "has_wiki": true, "has_pages": false, "has_discussions": false, "forks_count": 31, "mirror_url": null, "archived": false, "disabled": false, "open_issues_count": 9, "license": null, "allow_forking": true, "is_template": false, "web_commit_signoff_required": false, "topics": [], "default_branch": "master", "permissions": {"admin": false, "maintain": false, "push": false, "triage": false, "pull": true}, "_id": 3047733}, {"owner": {"type": "User", "site_admin": false}, "fork": false, "created_at": "2011-12-25T10:57:32Z", "updated_at": "2022-11-25T21:58:35Z", "pushed_at": "2017-04-17T11:59:31Z", "size": 753, "stargazers_count": 256, "watchers_count": 256, "language": "QML", "has_issues": true, "has_projects": true, "has_downloads": true, "has_wiki": true, "has_pages": false, "has_discussions": false, "forks_count": 169, "mirror_url": null, "archived": false, "disabled": false, "open_issues_count": 5, "license": null, "allow_forking": true, "is_template": false, "web_commit_signoff_required": false, "topics": [], "default_branch": "master", "permissions": {"admin": false, "maintain": false, "push": false, "triage": false, "pull": true}, "_id": 3047748}, {"owner": {"type": "User", "site_admin": false}, "fork": false, "created_at": "2011-12-25T11:42:14Z", "updated_at": "2019-05-12T12:40:05Z", "pushed_at": "2016-08-26T13:10:45Z", "size": 6860, "stargazers_count": 16, "watchers_count": 16, "language": "JavaScript", "has_issues": true, "has_projects": true, "has_downloads": true, "has_wiki": true, "has_pages": false, "has_discussions": false, "forks_count": 4, "mirror_url": null, "archived": false, "disabled": false, "open_issues_count": 1, "license": {"key": "mit", "name": "MIT License", "spdx_id": "MIT", "url": "https://api.github.com/licenses/mit", "node_id": "MDc6TGljZW5zZTEz"}, "allow_forking": true, "is_template": false, "web_commit_signoff_required": false, "topics": [], "default_branch": "master", "permissions": {"admin": false, "maintain": false, "push": false, "triage": false, "pull": true}, "_id": 3047835}, {"owner": {"type": "User", "site_admin": false}, "fork": false, "created_at": "2011-12-25T11:43:21Z", "updated_at": "2019-07-08T18:53:18Z", "pushed_at": "2011-12-27T23:11:31Z", "size": 98, "stargazers_count": 6, "watchers_count": 6, "language": "JavaScript", "has_issues": true, "has_projects": true, "has_downloads": true, "has_wiki": true, "has_pages": false, "has_discussions": false, "forks_count": 0, "mirror_url": null, "archived": false, "disabled": false, "open_issues_count": 0, "license": {"key": "mit", "name": "MIT License", "spdx_id": "MIT", "url": "https://api.github.com/licenses/mit", "node_id": "MDc6TGljZW5zZTEz"}, "allow_forking": true, "is_template": false, "web_commit_signoff_required": false, "topics": [], "default_branch": "master", "permissions": {"admin": false, "maintain": false, "push": false, "triage": false, "pull": true}, "_id": 3047840}, {"owner": {"type": "User", "site_admin": false}, "fork": false, "created_at": "2011-12-25T11:44:21Z", "updated_at": "2021-04-26T20:46:50Z", "pushed_at": "2011-12-25T15:33:43Z", "size": 91, "stargazers_count": 18, "watchers_count": 18, "language": null, "has_issues": true, "has_projects": true, "has_downloads": true, "has_wiki": true, "has_pages": false, "has_discussions": false, "forks_count": 4, "mirror_url": null, "archived": false, "disabled": false, "open_issues_count": 0, "license": null, "allow_forking": true, "is_template": false, "web_commit_signoff_required": false, "topics": [], "default_branch": "master", "permissions": {"admin": false, "maintain": false, "push": false, "triage": false, "pull": true}, "_id": 3047845}, {"owner": {"type": "User", "site_admin": false}, "fork": false, "created_at": "2011-12-25T12:24:27Z", "updated_at": "2022-03-11T01:32:41Z", "pushed_at": "2019-07-14T17:55:19Z", "size": 1015, "stargazers_count": 59, "watchers_count": 59, "language": "Ruby", "has_issues": true, "has_projects": true, "has_downloads": true, "has_wiki": true, "has_pages": false, "has_discussions": false, "forks_count": 17, "mirror_url": null, "archived": true, "disabled": false, "open_issues_count": 0, "license": {"key": "gpl-3.0", "name": "GNU General Public License v3.0", "spdx_id": "GPL-3.0", "url": "https://api.github.com/licenses/gpl-3.0", "node_id": "MDc6TGljZW5zZTk="}, "allow_forking": true, "is_template": false, "web_commit_signoff_required": false, "topics": [], "default_branch": "master", "permissions": {"admin": false, "maintain": false, "push": false, "triage": false, "pull": true}, "_id": 3047939}, {"owner": {"type": "User", "site_admin": false}, "fork": false, "created_at": "2011-12-25T12:25:44Z", "updated_at": "2022-07-25T05:19:59Z", "pushed_at": "2013-04-13T10:31:44Z", "size": 847, "stargazers_count": 7, "watchers_count": 7, "language": "PHP", "has_issues": true, "has_projects": true, "has_downloads": true, "has_wiki": true, "has_pages": false, "has_discussions": false, "forks_count": 1, "mirror_url": null, "archived": true, "disabled": false, "open_issues_count": 0, "license": null, "allow_forking": true, "is_template": false, "web_commit_signoff_required": false, "topics": [], "default_branch": "master", "permissions": {"admin": false, "maintain": false, "push": false, "triage": false, "pull": true}, "_id": 3047942}, {"owner": {"type": "Organization", "site_admin": false}, "fork": false, "created_at": "2011-12-25T12:44:09Z", "updated_at": "2022-09-18T17:15:59Z", "pushed_at": "2017-04-22T13:27:34Z", "size": 84, "stargazers_count": 201, "watchers_count": 201, "language": "Emacs Lisp", "has_issues": true, "has_projects": false, "has_downloads": true, "has_wiki": true, "has_pages": false, "has_discussions": false, "forks_count": 21, "mirror_url": null, "archived": false, "disabled": false, "open_issues_count": 27, "license": null, "allow_forking": true, "is_template": false, "web_commit_signoff_required": false, "topics": [], "default_branch": "master", "permissions": {"admin": false, "maintain": false, "push": false, "triage": false, "pull": true}, "_id": 3047982}, {"owner": {"type": "User", "site_admin": false}, "fork": false, "created_at": "2011-12-25T13:33:56Z", "updated_at": "2022-11-21T18:28:41Z", "pushed_at": "2022-11-19T01:20:42Z", "size": 352, "stargazers_count": 366, "watchers_count": 366, "language": "Ruby", "has_issues": true, "has_projects": true, "has_downloads": true, "has_wiki": false, "has_pages": true, "has_discussions": false, "forks_count": 59, "mirror_url": null, "archived": false, "disabled": false, "open_issues_count": 5, "license": {"key": "mit", "name": "MIT License", "spdx_id": "MIT", "url": "https://api.github.com/licenses/mit", "node_id": "MDc6TGljZW5zZTEz"}, "allow_forking": true, "is_template": false, "web_commit_signoff_required": false, "topics": [], "default_branch": "master", "permissions": {"admin": false, "maintain": false, "push": false, "triage": false, "pull": true}, "_id": 3048087}, {"owner": {"type": "User", "site_admin": false}, "fork": false, "created_at": "2011-12-25T13:38:56Z", "updated_at": "2021-02-09T10:23:35Z", "pushed_at": "2015-10-29T18:34:13Z", "size": 238, "stargazers_count": 8, "watchers_count": 8, "language": "JavaScript", "has_issues": true, "has_projects": true, "has_downloads": true, "has_wiki": true, "has_pages": false, "has_discussions": false, "forks_count": 4, "mirror_url": null, "archived": false, "disabled": false, "open_issues_count": 1, "license": null, "allow_forking": true, "is_template": false, "web_commit_signoff_required": false, "topics": [], "default_branch": "master", "permissions": {"admin": false, "maintain": false, "push": false, "triage": false, "pull": true}, "_id": 3048095}, {"owner": {"type": "User", "site_admin": false}, "fork": false, "created_at": "2011-12-25T13:47:52Z", "updated_at": "2022-10-03T11:53:15Z", "pushed_at": "2022-10-03T11:53:03Z", "size": 856, "stargazers_count": 19, "watchers_count": 19, "language": "C++", "has_issues": true, "has_projects": true, "has_downloads": true, "has_wiki": false, "has_pages": false, "has_discussions": false, "forks_count": 13, "mirror_url": null, "archived": false, "disabled": false, "open_issues_count": 1, "license": null, "allow_forking": true, "is_template": false, "web_commit_signoff_required": false, "topics": [], "default_branch": "master", "permissions": {"admin": false, "maintain": false, "push": false, "triage": false, "pull": true}, "_id": 3048113}, {"owner": {"type": "Organization", "site_admin": false}, "fork": false, "created_at": "2011-12-25T13:56:50Z", "updated_at": "2022-10-20T23:31:49Z", "pushed_at": "2016-07-18T20:47:23Z", "size": 338, "stargazers_count": 232, "watchers_count": 232, "language": "PHP", "has_issues": true, "has_projects": true, "has_downloads": true, "has_wiki": true, "has_pages": false, "has_discussions": false, "forks_count": 60, "mirror_url": null, "archived": false, "disabled": false, "open_issues_count": 5, "license": null, "allow_forking": true, "is_template": false, "web_commit_signoff_required": false, "topics": [], "default_branch": "master", "permissions": {"admin": false, "maintain": false, "push": false, "triage": false, "pull": true}, "_id": 3048127}, {"owner": {"type": "User", "site_admin": false}, "fork": false, "created_at": "2011-12-25T14:08:21Z", "updated_at": "2021-11-30T04:30:25Z", "pushed_at": "2015-12-31T15:32:44Z", "size": 466, "stargazers_count": 6, "watchers_count": 6, "language": "Shell", "has_issues": true, "has_projects": true, "has_downloads": true, "has_wiki": true, "has_pages": false, "has_discussions": false, "forks_count": 1, "mirror_url": null, "archived": false, "disabled": false, "open_issues_count": 0, "license": null, "allow_forking": true, "is_template": false, "web_commit_signoff_required": false, "topics": [], "default_branch": "master", "permissions": {"admin": false, "maintain": false, "push": false, "triage": false, "pull": true}, "_id": 3048158}, {"owner": {"type": "User", "site_admin": false}, "fork": false, "created_at": "2011-12-25T14:10:02Z", "updated_at": "2022-11-22T13:28:21Z", "pushed_at": "2022-08-25T07:26:16Z", "size": 708, "stargazers_count": 544, "watchers_count": 544, "language": "C", "has_issues": true, "has_projects": true, "has_downloads": true, "has_wiki": true, "has_pages": true, "has_discussions": false, "forks_count": 117, "mirror_url": null, "archived": false, "disabled": false, "open_issues_count": 24, "license": {"key": "mit", "name": "MIT License", "spdx_id": "MIT", "url": "https://api.github.com/licenses/mit", "node_id": "MDc6TGljZW5zZTEz"}, "allow_forking": true, "is_template": false, "web_commit_signoff_required": false, "topics": ["c", "websocket"], "default_branch": "master", "permissions": {"admin": false, "maintain": false, "push": false, "triage": false, "pull": true}, "_id": 3048163}, {"owner": {"type": "User", "site_admin": false}, "fork": false, "created_at": "2011-12-25T14:26:55Z", "updated_at": "2019-05-10T18:41:29Z", "pushed_at": "2012-01-29T20:07:40Z", "size": 120, "stargazers_count": 6, "watchers_count": 6, "language": "C", "has_issues": true, "has_projects": true, "has_downloads": true, "has_wiki": true, "has_pages": false, "has_discussions": false, "forks_count": 2, "mirror_url": null, "archived": false, "disabled": false, "open_issues_count": 0, "license": null, "allow_forking": true, "is_template": false, "web_commit_signoff_required": false, "topics": [], "default_branch": "master", "permissions": {"admin": false, "maintain": false, "push": false, "triage": false, "pull": true}, "_id": 3048203}, {"owner": {"type": "User", "site_admin": false}, "fork": false, "created_at": "2011-12-25T15:21:40Z", "updated_at": "2022-09-13T12:35:59Z", "pushed_at": "2016-03-07T05:01:44Z", "size": 97, "stargazers_count": 42, "watchers_count": 42, "language": "C++", "has_issues": true, "has_projects": true, "has_downloads": true, "has_wiki": true, "has_pages": false, "has_discussions": false, "forks_count": 19, "mirror_url": null, "archived": false, "disabled": false, "open_issues_count": 0, "license": null, "allow_forking": true, "is_template": false, "web_commit_signoff_required": false, "topics": [], "default_branch": "master", "permissions": {"admin": false, "maintain": false, "push": false, "triage": false, "pull": true}, "_id": 3048299}, {"owner": {"type": "User", "site_admin": false}, "fork": false, "created_at": "2011-12-25T15:28:10Z", "updated_at": "2022-01-18T08:16:54Z", "pushed_at": "2014-02-23T11:54:24Z", "size": 268, "stargazers_count": 37, "watchers_count": 37, "language": "Java", "has_issues": true, "has_projects": true, "has_downloads": true, "has_wiki": true, "has_pages": false, "has_discussions": false, "forks_count": 33, "mirror_url": null, "archived": true, "disabled": false, "open_issues_count": 0, "license": null, "allow_forking": true, "is_template": false, "web_commit_signoff_required": false, "topics": [], "default_branch": "master", "permissions": {"admin": false, "maintain": false, "push": false, "triage": false, "pull": true}, "_id": 3048321}, {"owner": {"type": "User", "site_admin": false}, "fork": false, "created_at": "2011-12-25T15:56:35Z", "updated_at": "2015-09-03T20:26:26Z", "pushed_at": "2011-12-27T12:08:15Z", "size": 93, "stargazers_count": 12, "watchers_count": 12, "language": "Clojure", "has_issues": true, "has_projects": true, "has_downloads": true, "has_wiki": true, "has_pages": false, "has_discussions": false, "forks_count": 1, "mirror_url": null, "archived": false, "disabled": false, "open_issues_count": 0, "license": null, "allow_forking": true, "is_template": false, "web_commit_signoff_required": false, "topics": [], "default_branch": "master", "permissions": {"admin": false, "maintain": false, "push": false, "triage": false, "pull": true}, "_id": 3048393}, {"owner": {"type": "User", "site_admin": false}, "fork": false, "created_at": "2011-12-25T17:07:54Z", "updated_at": "2019-11-10T08:03:31Z", "pushed_at": "2011-12-25T17:20:19Z", "size": 208, "stargazers_count": 8, "watchers_count": 8, "language": "Shell", "has_issues": true, "has_projects": true, "has_downloads": true, "has_wiki": true, "has_pages": false, "has_discussions": false, "forks_count": 6, "mirror_url": null, "archived": true, "disabled": false, "open_issues_count": 0, "license": null, "allow_forking": true, "is_template": false, "web_commit_signoff_required": false, "topics": [], "default_branch": "master", "permissions": {"admin": false, "maintain": false, "push": false, "triage": false, "pull": true}, "_id": 3048556}, {"owner": {"type": "User", "site_admin": false}, "fork": false, "created_at": "2011-12-25T17:11:52Z", "updated_at": "2022-03-02T17:05:40Z", "pushed_at": "2013-02-11T00:38:03Z", "size": 39073, "stargazers_count": 7, "watchers_count": 7, "language": "C++", "has_issues": true, "has_projects": true, "has_downloads": true, "has_wiki": true, "has_pages": false, "has_discussions": false, "forks_count": 3, "mirror_url": null, "archived": false, "disabled": false, "open_issues_count": 0, "license": null, "allow_forking": true, "is_template": false, "web_commit_signoff_required": false, "topics": [], "default_branch": "master", "permissions": {"admin": false, "maintain": false, "push": false, "triage": false, "pull": true}, "_id": 3048567}, {"owner": {"type": "User", "site_admin": false}, "fork": false, "created_at": "2011-12-25T17:36:29Z", "updated_at": "2022-11-25T22:33:35Z", "pushed_at": "2022-11-26T02:00:04Z", "size": 331080, "stargazers_count": 99, "watchers_count": 99, "language": "Perl", "has_issues": true, "has_projects": true, "has_downloads": true, "has_wiki": true, "has_pages": false, "has_discussions": false, "forks_count": 125, "mirror_url": null, "archived": false, "disabled": false, "open_issues_count": 40, "license": null, "allow_forking": true, "is_template": false, "web_commit_signoff_required": false, "topics": [], "default_branch": "master", "permissions": {"admin": false, "maintain": false, "push": false, "triage": false, "pull": true}, "_id": 3048620}, {"owner": {"type": "User", "site_admin": false}, "fork": false, "created_at": "2011-12-25T17:37:46Z", "updated_at": "2022-07-30T12:27:15Z", "pushed_at": "2017-06-25T21:45:45Z", "size": 11, "stargazers_count": 17, "watchers_count": 17, "language": "Java", "has_issues": true, "has_projects": true, "has_downloads": true, "has_wiki": true, "has_pages": false, "has_discussions": false, "forks_count": 22, "mirror_url": null, "archived": false, "disabled": false, "open_issues_count": 1, "license": null, "allow_forking": true, "is_template": false, "web_commit_signoff_required": false, "topics": [], "default_branch": "master", "permissions": {"admin": false, "maintain": false, "push": false, "triage": false, "pull": true}, "_id": 3048626}, {"owner": {"type": "User", "site_admin": false}, "fork": false, "created_at": "2011-12-25T17:47:26Z", "updated_at": "2021-01-09T11:29:21Z", "pushed_at": "2012-03-25T06:08:40Z", "size": 136, "stargazers_count": 6, "watchers_count": 6, "language": "JavaScript", "has_issues": true, "has_projects": true, "has_downloads": true, "has_wiki": true, "has_pages": true, "has_discussions": false, "forks_count": 1, "mirror_url": null, "archived": false, "disabled": false, "open_issues_count": 0, "license": {"key": "other", "name": "Other", "spdx_id": "NOASSERTION", "url": null, "node_id": "MDc6TGljZW5zZTA="}, "allow_forking": true, "is_template": false, "web_commit_signoff_required": false, "topics": [], "default_branch": "master", "permissions": {"admin": false, "maintain": false, "push": false, "triage": false, "pull": true}, "_id": 3048649}, {"owner": {"type": "User", "site_admin": false}, "fork": false, "created_at": "2011-12-25T18:06:45Z", "updated_at": "2020-05-03T03:10:51Z", "pushed_at": "2014-02-26T21:44:39Z", "size": 417, "stargazers_count": 11, "watchers_count": 11, "language": "Python", "has_issues": true, "has_projects": true, "has_downloads": true, "has_wiki": true, "has_pages": false, "has_discussions": false, "forks_count": 4, "mirror_url": null, "archived": false, "disabled": false, "open_issues_count": 0, "license": null, "allow_forking": true, "is_template": false, "web_commit_signoff_required": false, "topics": [], "default_branch": "master", "permissions": {"admin": false, "maintain": false, "push": false, "triage": false, "pull": true}, "_id": 3048695}, {"owner": {"type": "User", "site_admin": false}, "fork": false, "created_at": "2011-12-25T18:22:31Z", "updated_at": "2020-10-19T22:14:25Z", "pushed_at": "2022-07-26T06:35:46Z", "size": 1680, "stargazers_count": 12, "watchers_count": 12, "language": "C#", "has_issues": true, "has_projects": true, "has_downloads": true, "has_wiki": true, "has_pages": false, "has_discussions": false, "forks_count": 9, "mirror_url": null, "archived": false, "disabled": false, "open_issues_count": 2, "license": null, "allow_forking": true, "is_template": false, "web_commit_signoff_required": false, "topics": [], "default_branch": "master", "permissions": {"admin": false, "maintain": false, "push": false, "triage": false, "pull": true}, "_id": 3048731}, {"owner": {"type": "User", "site_admin": false}, "fork": false, "created_at": "2011-12-25T18:22:40Z", "updated_at": "2022-11-14T13:54:06Z", "pushed_at": "2019-03-15T09:22:51Z", "size": 5839, "stargazers_count": 1007, "watchers_count": 1007, "language": "CSS", "has_issues": true, "has_projects": true, "has_downloads": true, "has_wiki": true, "has_pages": true, "has_discussions": false, "forks_count": 166, "mirror_url": null, "archived": true, "disabled": false, "open_issues_count": 12, "license": {"key": "other", "name": "Other", "spdx_id": "NOASSERTION", "url": null, "node_id": "MDc6TGljZW5zZTA="}, "allow_forking": true, "is_template": false, "web_commit_signoff_required": false, "topics": ["android", "css", "markdown", "markdownview"], "default_branch": "master", "permissions": {"admin": false, "maintain": false, "push": false, "triage": false, "pull": true}, "_id": 3048733}, {"owner": {"type": "User", "site_admin": false}, "fork": false, "created_at": "2011-12-25T18:28:07Z", "updated_at": "2017-05-21T05:58:02Z", "pushed_at": "2012-04-10T11:46:13Z", "size": 176, "stargazers_count": 7, "watchers_count": 7, "language": null, "has_issues": true, "has_projects": true, "has_downloads": true, "has_wiki": true, "has_pages": false, "has_discussions": false, "forks_count": 3, "mirror_url": null, "archived": false, "disabled": false, "open_issues_count": 1, "license": null, "allow_forking": true, "is_template": false, "web_commit_signoff_required": false, "topics": [], "default_branch": "master", "permissions": {"admin": false, "maintain": false, "push": false, "triage": false, "pull": true}, "_id": 3048749}, {"owner": {"type": "User", "site_admin": false}, "fork": false, "created_at": "2011-12-25T18:32:14Z", "updated_at": "2022-04-10T12:49:08Z", "pushed_at": "2012-04-06T19:09:52Z", "size": 248, "stargazers_count": 5, "watchers_count": 5, "language": "C", "has_issues": true, "has_projects": true, "has_downloads": true, "has_wiki": true, "has_pages": false, "has_discussions": false, "forks_count": 2, "mirror_url": null, "archived": false, "disabled": false, "open_issues_count": 0, "license": null, "allow_forking": true, "is_template": false, "web_commit_signoff_required": false, "topics": [], "default_branch": "master", "permissions": {"admin": false, "maintain": false, "push": false, "triage": false, "pull": true}, "_id": 3048764}, {"owner": {"type": "User", "site_admin": false}, "fork": false, "created_at": "2011-12-25T18:41:32Z", "updated_at": "2022-05-02T14:29:02Z", "pushed_at": "2012-03-30T18:55:27Z", "size": 121, "stargazers_count": 5, "watchers_count": 5, "language": "PHP", "has_issues": true, "has_projects": true, "has_downloads": true, "has_wiki": true, "has_pages": false, "has_discussions": false, "forks_count": 4, "mirror_url": null, "archived": false, "disabled": false, "open_issues_count": 0, "license": null, "allow_forking": true, "is_template": false, "web_commit_signoff_required": false, "topics": [], "default_branch": "master", "permissions": {"admin": false, "maintain": false, "push": false, "triage": false, "pull": true}, "_id": 3048790}, {"owner": {"type": "User", "site_admin": false}, "fork": false, "created_at": "2011-12-25T18:57:43Z", "updated_at": "2021-09-03T23:38:53Z", "pushed_at": "2018-09-02T13:08:11Z", "size": 913, "stargazers_count": 10, "watchers_count": 10, "language": "Scala", "has_issues": true, "has_projects": true, "has_downloads": true, "has_wiki": true, "has_pages": false, "has_discussions": false, "forks_count": 1, "mirror_url": null, "archived": false, "disabled": false, "open_issues_count": 8, "license": null, "allow_forking": true, "is_template": false, "web_commit_signoff_required": false, "topics": [], "default_branch": "master", "permissions": {"admin": false, "maintain": false, "push": false, "triage": false, "pull": true}, "_id": 3048841}, {"owner": {"type": "User", "site_admin": false}, "fork": false, "created_at": "2011-12-25T19:11:33Z", "updated_at": "2020-08-03T09:04:21Z", "pushed_at": "2020-01-07T16:04:16Z", "size": 561, "stargazers_count": 22, "watchers_count": 22, "language": "JavaScript", "has_issues": true, "has_projects": true, "has_downloads": true, "has_wiki": true, "has_pages": false, "has_discussions": false, "forks_count": 5, "mirror_url": null, "archived": false, "disabled": false, "open_issues_count": 0, "license": null, "allow_forking": true, "is_template": false, "web_commit_signoff_required": false, "topics": [], "default_branch": "master", "permissions": {"admin": false, "maintain": false, "push": false, "triage": false, "pull": true}, "_id": 3048882}, {"owner": {"type": "User", "site_admin": false}, "fork": false, "created_at": "2011-12-25T19:51:11Z", "updated_at": "2017-04-08T16:31:42Z", "pushed_at": "2012-06-20T19:19:39Z", "size": 10143, "stargazers_count": 9, "watchers_count": 9, "language": "JavaScript", "has_issues": true, "has_projects": true, "has_downloads": true, "has_wiki": true, "has_pages": false, "has_discussions": false, "forks_count": 1, "mirror_url": null, "archived": false, "disabled": false, "open_issues_count": 0, "license": null, "allow_forking": true, "is_template": false, "web_commit_signoff_required": false, "topics": [], "default_branch": "master", "permissions": {"admin": false, "maintain": false, "push": false, "triage": false, "pull": true}, "_id": 3048981}, {"owner": {"type": "User", "site_admin": false}, "fork": false, "created_at": "2011-12-25T20:06:37Z", "updated_at": "2021-02-16T22:04:01Z", "pushed_at": "2014-12-26T22:14:25Z", "size": 7688, "stargazers_count": 118, "watchers_count": 118, "language": "JavaScript", "has_issues": true, "has_projects": true, "has_downloads": true, "has_wiki": true, "has_pages": false, "has_discussions": false, "forks_count": 8, "mirror_url": null, "archived": false, "disabled": false, "open_issues_count": 0, "license": null, "allow_forking": true, "is_template": false, "web_commit_signoff_required": false, "topics": [], "default_branch": "master", "permissions": {"admin": false, "maintain": false, "push": false, "triage": false, "pull": true}, "_id": 3049020}, {"owner": {"type": "User", "site_admin": false}, "fork": false, "created_at": "2011-12-25T20:15:04Z", "updated_at": "2022-01-09T09:37:35Z", "pushed_at": "2018-01-28T16:11:21Z", "size": 8071, "stargazers_count": 16, "watchers_count": 16, "language": "JavaScript", "has_issues": true, "has_projects": true, "has_downloads": true, "has_wiki": true, "has_pages": true, "has_discussions": false, "forks_count": 3, "mirror_url": null, "archived": false, "disabled": false, "open_issues_count": 0, "license": null, "allow_forking": true, "is_template": false, "web_commit_signoff_required": false, "topics": [], "default_branch": "master", "permissions": {"admin": false, "maintain": false, "push": false, "triage": false, "pull": true}, "_id": 3049041}, {"owner": {"type": "User", "site_admin": false}, "fork": false, "created_at": "2011-12-25T20:17:26Z", "updated_at": "2022-07-19T11:39:24Z", "pushed_at": "2011-12-28T00:25:51Z", "size": 2020, "stargazers_count": 9, "watchers_count": 9, "language": "JavaScript", "has_issues": true, "has_projects": true, "has_downloads": true, "has_wiki": true, "has_pages": false, "has_discussions": false, "forks_count": 0, "mirror_url": null, "archived": false, "disabled": false, "open_issues_count": 0, "license": null, "allow_forking": true, "is_template": false, "web_commit_signoff_required": false, "topics": [], "default_branch": "master", "permissions": {"admin": false, "maintain": false, "push": false, "triage": false, "pull": true}, "_id": 3049050}, {"owner": {"type": "User", "site_admin": false}, "fork": false, "created_at": "2011-12-25T20:40:12Z", "updated_at": "2017-11-08T15:55:49Z", "pushed_at": "2012-01-20T21:12:13Z", "size": 5176, "stargazers_count": 11, "watchers_count": 11, "language": "JavaScript", "has_issues": true, "has_projects": true, "has_downloads": true, "has_wiki": true, "has_pages": false, "has_discussions": false, "forks_count": 0, "mirror_url": null, "archived": true, "disabled": false, "open_issues_count": 1, "license": null, "allow_forking": true, "is_template": false, "web_commit_signoff_required": false, "topics": [], "default_branch": "master", "permissions": {"admin": false, "maintain": false, "push": false, "triage": false, "pull": true}, "_id": 3049098}, {"owner": {"type": "User", "site_admin": false}, "fork": false, "created_at": "2011-12-25T20:47:02Z", "updated_at": "2021-11-15T10:34:04Z", "pushed_at": "2013-08-11T20:06:43Z", "size": 418, "stargazers_count": 12, "watchers_count": 12, "language": "Ruby", "has_issues": true, "has_projects": true, "has_downloads": true, "has_wiki": true, "has_pages": true, "has_discussions": false, "forks_count": 3, "mirror_url": null, "archived": false, "disabled": false, "open_issues_count": 0, "license": null, "allow_forking": true, "is_template": false, "web_commit_signoff_required": false, "topics": [], "default_branch": "master", "permissions": {"admin": false, "maintain": false, "push": false, "triage": false, "pull": true}, "_id": 3049120}, {"owner": {"type": "User", "site_admin": false}, "fork": false, "created_at": "2011-12-25T21:15:04Z", "updated_at": "2022-11-26T02:22:22Z", "pushed_at": "2022-11-25T19:10:30Z", "size": 24258, "stargazers_count": 2619, "watchers_count": 2619, "language": "Go", "has_issues": true, "has_projects": true, "has_downloads": true, "has_wiki": false, "has_pages": true, "has_discussions": false, "forks_count": 151, "mirror_url": null, "archived": false, "disabled": false, "open_issues_count": 106, "license": {"key": "mit", "name": "MIT License", "spdx_id": "MIT", "url": "https://api.github.com/licenses/mit", "node_id": "MDc6TGljZW5zZTEz"}, "allow_forking": true, "is_template": false, "web_commit_signoff_required": false, "topics": ["automation", "config", "config-management", "devops", "proxy", "ssh"], "default_branch": "master", "permissions": {"admin": false, "maintain": false, "push": false, "triage": false, "pull": true}, "_id": 3049190}, {"owner": {"type": "User", "site_admin": false}, "fork": false, "created_at": "2011-12-25T21:48:25Z", "updated_at": "2022-08-03T08:35:59Z", "pushed_at": "2013-12-30T23:55:50Z", "size": 2150, "stargazers_count": 7, "watchers_count": 7, "language": "PHP", "has_issues": true, "has_projects": true, "has_downloads": true, "has_wiki": true, "has_pages": false, "has_discussions": false, "forks_count": 2, "mirror_url": null, "archived": true, "disabled": false, "open_issues_count": 0, "license": null, "allow_forking": true, "is_template": false, "web_commit_signoff_required": false, "topics": [], "default_branch": "master", "permissions": {"admin": false, "maintain": false, "push": false, "triage": false, "pull": true}, "_id": 3049264}, {"owner": {"type": "User", "site_admin": false}, "fork": false, "created_at": "2011-12-25T22:31:14Z", "updated_at": "2021-08-27T07:42:18Z", "pushed_at": "2015-06-25T05:06:47Z", "size": 15079, "stargazers_count": 42, "watchers_count": 42, "language": "LLVM", "has_issues": true, "has_projects": true, "has_downloads": true, "has_wiki": true, "has_pages": false, "has_discussions": false, "forks_count": 9, "mirror_url": null, "archived": false, "disabled": false, "open_issues_count": 0, "license": {"key": "other", "name": "Other", "spdx_id": "NOASSERTION", "url": null, "node_id": "MDc6TGljZW5zZTA="}, "allow_forking": true, "is_template": false, "web_commit_signoff_required": false, "topics": ["formal-methods", "formal-semantics", "k-framework", "llvm", "llvm-ir", "plt", "research"], "default_branch": "master", "permissions": {"admin": false, "maintain": false, "push": false, "triage": false, "pull": true}, "_id": 3049357}, {"owner": {"type": "User", "site_admin": false}, "fork": false, "created_at": "2011-12-25T22:40:54Z", "updated_at": "2022-09-30T17:41:10Z", "pushed_at": "2022-11-20T09:29:55Z", "size": 83, "stargazers_count": 72, "watchers_count": 72, "language": "JavaScript", "has_issues": true, "has_projects": true, "has_downloads": true, "has_wiki": true, "has_pages": false, "has_discussions": false, "forks_count": 16, "mirror_url": null, "archived": false, "disabled": false, "open_issues_count": 5, "license": {"key": "mit", "name": "MIT License", "spdx_id": "MIT", "url": "https://api.github.com/licenses/mit", "node_id": "MDc6TGljZW5zZTEz"}, "allow_forking": true, "is_template": false, "web_commit_signoff_required": false, "topics": [], "default_branch": "master", "permissions": {"admin": false, "maintain": false, "push": false, "triage": false, "pull": true}, "_id": 3049376}, {"owner": {"type": "User", "site_admin": false}, "fork": false, "created_at": "2011-12-25T22:48:59Z", "updated_at": "2022-05-06T19:04:31Z", "pushed_at": "2013-01-02T08:37:40Z", "size": 5280, "stargazers_count": 66, "watchers_count": 66, "language": "Erlang", "has_issues": true, "has_projects": true, "has_downloads": true, "has_wiki": true, "has_pages": false, "has_discussions": false, "forks_count": 36, "mirror_url": null, "archived": false, "disabled": false, "open_issues_count": 9, "license": {"key": "gpl-3.0", "name": "GNU General Public License v3.0", "spdx_id": "GPL-3.0", "url": "https://api.github.com/licenses/gpl-3.0", "node_id": "MDc6TGljZW5zZTk="}, "allow_forking": true, "is_template": false, "web_commit_signoff_required": false, "topics": [], "default_branch": "master", "permissions": {"admin": false, "maintain": false, "push": false, "triage": false, "pull": true}, "_id": 3049401}, {"owner": {"type": "User", "site_admin": false}, "fork": false, "created_at": "2011-12-25T22:53:26Z", "updated_at": "2020-06-11T09:31:45Z", "pushed_at": "2012-10-29T23:17:51Z", "size": 289, "stargazers_count": 17, "watchers_count": 17, "language": "JavaScript", "has_issues": true, "has_projects": true, "has_downloads": true, "has_wiki": true, "has_pages": false, "has_discussions": false, "forks_count": 7, "mirror_url": null, "archived": false, "disabled": false, "open_issues_count": 0, "license": null, "allow_forking": true, "is_template": false, "web_commit_signoff_required": false, "topics": [], "default_branch": "master", "permissions": {"admin": false, "maintain": false, "push": false, "triage": false, "pull": true}, "_id": 3049412}, {"owner": {"type": "User", "site_admin": false}, "fork": false, "created_at": "2011-12-25T23:11:04Z", "updated_at": "2021-11-26T12:43:13Z", "pushed_at": "2013-04-27T13:30:44Z", "size": 2244, "stargazers_count": 12, "watchers_count": 12, "language": "C++", "has_issues": true, "has_projects": true, "has_downloads": true, "has_wiki": true, "has_pages": false, "has_discussions": false, "forks_count": 2, "mirror_url": null, "archived": false, "disabled": false, "open_issues_count": 0, "license": null, "allow_forking": true, "is_template": false, "web_commit_signoff_required": false, "topics": [], "default_branch": "master", "permissions": {"admin": false, "maintain": false, "push": false, "triage": false, "pull": true}, "_id": 3049458}, {"owner": {"type": "User", "site_admin": false}, "fork": false, "created_at": "2011-12-25T23:14:01Z", "updated_at": "2022-09-02T10:05:20Z", "pushed_at": "2012-01-02T11:19:34Z", "size": 5988, "stargazers_count": 8, "watchers_count": 8, "language": "Scala", "has_issues": true, "has_projects": true, "has_downloads": true, "has_wiki": true, "has_pages": false, "has_discussions": false, "forks_count": 2, "mirror_url": null, "archived": false, "disabled": false, "open_issues_count": 0, "license": null, "allow_forking": true, "is_template": false, "web_commit_signoff_required": false, "topics": [], "default_branch": "master", "permissions": {"admin": false, "maintain": false, "push": false, "triage": false, "pull": true}, "_id": 3049462}, {"owner": {"type": "Organization", "site_admin": false}, "fork": false, "created_at": "2011-12-25T23:27:56Z", "updated_at": "2022-09-23T16:07:34Z", "pushed_at": "2020-07-15T21:31:02Z", "size": 65374, "stargazers_count": 6, "watchers_count": 6, "language": "Emacs Lisp", "has_issues": false, "has_projects": true, "has_downloads": true, "has_wiki": false, "has_pages": false, "has_discussions": false, "forks_count": 4, "mirror_url": null, "archived": false, "disabled": false, "open_issues_count": 1, "license": {"key": "gpl-3.0", "name": "GNU General Public License v3.0", "spdx_id": "GPL-3.0", "url": "https://api.github.com/licenses/gpl-3.0", "node_id": "MDc6TGljZW5zZTk="}, "allow_forking": true, "is_template": false, "web_commit_signoff_required": false, "topics": [], "default_branch": "master", "permissions": {"admin": false, "maintain": false, "push": false, "triage": false, "pull": true}, "_id": 3049492}, {"owner": {"type": "User", "site_admin": false}, "fork": false, "created_at": "2011-12-25T23:52:43Z", "updated_at": "2021-01-03T10:16:47Z", "pushed_at": "2017-08-07T09:29:33Z", "size": 20, "stargazers_count": 9, "watchers_count": 9, "language": "Clojure", "has_issues": true, "has_projects": true, "has_downloads": true, "has_wiki": true, "has_pages": false, "has_discussions": false, "forks_count": 0, "mirror_url": null, "archived": false, "disabled": false, "open_issues_count": 2, "license": null, "allow_forking": true, "is_template": false, "web_commit_signoff_required": false, "topics": [], "default_branch": "master", "permissions": {"admin": false, "maintain": false, "push": false, "triage": false, "pull": true}, "_id": 3049540}, {"owner": {"type": "User", "site_admin": false}, "fork": false, "created_at": "2011-12-25T23:58:36Z", "updated_at": "2022-10-07T10:31:34Z", "pushed_at": "2014-06-29T04:06:06Z", "size": 553, "stargazers_count": 19, "watchers_count": 19, "language": "C++", "has_issues": true, "has_projects": true, "has_downloads": true, "has_wiki": true, "has_pages": false, "has_discussions": false, "forks_count": 10, "mirror_url": null, "archived": false, "disabled": false, "open_issues_count": 0, "license": null, "allow_forking": true, "is_template": false, "web_commit_signoff_required": false, "topics": [], "default_branch": "master", "permissions": {"admin": false, "maintain": false, "push": false, "triage": false, "pull": true}, "_id": 3049552}]