[{"owner": {"type": "User", "site_admin": false}, "fork": false, "created_at": "2011-06-18T00:19:23Z", "updated_at": "2013-12-27T19:03:57Z", "pushed_at": "2011-12-18T04:23:38Z", "size": 97, "stargazers_count": 6, "watchers_count": 6, "language": null, "has_issues": true, "has_projects": true, "has_downloads": true, "has_wiki": true, "has_pages": false, "has_discussions": false, "forks_count": 2, "mirror_url": null, "archived": false, "disabled": false, "open_issues_count": 0, "license": null, "allow_forking": true, "is_template": false, "web_commit_signoff_required": false, "topics": [], "default_branch": "master", "permissions": {"admin": false, "maintain": false, "push": false, "triage": false, "pull": true}, "_id": 1913982}, {"owner": {"type": "User", "site_admin": false}, "fork": false, "created_at": "2011-06-18T00:24:46Z", "updated_at": "2019-02-01T10:09:32Z", "pushed_at": "2013-02-08T20:03:13Z", "size": 694, "stargazers_count": 27, "watchers_count": 27, "language": "Python", "has_issues": true, "has_projects": true, "has_downloads": true, "has_wiki": true, "has_pages": false, "has_discussions": false, "forks_count": 3, "mirror_url": null, "archived": false, "disabled": false, "open_issues_count": 0, "license": {"key": "mit", "name": "MIT License", "spdx_id": "MIT", "url": "https://api.github.com/licenses/mit", "node_id": "MDc6TGljZW5zZTEz"}, "allow_forking": true, "is_template": false, "web_commit_signoff_required": false, "topics": [], "default_branch": "master", "permissions": {"admin": false, "maintain": false, "push": false, "triage": false, "pull": true}, "_id": 1913995}, {"owner": {"type": "User", "site_admin": false}, "fork": false, "created_at": "2011-06-18T00:32:47Z", "updated_at": "2013-11-25T03:03:58Z", "pushed_at": "2013-08-15T14:01:48Z", "size": 95, "stargazers_count": 8, "watchers_count": 8, "language": "ColdFusion", "has_issues": true, "has_projects": true, "has_downloads": true, "has_wiki": true, "has_pages": false, "has_discussions": false, "forks_count": 5, "mirror_url": null, "archived": false, "disabled": false, "open_issues_count": 0, "license": {"key": "other", "name": "Other", "spdx_id": "NOASSERTION", "url": null, "node_id": "MDc6TGljZW5zZTA="}, "allow_forking": true, "is_template": false, "web_commit_signoff_required": false, "topics": [], "default_branch": "master", "permissions": {"admin": false, "maintain": false, "push": false, "triage": false, "pull": true}, "_id": 1914006}, {"owner": {"type": "User", "site_admin": false}, "fork": false, "created_at": "2011-06-18T01:07:29Z", "updated_at": "2016-05-20T02:42:12Z", "pushed_at": "2013-06-26T00:18:10Z", "size": 572, "stargazers_count": 8, "watchers_count": 8, "language": "PHP", "has_issues": true, "has_projects": true, "has_downloads": true, "has_wiki": true, "has_pages": false, "has_discussions": false, "forks_count": 1, "mirror_url": null, "archived": false, "disabled": false, "open_issues_count": 4, "license": null, "allow_forking": true, "is_template": false, "web_commit_signoff_required": false, "topics": [], "default_branch": "master", "permissions": {"admin": false, "maintain": false, "push": false, "triage": false, "pull": true}, "_id": 1914095}, {"owner": {"type": "User", "site_admin": false}, "fork": false, "created_at": "2011-06-18T01:12:15Z", "updated_at": "2020-11-17T11:10:46Z", "pushed_at": "2011-07-28T14:46:54Z", "size": 95, "stargazers_count": 23, "watchers_count": 23, "language": null, "has_issues": true, "has_projects": true, "has_downloads": true, "has_wiki": true, "has_pages": false, "has_discussions": false, "forks_count": 5, "mirror_url": null, "archived": false, "disabled": false, "open_issues_count": 1, "license": null, "allow_forking": true, "is_template": false, "web_commit_signoff_required": false, "topics": [], "default_branch": "master", "permissions": {"admin": false, "maintain": false, "push": false, "triage": false, "pull": true}, "_id": 1914110}, {"owner": {"type": "User", "site_admin": false}, "fork": false, "created_at": "2011-06-18T01:12:48Z", "updated_at": "2019-02-08T02:02:18Z", "pushed_at": "2011-06-20T14:03:53Z", "size": 3671, "stargazers_count": 8, "watchers_count": 8, "language": "JavaScript", "has_issues": true, "has_projects": true, "has_downloads": true, "has_wiki": true, "has_pages": false, "has_discussions": false, "forks_count": 3, "mirror_url": null, "archived": false, "disabled": false, "open_issues_count": 0, "license": null, "allow_forking": true, "is_template": false, "web_commit_signoff_required": false, "topics": [], "default_branch": "master", "permissions": {"admin": false, "maintain": false, "push": false, "triage": false, "pull": true}, "_id": 1914114}, {"owner": {"type": "Organization", "site_admin": false}, "fork": false, "created_at": "2011-06-18T01:14:05Z", "updated_at": "2022-10-19T03:42:42Z", "pushed_at": "2022-10-17T15:54:21Z", "size": 115, "stargazers_count": 404, "watchers_count": 404, "language": "JavaScript", "has_issues": true, "has_projects": true, "has_downloads": true, "has_wiki": true, "has_pages": false, "has_discussions": false, "forks_count": 60, "mirror_url": null, "archived": false, "disabled": false, "open_issues_count": 12, "license": {"key": "other", "name": "Other", "spdx_id": "NOASSERTION", "url": null, "node_id": "MDc6TGljZW5zZTA="}, "allow_forking": true, "is_template": false, "web_commit_signoff_required": false, "topics": ["ast", "commonjs", "dependencies", "javascript", "modules"], "default_branch": "master", "permissions": {"admin": false, "maintain": false, "push": false, "triage": false, "pull": true}, "_id": 1914120}, {"owner": {"type": "User", "site_admin": false}, "fork": false, "created_at": "2011-06-18T01:16:23Z", "updated_at": "2019-08-28T08:08:21Z", "pushed_at": "2015-02-06T00:07:08Z", "size": 118, "stargazers_count": 16, "watchers_count": 16, "language": null, "has_issues": true, "has_projects": true, "has_downloads": true, "has_wiki": true, "has_pages": false, "has_discussions": false, "forks_count": 25, "mirror_url": null, "archived": false, "disabled": false, "open_issues_count": 0, "license": {"key": "mit", "name": "MIT License", "spdx_id": "MIT", "url": "https://api.github.com/licenses/mit", "node_id": "MDc6TGljZW5zZTEz"}, "allow_forking": true, "is_template": false, "web_commit_signoff_required": false, "topics": [], "default_branch": "master", "permissions": {"admin": false, "maintain": false, "push": false, "triage": false, "pull": true}, "_id": 1914127}, {"owner": {"type": "User", "site_admin": false}, "fork": false, "created_at": "2011-06-18T01:32:01Z", "updated_at": "2022-10-18T03:03:52Z", "pushed_at": "2022-04-22T09:52:45Z", "size": 2309, "stargazers_count": 333, "watchers_count": 333, "language": "Ruby", "has_issues": true, "has_projects": true, "has_downloads": true, "has_wiki": true, "has_pages": false, "has_discussions": false, "forks_count": 64, "mirror_url": null, "archived": false, "disabled": false, "open_issues_count": 19, "license": {"key": "gpl-3.0", "name": "GNU General Public License v3.0", "spdx_id": "GPL-3.0", "url": "https://api.github.com/licenses/gpl-3.0", "node_id": "MDc6TGljZW5zZTk="}, "allow_forking": true, "is_template": false, "web_commit_signoff_required": false, "topics": [], "default_branch": "master", "permissions": {"admin": false, "maintain": false, "push": false, "triage": false, "pull": true}, "_id": 1914169}, {"owner": {"type": "User", "site_admin": false}, "fork": false, "created_at": "2011-06-18T01:37:59Z", "updated_at": "2021-04-20T14:00:48Z", "pushed_at": "2011-07-03T17:32:21Z", "size": 102, "stargazers_count": 9, "watchers_count": 9, "language": "Go", "has_issues": true, "has_projects": true, "has_downloads": true, "has_wiki": true, "has_pages": false, "has_discussions": false, "forks_count": 2, "mirror_url": null, "archived": false, "disabled": false, "open_issues_count": 1, "license": null, "allow_forking": true, "is_template": false, "web_commit_signoff_required": false, "topics": [], "default_branch": "master", "permissions": {"admin": false, "maintain": false, "push": false, "triage": false, "pull": true}, "_id": 1914179}, {"owner": {"type": "User", "site_admin": false}, "fork": false, "created_at": "2011-06-18T01:38:41Z", "updated_at": "2022-10-25T16:20:43Z", "pushed_at": "2022-05-16T04:47:05Z", "size": 7835, "stargazers_count": 13, "watchers_count": 13, "language": "C#", "has_issues": true, "has_projects": false, "has_downloads": true, "has_wiki": false, "has_pages": true, "has_discussions": false, "forks_count": 2, "mirror_url": null, "archived": false, "disabled": false, "open_issues_count": 2, "license": null, "allow_forking": true, "is_template": false, "web_commit_signoff_required": false, "topics": ["unity", "unity-editor", "unity3d", "unity3d-editor"], "default_branch": "master", "permissions": {"admin": false, "maintain": false, "push": false, "triage": false, "pull": true}, "_id": 1914182}, {"owner": {"type": "User", "site_admin": false}, "fork": false, "created_at": "2011-06-18T01:39:18Z", "updated_at": "2019-07-09T03:27:10Z", "pushed_at": "2016-08-01T22:57:40Z", "size": 78026, "stargazers_count": 9, "watchers_count": 9, "language": "Python", "has_issues": true, "has_projects": true, "has_downloads": true, "has_wiki": true, "has_pages": true, "has_discussions": false, "forks_count": 1, "mirror_url": null, "archived": false, "disabled": false, "open_issues_count": 5, "license": {"key": "bsd-2-clause", "name": "BSD 2-Clause \"Simplified\" License", "spdx_id": "BSD-2-Clause", "url": "https://api.github.com/licenses/bsd-2-clause", "node_id": "MDc6TGljZW5zZTQ="}, "allow_forking": true, "is_template": false, "web_commit_signoff_required": false, "topics": [], "default_branch": "master", "permissions": {"admin": false, "maintain": false, "push": false, "triage": false, "pull": true}, "_id": 1914184}, {"owner": {"type": "User", "site_admin": false}, "fork": false, "created_at": "2011-06-18T01:46:07Z", "updated_at": "2022-10-05T13:05:16Z", "pushed_at": "2011-12-21T21:18:32Z", "size": 109, "stargazers_count": 10, "watchers_count": 10, "language": "CoffeeScript", "has_issues": true, "has_projects": true, "has_downloads": true, "has_wiki": true, "has_pages": false, "has_discussions": false, "forks_count": 2, "mirror_url": null, "archived": false, "disabled": false, "open_issues_count": 0, "license": null, "allow_forking": true, "is_template": false, "web_commit_signoff_required": false, "topics": ["coffeescript", "qr-code", "qr-codes", "web-programming"], "default_branch": "master", "permissions": {"admin": false, "maintain": false, "push": false, "triage": false, "pull": true}, "_id": 1914197}, {"owner": {"type": "User", "site_admin": false}, "fork": false, "created_at": "2011-06-18T01:57:26Z", "updated_at": "2020-06-16T16:53:24Z", "pushed_at": "2012-04-25T01:33:44Z", "size": 207, "stargazers_count": 30, "watchers_count": 30, "language": "Ruby", "has_issues": true, "has_projects": true, "has_downloads": true, "has_wiki": true, "has_pages": false, "has_discussions": false, "forks_count": 1, "mirror_url": null, "archived": false, "disabled": false, "open_issues_count": 0, "license": {"key": "mit", "name": "MIT License", "spdx_id": "MIT", "url": "https://api.github.com/licenses/mit", "node_id": "MDc6TGljZW5zZTEz"}, "allow_forking": true, "is_template": false, "web_commit_signoff_required": false, "topics": [], "default_branch": "master", "permissions": {"admin": false, "maintain": false, "push": false, "triage": false, "pull": true}, "_id": 1914229}, {"owner": {"type": "User", "site_admin": false}, "fork": false, "created_at": "2011-06-18T02:10:59Z", "updated_at": "2018-01-20T03:48:25Z", "pushed_at": "2011-06-18T02:12:01Z", "size": 93, "stargazers_count": 8, "watchers_count": 8, "language": "Python", "has_issues": true, "has_projects": true, "has_downloads": true, "has_wiki": true, "has_pages": false, "has_discussions": false, "forks_count": 1, "mirror_url": null, "archived": false, "disabled": false, "open_issues_count": 0, "license": null, "allow_forking": true, "is_template": false, "web_commit_signoff_required": false, "topics": [], "default_branch": "master", "permissions": {"admin": false, "maintain": false, "push": false, "triage": false, "pull": true}, "_id": 1914261}, {"owner": {"type": "User", "site_admin": false}, "fork": false, "created_at": "2011-06-18T02:26:02Z", "updated_at": "2018-04-04T09:01:16Z", "pushed_at": "2015-07-25T08:00:05Z", "size": 1239, "stargazers_count": 17, "watchers_count": 17, "language": "Shell", "has_issues": true, "has_projects": true, "has_downloads": true, "has_wiki": false, "has_pages": true, "has_discussions": false, "forks_count": 5, "mirror_url": null, "archived": false, "disabled": false, "open_issues_count": 0, "license": null, "allow_forking": true, "is_template": false, "web_commit_signoff_required": false, "topics": [], "default_branch": "master", "permissions": {"admin": false, "maintain": false, "push": false, "triage": false, "pull": true}, "_id": 1914297}, {"owner": {"type": "User", "site_admin": false}, "fork": false, "created_at": "2011-06-18T02:42:33Z", "updated_at": "2022-10-30T03:12:26Z", "pushed_at": "2016-02-01T14:06:56Z", "size": 7517, "stargazers_count": 124, "watchers_count": 124, "language": "C++", "has_issues": true, "has_projects": true, "has_downloads": true, "has_wiki": true, "has_pages": false, "has_discussions": false, "forks_count": 18, "mirror_url": null, "archived": false, "disabled": false, "open_issues_count": 21, "license": {"key": "other", "name": "Other", "spdx_id": "NOASSERTION", "url": null, "node_id": "MDc6TGljZW5zZTA="}, "allow_forking": true, "is_template": false, "web_commit_signoff_required": false, "topics": [], "default_branch": "master", "permissions": {"admin": false, "maintain": false, "push": false, "triage": false, "pull": true}, "_id": 1914327}, {"owner": {"type": "Organization", "site_admin": false}, "fork": false, "created_at": "2011-06-18T02:42:58Z", "updated_at": "2022-11-13T13:59:53Z", "pushed_at": "2021-01-15T22:23:57Z", "size": 6126, "stargazers_count": 1103, "watchers_count": 1103, "language": "Go", "has_issues": true, "has_projects": true, "has_downloads": true, "has_wiki": true, "has_pages": false, "has_discussions": false, "forks_count": 291, "mirror_url": null, "archived": true, "disabled": false, "open_issues_count": 169, "license": {"key": "bsd-3-clause", "name": "BSD 3-Clause \"New\" or \"Revised\" License", "spdx_id": "BSD-3-Clause", "url": "https://api.github.com/licenses/bsd-3-clause", "node_id": "MDc6TGljZW5zZTU="}, "allow_forking": true, "is_template": false, "web_commit_signoff_required": false, "topics": [], "default_branch": "master", "permissions": {"admin": false, "maintain": false, "push": false, "triage": false, "pull": true}, "_id": 1914329}, {"owner": {"type": "Organization", "site_admin": false}, "fork": false, "created_at": "2011-06-18T03:50:50Z", "updated_at": "2022-09-22T00:44:36Z", "pushed_at": "2015-07-06T20:13:55Z", "size": 1516, "stargazers_count": 25, "watchers_count": 25, "language": "C", "has_issues": true, "has_projects": true, "has_downloads": true, "has_wiki": true, "has_pages": false, "has_discussions": false, "forks_count": 30, "mirror_url": null, "archived": true, "disabled": false, "open_issues_count": 1, "license": {"key": "other", "name": "Other", "spdx_id": "NOASSERTION", "url": null, "node_id": "MDc6TGljZW5zZTA="}, "allow_forking": true, "is_template": false, "web_commit_signoff_required": false, "topics": [], "default_branch": "master", "permissions": {"admin": false, "maintain": false, "push": false, "triage": false, "pull": true}, "_id": 1914465}, {"owner": {"type": "User", "site_admin": false}, "fork": false, "created_at": "2011-06-18T03:59:12Z", "updated_at": "2017-12-31T23:05:40Z", "pushed_at": "2018-06-11T04:36:01Z", "size": 233, "stargazers_count": 11, "watchers_count": 11, "language": "JavaScript", "has_issues": true, "has_projects": true, "has_downloads": true, "has_wiki": true, "has_pages": false, "has_discussions": false, "forks_count": 2, "mirror_url": null, "archived": false, "disabled": false, "open_issues_count": 3, "license": null, "allow_forking": true, "is_template": false, "web_commit_signoff_required": false, "topics": [], "default_branch": "master", "permissions": {"admin": false, "maintain": false, "push": false, "triage": false, "pull": true}, "_id": 1914483}, {"owner": {"type": "Organization", "site_admin": false}, "fork": false, "created_at": "2011-06-18T05:30:40Z", "updated_at": "2022-10-05T16:59:29Z", "pushed_at": "2012-01-24T00:30:06Z", "size": 177, "stargazers_count": 43, "watchers_count": 43, "language": "JavaScript", "has_issues": true, "has_projects": true, "has_downloads": true, "has_wiki": true, "has_pages": false, "has_discussions": false, "forks_count": 7, "mirror_url": null, "archived": false, "disabled": false, "open_issues_count": 0, "license": null, "allow_forking": true, "is_template": false, "web_commit_signoff_required": false, "topics": [], "default_branch": "master", "permissions": {"admin": false, "maintain": false, "push": false, "triage": false, "pull": true}, "_id": 1914621}, {"owner": {"type": "User", "site_admin": false}, "fork": false, "created_at": "2011-06-18T05:34:59Z", "updated_at": "2022-11-08T05:10:13Z", "pushed_at": "2022-10-05T18:17:36Z", "size": 496, "stargazers_count": 303, "watchers_count": 303, "language": "Python", "has_issues": true, "has_projects": true, "has_downloads": true, "has_wiki": true, "has_pages": true, "has_discussions": false, "forks_count": 42, "mirror_url": null, "archived": false, "disabled": false, "open_issues_count": 9, "license": {"key": "other", "name": "Other", "spdx_id": "NOASSERTION", "url": null, "node_id": "MDc6TGljZW5zZTA="}, "allow_forking": true, "is_template": false, "web_commit_signoff_required": false, "topics": [], "default_branch": "master", "permissions": {"admin": false, "maintain": false, "push": false, "triage": false, "pull": true}, "_id": 1914637}, {"owner": {"type": "User", "site_admin": false}, "fork": false, "created_at": "2011-06-18T05:47:47Z", "updated_at": "2021-04-16T19:21:09Z", "pushed_at": "2012-04-20T16:48:26Z", "size": 12251, "stargazers_count": 42, "watchers_count": 42, "language": "C++", "has_issues": true, "has_projects": true, "has_downloads": true, "has_wiki": true, "has_pages": false, "has_discussions": false, "forks_count": 7, "mirror_url": null, "archived": false, "disabled": false, "open_issues_count": 1, "license": {"key": "mit", "name": "MIT License", "spdx_id": "MIT", "url": "https://api.github.com/licenses/mit", "node_id": "MDc6TGljZW5zZTEz"}, "allow_forking": true, "is_template": false, "web_commit_signoff_required": false, "topics": [], "default_branch": "master", "permissions": {"admin": false, "maintain": false, "push": false, "triage": false, "pull": true}, "_id": 1914670}, {"owner": {"type": "User", "site_admin": false}, "fork": false, "created_at": "2011-06-18T05:56:36Z", "updated_at": "2020-08-19T08:48:29Z", "pushed_at": "2013-02-10T12:53:08Z", "size": 220, "stargazers_count": 29, "watchers_count": 29, "language": "JavaScript", "has_issues": true, "has_projects": true, "has_downloads": true, "has_wiki": true, "has_pages": false, "has_discussions": false, "forks_count": 0, "mirror_url": null, "archived": false, "disabled": false, "open_issues_count": 0, "license": null, "allow_forking": true, "is_template": false, "web_commit_signoff_required": false, "topics": [], "default_branch": "master", "permissions": {"admin": false, "maintain": false, "push": false, "triage": false, "pull": true}, "_id": 1914680}, {"owner": {"type": "User", "site_admin": false}, "fork": false, "created_at": "2011-06-18T06:34:39Z", "updated_at": "2019-08-13T14:46:46Z", "pushed_at": "2011-12-12T12:59:52Z", "size": 330, "stargazers_count": 6, "watchers_count": 6, "language": "PHP", "has_issues": true, "has_projects": true, "has_downloads": true, "has_wiki": true, "has_pages": false, "has_discussions": false, "forks_count": 2, "mirror_url": null, "archived": false, "disabled": false, "open_issues_count": 0, "license": null, "allow_forking": true, "is_template": false, "web_commit_signoff_required": false, "topics": [], "default_branch": "master", "permissions": {"admin": false, "maintain": false, "push": false, "triage": false, "pull": true}, "_id": 1914768}, {"owner": {"type": "User", "site_admin": false}, "fork": false, "created_at": "2011-06-18T06:54:12Z", "updated_at": "2022-03-08T15:10:54Z", "pushed_at": "2014-10-26T01:33:29Z", "size": 11776, "stargazers_count": 9, "watchers_count": 9, "language": "Java", "has_issues": true, "has_projects": true, "has_downloads": true, "has_wiki": true, "has_pages": false, "has_discussions": false, "forks_count": 2, "mirror_url": null, "archived": false, "disabled": false, "open_issues_count": 1, "license": null, "allow_forking": true, "is_template": false, "web_commit_signoff_required": false, "topics": [], "default_branch": "master", "permissions": {"admin": false, "maintain": false, "push": false, "triage": false, "pull": true}, "_id": 1914808}, {"owner": {"type": "Organization", "site_admin": false}, "fork": false, "created_at": "2011-06-18T07:16:34Z", "updated_at": "2022-09-10T07:32:29Z", "pushed_at": "2022-06-21T17:46:22Z", "size": 41895, "stargazers_count": 455, "watchers_count": 455, "language": "PHP", "has_issues": false, "has_projects": true, "has_downloads": true, "has_wiki": false, "has_pages": false, "has_discussions": true, "forks_count": 170, "mirror_url": null, "archived": false, "disabled": false, "open_issues_count": 5, "license": {"key": "mpl-2.0", "name": "Mozilla Public License 2.0", "spdx_id": "MPL-2.0", "url": "https://api.github.com/licenses/mpl-2.0", "node_id": "MDc6TGljZW5zZTE0"}, "allow_forking": true, "is_template": false, "web_commit_signoff_required": false, "topics": [], "default_branch": "master", "permissions": {"admin": false, "maintain": false, "push": false, "triage": false, "pull": true}, "_id": 1914841}, {"owner": {"type": "User", "site_admin": false}, "fork": false, "created_at": "2011-06-18T07:19:11Z", "updated_at": "2022-04-07T20:21:59Z", "pushed_at": "2012-05-05T19:05:51Z", "size": 379, "stargazers_count": 7, "watchers_count": 7, "language": "Ruby", "has_issues": true, "has_projects": true, "has_downloads": true, "has_wiki": true, "has_pages": false, "has_discussions": false, "forks_count": 11, "mirror_url": null, "archived": false, "disabled": false, "open_issues_count": 1, "license": {"key": "mit", "name": "MIT License", "spdx_id": "MIT", "url": "https://api.github.com/licenses/mit", "node_id": "MDc6TGljZW5zZTEz"}, "allow_forking": true, "is_template": false, "web_commit_signoff_required": false, "topics": [], "default_branch": "master", "permissions": {"admin": false, "maintain": false, "push": false, "triage": false, "pull": true}, "_id": 1914848}, {"owner": {"type": "User", "site_admin": false}, "fork": false, "created_at": "2011-06-18T07:24:15Z", "updated_at": "2014-08-03T20:22:46Z", "pushed_at": "2011-06-18T07:47:29Z", "size": 96, "stargazers_count": 11, "watchers_count": 11, "language": null, "has_issues": true, "has_projects": true, "has_downloads": true, "has_wiki": true, "has_pages": false, "has_discussions": false, "forks_count": 0, "mirror_url": null, "archived": false, "disabled": false, "open_issues_count": 0, "license": null, "allow_forking": true, "is_template": false, "web_commit_signoff_required": false, "topics": [], "default_branch": "master", "permissions": {"admin": false, "maintain": false, "push": false, "triage": false, "pull": true}, "_id": 1914853}, {"owner": {"type": "User", "site_admin": false}, "fork": false, "created_at": "2011-06-18T07:24:15Z", "updated_at": "2017-12-09T00:30:02Z", "pushed_at": "2011-09-28T06:14:47Z", "size": 179, "stargazers_count": 33, "watchers_count": 33, "language": null, "has_issues": true, "has_projects": true, "has_downloads": true, "has_wiki": true, "has_pages": false, "has_discussions": false, "forks_count": 2, "mirror_url": null, "archived": false, "disabled": false, "open_issues_count": 0, "license": null, "allow_forking": true, "is_template": false, "web_commit_signoff_required": false, "topics": [], "default_branch": "master", "permissions": {"admin": false, "maintain": false, "push": false, "triage": false, "pull": true}, "_id": 1914854}, {"owner": {"type": "User", "site_admin": false}, "fork": false, "created_at": "2011-06-18T07:36:27Z", "updated_at": "2020-01-22T14:03:49Z", "pushed_at": "2022-03-08T12:04:16Z", "size": 41357, "stargazers_count": 11, "watchers_count": 11, "language": "Java", "has_issues": true, "has_projects": true, "has_downloads": true, "has_wiki": true, "has_pages": true, "has_discussions": false, "forks_count": 8, "mirror_url": null, "archived": false, "disabled": false, "open_issues_count": 5, "license": null, "allow_forking": true, "is_template": false, "web_commit_signoff_required": false, "topics": [], "default_branch": "master", "permissions": {"admin": false, "maintain": false, "push": false, "triage": false, "pull": true}, "_id": 1914872}, {"owner": {"type": "User", "site_admin": false}, "fork": false, "created_at": "2011-06-18T07:58:35Z", "updated_at": "2022-10-02T06:53:04Z", "pushed_at": "2022-08-31T18:42:22Z", "size": 26506, "stargazers_count": 69, "watchers_count": 69, "language": "C#", "has_issues": true, "has_projects": true, "has_downloads": true, "has_wiki": true, "has_pages": false, "has_discussions": false, "forks_count": 18, "mirror_url": null, "archived": false, "disabled": false, "open_issues_count": 37, "license": null, "allow_forking": true, "is_template": false, "web_commit_signoff_required": false, "topics": [], "default_branch": "master", "permissions": {"admin": false, "maintain": false, "push": false, "triage": false, "pull": true}, "_id": 1914910}, {"owner": {"type": "User", "site_admin": false}, "fork": false, "created_at": "2011-06-18T08:05:51Z", "updated_at": "2021-10-04T18:12:02Z", "pushed_at": "2011-06-18T08:11:36Z", "size": 145, "stargazers_count": 24, "watchers_count": 24, "language": "Objective-C", "has_issues": true, "has_projects": true, "has_downloads": true, "has_wiki": true, "has_pages": false, "has_discussions": false, "forks_count": 12, "mirror_url": null, "archived": false, "disabled": false, "open_issues_count": 0, "license": null, "allow_forking": true, "is_template": false, "web_commit_signoff_required": false, "topics": [], "default_branch": "master", "permissions": {"admin": false, "maintain": false, "push": false, "triage": false, "pull": true}, "_id": 1914929}, {"owner": {"type": "User", "site_admin": false}, "fork": false, "created_at": "2011-06-18T08:11:04Z", "updated_at": "2021-10-13T01:06:06Z", "pushed_at": "2012-12-05T01:06:59Z", "size": 104, "stargazers_count": 8, "watchers_count": 8, "language": "Java", "has_issues": true, "has_projects": true, "has_downloads": true, "has_wiki": true, "has_pages": false, "has_discussions": false, "forks_count": 4, "mirror_url": null, "archived": false, "disabled": false, "open_issues_count": 0, "license": null, "allow_forking": true, "is_template": false, "web_commit_signoff_required": false, "topics": [], "default_branch": "master", "permissions": {"admin": false, "maintain": false, "push": false, "triage": false, "pull": true}, "_id": 1914938}, {"owner": {"type": "User", "site_admin": false}, "fork": false, "created_at": "2011-06-18T08:16:01Z", "updated_at": "2022-06-13T07:00:18Z", "pushed_at": "2015-07-21T11:14:16Z", "size": 10040, "stargazers_count": 8, "watchers_count": 8, "language": "C++", "has_issues": true, "has_projects": true, "has_downloads": true, "has_wiki": true, "has_pages": false, "has_discussions": false, "forks_count": 0, "mirror_url": null, "archived": false, "disabled": false, "open_issues_count": 21, "license": {"key": "gpl-2.0", "name": "GNU General Public License v2.0", "spdx_id": "GPL-2.0", "url": "https://api.github.com/licenses/gpl-2.0", "node_id": "MDc6TGljZW5zZTg="}, "allow_forking": true, "is_template": false, "web_commit_signoff_required": false, "topics": [], "default_branch": "master", "permissions": {"admin": false, "maintain": false, "push": false, "triage": false, "pull": true}, "_id": 1914946}, {"owner": {"type": "User", "site_admin": false}, "fork": false, "created_at": "2011-06-18T08:21:42Z", "updated_at": "2021-10-10T06:11:48Z", "pushed_at": "2011-06-18T08:27:56Z", "size": 478, "stargazers_count": 33, "watchers_count": 33, "language": "Objective-C", "has_issues": true, "has_projects": true, "has_downloads": true, "has_wiki": true, "has_pages": false, "has_discussions": false, "forks_count": 15, "mirror_url": null, "archived": false, "disabled": false, "open_issues_count": 0, "license": null, "allow_forking": true, "is_template": false, "web_commit_signoff_required": false, "topics": [], "default_branch": "master", "permissions": {"admin": false, "maintain": false, "push": false, "triage": false, "pull": true}, "_id": 1914957}, {"owner": {"type": "User", "site_admin": false}, "fork": false, "created_at": "2011-06-18T08:28:31Z", "updated_at": "2019-09-09T13:24:21Z", "pushed_at": "2011-06-18T08:31:22Z", "size": 132, "stargazers_count": 10, "watchers_count": 10, "language": "Objective-C", "has_issues": true, "has_projects": true, "has_downloads": true, "has_wiki": true, "has_pages": false, "has_discussions": false, "forks_count": 4, "mirror_url": null, "archived": false, "disabled": false, "open_issues_count": 0, "license": null, "allow_forking": true, "is_template": false, "web_commit_signoff_required": false, "topics": [], "default_branch": "master", "permissions": {"admin": false, "maintain": false, "push": false, "triage": false, "pull": true}, "_id": 1914975}, {"owner": {"type": "User", "site_admin": false}, "fork": false, "created_at": "2011-06-18T08:37:57Z", "updated_at": "2018-12-10T03:12:20Z", "pushed_at": "2015-09-02T14:59:57Z", "size": 13199, "stargazers_count": 8, "watchers_count": 8, "language": "C#", "has_issues": true, "has_projects": true, "has_downloads": true, "has_wiki": true, "has_pages": false, "has_discussions": false, "forks_count": 7, "mirror_url": null, "archived": false, "disabled": false, "open_issues_count": 0, "license": null, "allow_forking": true, "is_template": false, "web_commit_signoff_required": false, "topics": [], "default_branch": "master", "permissions": {"admin": false, "maintain": false, "push": false, "triage": false, "pull": true}, "_id": 1914993}, {"owner": {"type": "Organization", "site_admin": false}, "fork": false, "created_at": "2011-06-18T08:45:51Z", "updated_at": "2021-09-29T22:25:43Z", "pushed_at": "2012-12-03T11:46:22Z", "size": 32515, "stargazers_count": 26, "watchers_count": 26, "language": "C", "has_issues": true, "has_projects": true, "has_downloads": true, "has_wiki": true, "has_pages": false, "has_discussions": false, "forks_count": 47, "mirror_url": null, "archived": false, "disabled": false, "open_issues_count": 0, "license": {"key": "bsd-3-clause", "name": "BSD 3-Clause \"New\" or \"Revised\" License", "spdx_id": "BSD-3-Clause", "url": "https://api.github.com/licenses/bsd-3-clause", "node_id": "MDc6TGljZW5zZTU="}, "allow_forking": true, "is_template": false, "web_commit_signoff_required": false, "topics": [], "default_branch": "tp-master", "permissions": {"admin": false, "maintain": false, "push": false, "triage": false, "pull": true}, "_id": 1915005}, {"owner": {"type": "User", "site_admin": false}, "fork": false, "created_at": "2011-06-18T08:59:50Z", "updated_at": "2018-04-17T04:07:00Z", "pushed_at": "2011-06-19T07:06:11Z", "size": 139, "stargazers_count": 14, "watchers_count": 14, "language": null, "has_issues": true, "has_projects": true, "has_downloads": true, "has_wiki": true, "has_pages": false, "has_discussions": false, "forks_count": 1, "mirror_url": null, "archived": false, "disabled": false, "open_issues_count": 0, "license": null, "allow_forking": true, "is_template": false, "web_commit_signoff_required": false, "topics": [], "default_branch": "master", "permissions": {"admin": false, "maintain": false, "push": false, "triage": false, "pull": true}, "_id": 1915031}, {"owner": {"type": "Organization", "site_admin": false}, "fork": false, "created_at": "2011-06-18T09:19:59Z", "updated_at": "2022-02-15T19:43:12Z", "pushed_at": "2022-02-15T19:43:25Z", "size": 664, "stargazers_count": 100, "watchers_count": 100, "language": "Ruby", "has_issues": true, "has_projects": true, "has_downloads": true, "has_wiki": true, "has_pages": false, "has_discussions": false, "forks_count": 41, "mirror_url": null, "archived": false, "disabled": false, "open_issues_count": 12, "license": {"key": "mit", "name": "MIT License", "spdx_id": "MIT", "url": "https://api.github.com/licenses/mit", "node_id": "MDc6TGljZW5zZTEz"}, "allow_forking": true, "is_template": false, "web_commit_signoff_required": false, "topics": [], "default_branch": "develop", "permissions": {"admin": false, "maintain": false, "push": false, "triage": false, "pull": true}, "_id": 1915064}, {"owner": {"type": "Organization", "site_admin": false}, "fork": false, "created_at": "2011-06-18T09:37:24Z", "updated_at": "2022-11-25T22:54:13Z", "pushed_at": "2022-11-18T17:52:23Z", "size": 774, "stargazers_count": 709, "watchers_count": 709, "language": "JavaScript", "has_issues": true, "has_projects": false, "has_downloads": true, "has_wiki": false, "has_pages": false, "has_discussions": false, "forks_count": 193, "mirror_url": null, "archived": false, "disabled": false, "open_issues_count": 14, "license": {"key": "mit", "name": "MIT License", "spdx_id": "MIT", "url": "https://api.github.com/licenses/mit", "node_id": "MDc6TGljZW5zZTEz"}, "allow_forking": true, "is_template": false, "web_commit_signoff_required": false, "topics": ["javascript", "module", "modules", "node", "nodejs", "require", "resolve", "resolver"], "default_branch": "main", "permissions": {"admin": false, "maintain": false, "push": false, "triage": false, "pull": true}, "_id": 1915099}, {"owner": {"type": "User", "site_admin": false}, "fork": false, "created_at": "2011-06-18T09:52:09Z", "updated_at": "2022-11-23T22:43:50Z", "pushed_at": "2019-09-12T23:05:24Z", "size": 516, "stargazers_count": 75, "watchers_count": 75, "language": "Java", "has_issues": false, "has_projects": true, "has_downloads": true, "has_wiki": false, "has_pages": false, "has_discussions": false, "forks_count": 36, "mirror_url": null, "archived": false, "disabled": false, "open_issues_count": 6, "license": {"key": "other", "name": "Other", "spdx_id": "NOASSERTION", "url": null, "node_id": "MDc6TGljZW5zZTA="}, "allow_forking": true, "is_template": false, "web_commit_signoff_required": false, "topics": [], "default_branch": "master", "permissions": {"admin": false, "maintain": false, "push": false, "triage": false, "pull": true}, "_id": 1915130}, {"owner": {"type": "User", "site_admin": false}, "fork": false, "created_at": "2011-06-18T10:12:11Z", "updated_at": "2019-08-08T14:42:24Z", "pushed_at": "2011-07-28T13:29:44Z", "size": 40762, "stargazers_count": 6, "watchers_count": 6, "language": "Python", "has_issues": true, "has_projects": true, "has_downloads": true, "has_wiki": true, "has_pages": false, "has_discussions": false, "forks_count": 2, "mirror_url": null, "archived": false, "disabled": false, "open_issues_count": 0, "license": null, "allow_forking": true, "is_template": false, "web_commit_signoff_required": false, "topics": [], "default_branch": "master", "permissions": {"admin": false, "maintain": false, "push": false, "triage": false, "pull": true}, "_id": 1915178}, {"owner": {"type": "User", "site_admin": false}, "fork": false, "created_at": "2011-06-18T10:22:47Z", "updated_at": "2016-02-18T19:10:53Z", "pushed_at": "2012-10-15T22:46:06Z", "size": 112, "stargazers_count": 11, "watchers_count": 11, "language": "PHP", "has_issues": true, "has_projects": true, "has_downloads": true, "has_wiki": true, "has_pages": false, "has_discussions": false, "forks_count": 2, "mirror_url": null, "archived": false, "disabled": false, "open_issues_count": 0, "license": null, "allow_forking": true, "is_template": false, "web_commit_signoff_required": false, "topics": [], "default_branch": "master", "permissions": {"admin": false, "maintain": false, "push": false, "triage": false, "pull": true}, "_id": 1915198}, {"owner": {"type": "User", "site_admin": false}, "fork": false, "created_at": "2011-06-18T10:27:08Z", "updated_at": "2022-08-07T02:31:17Z", "pushed_at": "2011-06-20T10:00:27Z", "size": 103, "stargazers_count": 25, "watchers_count": 25, "language": "C", "has_issues": true, "has_projects": true, "has_downloads": true, "has_wiki": true, "has_pages": false, "has_discussions": false, "forks_count": 10, "mirror_url": null, "archived": false, "disabled": false, "open_issues_count": 0, "license": null, "allow_forking": true, "is_template": false, "web_commit_signoff_required": false, "topics": [], "default_branch": "master", "permissions": {"admin": false, "maintain": false, "push": false, "triage": false, "pull": true}, "_id": 1915208}, {"owner": {"type": "User", "site_admin": false}, "fork": false, "created_at": "2011-06-18T10:35:46Z", "updated_at": "2020-05-26T12:57:35Z", "pushed_at": "2012-11-09T07:59:54Z", "size": 225, "stargazers_count": 28, "watchers_count": 28, "language": "PHP", "has_issues": true, "has_projects": true, "has_downloads": true, "has_wiki": true, "has_pages": false, "has_discussions": false, "forks_count": 10, "mirror_url": null, "archived": false, "disabled": false, "open_issues_count": 4, "license": null, "allow_forking": true, "is_template": false, "web_commit_signoff_required": false, "topics": [], "default_branch": "master", "permissions": {"admin": false, "maintain": false, "push": false, "triage": false, "pull": true}, "_id": 1915231}, {"owner": {"type": "User", "site_admin": false}, "fork": false, "created_at": "2011-06-18T10:42:02Z", "updated_at": "2021-11-24T10:16:29Z", "pushed_at": "2013-02-15T13:15:47Z", "size": 160, "stargazers_count": 8, "watchers_count": 8, "language": "C", "has_issues": true, "has_projects": true, "has_downloads": true, "has_wiki": true, "has_pages": false, "has_discussions": false, "forks_count": 0, "mirror_url": null, "archived": false, "disabled": false, "open_issues_count": 0, "license": null, "allow_forking": true, "is_template": false, "web_commit_signoff_required": false, "topics": [], "default_branch": "master", "permissions": {"admin": false, "maintain": false, "push": false, "triage": false, "pull": true}, "_id": 1915245}, {"owner": {"type": "Organization", "site_admin": false}, "fork": false, "created_at": "2011-06-18T10:48:18Z", "updated_at": "2022-11-02T06:50:56Z", "pushed_at": "2021-12-21T09:25:25Z", "size": 19451, "stargazers_count": 71, "watchers_count": 71, "language": "HTML", "has_issues": true, "has_projects": true, "has_downloads": true, "has_wiki": true, "has_pages": false, "has_discussions": false, "forks_count": 55, "mirror_url": null, "archived": false, "disabled": false, "open_issues_count": 5, "license": null, "allow_forking": true, "is_template": false, "web_commit_signoff_required": false, "topics": [], "default_branch": "master", "permissions": {"admin": false, "maintain": false, "push": false, "triage": false, "pull": true}, "_id": 1915260}, {"owner": {"type": "User", "site_admin": false}, "fork": false, "created_at": "2011-06-18T10:54:03Z", "updated_at": "2018-01-25T21:41:14Z", "pushed_at": "2013-01-03T11:08:42Z", "size": 153, "stargazers_count": 7, "watchers_count": 7, "language": "C", "has_issues": true, "has_projects": true, "has_downloads": true, "has_wiki": true, "has_pages": false, "has_discussions": false, "forks_count": 2, "mirror_url": null, "archived": false, "disabled": false, "open_issues_count": 0, "license": null, "allow_forking": true, "is_template": false, "web_commit_signoff_required": false, "topics": [], "default_branch": "master", "permissions": {"admin": false, "maintain": false, "push": false, "triage": false, "pull": true}, "_id": 1915270}, {"owner": {"type": "User", "site_admin": false}, "fork": false, "created_at": "2011-06-18T10:54:32Z", "updated_at": "2022-10-01T16:52:16Z", "pushed_at": "2011-09-26T20:07:45Z", "size": 758, "stargazers_count": 23, "watchers_count": 23, "language": "Java", "has_issues": true, "has_projects": true, "has_downloads": true, "has_wiki": true, "has_pages": false, "has_discussions": false, "forks_count": 5, "mirror_url": null, "archived": false, "disabled": false, "open_issues_count": 11, "license": {"key": "apache-2.0", "name": "Apache License 2.0", "spdx_id": "Apache-2.0", "url": "https://api.github.com/licenses/apache-2.0", "node_id": "MDc6TGljZW5zZTI="}, "allow_forking": true, "is_template": false, "web_commit_signoff_required": false, "topics": [], "default_branch": "master", "permissions": {"admin": false, "maintain": false, "push": false, "triage": false, "pull": true}, "_id": 1915273}, {"owner": {"type": "User", "site_admin": false}, "fork": false, "created_at": "2011-06-18T11:29:43Z", "updated_at": "2016-11-17T20:45:05Z", "pushed_at": "2012-04-30T16:06:13Z", "size": 193, "stargazers_count": 10, "watchers_count": 10, "language": "JavaScript", "has_issues": true, "has_projects": true, "has_downloads": true, "has_wiki": true, "has_pages": false, "has_discussions": false, "forks_count": 3, "mirror_url": null, "archived": false, "disabled": false, "open_issues_count": 7, "license": null, "allow_forking": true, "is_template": false, "web_commit_signoff_required": false, "topics": [], "default_branch": "master", "permissions": {"admin": false, "maintain": false, "push": false, "triage": false, "pull": true}, "_id": 1915346}, {"owner": {"type": "User", "site_admin": false}, "fork": false, "created_at": "2011-06-18T11:36:00Z", "updated_at": "2022-09-06T08:11:03Z", "pushed_at": "2019-06-25T15:21:32Z", "size": 3122, "stargazers_count": 20, "watchers_count": 20, "language": "C++", "has_issues": true, "has_projects": true, "has_downloads": true, "has_wiki": true, "has_pages": false, "has_discussions": false, "forks_count": 5, "mirror_url": null, "archived": false, "disabled": false, "open_issues_count": 6, "license": {"key": "lgpl-3.0", "name": "GNU Lesser General Public License v3.0", "spdx_id": "LGPL-3.0", "url": "https://api.github.com/licenses/lgpl-3.0", "node_id": "MDc6TGljZW5zZTEy"}, "allow_forking": true, "is_template": false, "web_commit_signoff_required": false, "topics": [], "default_branch": "master", "permissions": {"admin": false, "maintain": false, "push": false, "triage": false, "pull": true}, "_id": 1915359}, {"owner": {"type": "User", "site_admin": false}, "fork": false, "created_at": "2011-06-18T11:59:19Z", "updated_at": "2016-11-28T03:04:05Z", "pushed_at": "2017-02-14T20:30:09Z", "size": 175, "stargazers_count": 16, "watchers_count": 16, "language": "Objective-C", "has_issues": true, "has_projects": true, "has_downloads": true, "has_wiki": true, "has_pages": false, "has_discussions": false, "forks_count": 18, "mirror_url": null, "archived": false, "disabled": false, "open_issues_count": 7, "license": {"key": "mit", "name": "MIT License", "spdx_id": "MIT", "url": "https://api.github.com/licenses/mit", "node_id": "MDc6TGljZW5zZTEz"}, "allow_forking": true, "is_template": false, "web_commit_signoff_required": false, "topics": [], "default_branch": "master", "permissions": {"admin": false, "maintain": false, "push": false, "triage": false, "pull": true}, "_id": 1915426}, {"owner": {"type": "User", "site_admin": false}, "fork": false, "created_at": "2011-06-18T12:03:47Z", "updated_at": "2022-11-09T22:15:24Z", "pushed_at": "2022-01-16T21:25:22Z", "size": 319, "stargazers_count": 369, "watchers_count": 369, "language": "Python", "has_issues": true, "has_projects": true, "has_downloads": true, "has_wiki": true, "has_pages": false, "has_discussions": false, "forks_count": 74, "mirror_url": null, "archived": false, "disabled": false, "open_issues_count": 24, "license": {"key": "other", "name": "Other", "spdx_id": "NOASSERTION", "url": null, "node_id": "MDc6TGljZW5zZTA="}, "allow_forking": true, "is_template": false, "web_commit_signoff_required": false, "topics": ["json", "json-patch", "python", "python-json"], "default_branch": "master", "permissions": {"admin": false, "maintain": false, "push": false, "triage": false, "pull": true}, "_id": 1915437}, {"owner": {"type": "Organization", "site_admin": false}, "fork": false, "created_at": "2011-06-18T12:29:16Z", "updated_at": "2022-04-11T03:31:19Z", "pushed_at": "2017-05-29T20:06:55Z", "size": 112650, "stargazers_count": 204, "watchers_count": 204, "language": "ActionScript", "has_issues": true, "has_projects": true, "has_downloads": true, "has_wiki": true, "has_pages": false, "has_discussions": false, "forks_count": 93, "mirror_url": null, "archived": true, "disabled": false, "open_issues_count": 285, "license": {"key": "mit", "name": "MIT License", "spdx_id": "MIT", "url": "https://api.github.com/licenses/mit", "node_id": "MDc6TGljZW5zZTEz"}, "allow_forking": true, "is_template": false, "web_commit_signoff_required": false, "topics": [], "default_branch": "master", "permissions": {"admin": false, "maintain": false, "push": false, "triage": false, "pull": true}, "_id": 1915500}, {"owner": {"type": "User", "site_admin": false}, "fork": false, "created_at": "2011-06-18T12:36:03Z", "updated_at": "2021-07-04T05:33:03Z", "pushed_at": "2011-06-18T16:08:46Z", "size": 324, "stargazers_count": 16, "watchers_count": 16, "language": "C++", "has_issues": true, "has_projects": true, "has_downloads": true, "has_wiki": true, "has_pages": false, "has_discussions": false, "forks_count": 0, "mirror_url": null, "archived": false, "disabled": false, "open_issues_count": 1, "license": {"key": "agpl-3.0", "name": "GNU Affero General Public License v3.0", "spdx_id": "AGPL-3.0", "url": "https://api.github.com/licenses/agpl-3.0", "node_id": "MDc6TGljZW5zZTE="}, "allow_forking": true, "is_template": false, "web_commit_signoff_required": false, "topics": [], "default_branch": "master", "permissions": {"admin": false, "maintain": false, "push": false, "triage": false, "pull": true}, "_id": 1915511}, {"owner": {"type": "User", "site_admin": false}, "fork": false, "created_at": "2011-06-18T12:40:37Z", "updated_at": "2019-01-05T15:54:22Z", "pushed_at": "2011-06-20T08:02:32Z", "size": 143, "stargazers_count": 9, "watchers_count": 9, "language": "Python", "has_issues": true, "has_projects": true, "has_downloads": true, "has_wiki": true, "has_pages": false, "has_discussions": false, "forks_count": 4, "mirror_url": null, "archived": false, "disabled": false, "open_issues_count": 0, "license": {"key": "mit", "name": "MIT License", "spdx_id": "MIT", "url": "https://api.github.com/licenses/mit", "node_id": "MDc6TGljZW5zZTEz"}, "allow_forking": true, "is_template": false, "web_commit_signoff_required": false, "topics": [], "default_branch": "master", "permissions": {"admin": false, "maintain": false, "push": false, "triage": false, "pull": true}, "_id": 1915524}, {"owner": {"type": "User", "site_admin": false}, "fork": false, "created_at": "2011-06-18T12:41:59Z", "updated_at": "2020-11-15T17:20:30Z", "pushed_at": "2011-07-18T20:26:55Z", "size": 353, "stargazers_count": 6, "watchers_count": 6, "language": "C", "has_issues": true, "has_projects": true, "has_downloads": true, "has_wiki": true, "has_pages": false, "has_discussions": false, "forks_count": 3, "mirror_url": null, "archived": false, "disabled": false, "open_issues_count": 0, "license": null, "allow_forking": true, "is_template": false, "web_commit_signoff_required": false, "topics": [], "default_branch": "master", "permissions": {"admin": false, "maintain": false, "push": false, "triage": false, "pull": true}, "_id": 1915529}, {"owner": {"type": "User", "site_admin": false}, "fork": false, "created_at": "2011-06-18T12:55:44Z", "updated_at": "2019-08-22T13:19:56Z", "pushed_at": "2013-09-12T09:15:51Z", "size": 396, "stargazers_count": 7, "watchers_count": 7, "language": "JavaScript", "has_issues": true, "has_projects": true, "has_downloads": true, "has_wiki": false, "has_pages": true, "has_discussions": false, "forks_count": 0, "mirror_url": null, "archived": false, "disabled": false, "open_issues_count": 7, "license": null, "allow_forking": true, "is_template": false, "web_commit_signoff_required": false, "topics": [], "default_branch": "master", "permissions": {"admin": false, "maintain": false, "push": false, "triage": false, "pull": true}, "_id": 1915562}, {"owner": {"type": "User", "site_admin": false}, "fork": false, "created_at": "2011-06-18T12:56:15Z", "updated_at": "2022-08-07T17:09:48Z", "pushed_at": "2011-06-18T14:05:03Z", "size": 624, "stargazers_count": 39, "watchers_count": 39, "language": null, "has_issues": true, "has_projects": true, "has_downloads": true, "has_wiki": true, "has_pages": false, "has_discussions": false, "forks_count": 26, "mirror_url": null, "archived": false, "disabled": false, "open_issues_count": 3, "license": null, "allow_forking": true, "is_template": false, "web_commit_signoff_required": false, "topics": [], "default_branch": "master", "permissions": {"admin": false, "maintain": false, "push": false, "triage": false, "pull": true}, "_id": 1915565}, {"owner": {"type": "User", "site_admin": false}, "fork": false, "created_at": "2011-06-18T13:31:46Z", "updated_at": "2022-07-24T15:33:13Z", "pushed_at": "2013-02-24T08:19:58Z", "size": 331, "stargazers_count": 25, "watchers_count": 25, "language": "JavaScript", "has_issues": true, "has_projects": true, "has_downloads": true, "has_wiki": true, "has_pages": false, "has_discussions": false, "forks_count": 7, "mirror_url": null, "archived": false, "disabled": false, "open_issues_count": 9, "license": {"key": "mit", "name": "MIT License", "spdx_id": "MIT", "url": "https://api.github.com/licenses/mit", "node_id": "MDc6TGljZW5zZTEz"}, "allow_forking": true, "is_template": false, "web_commit_signoff_required": false, "topics": [], "default_branch": "master", "permissions": {"admin": false, "maintain": false, "push": false, "triage": false, "pull": true}, "_id": 1915653}, {"owner": {"type": "User", "site_admin": false}, "fork": false, "created_at": "2011-06-18T13:40:17Z", "updated_at": "2022-02-12T07:31:23Z", "pushed_at": "2018-04-08T00:15:39Z", "size": 17, "stargazers_count": 10, "watchers_count": 10, "language": "PHP", "has_issues": true, "has_projects": true, "has_downloads": true, "has_wiki": true, "has_pages": false, "has_discussions": false, "forks_count": 4, "mirror_url": null, "archived": false, "disabled": false, "open_issues_count": 0, "license": {"key": "mit", "name": "MIT License", "spdx_id": "MIT", "url": "https://api.github.com/licenses/mit", "node_id": "MDc6TGljZW5zZTEz"}, "allow_forking": true, "is_template": false, "web_commit_signoff_required": false, "topics": ["password", "php", "php-library", "php7", "random"], "default_branch": "master", "permissions": {"admin": false, "maintain": false, "push": false, "triage": false, "pull": true}, "_id": 1915677}, {"owner": {"type": "User", "site_admin": false}, "fork": false, "created_at": "2011-06-18T13:43:21Z", "updated_at": "2021-01-30T13:25:03Z", "pushed_at": "2018-10-09T09:07:02Z", "size": 96, "stargazers_count": 7, "watchers_count": 7, "language": "JavaScript", "has_issues": true, "has_projects": true, "has_downloads": true, "has_wiki": true, "has_pages": true, "has_discussions": false, "forks_count": 8, "mirror_url": null, "archived": false, "disabled": false, "open_issues_count": 2, "license": {"key": "mit", "name": "MIT License", "spdx_id": "MIT", "url": "https://api.github.com/licenses/mit", "node_id": "MDc6TGljZW5zZTEz"}, "allow_forking": true, "is_template": false, "web_commit_signoff_required": false, "topics": [], "default_branch": "master", "permissions": {"admin": false, "maintain": false, "push": false, "triage": false, "pull": true}, "_id": 1915688}, {"owner": {"type": "User", "site_admin": false}, "fork": false, "created_at": "2011-06-18T14:14:43Z", "updated_at": "2019-03-04T05:48:58Z", "pushed_at": "2014-03-21T10:15:01Z", "size": 121, "stargazers_count": 6, "watchers_count": 6, "language": "Processing", "has_issues": true, "has_projects": true, "has_downloads": true, "has_wiki": true, "has_pages": false, "has_discussions": false, "forks_count": 1, "mirror_url": null, "archived": false, "disabled": false, "open_issues_count": 0, "license": null, "allow_forking": true, "is_template": false, "web_commit_signoff_required": false, "topics": [], "default_branch": "master", "permissions": {"admin": false, "maintain": false, "push": false, "triage": false, "pull": true}, "_id": 1915788}, {"owner": {"type": "User", "site_admin": false}, "fork": false, "created_at": "2011-06-18T14:17:45Z", "updated_at": "2019-11-17T20:16:10Z", "pushed_at": "2011-09-20T02:10:53Z", "size": 161, "stargazers_count": 16, "watchers_count": 16, "language": "CoffeeScript", "has_issues": true, "has_projects": true, "has_downloads": true, "has_wiki": true, "has_pages": false, "has_discussions": false, "forks_count": 6, "mirror_url": null, "archived": false, "disabled": false, "open_issues_count": 1, "license": null, "allow_forking": true, "is_template": false, "web_commit_signoff_required": false, "topics": [], "default_branch": "master", "permissions": {"admin": false, "maintain": false, "push": false, "triage": false, "pull": true}, "_id": 1915796}, {"owner": {"type": "User", "site_admin": false}, "fork": false, "created_at": "2011-06-18T14:29:25Z", "updated_at": "2022-08-12T03:33:45Z", "pushed_at": "2015-06-09T03:40:24Z", "size": 258, "stargazers_count": 32, "watchers_count": 32, "language": "Java", "has_issues": true, "has_projects": true, "has_downloads": true, "has_wiki": true, "has_pages": true, "has_discussions": false, "forks_count": 19, "mirror_url": null, "archived": false, "disabled": false, "open_issues_count": 4, "license": null, "allow_forking": true, "is_template": false, "web_commit_signoff_required": false, "topics": [], "default_branch": "master", "permissions": {"admin": false, "maintain": false, "push": false, "triage": false, "pull": true}, "_id": 1915841}, {"owner": {"type": "User", "site_admin": false}, "fork": false, "created_at": "2011-06-18T14:50:13Z", "updated_at": "2022-04-18T08:56:00Z", "pushed_at": "2015-01-11T15:06:16Z", "size": 1382, "stargazers_count": 18, "watchers_count": 18, "language": "C#", "has_issues": true, "has_projects": true, "has_downloads": true, "has_wiki": false, "has_pages": false, "has_discussions": false, "forks_count": 16, "mirror_url": null, "archived": false, "disabled": false, "open_issues_count": 0, "license": null, "allow_forking": true, "is_template": false, "web_commit_signoff_required": false, "topics": [], "default_branch": "master", "permissions": {"admin": false, "maintain": false, "push": false, "triage": false, "pull": true}, "_id": 1915910}, {"owner": {"type": "User", "site_admin": false}, "fork": false, "created_at": "2011-06-18T15:09:59Z", "updated_at": "2022-11-23T11:51:06Z", "pushed_at": "2013-08-04T08:53:38Z", "size": 370, "stargazers_count": 114, "watchers_count": 114, "language": "PHP", "has_issues": true, "has_projects": true, "has_downloads": true, "has_wiki": true, "has_pages": false, "has_discussions": false, "forks_count": 87, "mirror_url": null, "archived": false, "disabled": false, "open_issues_count": 3, "license": null, "allow_forking": true, "is_template": false, "web_commit_signoff_required": false, "topics": [], "default_branch": "master", "permissions": {"admin": false, "maintain": false, "push": false, "triage": false, "pull": true}, "_id": 1915970}, {"owner": {"type": "User", "site_admin": false}, "fork": false, "created_at": "2011-06-18T15:10:47Z", "updated_at": "2019-10-22T07:17:55Z", "pushed_at": "2011-08-27T15:25:06Z", "size": 1428, "stargazers_count": 8, "watchers_count": 8, "language": "C++", "has_issues": true, "has_projects": true, "has_downloads": true, "has_wiki": true, "has_pages": false, "has_discussions": false, "forks_count": 2, "mirror_url": null, "archived": false, "disabled": false, "open_issues_count": 0, "license": null, "allow_forking": true, "is_template": false, "web_commit_signoff_required": false, "topics": [], "default_branch": "master", "permissions": {"admin": false, "maintain": false, "push": false, "triage": false, "pull": true}, "_id": 1915973}, {"owner": {"type": "User", "site_admin": false}, "fork": false, "created_at": "2011-06-18T15:14:45Z", "updated_at": "2020-11-25T14:04:06Z", "pushed_at": "2013-10-04T10:15:26Z", "size": 3966, "stargazers_count": 15, "watchers_count": 15, "language": "Go", "has_issues": true, "has_projects": true, "has_downloads": true, "has_wiki": true, "has_pages": false, "has_discussions": false, "forks_count": 6, "mirror_url": null, "archived": false, "disabled": false, "open_issues_count": 1, "license": {"key": "mit", "name": "MIT License", "spdx_id": "MIT", "url": "https://api.github.com/licenses/mit", "node_id": "MDc6TGljZW5zZTEz"}, "allow_forking": true, "is_template": false, "web_commit_signoff_required": false, "topics": [], "default_branch": "master", "permissions": {"admin": false, "maintain": false, "push": false, "triage": false, "pull": true}, "_id": 1915988}, {"owner": {"type": "Organization", "site_admin": false}, "fork": false, "created_at": "2011-06-18T15:19:38Z", "updated_at": "2019-08-13T14:46:46Z", "pushed_at": "2016-03-18T21:26:39Z", "size": 136, "stargazers_count": 43, "watchers_count": 43, "language": "Python", "has_issues": true, "has_projects": false, "has_downloads": true, "has_wiki": false, "has_pages": false, "has_discussions": false, "forks_count": 7, "mirror_url": null, "archived": true, "disabled": false, "open_issues_count": 3, "license": {"key": "mit", "name": "MIT License", "spdx_id": "MIT", "url": "https://api.github.com/licenses/mit", "node_id": "MDc6TGljZW5zZTEz"}, "allow_forking": true, "is_template": false, "web_commit_signoff_required": false, "topics": [], "default_branch": "develop", "permissions": {"admin": false, "maintain": false, "push": false, "triage": false, "pull": true}, "_id": 1916004}, {"owner": {"type": "User", "site_admin": false}, "fork": false, "created_at": "2011-06-18T16:08:52Z", "updated_at": "2018-03-23T12:21:38Z", "pushed_at": "2011-06-22T19:00:18Z", "size": 719, "stargazers_count": 8, "watchers_count": 8, "language": "Python", "has_issues": true, "has_projects": true, "has_downloads": true, "has_wiki": true, "has_pages": false, "has_discussions": false, "forks_count": 1, "mirror_url": null, "archived": true, "disabled": false, "open_issues_count": 0, "license": null, "allow_forking": true, "is_template": false, "web_commit_signoff_required": false, "topics": [], "default_branch": "master", "permissions": {"admin": false, "maintain": false, "push": false, "triage": false, "pull": true}, "_id": 1916158}, {"owner": {"type": "User", "site_admin": false}, "fork": false, "created_at": "2011-06-18T16:16:31Z", "updated_at": "2022-02-07T17:45:42Z", "pushed_at": "2016-01-02T11:22:13Z", "size": 3778, "stargazers_count": 7, "watchers_count": 7, "language": "C#", "has_issues": true, "has_projects": true, "has_downloads": true, "has_wiki": true, "has_pages": false, "has_discussions": false, "forks_count": 4, "mirror_url": null, "archived": false, "disabled": false, "open_issues_count": 0, "license": {"key": "mit", "name": "MIT License", "spdx_id": "MIT", "url": "https://api.github.com/licenses/mit", "node_id": "MDc6TGljZW5zZTEz"}, "allow_forking": true, "is_template": false, "web_commit_signoff_required": false, "topics": [], "default_branch": "master", "permissions": {"admin": false, "maintain": false, "push": false, "triage": false, "pull": true}, "_id": 1916191}, {"owner": {"type": "User", "site_admin": false}, "fork": false, "created_at": "2011-06-18T16:18:53Z", "updated_at": "2021-03-30T06:14:00Z", "pushed_at": "2016-04-17T16:12:33Z", "size": 3276, "stargazers_count": 10, "watchers_count": 10, "language": "Java", "has_issues": true, "has_projects": true, "has_downloads": true, "has_wiki": true, "has_pages": false, "has_discussions": false, "forks_count": 5, "mirror_url": null, "archived": false, "disabled": false, "open_issues_count": 0, "license": {"key": "mit", "name": "MIT License", "spdx_id": "MIT", "url": "https://api.github.com/licenses/mit", "node_id": "MDc6TGljZW5zZTEz"}, "allow_forking": true, "is_template": false, "web_commit_signoff_required": false, "topics": [], "default_branch": "master", "permissions": {"admin": false, "maintain": false, "push": false, "triage": false, "pull": true}, "_id": 1916202}, {"owner": {"type": "User", "site_admin": false}, "fork": false, "created_at": "2011-06-18T16:19:33Z", "updated_at": "2021-12-23T18:49:06Z", "pushed_at": "2012-12-16T21:41:34Z", "size": 170, "stargazers_count": 12, "watchers_count": 12, "language": "JavaScript", "has_issues": true, "has_projects": true, "has_downloads": true, "has_wiki": true, "has_pages": false, "has_discussions": false, "forks_count": 3, "mirror_url": null, "archived": false, "disabled": false, "open_issues_count": 0, "license": null, "allow_forking": true, "is_template": false, "web_commit_signoff_required": false, "topics": [], "default_branch": "master", "permissions": {"admin": false, "maintain": false, "push": false, "triage": false, "pull": true}, "_id": 1916207}, {"owner": {"type": "User", "site_admin": false}, "fork": false, "created_at": "2011-06-18T16:24:36Z", "updated_at": "2021-07-09T01:08:55Z", "pushed_at": "2017-03-02T19:04:15Z", "size": 331, "stargazers_count": 9, "watchers_count": 9, "language": "HTML", "has_issues": true, "has_projects": true, "has_downloads": true, "has_wiki": true, "has_pages": false, "has_discussions": false, "forks_count": 2, "mirror_url": null, "archived": false, "disabled": false, "open_issues_count": 1, "license": {"key": "mit", "name": "MIT License", "spdx_id": "MIT", "url": "https://api.github.com/licenses/mit", "node_id": "MDc6TGljZW5zZTEz"}, "allow_forking": true, "is_template": false, "web_commit_signoff_required": false, "topics": [], "default_branch": "master", "permissions": {"admin": false, "maintain": false, "push": false, "triage": false, "pull": true}, "_id": 1916227}, {"owner": {"type": "Organization", "site_admin": false}, "fork": false, "created_at": "2011-06-18T16:24:37Z", "updated_at": "2022-11-24T20:51:42Z", "pushed_at": "2022-11-23T09:46:50Z", "size": 473414, "stargazers_count": 2471, "watchers_count": 2471, "language": "C#", "has_issues": true, "has_projects": false, "has_downloads": true, "has_wiki": true, "has_pages": false, "has_discussions": true, "forks_count": 419, "mirror_url": null, "archived": false, "disabled": false, "open_issues_count": 402, "license": {"key": "mit", "name": "MIT License", "spdx_id": "MIT", "url": "https://api.github.com/licenses/mit", "node_id": "MDc6TGljZW5zZTEz"}, "allow_forking": true, "is_template": false, "web_commit_signoff_required": false, "topics": ["access", "bulk", "bulk-inserts", "database", "db2", "dotnet", "firebird", "informix", "linq", "mariadb", "mssql", "mysql", "oracle", "orm", "postgresql", "sap-hana", "sql", "sqlce", "sqlite", "sqlserver"], "default_branch": "master", "permissions": {"admin": false, "maintain": false, "push": false, "triage": false, "pull": true}, "_id": 1916228}, {"owner": {"type": "User", "site_admin": false}, "fork": false, "created_at": "2011-06-18T16:31:47Z", "updated_at": "2022-11-21T16:40:30Z", "pushed_at": "2022-02-10T16:08:42Z", "size": 1367, "stargazers_count": 1257, "watchers_count": 1257, "language": "JavaScript", "has_issues": true, "has_projects": true, "has_downloads": true, "has_wiki": false, "has_pages": false, "has_discussions": false, "forks_count": 118, "mirror_url": null, "archived": false, "disabled": false, "open_issues_count": 37, "license": {"key": "other", "name": "Other", "spdx_id": "NOASSERTION", "url": null, "node_id": "MDc6TGljZW5zZTA="}, "allow_forking": true, "is_template": false, "web_commit_signoff_required": false, "topics": [], "default_branch": "master", "permissions": {"admin": false, "maintain": false, "push": false, "triage": false, "pull": true}, "_id": 1916255}, {"owner": {"type": "Organization", "site_admin": false}, "fork": false, "created_at": "2011-06-18T16:37:07Z", "updated_at": "2022-03-13T05:09:20Z", "pushed_at": "2012-04-02T13:44:52Z", "size": 112, "stargazers_count": 45, "watchers_count": 45, "language": "Ruby", "has_issues": true, "has_projects": true, "has_downloads": true, "has_wiki": true, "has_pages": false, "has_discussions": false, "forks_count": 5, "mirror_url": null, "archived": false, "disabled": false, "open_issues_count": 6, "license": {"key": "other", "name": "Other", "spdx_id": "NOASSERTION", "url": null, "node_id": "MDc6TGljZW5zZTA="}, "allow_forking": true, "is_template": false, "web_commit_signoff_required": false, "topics": [], "default_branch": "master", "permissions": {"admin": false, "maintain": false, "push": false, "triage": false, "pull": true}, "_id": 1916273}, {"owner": {"type": "User", "site_admin": false}, "fork": false, "created_at": "2011-06-18T16:54:34Z", "updated_at": "2019-10-01T07:57:05Z", "pushed_at": "2014-12-18T02:53:06Z", "size": 3092, "stargazers_count": 14, "watchers_count": 14, "language": "C++", "has_issues": true, "has_projects": true, "has_downloads": true, "has_wiki": true, "has_pages": false, "has_discussions": false, "forks_count": 3, "mirror_url": null, "archived": false, "disabled": false, "open_issues_count": 1, "license": null, "allow_forking": true, "is_template": false, "web_commit_signoff_required": false, "topics": [], "default_branch": "master", "permissions": {"admin": false, "maintain": false, "push": false, "triage": false, "pull": true}, "_id": 1916332}, {"owner": {"type": "User", "site_admin": false}, "fork": false, "created_at": "2011-06-18T17:14:48Z", "updated_at": "2022-07-04T08:32:13Z", "pushed_at": "2011-06-24T09:40:33Z", "size": 663, "stargazers_count": 115, "watchers_count": 115, "language": null, "has_issues": true, "has_projects": true, "has_downloads": true, "has_wiki": true, "has_pages": true, "has_discussions": false, "forks_count": 36, "mirror_url": null, "archived": false, "disabled": false, "open_issues_count": 2, "license": null, "allow_forking": true, "is_template": false, "web_commit_signoff_required": false, "topics": [], "default_branch": "master", "permissions": {"admin": false, "maintain": false, "push": false, "triage": false, "pull": true}, "_id": 1916403}, {"owner": {"type": "User", "site_admin": false}, "fork": false, "created_at": "2011-06-18T17:32:20Z", "updated_at": "2022-05-03T15:19:52Z", "pushed_at": "2021-11-08T07:22:42Z", "size": 100, "stargazers_count": 35, "watchers_count": 35, "language": "C", "has_issues": true, "has_projects": true, "has_downloads": true, "has_wiki": true, "has_pages": false, "has_discussions": false, "forks_count": 14, "mirror_url": null, "archived": false, "disabled": false, "open_issues_count": 2, "license": {"key": "mit", "name": "MIT License", "spdx_id": "MIT", "url": "https://api.github.com/licenses/mit", "node_id": "MDc6TGljZW5zZTEz"}, "allow_forking": true, "is_template": false, "web_commit_signoff_required": false, "topics": [], "default_branch": "master", "permissions": {"admin": false, "maintain": false, "push": false, "triage": false, "pull": true}, "_id": 1916466}, {"owner": {"type": "Organization", "site_admin": false}, "fork": false, "created_at": "2011-06-18T17:43:36Z", "updated_at": "2022-11-15T06:56:27Z", "pushed_at": "2020-09-30T20:39:13Z", "size": 9042, "stargazers_count": 154, "watchers_count": 154, "language": "JavaScript", "has_issues": false, "has_projects": true, "has_downloads": true, "has_wiki": false, "has_pages": true, "has_discussions": false, "forks_count": 127, "mirror_url": null, "archived": false, "disabled": false, "open_issues_count": 8, "license": null, "allow_forking": true, "is_template": false, "web_commit_signoff_required": false, "topics": [], "default_branch": "empty-repository", "permissions": {"admin": false, "maintain": false, "push": false, "triage": false, "pull": true}, "_id": 1916503}, {"owner": {"type": "User", "site_admin": false}, "fork": false, "created_at": "2011-06-18T18:05:40Z", "updated_at": "2022-09-26T23:16:21Z", "pushed_at": "2011-08-04T08:54:19Z", "size": 112, "stargazers_count": 16, "watchers_count": 16, "language": null, "has_issues": true, "has_projects": true, "has_downloads": true, "has_wiki": true, "has_pages": false, "has_discussions": false, "forks_count": 1, "mirror_url": null, "archived": false, "disabled": false, "open_issues_count": 0, "license": null, "allow_forking": true, "is_template": false, "web_commit_signoff_required": false, "topics": [], "default_branch": "master", "permissions": {"admin": false, "maintain": false, "push": false, "triage": false, "pull": true}, "_id": 1916560}, {"owner": {"type": "User", "site_admin": false}, "fork": false, "created_at": "2011-06-18T18:05:44Z", "updated_at": "2022-11-13T15:51:44Z", "pushed_at": "2012-07-10T23:28:25Z", "size": 1474, "stargazers_count": 44, "watchers_count": 44, "language": "Python", "has_issues": false, "has_projects": true, "has_downloads": true, "has_wiki": true, "has_pages": false, "has_discussions": false, "forks_count": 21, "mirror_url": null, "archived": false, "disabled": false, "open_issues_count": 0, "license": null, "allow_forking": true, "is_template": false, "web_commit_signoff_required": false, "topics": [], "default_branch": "master", "permissions": {"admin": false, "maintain": false, "push": false, "triage": false, "pull": true}, "_id": 1916561}, {"owner": {"type": "User", "site_admin": false}, "fork": false, "created_at": "2011-06-18T18:27:54Z", "updated_at": "2020-12-10T15:52:26Z", "pushed_at": "2011-06-18T19:04:06Z", "size": 304, "stargazers_count": 31, "watchers_count": 31, "language": "Python", "has_issues": true, "has_projects": true, "has_downloads": true, "has_wiki": true, "has_pages": false, "has_discussions": false, "forks_count": 5, "mirror_url": null, "archived": false, "disabled": false, "open_issues_count": 0, "license": null, "allow_forking": true, "is_template": false, "web_commit_signoff_required": false, "topics": [], "default_branch": "master", "permissions": {"admin": false, "maintain": false, "push": false, "triage": false, "pull": true}, "_id": 1916635}, {"owner": {"type": "User", "site_admin": false}, "fork": false, "created_at": "2011-06-18T18:43:43Z", "updated_at": "2022-07-27T00:04:36Z", "pushed_at": "2014-03-09T08:51:17Z", "size": 464, "stargazers_count": 23, "watchers_count": 23, "language": "Java", "has_issues": true, "has_projects": true, "has_downloads": true, "has_wiki": true, "has_pages": false, "has_discussions": false, "forks_count": 8, "mirror_url": null, "archived": false, "disabled": false, "open_issues_count": 1, "license": null, "allow_forking": true, "is_template": false, "web_commit_signoff_required": false, "topics": [], "default_branch": "master", "permissions": {"admin": false, "maintain": false, "push": false, "triage": false, "pull": true}, "_id": 1916694}, {"owner": {"type": "User", "site_admin": false}, "fork": false, "created_at": "2011-06-18T18:48:46Z", "updated_at": "2022-11-24T15:56:23Z", "pushed_at": "2022-09-28T09:24:50Z", "size": 3167, "stargazers_count": 1484, "watchers_count": 1484, "language": "Python", "has_issues": true, "has_projects": true, "has_downloads": true, "has_wiki": true, "has_pages": false, "has_discussions": false, "forks_count": 202, "mirror_url": null, "archived": false, "disabled": false, "open_issues_count": 23, "license": null, "allow_forking": true, "is_template": false, "web_commit_signoff_required": false, "topics": [], "default_branch": "master", "permissions": {"admin": false, "maintain": false, "push": false, "triage": false, "pull": true}, "_id": 1916708}, {"owner": {"type": "User", "site_admin": false}, "fork": false, "created_at": "2011-06-18T18:52:56Z", "updated_at": "2019-08-13T14:46:47Z", "pushed_at": "2011-07-20T14:34:44Z", "size": 93, "stargazers_count": 9, "watchers_count": 9, "language": null, "has_issues": true, "has_projects": true, "has_downloads": true, "has_wiki": true, "has_pages": false, "has_discussions": false, "forks_count": 6, "mirror_url": null, "archived": false, "disabled": false, "open_issues_count": 0, "license": null, "allow_forking": true, "is_template": false, "web_commit_signoff_required": false, "topics": [], "default_branch": "master", "permissions": {"admin": false, "maintain": false, "push": false, "triage": false, "pull": true}, "_id": 1916727}, {"owner": {"type": "Organization", "site_admin": false}, "fork": false, "created_at": "2011-06-18T18:54:40Z", "updated_at": "2022-10-14T10:01:52Z", "pushed_at": "2022-10-18T21:37:36Z", "size": 12736, "stargazers_count": 29, "watchers_count": 29, "language": "PHP", "has_issues": true, "has_projects": true, "has_downloads": true, "has_wiki": true, "has_pages": false, "has_discussions": true, "forks_count": 39, "mirror_url": null, "archived": false, "disabled": false, "open_issues_count": 70, "license": null, "allow_forking": true, "is_template": false, "web_commit_signoff_required": false, "topics": ["php"], "default_branch": "master", "permissions": {"admin": false, "maintain": false, "push": false, "triage": false, "pull": true}, "_id": 1916732}, {"owner": {"type": "User", "site_admin": false}, "fork": false, "created_at": "2011-06-18T18:58:11Z", "updated_at": "2022-11-19T02:22:52Z", "pushed_at": "2022-02-06T04:13:05Z", "size": 5, "stargazers_count": 186, "watchers_count": 186, "language": "Python", "has_issues": true, "has_projects": true, "has_downloads": true, "has_wiki": true, "has_pages": false, "has_discussions": false, "forks_count": 56, "mirror_url": null, "archived": false, "disabled": false, "open_issues_count": 4, "license": null, "allow_forking": true, "is_template": false, "web_commit_signoff_required": false, "topics": [], "default_branch": "master", "permissions": {"admin": false, "maintain": false, "push": false, "triage": false, "pull": true}, "_id": 1916747}, {"owner": {"type": "User", "site_admin": false}, "fork": false, "created_at": "2011-06-18T19:02:03Z", "updated_at": "2022-10-19T00:29:00Z", "pushed_at": "2011-06-18T19:43:44Z", "size": 274, "stargazers_count": 14, "watchers_count": 14, "language": "Java", "has_issues": true, "has_projects": true, "has_downloads": true, "has_wiki": true, "has_pages": false, "has_discussions": false, "forks_count": 10, "mirror_url": null, "archived": false, "disabled": false, "open_issues_count": 0, "license": null, "allow_forking": true, "is_template": false, "web_commit_signoff_required": false, "topics": [], "default_branch": "master", "permissions": {"admin": false, "maintain": false, "push": false, "triage": false, "pull": true}, "_id": 1916766}, {"owner": {"type": "User", "site_admin": false}, "fork": false, "created_at": "2011-06-18T19:15:52Z", "updated_at": "2021-09-21T22:05:22Z", "pushed_at": "2019-03-05T15:01:23Z", "size": 764, "stargazers_count": 11, "watchers_count": 11, "language": "Java", "has_issues": true, "has_projects": true, "has_downloads": true, "has_wiki": true, "has_pages": false, "has_discussions": false, "forks_count": 1, "mirror_url": null, "archived": false, "disabled": false, "open_issues_count": 4, "license": null, "allow_forking": true, "is_template": false, "web_commit_signoff_required": false, "topics": [], "default_branch": "master", "permissions": {"admin": false, "maintain": false, "push": false, "triage": false, "pull": true}, "_id": 1916836}, {"owner": {"type": "User", "site_admin": false}, "fork": false, "created_at": "2011-06-18T19:31:16Z", "updated_at": "2021-03-10T15:16:06Z", "pushed_at": "2011-06-25T14:35:17Z", "size": 586, "stargazers_count": 6, "watchers_count": 6, "language": "Java", "has_issues": true, "has_projects": true, "has_downloads": true, "has_wiki": true, "has_pages": false, "has_discussions": false, "forks_count": 7, "mirror_url": null, "archived": false, "disabled": false, "open_issues_count": 0, "license": null, "allow_forking": true, "is_template": false, "web_commit_signoff_required": false, "topics": [], "default_branch": "master", "permissions": {"admin": false, "maintain": false, "push": false, "triage": false, "pull": true}, "_id": 1916910}, {"owner": {"type": "User", "site_admin": false}, "fork": false, "created_at": "2011-06-18T19:38:14Z", "updated_at": "2021-08-25T21:56:46Z", "pushed_at": "2013-02-28T18:40:50Z", "size": 108, "stargazers_count": 16, "watchers_count": 16, "language": "JavaScript", "has_issues": false, "has_projects": true, "has_downloads": true, "has_wiki": false, "has_pages": true, "has_discussions": false, "forks_count": 0, "mirror_url": null, "archived": false, "disabled": false, "open_issues_count": 0, "license": null, "allow_forking": true, "is_template": false, "web_commit_signoff_required": false, "topics": [], "default_branch": "master", "permissions": {"admin": false, "maintain": false, "push": false, "triage": false, "pull": true}, "_id": 1916943}, {"owner": {"type": "User", "site_admin": false}, "fork": false, "created_at": "2011-06-18T19:50:22Z", "updated_at": "2022-02-06T10:16:39Z", "pushed_at": "2011-07-13T00:57:07Z", "size": 1738, "stargazers_count": 134, "watchers_count": 134, "language": "JavaScript", "has_issues": true, "has_projects": true, "has_downloads": true, "has_wiki": true, "has_pages": false, "has_discussions": false, "forks_count": 10, "mirror_url": null, "archived": false, "disabled": false, "open_issues_count": 2, "license": null, "allow_forking": true, "is_template": false, "web_commit_signoff_required": false, "topics": [], "default_branch": "master", "permissions": {"admin": false, "maintain": false, "push": false, "triage": false, "pull": true}, "_id": 1916985}, {"owner": {"type": "User", "site_admin": false}, "fork": false, "created_at": "2011-06-18T20:04:48Z", "updated_at": "2022-11-04T01:23:28Z", "pushed_at": "2017-01-19T22:24:09Z", "size": 14, "stargazers_count": 298, "watchers_count": 298, "language": "Shell", "has_issues": true, "has_projects": false, "has_downloads": true, "has_wiki": true, "has_pages": false, "has_discussions": false, "forks_count": 62, "mirror_url": null, "archived": false, "disabled": false, "open_issues_count": 7, "license": null, "allow_forking": true, "is_template": false, "web_commit_signoff_required": false, "topics": [], "default_branch": "master", "permissions": {"admin": false, "maintain": false, "push": false, "triage": false, "pull": true}, "_id": 1917031}, {"owner": {"type": "User", "site_admin": false}, "fork": false, "created_at": "2011-06-18T20:04:51Z", "updated_at": "2021-01-19T20:10:23Z", "pushed_at": "2013-08-20T04:14:17Z", "size": 324, "stargazers_count": 13, "watchers_count": 13, "language": "Python", "has_issues": true, "has_projects": true, "has_downloads": true, "has_wiki": false, "has_pages": false, "has_discussions": false, "forks_count": 5, "mirror_url": null, "archived": false, "disabled": false, "open_issues_count": 0, "license": {"key": "other", "name": "Other", "spdx_id": "NOASSERTION", "url": null, "node_id": "MDc6TGljZW5zZTA="}, "allow_forking": true, "is_template": false, "web_commit_signoff_required": false, "topics": [], "default_branch": "master", "permissions": {"admin": false, "maintain": false, "push": false, "triage": false, "pull": true}, "_id": 1917032}, {"owner": {"type": "Organization", "site_admin": false}, "fork": false, "created_at": "2011-06-18T20:07:39Z", "updated_at": "2018-08-10T01:53:06Z", "pushed_at": "2012-05-14T09:15:20Z", "size": 321, "stargazers_count": 9, "watchers_count": 9, "language": "Opa", "has_issues": true, "has_projects": true, "has_downloads": true, "has_wiki": true, "has_pages": false, "has_discussions": false, "forks_count": 3, "mirror_url": null, "archived": false, "disabled": false, "open_issues_count": 0, "license": {"key": "agpl-3.0", "name": "GNU Affero General Public License v3.0", "spdx_id": "AGPL-3.0", "url": "https://api.github.com/licenses/agpl-3.0", "node_id": "MDc6TGljZW5zZTE="}, "allow_forking": true, "is_template": false, "web_commit_signoff_required": false, "topics": [], "default_branch": "master", "permissions": {"admin": false, "maintain": false, "push": false, "triage": false, "pull": true}, "_id": 1917037}, {"owner": {"type": "User", "site_admin": false}, "fork": false, "created_at": "2011-06-18T20:21:45Z", "updated_at": "2018-01-11T12:11:16Z", "pushed_at": "2013-07-29T16:13:14Z", "size": 431, "stargazers_count": 9, "watchers_count": 9, "language": "Ruby", "has_issues": true, "has_projects": true, "has_downloads": true, "has_wiki": true, "has_pages": false, "has_discussions": false, "forks_count": 4, "mirror_url": null, "archived": false, "disabled": false, "open_issues_count": 0, "license": {"key": "mit", "name": "MIT License", "spdx_id": "MIT", "url": "https://api.github.com/licenses/mit", "node_id": "MDc6TGljZW5zZTEz"}, "allow_forking": true, "is_template": false, "web_commit_signoff_required": false, "topics": [], "default_branch": "master", "permissions": {"admin": false, "maintain": false, "push": false, "triage": false, "pull": true}, "_id": 1917076}, {"owner": {"type": "User", "site_admin": false}, "fork": false, "created_at": "2011-06-18T20:41:34Z", "updated_at": "2022-11-18T19:39:10Z", "pushed_at": "2020-10-01T03:00:38Z", "size": 22, "stargazers_count": 140, "watchers_count": 140, "language": "Python", "has_issues": true, "has_projects": true, "has_downloads": true, "has_wiki": false, "has_pages": false, "has_discussions": false, "forks_count": 75, "mirror_url": null, "archived": false, "disabled": false, "open_issues_count": 7, "license": null, "allow_forking": true, "is_template": false, "web_commit_signoff_required": false, "topics": [], "default_branch": "master", "permissions": {"admin": false, "maintain": false, "push": false, "triage": false, "pull": true}, "_id": 1917138}, {"owner": {"type": "User", "site_admin": false}, "fork": false, "created_at": "2011-06-18T20:45:30Z", "updated_at": "2021-03-23T17:37:54Z", "pushed_at": "2014-05-29T05:06:39Z", "size": 148, "stargazers_count": 17, "watchers_count": 17, "language": "Python", "has_issues": true, "has_projects": true, "has_downloads": true, "has_wiki": true, "has_pages": false, "has_discussions": false, "forks_count": 2, "mirror_url": null, "archived": false, "disabled": false, "open_issues_count": 1, "license": null, "allow_forking": true, "is_template": false, "web_commit_signoff_required": false, "topics": [], "default_branch": "master", "permissions": {"admin": false, "maintain": false, "push": false, "triage": false, "pull": true}, "_id": 1917150}, {"owner": {"type": "User", "site_admin": false}, "fork": false, "created_at": "2011-06-18T20:52:19Z", "updated_at": "2020-10-22T18:25:14Z", "pushed_at": "2011-06-18T22:44:12Z", "size": 84, "stargazers_count": 17, "watchers_count": 17, "language": null, "has_issues": true, "has_projects": true, "has_downloads": true, "has_wiki": true, "has_pages": false, "has_discussions": false, "forks_count": 5, "mirror_url": null, "archived": false, "disabled": false, "open_issues_count": 0, "license": null, "allow_forking": true, "is_template": false, "web_commit_signoff_required": false, "topics": [], "default_branch": "master", "permissions": {"admin": false, "maintain": false, "push": false, "triage": false, "pull": true}, "_id": 1917171}, {"owner": {"type": "User", "site_admin": false}, "fork": false, "created_at": "2011-06-18T21:08:15Z", "updated_at": "2022-10-21T00:23:41Z", "pushed_at": "2019-03-03T19:27:59Z", "size": 6, "stargazers_count": 59, "watchers_count": 59, "language": "C", "has_issues": true, "has_projects": true, "has_downloads": true, "has_wiki": true, "has_pages": false, "has_discussions": false, "forks_count": 36, "mirror_url": null, "archived": false, "disabled": false, "open_issues_count": 2, "license": {"key": "mit", "name": "MIT License", "spdx_id": "MIT", "url": "https://api.github.com/licenses/mit", "node_id": "MDc6TGljZW5zZTEz"}, "allow_forking": true, "is_template": false, "web_commit_signoff_required": false, "topics": [], "default_branch": "master", "permissions": {"admin": false, "maintain": false, "push": false, "triage": false, "pull": true}, "_id": 1917229}, {"owner": {"type": "User", "site_admin": false}, "fork": false, "created_at": "2011-06-18T21:11:23Z", "updated_at": "2022-08-03T19:22:10Z", "pushed_at": "2021-11-19T22:10:17Z", "size": 36327, "stargazers_count": 51, "watchers_count": 51, "language": "Pascal", "has_issues": true, "has_projects": true, "has_downloads": true, "has_wiki": true, "has_pages": false, "has_discussions": false, "forks_count": 19, "mirror_url": null, "archived": false, "disabled": false, "open_issues_count": 3, "license": null, "allow_forking": true, "is_template": false, "web_commit_signoff_required": false, "topics": ["delphi", "dynamic-webpages", "http-server", "web-development"], "default_branch": "master", "permissions": {"admin": false, "maintain": false, "push": false, "triage": false, "pull": true}, "_id": 1917239}, {"owner": {"type": "User", "site_admin": false}, "fork": false, "created_at": "2011-06-18T21:12:26Z", "updated_at": "2018-03-04T19:32:44Z", "pushed_at": "2014-01-16T13:18:03Z", "size": 473, "stargazers_count": 10, "watchers_count": 10, "language": "Python", "has_issues": true, "has_projects": true, "has_downloads": true, "has_wiki": false, "has_pages": true, "has_discussions": false, "forks_count": 3, "mirror_url": null, "archived": true, "disabled": false, "open_issues_count": 0, "license": {"key": "mit", "name": "MIT License", "spdx_id": "MIT", "url": "https://api.github.com/licenses/mit", "node_id": "MDc6TGljZW5zZTEz"}, "allow_forking": true, "is_template": false, "web_commit_signoff_required": false, "topics": [], "default_branch": "master", "permissions": {"admin": false, "maintain": false, "push": false, "triage": false, "pull": true}, "_id": 1917243}, {"owner": {"type": "Organization", "site_admin": false}, "fork": false, "created_at": "2011-06-18T21:18:46Z", "updated_at": "2022-11-13T13:40:33Z", "pushed_at": "2022-11-25T16:19:02Z", "size": 93211, "stargazers_count": 934, "watchers_count": 934, "language": "C++", "has_issues": true, "has_projects": true, "has_downloads": true, "has_wiki": true, "has_pages": false, "has_discussions": true, "forks_count": 138, "mirror_url": null, "archived": false, "disabled": false, "open_issues_count": 228, "license": {"key": "apache-2.0", "name": "Apache License 2.0", "spdx_id": "Apache-2.0", "url": "https://api.github.com/licenses/apache-2.0", "node_id": "MDc6TGljZW5zZTI="}, "allow_forking": true, "is_template": false, "web_commit_signoff_required": false, "topics": ["c-plus-plus", "cpp", "database", "library", "mobile", "mobile-database", "nosql-database", "reactive", "realm", "realtime-database"], "default_branch": "master", "permissions": {"admin": false, "maintain": false, "push": false, "triage": false, "pull": true}, "_id": 1917262}, {"owner": {"type": "User", "site_admin": false}, "fork": false, "created_at": "2011-06-18T21:27:57Z", "updated_at": "2022-10-29T09:32:23Z", "pushed_at": "2016-04-15T13:35:58Z", "size": 11744, "stargazers_count": 127, "watchers_count": 127, "language": "C#", "has_issues": true, "has_projects": true, "has_downloads": true, "has_wiki": true, "has_pages": false, "has_discussions": false, "forks_count": 63, "mirror_url": null, "archived": false, "disabled": false, "open_issues_count": 0, "license": null, "allow_forking": true, "is_template": false, "web_commit_signoff_required": false, "topics": [], "default_branch": "master", "permissions": {"admin": false, "maintain": false, "push": false, "triage": false, "pull": true}, "_id": 1917293}, {"owner": {"type": "Organization", "site_admin": false}, "fork": false, "created_at": "2011-06-18T21:29:46Z", "updated_at": "2021-10-19T08:14:01Z", "pushed_at": "2012-08-04T21:34:52Z", "size": 591, "stargazers_count": 10, "watchers_count": 10, "language": "JavaScript", "has_issues": true, "has_projects": true, "has_downloads": true, "has_wiki": true, "has_pages": false, "has_discussions": false, "forks_count": 1, "mirror_url": null, "archived": true, "disabled": false, "open_issues_count": 4, "license": null, "allow_forking": true, "is_template": false, "web_commit_signoff_required": false, "topics": [], "default_branch": "master", "permissions": {"admin": false, "maintain": false, "push": false, "triage": false, "pull": true}, "_id": 1917306}, {"owner": {"type": "User", "site_admin": false}, "fork": false, "created_at": "2011-06-18T21:34:09Z", "updated_at": "2021-08-05T20:37:58Z", "pushed_at": "2011-08-12T02:45:12Z", "size": 108, "stargazers_count": 6, "watchers_count": 6, "language": "JavaScript", "has_issues": true, "has_projects": true, "has_downloads": true, "has_wiki": true, "has_pages": false, "has_discussions": false, "forks_count": 1, "mirror_url": null, "archived": false, "disabled": false, "open_issues_count": 5, "license": null, "allow_forking": true, "is_template": false, "web_commit_signoff_required": false, "topics": [], "default_branch": "master", "permissions": {"admin": false, "maintain": false, "push": false, "triage": false, "pull": true}, "_id": 1917322}, {"owner": {"type": "Organization", "site_admin": false}, "fork": false, "created_at": "2011-06-18T21:38:35Z", "updated_at": "2021-08-10T18:44:54Z", "pushed_at": "2021-03-11T15:32:59Z", "size": 18, "stargazers_count": 25, "watchers_count": 25, "language": "PHP", "has_issues": true, "has_projects": true, "has_downloads": true, "has_wiki": true, "has_pages": false, "has_discussions": false, "forks_count": 14, "mirror_url": null, "archived": false, "disabled": false, "open_issues_count": 0, "license": {"key": "mit", "name": "MIT License", "spdx_id": "MIT", "url": "https://api.github.com/licenses/mit", "node_id": "MDc6TGljZW5zZTEz"}, "allow_forking": true, "is_template": false, "web_commit_signoff_required": false, "topics": [], "default_branch": "main", "permissions": {"admin": false, "maintain": false, "push": false, "triage": false, "pull": true}, "_id": 1917334}, {"owner": {"type": "User", "site_admin": false}, "fork": false, "created_at": "2011-06-18T21:43:44Z", "updated_at": "2013-09-30T15:21:24Z", "pushed_at": "2011-09-29T02:50:14Z", "size": 49009, "stargazers_count": 7, "watchers_count": 7, "language": "Python", "has_issues": true, "has_projects": true, "has_downloads": true, "has_wiki": true, "has_pages": false, "has_discussions": false, "forks_count": 1, "mirror_url": null, "archived": false, "disabled": false, "open_issues_count": 0, "license": null, "allow_forking": true, "is_template": false, "web_commit_signoff_required": false, "topics": [], "default_branch": "baltimore", "permissions": {"admin": false, "maintain": false, "push": false, "triage": false, "pull": true}, "_id": 1917348}, {"owner": {"type": "User", "site_admin": false}, "fork": false, "created_at": "2011-06-18T21:48:31Z", "updated_at": "2020-10-29T15:37:08Z", "pushed_at": "2015-10-01T06:51:34Z", "size": 641, "stargazers_count": 13, "watchers_count": 13, "language": "Python", "has_issues": true, "has_projects": true, "has_downloads": true, "has_wiki": true, "has_pages": false, "has_discussions": false, "forks_count": 0, "mirror_url": null, "archived": false, "disabled": false, "open_issues_count": 0, "license": {"key": "other", "name": "Other", "spdx_id": "NOASSERTION", "url": null, "node_id": "MDc6TGljZW5zZTA="}, "allow_forking": true, "is_template": false, "web_commit_signoff_required": false, "topics": [], "default_branch": "master", "permissions": {"admin": false, "maintain": false, "push": false, "triage": false, "pull": true}, "_id": 1917363}, {"owner": {"type": "User", "site_admin": false}, "fork": false, "created_at": "2011-06-18T22:40:53Z", "updated_at": "2019-05-29T15:14:17Z", "pushed_at": "2017-06-02T19:46:35Z", "size": 13, "stargazers_count": 11, "watchers_count": 11, "language": "Python", "has_issues": false, "has_projects": true, "has_downloads": true, "has_wiki": false, "has_pages": true, "has_discussions": false, "forks_count": 3, "mirror_url": null, "archived": true, "disabled": false, "open_issues_count": 1, "license": null, "allow_forking": true, "is_template": false, "web_commit_signoff_required": false, "topics": [], "default_branch": "master", "permissions": {"admin": false, "maintain": false, "push": false, "triage": false, "pull": true}, "_id": 1917475}, {"owner": {"type": "Organization", "site_admin": false}, "fork": false, "created_at": "2011-06-18T23:11:38Z", "updated_at": "2022-11-10T13:00:25Z", "pushed_at": "2019-07-25T15:10:25Z", "size": 759, "stargazers_count": 141, "watchers_count": 141, "language": "C#", "has_issues": true, "has_projects": true, "has_downloads": true, "has_wiki": true, "has_pages": false, "has_discussions": false, "forks_count": 25, "mirror_url": null, "archived": false, "disabled": false, "open_issues_count": 4, "license": {"key": "mit", "name": "MIT License", "spdx_id": "MIT", "url": "https://api.github.com/licenses/mit", "node_id": "MDc6TGljZW5zZTEz"}, "allow_forking": true, "is_template": false, "web_commit_signoff_required": false, "topics": [], "default_branch": "master", "permissions": {"admin": false, "maintain": false, "push": false, "triage": false, "pull": true}, "_id": 1917564}, {"owner": {"type": "User", "site_admin": false}, "fork": false, "created_at": "2011-06-18T23:41:36Z", "updated_at": "2019-08-04T09:14:46Z", "pushed_at": "2011-06-18T23:49:50Z", "size": 4613, "stargazers_count": 9, "watchers_count": 9, "language": "C++", "has_issues": true, "has_projects": true, "has_downloads": true, "has_wiki": true, "has_pages": false, "has_discussions": false, "forks_count": 4, "mirror_url": null, "archived": false, "disabled": false, "open_issues_count": 0, "license": null, "allow_forking": true, "is_template": false, "web_commit_signoff_required": false, "topics": [], "default_branch": "master", "permissions": {"admin": false, "maintain": false, "push": false, "triage": false, "pull": true}, "_id": 1917642}]