[{"owner": {"type": "User", "site_admin": false}, "fork": false, "created_at": "2011-08-18T00:06:01Z", "updated_at": "2018-06-15T16:54:01Z", "pushed_at": "2011-08-18T00:15:52Z", "size": 269, "stargazers_count": 15, "watchers_count": 15, "language": "PHP", "has_issues": true, "has_projects": true, "has_downloads": true, "has_wiki": true, "has_pages": false, "has_discussions": false, "forks_count": 10, "mirror_url": null, "archived": false, "disabled": false, "open_issues_count": 4, "license": null, "allow_forking": true, "is_template": false, "web_commit_signoff_required": false, "topics": [], "default_branch": "master", "permissions": {"admin": false, "maintain": false, "push": false, "triage": false, "pull": true}, "_id": 2225153}, {"owner": {"type": "User", "site_admin": false}, "fork": false, "created_at": "2011-08-18T00:30:54Z", "updated_at": "2022-11-13T23:28:37Z", "pushed_at": "2011-08-19T01:28:10Z", "size": 2724, "stargazers_count": 15, "watchers_count": 15, "language": "ActionScript", "has_issues": true, "has_projects": true, "has_downloads": true, "has_wiki": true, "has_pages": false, "has_discussions": false, "forks_count": 2, "mirror_url": null, "archived": false, "disabled": false, "open_issues_count": 1, "license": null, "allow_forking": true, "is_template": false, "web_commit_signoff_required": false, "topics": [], "default_branch": "master", "permissions": {"admin": false, "maintain": false, "push": false, "triage": false, "pull": true}, "_id": 2225230}, {"owner": {"type": "Organization", "site_admin": false}, "fork": false, "created_at": "2011-08-18T00:45:02Z", "updated_at": "2021-03-28T01:56:08Z", "pushed_at": "2012-06-19T15:37:25Z", "size": 96, "stargazers_count": 18, "watchers_count": 18, "language": "Ruby", "has_issues": true, "has_projects": true, "has_downloads": true, "has_wiki": true, "has_pages": false, "has_discussions": false, "forks_count": 2, "mirror_url": null, "archived": false, "disabled": false, "open_issues_count": 0, "license": null, "allow_forking": true, "is_template": false, "web_commit_signoff_required": false, "topics": [], "default_branch": "master", "permissions": {"admin": false, "maintain": false, "push": false, "triage": false, "pull": true}, "_id": 2225282}, {"owner": {"type": "User", "site_admin": false}, "fork": false, "created_at": "2011-08-18T00:50:49Z", "updated_at": "2022-09-06T15:43:47Z", "pushed_at": "2019-07-21T09:34:28Z", "size": 2076, "stargazers_count": 416, "watchers_count": 416, "language": "Ruby", "has_issues": true, "has_projects": true, "has_downloads": true, "has_wiki": true, "has_pages": true, "has_discussions": false, "forks_count": 69, "mirror_url": null, "archived": false, "disabled": false, "open_issues_count": 12, "license": {"key": "mit", "name": "MIT License", "spdx_id": "MIT", "url": "https://api.github.com/licenses/mit", "node_id": "MDc6TGljZW5zZTEz"}, "allow_forking": true, "is_template": false, "web_commit_signoff_required": false, "topics": [], "default_branch": "master", "permissions": {"admin": false, "maintain": false, "push": false, "triage": false, "pull": true}, "_id": 2225298}, {"owner": {"type": "Organization", "site_admin": false}, "fork": false, "created_at": "2011-08-18T01:04:06Z", "updated_at": "2022-11-08T11:10:33Z", "pushed_at": "2020-03-05T23:12:12Z", "size": 125, "stargazers_count": 82, "watchers_count": 82, "language": "Shell", "has_issues": true, "has_projects": true, "has_downloads": true, "has_wiki": true, "has_pages": false, "has_discussions": false, "forks_count": 15, "mirror_url": null, "archived": false, "disabled": false, "open_issues_count": 3, "license": {"key": "gpl-3.0", "name": "GNU General Public License v3.0", "spdx_id": "GPL-3.0", "url": "https://api.github.com/licenses/gpl-3.0", "node_id": "MDc6TGljZW5zZTk="}, "allow_forking": true, "is_template": false, "web_commit_signoff_required": false, "topics": ["admin", "cleaner", "debian", "maintenance", "official-flavors", "shell", "system", "ubuntu", "updater", "upgrades"], "default_branch": "master", "permissions": {"admin": false, "maintain": false, "push": false, "triage": false, "pull": true}, "_id": 2225343}, {"owner": {"type": "Organization", "site_admin": false}, "fork": false, "created_at": "2011-08-18T01:21:22Z", "updated_at": "2022-03-30T16:47:34Z", "pushed_at": "2011-09-19T17:59:42Z", "size": 2314, "stargazers_count": 23, "watchers_count": 23, "language": "Java", "has_issues": true, "has_projects": true, "has_downloads": true, "has_wiki": true, "has_pages": false, "has_discussions": false, "forks_count": 7, "mirror_url": null, "archived": false, "disabled": false, "open_issues_count": 0, "license": {"key": "gpl-3.0", "name": "GNU General Public License v3.0", "spdx_id": "GPL-3.0", "url": "https://api.github.com/licenses/gpl-3.0", "node_id": "MDc6TGljZW5zZTk="}, "allow_forking": true, "is_template": false, "web_commit_signoff_required": false, "topics": [], "default_branch": "master", "permissions": {"admin": false, "maintain": false, "push": false, "triage": false, "pull": true}, "_id": 2225399}, {"owner": {"type": "User", "site_admin": false}, "fork": false, "created_at": "2011-08-18T01:55:14Z", "updated_at": "2022-07-29T01:12:01Z", "pushed_at": "2015-09-01T13:22:45Z", "size": 119, "stargazers_count": 62, "watchers_count": 62, "language": "C", "has_issues": true, "has_projects": true, "has_downloads": true, "has_wiki": true, "has_pages": false, "has_discussions": false, "forks_count": 28, "mirror_url": null, "archived": false, "disabled": false, "open_issues_count": 0, "license": null, "allow_forking": true, "is_template": false, "web_commit_signoff_required": false, "topics": [], "default_branch": "master", "permissions": {"admin": false, "maintain": false, "push": false, "triage": false, "pull": true}, "_id": 2225530}, {"owner": {"type": "User", "site_admin": false}, "fork": false, "created_at": "2011-08-18T02:48:48Z", "updated_at": "2022-10-05T09:04:18Z", "pushed_at": "2012-03-17T17:20:35Z", "size": 429, "stargazers_count": 163, "watchers_count": 163, "language": null, "has_issues": true, "has_projects": true, "has_downloads": true, "has_wiki": true, "has_pages": true, "has_discussions": false, "forks_count": 17, "mirror_url": null, "archived": false, "disabled": false, "open_issues_count": 1, "license": null, "allow_forking": true, "is_template": false, "web_commit_signoff_required": false, "topics": [], "default_branch": "master", "permissions": {"admin": false, "maintain": false, "push": false, "triage": false, "pull": true}, "_id": 2225705}, {"owner": {"type": "Organization", "site_admin": false}, "fork": false, "created_at": "2011-08-18T02:49:28Z", "updated_at": "2022-11-02T05:35:37Z", "pushed_at": "2014-10-28T18:02:08Z", "size": 5336, "stargazers_count": 79, "watchers_count": 79, "language": "JavaScript", "has_issues": true, "has_projects": true, "has_downloads": true, "has_wiki": false, "has_pages": false, "has_discussions": false, "forks_count": 54, "mirror_url": null, "archived": false, "disabled": false, "open_issues_count": 3, "license": null, "allow_forking": true, "is_template": false, "web_commit_signoff_required": false, "topics": [], "default_branch": "master", "permissions": {"admin": false, "maintain": false, "push": false, "triage": false, "pull": true}, "_id": 2225707}, {"owner": {"type": "Organization", "site_admin": false}, "fork": false, "created_at": "2011-08-18T02:54:48Z", "updated_at": "2021-12-16T10:26:15Z", "pushed_at": "2014-10-14T20:02:41Z", "size": 132, "stargazers_count": 46, "watchers_count": 46, "language": "Python", "has_issues": true, "has_projects": true, "has_downloads": true, "has_wiki": false, "has_pages": false, "has_discussions": false, "forks_count": 8, "mirror_url": null, "archived": false, "disabled": false, "open_issues_count": 3, "license": {"key": "wtfpl", "name": "Do What The F*ck You Want To Public License", "spdx_id": "WTFPL", "url": "https://api.github.com/licenses/wtfpl", "node_id": "MDc6TGljZW5zZTE4"}, "allow_forking": true, "is_template": false, "web_commit_signoff_required": false, "topics": [], "default_branch": "master", "permissions": {"admin": false, "maintain": false, "push": false, "triage": false, "pull": true}, "_id": 2225725}, {"owner": {"type": "Organization", "site_admin": false}, "fork": false, "created_at": "2011-08-18T02:54:49Z", "updated_at": "2022-01-06T09:14:43Z", "pushed_at": "2018-11-06T03:29:24Z", "size": 1532, "stargazers_count": 19, "watchers_count": 19, "language": "HTML", "has_issues": true, "has_projects": true, "has_downloads": true, "has_wiki": true, "has_pages": false, "has_discussions": false, "forks_count": 1, "mirror_url": null, "archived": false, "disabled": false, "open_issues_count": 3, "license": null, "allow_forking": true, "is_template": false, "web_commit_signoff_required": false, "topics": [], "default_branch": "master", "permissions": {"admin": false, "maintain": false, "push": false, "triage": false, "pull": true}, "_id": 2225726}, {"owner": {"type": "User", "site_admin": false}, "fork": false, "created_at": "2011-08-18T03:07:27Z", "updated_at": "2015-05-29T03:28:21Z", "pushed_at": "2011-08-29T03:09:28Z", "size": 399, "stargazers_count": 20, "watchers_count": 20, "language": "Objective-C", "has_issues": true, "has_projects": true, "has_downloads": true, "has_wiki": true, "has_pages": false, "has_discussions": false, "forks_count": 2, "mirror_url": null, "archived": false, "disabled": false, "open_issues_count": 0, "license": null, "allow_forking": true, "is_template": false, "web_commit_signoff_required": false, "topics": [], "default_branch": "master", "permissions": {"admin": false, "maintain": false, "push": false, "triage": false, "pull": true}, "_id": 2225762}, {"owner": {"type": "User", "site_admin": false}, "fork": false, "created_at": "2011-08-18T03:17:16Z", "updated_at": "2022-11-05T16:42:24Z", "pushed_at": "2018-07-19T12:05:05Z", "size": 251, "stargazers_count": 227, "watchers_count": 227, "language": "C++", "has_issues": true, "has_projects": true, "has_downloads": true, "has_wiki": true, "has_pages": false, "has_discussions": false, "forks_count": 72, "mirror_url": null, "archived": false, "disabled": false, "open_issues_count": 14, "license": null, "allow_forking": true, "is_template": false, "web_commit_signoff_required": false, "topics": [], "default_branch": "master", "permissions": {"admin": false, "maintain": false, "push": false, "triage": false, "pull": true}, "_id": 2225800}, {"owner": {"type": "User", "site_admin": false}, "fork": false, "created_at": "2011-08-18T03:18:18Z", "updated_at": "2022-03-23T13:01:22Z", "pushed_at": "2022-02-17T13:17:32Z", "size": 191, "stargazers_count": 144, "watchers_count": 144, "language": "C++", "has_issues": true, "has_projects": true, "has_downloads": true, "has_wiki": true, "has_pages": false, "has_discussions": false, "forks_count": 61, "mirror_url": null, "archived": false, "disabled": false, "open_issues_count": 9, "license": null, "allow_forking": true, "is_template": false, "web_commit_signoff_required": false, "topics": [], "default_branch": "master", "permissions": {"admin": false, "maintain": false, "push": false, "triage": false, "pull": true}, "_id": 2225804}, {"owner": {"type": "User", "site_admin": false}, "fork": false, "created_at": "2011-08-18T04:18:45Z", "updated_at": "2021-12-30T09:02:52Z", "pushed_at": "2011-11-05T14:15:57Z", "size": 686, "stargazers_count": 27, "watchers_count": 27, "language": "Objective-C", "has_issues": true, "has_projects": true, "has_downloads": true, "has_wiki": true, "has_pages": false, "has_discussions": false, "forks_count": 2, "mirror_url": null, "archived": false, "disabled": false, "open_issues_count": 0, "license": null, "allow_forking": true, "is_template": false, "web_commit_signoff_required": false, "topics": [], "default_branch": "master", "permissions": {"admin": false, "maintain": false, "push": false, "triage": false, "pull": true}, "_id": 2226016}, {"owner": {"type": "User", "site_admin": false}, "fork": false, "created_at": "2011-08-18T04:20:08Z", "updated_at": "2021-11-19T20:58:50Z", "pushed_at": "2011-08-18T04:42:30Z", "size": 94, "stargazers_count": 16, "watchers_count": 16, "language": "JavaScript", "has_issues": true, "has_projects": true, "has_downloads": true, "has_wiki": true, "has_pages": false, "has_discussions": false, "forks_count": 4, "mirror_url": null, "archived": false, "disabled": false, "open_issues_count": 0, "license": null, "allow_forking": true, "is_template": false, "web_commit_signoff_required": false, "topics": [], "default_branch": "master", "permissions": {"admin": false, "maintain": false, "push": false, "triage": false, "pull": true}, "_id": 2226020}, {"owner": {"type": "Organization", "site_admin": false}, "fork": false, "created_at": "2011-08-18T06:30:35Z", "updated_at": "2021-06-08T16:01:43Z", "pushed_at": "2020-09-01T12:32:26Z", "size": 20, "stargazers_count": 17, "watchers_count": 17, "language": "Java", "has_issues": true, "has_projects": true, "has_downloads": true, "has_wiki": true, "has_pages": false, "has_discussions": false, "forks_count": 9, "mirror_url": null, "archived": false, "disabled": false, "open_issues_count": 0, "license": {"key": "apache-2.0", "name": "Apache License 2.0", "spdx_id": "Apache-2.0", "url": "https://api.github.com/licenses/apache-2.0", "node_id": "MDc6TGljZW5zZTI="}, "allow_forking": true, "is_template": false, "web_commit_signoff_required": false, "topics": [], "default_branch": "master", "permissions": {"admin": false, "maintain": false, "push": false, "triage": false, "pull": true}, "_id": 2226409}, {"owner": {"type": "User", "site_admin": false}, "fork": false, "created_at": "2011-08-18T06:35:19Z", "updated_at": "2022-11-03T07:41:31Z", "pushed_at": "2015-01-04T01:29:30Z", "size": 493, "stargazers_count": 45, "watchers_count": 45, "language": "Python", "has_issues": true, "has_projects": true, "has_downloads": true, "has_wiki": true, "has_pages": false, "has_discussions": false, "forks_count": 15, "mirror_url": null, "archived": false, "disabled": false, "open_issues_count": 4, "license": {"key": "mit", "name": "MIT License", "spdx_id": "MIT", "url": "https://api.github.com/licenses/mit", "node_id": "MDc6TGljZW5zZTEz"}, "allow_forking": true, "is_template": false, "web_commit_signoff_required": false, "topics": [], "default_branch": "master", "permissions": {"admin": false, "maintain": false, "push": false, "triage": false, "pull": true}, "_id": 2226426}, {"owner": {"type": "User", "site_admin": false}, "fork": false, "created_at": "2011-08-18T06:50:46Z", "updated_at": "2019-07-18T07:50:35Z", "pushed_at": "2019-06-10T05:04:39Z", "size": 254, "stargazers_count": 33, "watchers_count": 33, "language": "JavaScript", "has_issues": true, "has_projects": true, "has_downloads": true, "has_wiki": true, "has_pages": false, "has_discussions": false, "forks_count": 7, "mirror_url": null, "archived": false, "disabled": false, "open_issues_count": 0, "license": null, "allow_forking": true, "is_template": false, "web_commit_signoff_required": false, "topics": [], "default_branch": "master", "permissions": {"admin": false, "maintain": false, "push": false, "triage": false, "pull": true}, "_id": 2226477}, {"owner": {"type": "User", "site_admin": false}, "fork": false, "created_at": "2011-08-18T06:56:40Z", "updated_at": "2022-08-16T16:31:39Z", "pushed_at": "2022-10-19T19:02:38Z", "size": 190, "stargazers_count": 15, "watchers_count": 15, "language": "Python", "has_issues": true, "has_projects": true, "has_downloads": true, "has_wiki": true, "has_pages": false, "has_discussions": false, "forks_count": 3, "mirror_url": null, "archived": false, "disabled": false, "open_issues_count": 6, "license": {"key": "other", "name": "Other", "spdx_id": "NOASSERTION", "url": null, "node_id": "MDc6TGljZW5zZTA="}, "allow_forking": true, "is_template": false, "web_commit_signoff_required": false, "topics": [], "default_branch": "master", "permissions": {"admin": false, "maintain": false, "push": false, "triage": false, "pull": true}, "_id": 2226500}, {"owner": {"type": "Organization", "site_admin": false}, "fork": false, "created_at": "2011-08-18T07:00:12Z", "updated_at": "2022-10-24T13:00:34Z", "pushed_at": "2019-08-14T04:00:28Z", "size": 40601, "stargazers_count": 32, "watchers_count": 32, "language": "Java", "has_issues": false, "has_projects": true, "has_downloads": true, "has_wiki": false, "has_pages": false, "has_discussions": false, "forks_count": 30, "mirror_url": null, "archived": false, "disabled": false, "open_issues_count": 0, "license": {"key": "apache-2.0", "name": "Apache License 2.0", "spdx_id": "Apache-2.0", "url": "https://api.github.com/licenses/apache-2.0", "node_id": "MDc6TGljZW5zZTI="}, "allow_forking": true, "is_template": false, "web_commit_signoff_required": false, "topics": ["java", "library", "pivot"], "default_branch": "trunk", "permissions": {"admin": false, "maintain": false, "push": false, "triage": false, "pull": true}, "_id": 2226508}, {"owner": {"type": "User", "site_admin": false}, "fork": false, "created_at": "2011-08-18T07:01:47Z", "updated_at": "2022-11-21T18:27:59Z", "pushed_at": "2017-07-24T06:32:58Z", "size": 58, "stargazers_count": 597, "watchers_count": 597, "language": "JavaScript", "has_issues": true, "has_projects": true, "has_downloads": true, "has_wiki": true, "has_pages": true, "has_discussions": false, "forks_count": 71, "mirror_url": null, "archived": false, "disabled": false, "open_issues_count": 1, "license": null, "allow_forking": true, "is_template": false, "web_commit_signoff_required": false, "topics": [], "default_branch": "master", "permissions": {"admin": false, "maintain": false, "push": false, "triage": false, "pull": true}, "_id": 2226514}, {"owner": {"type": "User", "site_admin": false}, "fork": false, "created_at": "2011-08-18T07:31:29Z", "updated_at": "2021-01-06T01:47:50Z", "pushed_at": "2013-04-21T10:38:21Z", "size": 204, "stargazers_count": 24, "watchers_count": 24, "language": "C#", "has_issues": true, "has_projects": true, "has_downloads": true, "has_wiki": true, "has_pages": false, "has_discussions": false, "forks_count": 11, "mirror_url": null, "archived": false, "disabled": false, "open_issues_count": 0, "license": null, "allow_forking": true, "is_template": false, "web_commit_signoff_required": false, "topics": [], "default_branch": "master", "permissions": {"admin": false, "maintain": false, "push": false, "triage": false, "pull": true}, "_id": 2226618}, {"owner": {"type": "User", "site_admin": false}, "fork": false, "created_at": "2011-08-18T07:41:15Z", "updated_at": "2022-03-03T19:57:09Z", "pushed_at": "2015-10-27T00:41:06Z", "size": 687, "stargazers_count": 252, "watchers_count": 252, "language": "Objective-C", "has_issues": true, "has_projects": false, "has_downloads": true, "has_wiki": true, "has_pages": true, "has_discussions": false, "forks_count": 50, "mirror_url": null, "archived": true, "disabled": false, "open_issues_count": 16, "license": null, "allow_forking": true, "is_template": false, "web_commit_signoff_required": false, "topics": [], "default_branch": "master", "permissions": {"admin": false, "maintain": false, "push": false, "triage": false, "pull": true}, "_id": 2226650}, {"owner": {"type": "User", "site_admin": false}, "fork": false, "created_at": "2011-08-18T07:43:01Z", "updated_at": "2020-12-02T13:53:40Z", "pushed_at": "2016-02-22T10:32:45Z", "size": 59, "stargazers_count": 69, "watchers_count": 69, "language": "HTML", "has_issues": true, "has_projects": true, "has_downloads": true, "has_wiki": true, "has_pages": false, "has_discussions": false, "forks_count": 26, "mirror_url": null, "archived": false, "disabled": false, "open_issues_count": 2, "license": {"key": "mit", "name": "MIT License", "spdx_id": "MIT", "url": "https://api.github.com/licenses/mit", "node_id": "MDc6TGljZW5zZTEz"}, "allow_forking": true, "is_template": false, "web_commit_signoff_required": false, "topics": [], "default_branch": "master", "permissions": {"admin": false, "maintain": false, "push": false, "triage": false, "pull": true}, "_id": 2226655}, {"owner": {"type": "User", "site_admin": false}, "fork": false, "created_at": "2011-08-18T08:01:51Z", "updated_at": "2022-07-27T06:57:25Z", "pushed_at": "2012-05-22T06:11:30Z", "size": 898, "stargazers_count": 65, "watchers_count": 65, "language": "Go", "has_issues": true, "has_projects": true, "has_downloads": true, "has_wiki": true, "has_pages": false, "has_discussions": false, "forks_count": 15, "mirror_url": null, "archived": false, "disabled": false, "open_issues_count": 2, "license": {"key": "apache-2.0", "name": "Apache License 2.0", "spdx_id": "Apache-2.0", "url": "https://api.github.com/licenses/apache-2.0", "node_id": "MDc6TGljZW5zZTI="}, "allow_forking": true, "is_template": false, "web_commit_signoff_required": false, "topics": [], "default_branch": "master", "permissions": {"admin": false, "maintain": false, "push": false, "triage": false, "pull": true}, "_id": 2226728}, {"owner": {"type": "Organization", "site_admin": false}, "fork": false, "created_at": "2011-08-18T08:59:18Z", "updated_at": "2021-12-16T21:34:20Z", "pushed_at": "2011-08-18T13:18:59Z", "size": 138, "stargazers_count": 17, "watchers_count": 17, "language": "Java", "has_issues": true, "has_projects": true, "has_downloads": true, "has_wiki": true, "has_pages": false, "has_discussions": false, "forks_count": 6, "mirror_url": null, "archived": true, "disabled": false, "open_issues_count": 0, "license": null, "allow_forking": true, "is_template": false, "web_commit_signoff_required": false, "topics": [], "default_branch": "master", "permissions": {"admin": false, "maintain": false, "push": false, "triage": false, "pull": true}, "_id": 2226930}, {"owner": {"type": "User", "site_admin": false}, "fork": false, "created_at": "2011-08-18T09:27:27Z", "updated_at": "2020-01-08T18:35:37Z", "pushed_at": "2011-10-13T19:41:17Z", "size": 244, "stargazers_count": 39, "watchers_count": 39, "language": "JavaScript", "has_issues": true, "has_projects": true, "has_downloads": true, "has_wiki": true, "has_pages": false, "has_discussions": false, "forks_count": 5, "mirror_url": null, "archived": false, "disabled": false, "open_issues_count": 1, "license": null, "allow_forking": true, "is_template": false, "web_commit_signoff_required": false, "topics": [], "default_branch": "master", "permissions": {"admin": false, "maintain": false, "push": false, "triage": false, "pull": true}, "_id": 2227025}, {"owner": {"type": "User", "site_admin": false}, "fork": false, "created_at": "2011-08-18T09:33:56Z", "updated_at": "2022-10-05T14:54:11Z", "pushed_at": "2015-02-19T18:23:27Z", "size": 115, "stargazers_count": 22, "watchers_count": 22, "language": "Objective-C", "has_issues": true, "has_projects": true, "has_downloads": true, "has_wiki": true, "has_pages": false, "has_discussions": false, "forks_count": 4, "mirror_url": null, "archived": false, "disabled": false, "open_issues_count": 1, "license": null, "allow_forking": true, "is_template": false, "web_commit_signoff_required": false, "topics": [], "default_branch": "master", "permissions": {"admin": false, "maintain": false, "push": false, "triage": false, "pull": true}, "_id": 2227042}, {"owner": {"type": "Organization", "site_admin": false}, "fork": false, "created_at": "2011-08-18T10:21:07Z", "updated_at": "2021-03-21T14:31:29Z", "pushed_at": "2015-06-30T09:12:45Z", "size": 26374, "stargazers_count": 22, "watchers_count": 22, "language": null, "has_issues": true, "has_projects": true, "has_downloads": true, "has_wiki": true, "has_pages": false, "has_discussions": false, "forks_count": 22, "mirror_url": null, "archived": true, "disabled": false, "open_issues_count": 0, "license": null, "allow_forking": true, "is_template": false, "web_commit_signoff_required": false, "topics": [], "default_branch": "master", "permissions": {"admin": false, "maintain": false, "push": false, "triage": false, "pull": true}, "_id": 2227189}, {"owner": {"type": "User", "site_admin": false}, "fork": false, "created_at": "2011-08-18T11:34:02Z", "updated_at": "2021-10-13T16:56:52Z", "pushed_at": "2015-05-01T15:06:04Z", "size": 186, "stargazers_count": 15, "watchers_count": 15, "language": "HTML", "has_issues": true, "has_projects": true, "has_downloads": true, "has_wiki": true, "has_pages": false, "has_discussions": false, "forks_count": 4, "mirror_url": null, "archived": false, "disabled": false, "open_issues_count": 1, "license": null, "allow_forking": true, "is_template": false, "web_commit_signoff_required": false, "topics": [], "default_branch": "master", "permissions": {"admin": false, "maintain": false, "push": false, "triage": false, "pull": true}, "_id": 2227441}, {"owner": {"type": "User", "site_admin": false}, "fork": false, "created_at": "2011-08-18T11:49:26Z", "updated_at": "2022-11-24T00:16:31Z", "pushed_at": "2022-03-01T13:50:21Z", "size": 16947, "stargazers_count": 56, "watchers_count": 56, "language": "C", "has_issues": true, "has_projects": true, "has_downloads": true, "has_wiki": false, "has_pages": true, "has_discussions": false, "forks_count": 17, "mirror_url": null, "archived": false, "disabled": false, "open_issues_count": 25, "license": {"key": "other", "name": "Other", "spdx_id": "NOASSERTION", "url": null, "node_id": "MDc6TGljZW5zZTA="}, "allow_forking": true, "is_template": false, "web_commit_signoff_required": false, "topics": [], "default_branch": "master", "permissions": {"admin": false, "maintain": false, "push": false, "triage": false, "pull": true}, "_id": 2227525}, {"owner": {"type": "Organization", "site_admin": false}, "fork": false, "created_at": "2011-08-18T11:53:14Z", "updated_at": "2021-11-09T10:09:47Z", "pushed_at": "2022-07-21T22:29:09Z", "size": 109, "stargazers_count": 51, "watchers_count": 51, "language": "Ruby", "has_issues": true, "has_projects": true, "has_downloads": true, "has_wiki": true, "has_pages": false, "has_discussions": false, "forks_count": 17, "mirror_url": null, "archived": false, "disabled": false, "open_issues_count": 2, "license": null, "allow_forking": true, "is_template": false, "web_commit_signoff_required": false, "topics": [], "default_branch": "master", "permissions": {"admin": false, "maintain": false, "push": false, "triage": false, "pull": true}, "_id": 2227541}, {"owner": {"type": "Organization", "site_admin": false}, "fork": false, "created_at": "2011-08-18T12:00:56Z", "updated_at": "2021-07-25T10:13:17Z", "pushed_at": "2022-11-23T16:41:19Z", "size": 357, "stargazers_count": 29, "watchers_count": 29, "language": "PHP", "has_issues": true, "has_projects": true, "has_downloads": true, "has_wiki": false, "has_pages": false, "has_discussions": false, "forks_count": 31, "mirror_url": null, "archived": false, "disabled": false, "open_issues_count": 16, "license": null, "allow_forking": true, "is_template": false, "web_commit_signoff_required": false, "topics": [], "default_branch": "master", "permissions": {"admin": false, "maintain": false, "push": false, "triage": false, "pull": true}, "_id": 2227591}, {"owner": {"type": "User", "site_admin": false}, "fork": false, "created_at": "2011-08-18T12:03:16Z", "updated_at": "2022-08-01T16:24:27Z", "pushed_at": "2019-03-11T03:54:47Z", "size": 36, "stargazers_count": 120, "watchers_count": 120, "language": "Ruby", "has_issues": true, "has_projects": true, "has_downloads": true, "has_wiki": true, "has_pages": false, "has_discussions": false, "forks_count": 12, "mirror_url": null, "archived": false, "disabled": false, "open_issues_count": 3, "license": null, "allow_forking": true, "is_template": false, "web_commit_signoff_required": false, "topics": [], "default_branch": "master", "permissions": {"admin": false, "maintain": false, "push": false, "triage": false, "pull": true}, "_id": 2227600}, {"owner": {"type": "User", "site_admin": false}, "fork": false, "created_at": "2011-08-18T12:09:29Z", "updated_at": "2022-09-07T06:25:32Z", "pushed_at": "2022-09-30T20:11:39Z", "size": 3490, "stargazers_count": 65, "watchers_count": 65, "language": "PHP", "has_issues": true, "has_projects": true, "has_downloads": true, "has_wiki": true, "has_pages": true, "has_discussions": false, "forks_count": 13, "mirror_url": null, "archived": false, "disabled": false, "open_issues_count": 1, "license": {"key": "bsd-2-clause", "name": "BSD 2-Clause \"Simplified\" License", "spdx_id": "BSD-2-Clause", "url": "https://api.github.com/licenses/bsd-2-clause", "node_id": "MDc6TGljZW5zZTQ="}, "allow_forking": true, "is_template": false, "web_commit_signoff_required": false, "topics": [], "default_branch": "master", "permissions": {"admin": false, "maintain": false, "push": false, "triage": false, "pull": true}, "_id": 2227634}, {"owner": {"type": "Organization", "site_admin": false}, "fork": false, "created_at": "2011-08-18T12:20:41Z", "updated_at": "2022-07-18T12:05:46Z", "pushed_at": "2011-09-12T21:25:45Z", "size": 715, "stargazers_count": 54, "watchers_count": 54, "language": "C", "has_issues": true, "has_projects": true, "has_downloads": true, "has_wiki": true, "has_pages": false, "has_discussions": false, "forks_count": 12, "mirror_url": null, "archived": false, "disabled": false, "open_issues_count": 1, "license": {"key": "apache-2.0", "name": "Apache License 2.0", "spdx_id": "Apache-2.0", "url": "https://api.github.com/licenses/apache-2.0", "node_id": "MDc6TGljZW5zZTI="}, "allow_forking": true, "is_template": false, "web_commit_signoff_required": false, "topics": [], "default_branch": "master", "permissions": {"admin": false, "maintain": false, "push": false, "triage": false, "pull": true}, "_id": 2227678}, {"owner": {"type": "User", "site_admin": false}, "fork": false, "created_at": "2011-08-18T12:28:17Z", "updated_at": "2017-12-17T21:19:55Z", "pushed_at": "2014-08-17T09:29:08Z", "size": 153, "stargazers_count": 18, "watchers_count": 18, "language": "JavaScript", "has_issues": true, "has_projects": true, "has_downloads": true, "has_wiki": true, "has_pages": false, "has_discussions": false, "forks_count": 6, "mirror_url": null, "archived": false, "disabled": false, "open_issues_count": 2, "license": null, "allow_forking": true, "is_template": false, "web_commit_signoff_required": false, "topics": [], "default_branch": "master", "permissions": {"admin": false, "maintain": false, "push": false, "triage": false, "pull": true}, "_id": 2227701}, {"owner": {"type": "User", "site_admin": false}, "fork": false, "created_at": "2011-08-18T12:44:16Z", "updated_at": "2021-09-23T16:46:58Z", "pushed_at": "2012-10-26T19:29:12Z", "size": 2633, "stargazers_count": 22, "watchers_count": 22, "language": "JavaScript", "has_issues": true, "has_projects": true, "has_downloads": true, "has_wiki": true, "has_pages": true, "has_discussions": false, "forks_count": 17, "mirror_url": null, "archived": false, "disabled": false, "open_issues_count": 4, "license": {"key": "other", "name": "Other", "spdx_id": "NOASSERTION", "url": null, "node_id": "MDc6TGljZW5zZTA="}, "allow_forking": true, "is_template": false, "web_commit_signoff_required": false, "topics": [], "default_branch": "master", "permissions": {"admin": false, "maintain": false, "push": false, "triage": false, "pull": true}, "_id": 2227765}, {"owner": {"type": "User", "site_admin": false}, "fork": false, "created_at": "2011-08-18T13:02:02Z", "updated_at": "2022-10-04T08:16:11Z", "pushed_at": "2011-10-13T19:26:56Z", "size": 1118, "stargazers_count": 22, "watchers_count": 22, "language": "JavaScript", "has_issues": true, "has_projects": true, "has_downloads": true, "has_wiki": true, "has_pages": true, "has_discussions": false, "forks_count": 17, "mirror_url": null, "archived": false, "disabled": false, "open_issues_count": 1, "license": null, "allow_forking": true, "is_template": false, "web_commit_signoff_required": false, "topics": [], "default_branch": "master", "permissions": {"admin": false, "maintain": false, "push": false, "triage": false, "pull": true}, "_id": 2227836}, {"owner": {"type": "Organization", "site_admin": false}, "fork": false, "created_at": "2011-08-18T13:17:49Z", "updated_at": "2022-01-14T17:51:49Z", "pushed_at": "2014-11-06T14:28:46Z", "size": 1202, "stargazers_count": 38, "watchers_count": 38, "language": "C++", "has_issues": true, "has_projects": true, "has_downloads": true, "has_wiki": true, "has_pages": false, "has_discussions": false, "forks_count": 17, "mirror_url": null, "archived": false, "disabled": false, "open_issues_count": 3, "license": null, "allow_forking": true, "is_template": false, "web_commit_signoff_required": false, "topics": [], "default_branch": "master", "permissions": {"admin": false, "maintain": false, "push": false, "triage": false, "pull": true}, "_id": 2227914}, {"owner": {"type": "Organization", "site_admin": false}, "fork": false, "created_at": "2011-08-18T13:22:58Z", "updated_at": "2022-10-26T03:32:56Z", "pushed_at": "2018-09-20T01:15:11Z", "size": 10151, "stargazers_count": 76, "watchers_count": 76, "language": "Python", "has_issues": true, "has_projects": true, "has_downloads": true, "has_wiki": true, "has_pages": false, "has_discussions": false, "forks_count": 23, "mirror_url": null, "archived": false, "disabled": false, "open_issues_count": 21, "license": null, "allow_forking": true, "is_template": false, "web_commit_signoff_required": false, "topics": [], "default_branch": "master", "permissions": {"admin": false, "maintain": false, "push": false, "triage": false, "pull": true}, "_id": 2227934}, {"owner": {"type": "Organization", "site_admin": false}, "fork": false, "created_at": "2011-08-18T13:26:10Z", "updated_at": "2021-09-03T05:09:59Z", "pushed_at": "2011-11-24T11:55:22Z", "size": 124, "stargazers_count": 15, "watchers_count": 15, "language": "C", "has_issues": true, "has_projects": true, "has_downloads": true, "has_wiki": true, "has_pages": false, "has_discussions": false, "forks_count": 0, "mirror_url": null, "archived": false, "disabled": false, "open_issues_count": 1, "license": {"key": "other", "name": "Other", "spdx_id": "NOASSERTION", "url": null, "node_id": "MDc6TGljZW5zZTA="}, "allow_forking": true, "is_template": false, "web_commit_signoff_required": false, "topics": [], "default_branch": "master", "permissions": {"admin": false, "maintain": false, "push": false, "triage": false, "pull": true}, "_id": 2227957}, {"owner": {"type": "Organization", "site_admin": false}, "fork": false, "created_at": "2011-08-18T13:34:55Z", "updated_at": "2022-10-14T22:07:34Z", "pushed_at": "2020-09-30T18:39:10Z", "size": 1225, "stargazers_count": 783, "watchers_count": 783, "language": "Objective-C", "has_issues": true, "has_projects": true, "has_downloads": true, "has_wiki": true, "has_pages": false, "has_discussions": false, "forks_count": 127, "mirror_url": null, "archived": false, "disabled": false, "open_issues_count": 19, "license": {"key": "mit", "name": "MIT License", "spdx_id": "MIT", "url": "https://api.github.com/licenses/mit", "node_id": "MDc6TGljZW5zZTEz"}, "allow_forking": true, "is_template": false, "web_commit_signoff_required": false, "topics": ["coretext", "html", "ios", "objective-c", "swift"], "default_branch": "master", "permissions": {"admin": false, "maintain": false, "push": false, "triage": false, "pull": true}, "_id": 2228001}, {"owner": {"type": "User", "site_admin": false}, "fork": false, "created_at": "2011-08-18T13:42:18Z", "updated_at": "2022-08-31T12:55:02Z", "pushed_at": "2015-08-05T06:58:25Z", "size": 835, "stargazers_count": 51, "watchers_count": 51, "language": "C#", "has_issues": true, "has_projects": true, "has_downloads": true, "has_wiki": true, "has_pages": false, "has_discussions": false, "forks_count": 18, "mirror_url": null, "archived": true, "disabled": false, "open_issues_count": 0, "license": null, "allow_forking": true, "is_template": false, "web_commit_signoff_required": false, "topics": [], "default_branch": "master", "permissions": {"admin": false, "maintain": false, "push": false, "triage": false, "pull": true}, "_id": 2228027}, {"owner": {"type": "User", "site_admin": false}, "fork": false, "created_at": "2011-08-18T13:54:42Z", "updated_at": "2022-09-09T20:12:39Z", "pushed_at": "2022-10-25T17:32:32Z", "size": 3393, "stargazers_count": 162, "watchers_count": 162, "language": "Ruby", "has_issues": true, "has_projects": true, "has_downloads": true, "has_wiki": true, "has_pages": false, "has_discussions": false, "forks_count": 74, "mirror_url": null, "archived": false, "disabled": false, "open_issues_count": 17, "license": {"key": "other", "name": "Other", "spdx_id": "NOASSERTION", "url": null, "node_id": "MDc6TGljZW5zZTA="}, "allow_forking": true, "is_template": false, "web_commit_signoff_required": false, "topics": ["oci8", "oracle", "ruby"], "default_branch": "master", "permissions": {"admin": false, "maintain": false, "push": false, "triage": false, "pull": true}, "_id": 2228087}, {"owner": {"type": "User", "site_admin": false}, "fork": false, "created_at": "2011-08-18T14:03:12Z", "updated_at": "2022-04-30T01:27:11Z", "pushed_at": "2015-07-25T05:45:40Z", "size": 149, "stargazers_count": 57, "watchers_count": 57, "language": "Python", "has_issues": true, "has_projects": true, "has_downloads": true, "has_wiki": true, "has_pages": false, "has_discussions": false, "forks_count": 2, "mirror_url": null, "archived": false, "disabled": false, "open_issues_count": 1, "license": null, "allow_forking": true, "is_template": false, "web_commit_signoff_required": false, "topics": [], "default_branch": "master", "permissions": {"admin": false, "maintain": false, "push": false, "triage": false, "pull": true}, "_id": 2228118}, {"owner": {"type": "User", "site_admin": false}, "fork": false, "created_at": "2011-08-18T14:21:56Z", "updated_at": "2021-10-11T02:38:43Z", "pushed_at": "2011-09-03T17:16:31Z", "size": 120, "stargazers_count": 15, "watchers_count": 15, "language": "Python", "has_issues": true, "has_projects": true, "has_downloads": true, "has_wiki": false, "has_pages": false, "has_discussions": false, "forks_count": 0, "mirror_url": null, "archived": false, "disabled": false, "open_issues_count": 1, "license": {"key": "mit", "name": "MIT License", "spdx_id": "MIT", "url": "https://api.github.com/licenses/mit", "node_id": "MDc6TGljZW5zZTEz"}, "allow_forking": true, "is_template": false, "web_commit_signoff_required": false, "topics": [], "default_branch": "master", "permissions": {"admin": false, "maintain": false, "push": false, "triage": false, "pull": true}, "_id": 2228204}, {"owner": {"type": "User", "site_admin": false}, "fork": false, "created_at": "2011-08-18T14:23:22Z", "updated_at": "2022-07-16T11:29:54Z", "pushed_at": "2022-11-25T20:10:58Z", "size": 1158, "stargazers_count": 45, "watchers_count": 45, "language": "PHP", "has_issues": false, "has_projects": true, "has_downloads": true, "has_wiki": false, "has_pages": false, "has_discussions": false, "forks_count": 71, "mirror_url": null, "archived": false, "disabled": false, "open_issues_count": 5, "license": null, "allow_forking": true, "is_template": false, "web_commit_signoff_required": false, "topics": ["moodle", "php", "scheduler"], "default_branch": "master", "permissions": {"admin": false, "maintain": false, "push": false, "triage": false, "pull": true}, "_id": 2228210}, {"owner": {"type": "Organization", "site_admin": false}, "fork": false, "created_at": "2011-08-18T14:26:02Z", "updated_at": "2022-11-08T23:30:33Z", "pushed_at": "2022-11-15T11:04:21Z", "size": 1983744, "stargazers_count": 169, "watchers_count": 169, "language": "Java", "has_issues": true, "has_projects": true, "has_downloads": true, "has_wiki": true, "has_pages": false, "has_discussions": false, "forks_count": 99, "mirror_url": null, "archived": false, "disabled": false, "open_issues_count": 31, "license": {"key": "gpl-2.0", "name": "GNU General Public License v2.0", "spdx_id": "GPL-2.0", "url": "https://api.github.com/licenses/gpl-2.0", "node_id": "MDc6TGljZW5zZTg="}, "allow_forking": true, "is_template": false, "web_commit_signoff_required": false, "topics": ["database", "image", "java", "omero", "python", "server"], "default_branch": "develop", "permissions": {"admin": false, "maintain": false, "push": false, "triage": false, "pull": true}, "_id": 2228226}, {"owner": {"type": "Organization", "site_admin": false}, "fork": false, "created_at": "2011-08-18T14:31:37Z", "updated_at": "2021-12-23T09:06:02Z", "pushed_at": "2014-02-12T21:05:13Z", "size": 238, "stargazers_count": 22, "watchers_count": 22, "language": "Ruby", "has_issues": true, "has_projects": true, "has_downloads": true, "has_wiki": true, "has_pages": false, "has_discussions": false, "forks_count": 9, "mirror_url": null, "archived": false, "disabled": false, "open_issues_count": 2, "license": {"key": "other", "name": "Other", "spdx_id": "NOASSERTION", "url": null, "node_id": "MDc6TGljZW5zZTA="}, "allow_forking": true, "is_template": false, "web_commit_signoff_required": false, "topics": [], "default_branch": "master", "permissions": {"admin": false, "maintain": false, "push": false, "triage": false, "pull": true}, "_id": 2228252}, {"owner": {"type": "Organization", "site_admin": false}, "fork": false, "created_at": "2011-08-18T14:57:16Z", "updated_at": "2022-02-07T20:02:05Z", "pushed_at": "2020-05-26T16:29:03Z", "size": 94, "stargazers_count": 46, "watchers_count": 46, "language": "PHP", "has_issues": true, "has_projects": true, "has_downloads": true, "has_wiki": true, "has_pages": false, "has_discussions": false, "forks_count": 24, "mirror_url": null, "archived": false, "disabled": false, "open_issues_count": 0, "license": {"key": "gpl-3.0", "name": "GNU General Public License v3.0", "spdx_id": "GPL-3.0", "url": "https://api.github.com/licenses/gpl-3.0", "node_id": "MDc6TGljZW5zZTk="}, "allow_forking": true, "is_template": false, "web_commit_signoff_required": false, "topics": [], "default_branch": "master", "permissions": {"admin": false, "maintain": false, "push": false, "triage": false, "pull": true}, "_id": 2228381}, {"owner": {"type": "User", "site_admin": true}, "fork": false, "created_at": "2011-08-18T15:06:36Z", "updated_at": "2022-01-18T09:40:08Z", "pushed_at": "2016-06-23T13:07:34Z", "size": 281, "stargazers_count": 46, "watchers_count": 46, "language": "C++", "has_issues": true, "has_projects": true, "has_downloads": true, "has_wiki": false, "has_pages": false, "has_discussions": false, "forks_count": 17, "mirror_url": null, "archived": true, "disabled": false, "open_issues_count": 0, "license": {"key": "mit", "name": "MIT License", "spdx_id": "MIT", "url": "https://api.github.com/licenses/mit", "node_id": "MDc6TGljZW5zZTEz"}, "allow_forking": true, "is_template": false, "web_commit_signoff_required": false, "topics": ["c-plus-plus", "cocoa", "qt"], "default_branch": "master", "permissions": {"admin": false, "maintain": false, "push": false, "triage": false, "pull": true}, "_id": 2228441}, {"owner": {"type": "User", "site_admin": false}, "fork": false, "created_at": "2011-08-18T15:29:22Z", "updated_at": "2019-08-18T06:31:51Z", "pushed_at": "2011-11-11T13:22:38Z", "size": 1021, "stargazers_count": 16, "watchers_count": 16, "language": "Ruby", "has_issues": true, "has_projects": true, "has_downloads": true, "has_wiki": true, "has_pages": true, "has_discussions": false, "forks_count": 2, "mirror_url": null, "archived": false, "disabled": false, "open_issues_count": 0, "license": null, "allow_forking": true, "is_template": false, "web_commit_signoff_required": false, "topics": [], "default_branch": "master", "permissions": {"admin": false, "maintain": false, "push": false, "triage": false, "pull": true}, "_id": 2228583}, {"owner": {"type": "Organization", "site_admin": false}, "fork": false, "created_at": "2011-08-18T15:39:10Z", "updated_at": "2022-07-14T20:25:43Z", "pushed_at": "2022-07-14T20:24:17Z", "size": 4791, "stargazers_count": 71, "watchers_count": 71, "language": "JavaScript", "has_issues": true, "has_projects": false, "has_downloads": true, "has_wiki": true, "has_pages": false, "has_discussions": false, "forks_count": 39, "mirror_url": null, "archived": true, "disabled": false, "open_issues_count": 4, "license": {"key": "apache-2.0", "name": "Apache License 2.0", "spdx_id": "Apache-2.0", "url": "https://api.github.com/licenses/apache-2.0", "node_id": "MDc6TGljZW5zZTI="}, "allow_forking": true, "is_template": false, "web_commit_signoff_required": false, "topics": [], "default_branch": "master", "permissions": {"admin": false, "maintain": false, "push": false, "triage": false, "pull": true}, "_id": 2228649}, {"owner": {"type": "User", "site_admin": false}, "fork": false, "created_at": "2011-08-18T15:46:08Z", "updated_at": "2022-11-21T03:19:38Z", "pushed_at": "2020-12-02T10:08:26Z", "size": 61, "stargazers_count": 198, "watchers_count": 198, "language": "JavaScript", "has_issues": true, "has_projects": true, "has_downloads": true, "has_wiki": true, "has_pages": false, "has_discussions": false, "forks_count": 56, "mirror_url": null, "archived": false, "disabled": false, "open_issues_count": 12, "license": {"key": "mit", "name": "MIT License", "spdx_id": "MIT", "url": "https://api.github.com/licenses/mit", "node_id": "MDc6TGljZW5zZTEz"}, "allow_forking": true, "is_template": false, "web_commit_signoff_required": false, "topics": ["browser", "ecmascript", "javascript", "nodejs"], "default_branch": "master", "permissions": {"admin": false, "maintain": false, "push": false, "triage": false, "pull": true}, "_id": 2228683}, {"owner": {"type": "User", "site_admin": false}, "fork": false, "created_at": "2011-08-18T17:03:20Z", "updated_at": "2022-05-05T18:03:11Z", "pushed_at": "2015-01-28T00:53:23Z", "size": 129, "stargazers_count": 16, "watchers_count": 16, "language": "JavaScript", "has_issues": true, "has_projects": true, "has_downloads": true, "has_wiki": true, "has_pages": true, "has_discussions": false, "forks_count": 6, "mirror_url": null, "archived": false, "disabled": false, "open_issues_count": 0, "license": null, "allow_forking": true, "is_template": false, "web_commit_signoff_required": false, "topics": [], "default_branch": "master", "permissions": {"admin": false, "maintain": false, "push": false, "triage": false, "pull": true}, "_id": 2229103}, {"owner": {"type": "User", "site_admin": false}, "fork": false, "created_at": "2011-08-18T17:35:37Z", "updated_at": "2021-10-29T13:36:58Z", "pushed_at": "2013-03-22T09:12:56Z", "size": 255, "stargazers_count": 41, "watchers_count": 41, "language": "PHP", "has_issues": true, "has_projects": true, "has_downloads": true, "has_wiki": true, "has_pages": false, "has_discussions": false, "forks_count": 15, "mirror_url": null, "archived": true, "disabled": false, "open_issues_count": 12, "license": {"key": "mit", "name": "MIT License", "spdx_id": "MIT", "url": "https://api.github.com/licenses/mit", "node_id": "MDc6TGljZW5zZTEz"}, "allow_forking": true, "is_template": false, "web_commit_signoff_required": false, "topics": [], "default_branch": "master", "permissions": {"admin": false, "maintain": false, "push": false, "triage": false, "pull": true}, "_id": 2229261}, {"owner": {"type": "User", "site_admin": false}, "fork": false, "created_at": "2011-08-18T17:35:48Z", "updated_at": "2018-03-02T23:49:34Z", "pushed_at": "2013-05-19T10:19:32Z", "size": 32376, "stargazers_count": 24, "watchers_count": 24, "language": "HaXe", "has_issues": true, "has_projects": true, "has_downloads": true, "has_wiki": true, "has_pages": false, "has_discussions": false, "forks_count": 0, "mirror_url": null, "archived": false, "disabled": false, "open_issues_count": 1, "license": {"key": "wtfpl", "name": "Do What The F*ck You Want To Public License", "spdx_id": "WTFPL", "url": "https://api.github.com/licenses/wtfpl", "node_id": "MDc6TGljZW5zZTE4"}, "allow_forking": true, "is_template": false, "web_commit_signoff_required": false, "topics": [], "default_branch": "develop", "permissions": {"admin": false, "maintain": false, "push": false, "triage": false, "pull": true}, "_id": 2229262}, {"owner": {"type": "User", "site_admin": false}, "fork": false, "created_at": "2011-08-18T17:36:39Z", "updated_at": "2017-03-27T03:58:29Z", "pushed_at": "2011-12-09T05:11:13Z", "size": 236, "stargazers_count": 19, "watchers_count": 19, "language": "C", "has_issues": true, "has_projects": true, "has_downloads": true, "has_wiki": true, "has_pages": false, "has_discussions": false, "forks_count": 8, "mirror_url": null, "archived": false, "disabled": false, "open_issues_count": 4, "license": null, "allow_forking": true, "is_template": false, "web_commit_signoff_required": false, "topics": [], "default_branch": "master", "permissions": {"admin": false, "maintain": false, "push": false, "triage": false, "pull": true}, "_id": 2229268}, {"owner": {"type": "User", "site_admin": false}, "fork": false, "created_at": "2011-08-18T17:40:25Z", "updated_at": "2022-11-10T16:19:28Z", "pushed_at": "2017-02-26T02:52:43Z", "size": 148, "stargazers_count": 18, "watchers_count": 18, "language": "C", "has_issues": true, "has_projects": true, "has_downloads": true, "has_wiki": true, "has_pages": false, "has_discussions": false, "forks_count": 6, "mirror_url": null, "archived": false, "disabled": false, "open_issues_count": 1, "license": null, "allow_forking": true, "is_template": false, "web_commit_signoff_required": false, "topics": [], "default_branch": "master", "permissions": {"admin": false, "maintain": false, "push": false, "triage": false, "pull": true}, "_id": 2229291}, {"owner": {"type": "User", "site_admin": false}, "fork": false, "created_at": "2011-08-18T17:48:20Z", "updated_at": "2022-11-25T16:29:01Z", "pushed_at": "2013-03-24T23:18:38Z", "size": 139, "stargazers_count": 67, "watchers_count": 67, "language": "Java", "has_issues": true, "has_projects": true, "has_downloads": true, "has_wiki": true, "has_pages": false, "has_discussions": false, "forks_count": 29, "mirror_url": null, "archived": false, "disabled": false, "open_issues_count": 0, "license": {"key": "apache-2.0", "name": "Apache License 2.0", "spdx_id": "Apache-2.0", "url": "https://api.github.com/licenses/apache-2.0", "node_id": "MDc6TGljZW5zZTI="}, "allow_forking": true, "is_template": false, "web_commit_signoff_required": false, "topics": [], "default_branch": "master", "permissions": {"admin": false, "maintain": false, "push": false, "triage": false, "pull": true}, "_id": 2229337}, {"owner": {"type": "Organization", "site_admin": false}, "fork": false, "created_at": "2011-08-18T17:50:01Z", "updated_at": "2019-09-23T18:33:46Z", "pushed_at": "2011-09-26T11:32:44Z", "size": 1105, "stargazers_count": 39, "watchers_count": 39, "language": "Ruby", "has_issues": true, "has_projects": true, "has_downloads": true, "has_wiki": true, "has_pages": false, "has_discussions": false, "forks_count": 4, "mirror_url": null, "archived": false, "disabled": false, "open_issues_count": 0, "license": {"key": "mit", "name": "MIT License", "spdx_id": "MIT", "url": "https://api.github.com/licenses/mit", "node_id": "MDc6TGljZW5zZTEz"}, "allow_forking": true, "is_template": false, "web_commit_signoff_required": false, "topics": [], "default_branch": "master", "permissions": {"admin": false, "maintain": false, "push": false, "triage": false, "pull": true}, "_id": 2229348}, {"owner": {"type": "User", "site_admin": false}, "fork": false, "created_at": "2011-08-18T17:53:26Z", "updated_at": "2020-04-07T18:23:25Z", "pushed_at": "2011-08-31T15:29:32Z", "size": 179, "stargazers_count": 18, "watchers_count": 18, "language": null, "has_issues": true, "has_projects": true, "has_downloads": true, "has_wiki": true, "has_pages": true, "has_discussions": false, "forks_count": 1, "mirror_url": null, "archived": false, "disabled": false, "open_issues_count": 0, "license": null, "allow_forking": true, "is_template": false, "web_commit_signoff_required": false, "topics": [], "default_branch": "master", "permissions": {"admin": false, "maintain": false, "push": false, "triage": false, "pull": true}, "_id": 2229371}, {"owner": {"type": "User", "site_admin": false}, "fork": false, "created_at": "2011-08-18T17:55:09Z", "updated_at": "2021-04-04T22:16:16Z", "pushed_at": "2016-05-26T07:57:22Z", "size": 30, "stargazers_count": 26, "watchers_count": 26, "language": "JavaScript", "has_issues": true, "has_projects": true, "has_downloads": true, "has_wiki": true, "has_pages": true, "has_discussions": false, "forks_count": 16, "mirror_url": null, "archived": false, "disabled": false, "open_issues_count": 1, "license": null, "allow_forking": true, "is_template": false, "web_commit_signoff_required": false, "topics": [], "default_branch": "master", "permissions": {"admin": false, "maintain": false, "push": false, "triage": false, "pull": true}, "_id": 2229380}, {"owner": {"type": "Organization", "site_admin": false}, "fork": false, "created_at": "2011-08-18T18:08:43Z", "updated_at": "2022-11-14T12:53:56Z", "pushed_at": "2022-11-11T02:53:12Z", "size": 26664, "stargazers_count": 46, "watchers_count": 46, "language": "Java", "has_issues": true, "has_projects": false, "has_downloads": true, "has_wiki": true, "has_pages": false, "has_discussions": false, "forks_count": 23, "mirror_url": null, "archived": false, "disabled": false, "open_issues_count": 15, "license": {"key": "other", "name": "Other", "spdx_id": "NOASSERTION", "url": null, "node_id": "MDc6TGljZW5zZTA="}, "allow_forking": true, "is_template": false, "web_commit_signoff_required": false, "topics": [], "default_branch": "master", "permissions": {"admin": false, "maintain": false, "push": false, "triage": false, "pull": true}, "_id": 2229477}, {"owner": {"type": "User", "site_admin": false}, "fork": false, "created_at": "2011-08-18T18:15:41Z", "updated_at": "2022-10-13T20:33:45Z", "pushed_at": "2016-08-29T16:21:54Z", "size": 110, "stargazers_count": 444, "watchers_count": 444, "language": "CoffeeScript", "has_issues": true, "has_projects": true, "has_downloads": true, "has_wiki": true, "has_pages": false, "has_discussions": false, "forks_count": 161, "mirror_url": null, "archived": false, "disabled": false, "open_issues_count": 1, "license": {"key": "other", "name": "Other", "spdx_id": "NOASSERTION", "url": null, "node_id": "MDc6TGljZW5zZTA="}, "allow_forking": true, "is_template": false, "web_commit_signoff_required": false, "topics": [], "default_branch": "master", "permissions": {"admin": false, "maintain": false, "push": false, "triage": false, "pull": true}, "_id": 2229508}, {"owner": {"type": "Organization", "site_admin": false}, "fork": false, "created_at": "2011-08-18T18:45:00Z", "updated_at": "2022-10-07T21:48:14Z", "pushed_at": "2020-09-28T01:21:17Z", "size": 57005, "stargazers_count": 167, "watchers_count": 167, "language": null, "has_issues": true, "has_projects": true, "has_downloads": true, "has_wiki": true, "has_pages": true, "has_discussions": false, "forks_count": 78, "mirror_url": null, "archived": false, "disabled": false, "open_issues_count": 0, "license": null, "allow_forking": true, "is_template": false, "web_commit_signoff_required": false, "topics": [], "default_branch": "master", "permissions": {"admin": false, "maintain": false, "push": false, "triage": false, "pull": true}, "_id": 2229659}, {"owner": {"type": "Organization", "site_admin": false}, "fork": false, "created_at": "2011-08-18T18:52:40Z", "updated_at": "2020-07-13T16:02:01Z", "pushed_at": "2013-06-07T18:30:17Z", "size": 7242, "stargazers_count": 15, "watchers_count": 15, "language": "PHP", "has_issues": true, "has_projects": true, "has_downloads": true, "has_wiki": true, "has_pages": false, "has_discussions": false, "forks_count": 9, "mirror_url": null, "archived": false, "disabled": false, "open_issues_count": 1, "license": {"key": "other", "name": "Other", "spdx_id": "NOASSERTION", "url": null, "node_id": "MDc6TGljZW5zZTA="}, "allow_forking": true, "is_template": false, "web_commit_signoff_required": false, "topics": [], "default_branch": "master", "permissions": {"admin": false, "maintain": false, "push": false, "triage": false, "pull": true}, "_id": 2229696}, {"owner": {"type": "User", "site_admin": false}, "fork": false, "created_at": "2011-08-18T18:54:35Z", "updated_at": "2021-12-29T02:03:02Z", "pushed_at": "2016-11-30T02:31:23Z", "size": 701, "stargazers_count": 53, "watchers_count": 53, "language": "C", "has_issues": true, "has_projects": true, "has_downloads": true, "has_wiki": true, "has_pages": false, "has_discussions": false, "forks_count": 21, "mirror_url": null, "archived": false, "disabled": false, "open_issues_count": 0, "license": {"key": "gpl-3.0", "name": "GNU General Public License v3.0", "spdx_id": "GPL-3.0", "url": "https://api.github.com/licenses/gpl-3.0", "node_id": "MDc6TGljZW5zZTk="}, "allow_forking": true, "is_template": false, "web_commit_signoff_required": false, "topics": [], "default_branch": "master", "permissions": {"admin": false, "maintain": false, "push": false, "triage": false, "pull": true}, "_id": 2229712}, {"owner": {"type": "User", "site_admin": false}, "fork": false, "created_at": "2011-08-18T18:55:09Z", "updated_at": "2021-06-24T22:50:01Z", "pushed_at": "2015-09-17T13:16:19Z", "size": 321, "stargazers_count": 19, "watchers_count": 19, "language": "Objective-C", "has_issues": false, "has_projects": false, "has_downloads": true, "has_wiki": true, "has_pages": true, "has_discussions": false, "forks_count": 4, "mirror_url": null, "archived": true, "disabled": false, "open_issues_count": 0, "license": null, "allow_forking": true, "is_template": false, "web_commit_signoff_required": false, "topics": [], "default_branch": "master", "permissions": {"admin": false, "maintain": false, "push": false, "triage": false, "pull": true}, "_id": 2229714}, {"owner": {"type": "User", "site_admin": false}, "fork": false, "created_at": "2011-08-18T19:17:43Z", "updated_at": "2022-07-08T19:53:33Z", "pushed_at": "2018-05-02T18:11:12Z", "size": 3596, "stargazers_count": 182, "watchers_count": 182, "language": "Lua", "has_issues": true, "has_projects": true, "has_downloads": true, "has_wiki": true, "has_pages": false, "has_discussions": false, "forks_count": 30, "mirror_url": null, "archived": false, "disabled": false, "open_issues_count": 10, "license": null, "allow_forking": true, "is_template": false, "web_commit_signoff_required": false, "topics": [], "default_branch": "master", "permissions": {"admin": false, "maintain": false, "push": false, "triage": false, "pull": true}, "_id": 2229838}, {"owner": {"type": "Organization", "site_admin": false}, "fork": false, "created_at": "2011-08-18T19:48:21Z", "updated_at": "2022-11-15T14:13:56Z", "pushed_at": "2022-11-23T11:04:23Z", "size": 43821, "stargazers_count": 318, "watchers_count": 318, "language": "JavaScript", "has_issues": true, "has_projects": false, "has_downloads": true, "has_wiki": true, "has_pages": false, "has_discussions": false, "forks_count": 97, "mirror_url": null, "archived": false, "disabled": false, "open_issues_count": 115, "license": {"key": "other", "name": "Other", "spdx_id": "NOASSERTION", "url": null, "node_id": "MDc6TGljZW5zZTA="}, "allow_forking": true, "is_template": false, "web_commit_signoff_required": false, "topics": [], "default_branch": "master", "permissions": {"admin": false, "maintain": false, "push": false, "triage": false, "pull": true}, "_id": 2230011}, {"owner": {"type": "Organization", "site_admin": false}, "fork": false, "created_at": "2011-08-18T19:50:14Z", "updated_at": "2022-10-04T05:27:31Z", "pushed_at": "2022-07-29T16:58:53Z", "size": 719, "stargazers_count": 83, "watchers_count": 83, "language": "Ruby", "has_issues": true, "has_projects": true, "has_downloads": true, "has_wiki": true, "has_pages": true, "has_discussions": false, "forks_count": 87, "mirror_url": null, "archived": false, "disabled": false, "open_issues_count": 7, "license": {"key": "mit", "name": "MIT License", "spdx_id": "MIT", "url": "https://api.github.com/licenses/mit", "node_id": "MDc6TGljZW5zZTEz"}, "allow_forking": true, "is_template": false, "web_commit_signoff_required": false, "topics": [], "default_branch": "master", "permissions": {"admin": false, "maintain": false, "push": false, "triage": false, "pull": true}, "_id": 2230026}, {"owner": {"type": "User", "site_admin": false}, "fork": false, "created_at": "2011-08-18T19:51:14Z", "updated_at": "2022-11-20T15:20:06Z", "pushed_at": "2021-11-30T10:07:44Z", "size": 244, "stargazers_count": 415, "watchers_count": 415, "language": "PHP", "has_issues": true, "has_projects": true, "has_downloads": true, "has_wiki": true, "has_pages": false, "has_discussions": false, "forks_count": 113, "mirror_url": null, "archived": true, "disabled": false, "open_issues_count": 14, "license": {"key": "other", "name": "Other", "spdx_id": "NOASSERTION", "url": null, "node_id": "MDc6TGljZW5zZTA="}, "allow_forking": true, "is_template": false, "web_commit_signoff_required": false, "topics": [], "default_branch": "master", "permissions": {"admin": false, "maintain": false, "push": false, "triage": false, "pull": true}, "_id": 2230036}, {"owner": {"type": "Organization", "site_admin": false}, "fork": false, "created_at": "2011-08-18T20:10:53Z", "updated_at": "2022-08-02T05:45:27Z", "pushed_at": "2020-02-23T00:12:26Z", "size": 37, "stargazers_count": 71, "watchers_count": 71, "language": "PHP", "has_issues": true, "has_projects": true, "has_downloads": true, "has_wiki": true, "has_pages": false, "has_discussions": false, "forks_count": 29, "mirror_url": null, "archived": false, "disabled": false, "open_issues_count": 15, "license": null, "allow_forking": true, "is_template": false, "web_commit_signoff_required": false, "topics": [], "default_branch": "master", "permissions": {"admin": false, "maintain": false, "push": false, "triage": false, "pull": true}, "_id": 2230128}, {"owner": {"type": "User", "site_admin": false}, "fork": false, "created_at": "2011-08-18T20:21:02Z", "updated_at": "2022-04-19T19:00:04Z", "pushed_at": "2022-07-21T22:19:27Z", "size": 142983, "stargazers_count": 22, "watchers_count": 22, "language": "Ruby", "has_issues": true, "has_projects": true, "has_downloads": true, "has_wiki": true, "has_pages": false, "has_discussions": false, "forks_count": 22, "mirror_url": null, "archived": false, "disabled": false, "open_issues_count": 5, "license": {"key": "other", "name": "Other", "spdx_id": "NOASSERTION", "url": null, "node_id": "MDc6TGljZW5zZTA="}, "allow_forking": true, "is_template": false, "web_commit_signoff_required": false, "topics": [], "default_branch": "master", "permissions": {"admin": false, "maintain": false, "push": false, "triage": false, "pull": true}, "_id": 2230182}, {"owner": {"type": "Organization", "site_admin": false}, "fork": false, "created_at": "2011-08-18T20:26:35Z", "updated_at": "2020-08-17T14:48:30Z", "pushed_at": "2015-03-26T15:45:40Z", "size": 1795, "stargazers_count": 22, "watchers_count": 22, "language": "PHP", "has_issues": false, "has_projects": true, "has_downloads": true, "has_wiki": false, "has_pages": false, "has_discussions": false, "forks_count": 9, "mirror_url": null, "archived": false, "disabled": false, "open_issues_count": 0, "license": {"key": "mit", "name": "MIT License", "spdx_id": "MIT", "url": "https://api.github.com/licenses/mit", "node_id": "MDc6TGljZW5zZTEz"}, "allow_forking": true, "is_template": false, "web_commit_signoff_required": false, "topics": [], "default_branch": "master", "permissions": {"admin": false, "maintain": false, "push": false, "triage": false, "pull": true}, "_id": 2230204}, {"owner": {"type": "Organization", "site_admin": false}, "fork": false, "created_at": "2011-08-18T20:28:46Z", "updated_at": "2022-07-31T20:26:49Z", "pushed_at": "2018-06-15T17:00:33Z", "size": 39743, "stargazers_count": 18, "watchers_count": 18, "language": "C++", "has_issues": true, "has_projects": true, "has_downloads": true, "has_wiki": true, "has_pages": false, "has_discussions": false, "forks_count": 2, "mirror_url": null, "archived": false, "disabled": false, "open_issues_count": 30, "license": {"key": "zlib", "name": "zlib License", "spdx_id": "Zlib", "url": "https://api.github.com/licenses/zlib", "node_id": "MDc6TGljZW5zZTI3"}, "allow_forking": true, "is_template": false, "web_commit_signoff_required": false, "topics": ["game-engine"], "default_branch": "dev", "permissions": {"admin": false, "maintain": false, "push": false, "triage": false, "pull": true}, "_id": 2230216}, {"owner": {"type": "User", "site_admin": false}, "fork": false, "created_at": "2011-08-18T20:33:01Z", "updated_at": "2021-12-23T04:45:56Z", "pushed_at": "2011-08-29T19:04:21Z", "size": 113, "stargazers_count": 32, "watchers_count": 32, "language": "C++", "has_issues": true, "has_projects": true, "has_downloads": true, "has_wiki": true, "has_pages": false, "has_discussions": false, "forks_count": 19, "mirror_url": null, "archived": false, "disabled": false, "open_issues_count": 3, "license": null, "allow_forking": true, "is_template": false, "web_commit_signoff_required": false, "topics": [], "default_branch": "master", "permissions": {"admin": false, "maintain": false, "push": false, "triage": false, "pull": true}, "_id": 2230231}, {"owner": {"type": "Organization", "site_admin": false}, "fork": false, "created_at": "2011-08-18T20:42:34Z", "updated_at": "2022-09-08T19:26:22Z", "pushed_at": "2018-01-29T12:56:10Z", "size": 50, "stargazers_count": 50, "watchers_count": 50, "language": "PHP", "has_issues": true, "has_projects": true, "has_downloads": true, "has_wiki": false, "has_pages": false, "has_discussions": false, "forks_count": 29, "mirror_url": null, "archived": false, "disabled": false, "open_issues_count": 6, "license": null, "allow_forking": true, "is_template": false, "web_commit_signoff_required": false, "topics": [], "default_branch": "master", "permissions": {"admin": false, "maintain": false, "push": false, "triage": false, "pull": true}, "_id": 2230285}, {"owner": {"type": "User", "site_admin": false}, "fork": false, "created_at": "2011-08-18T20:52:47Z", "updated_at": "2022-10-30T22:25:08Z", "pushed_at": "2020-02-29T18:43:58Z", "size": 17615, "stargazers_count": 59, "watchers_count": 59, "language": "Vim script", "has_issues": true, "has_projects": true, "has_downloads": true, "has_wiki": true, "has_pages": false, "has_discussions": false, "forks_count": 16, "mirror_url": null, "archived": false, "disabled": false, "open_issues_count": 1, "license": {"key": "mit", "name": "MIT License", "spdx_id": "MIT", "url": "https://api.github.com/licenses/mit", "node_id": "MDc6TGljZW5zZTEz"}, "allow_forking": true, "is_template": false, "web_commit_signoff_required": false, "topics": [], "default_branch": "master", "permissions": {"admin": false, "maintain": false, "push": false, "triage": false, "pull": true}, "_id": 2230343}, {"owner": {"type": "Organization", "site_admin": false}, "fork": false, "created_at": "2011-08-18T21:31:24Z", "updated_at": "2019-08-13T14:49:01Z", "pushed_at": "2012-08-25T11:50:39Z", "size": 1659, "stargazers_count": 22, "watchers_count": 22, "language": "JavaScript", "has_issues": true, "has_projects": true, "has_downloads": true, "has_wiki": true, "has_pages": false, "has_discussions": false, "forks_count": 13, "mirror_url": null, "archived": false, "disabled": false, "open_issues_count": 5, "license": null, "allow_forking": true, "is_template": false, "web_commit_signoff_required": false, "topics": [], "default_branch": "2.0", "permissions": {"admin": false, "maintain": false, "push": false, "triage": false, "pull": true}, "_id": 2230559}, {"owner": {"type": "Organization", "site_admin": false}, "fork": false, "created_at": "2011-08-18T21:35:29Z", "updated_at": "2022-09-05T13:11:06Z", "pushed_at": "2013-05-06T03:47:19Z", "size": 308, "stargazers_count": 45, "watchers_count": 45, "language": "Scheme", "has_issues": true, "has_projects": true, "has_downloads": true, "has_wiki": false, "has_pages": false, "has_discussions": false, "forks_count": 13, "mirror_url": null, "archived": false, "disabled": false, "open_issues_count": 0, "license": {"key": "mit", "name": "MIT License", "spdx_id": "MIT", "url": "https://api.github.com/licenses/mit", "node_id": "MDc6TGljZW5zZTEz"}, "allow_forking": true, "is_template": false, "web_commit_signoff_required": false, "topics": [], "default_branch": "master", "permissions": {"admin": false, "maintain": false, "push": false, "triage": false, "pull": true}, "_id": 2230583}, {"owner": {"type": "Organization", "site_admin": false}, "fork": false, "created_at": "2011-08-18T21:38:14Z", "updated_at": "2021-06-03T18:47:26Z", "pushed_at": "2017-04-04T13:08:23Z", "size": 514, "stargazers_count": 52, "watchers_count": 52, "language": "Ruby", "has_issues": true, "has_projects": true, "has_downloads": true, "has_wiki": false, "has_pages": false, "has_discussions": false, "forks_count": 30, "mirror_url": null, "archived": true, "disabled": false, "open_issues_count": 1, "license": {"key": "mit", "name": "MIT License", "spdx_id": "MIT", "url": "https://api.github.com/licenses/mit", "node_id": "MDc6TGljZW5zZTEz"}, "allow_forking": true, "is_template": false, "web_commit_signoff_required": false, "topics": [], "default_branch": "master", "permissions": {"admin": false, "maintain": false, "push": false, "triage": false, "pull": true}, "_id": 2230599}, {"owner": {"type": "User", "site_admin": false}, "fork": false, "created_at": "2011-08-18T22:22:03Z", "updated_at": "2022-04-11T23:54:55Z", "pushed_at": "2017-11-06T19:59:49Z", "size": 256, "stargazers_count": 17, "watchers_count": 17, "language": "Ruby", "has_issues": true, "has_projects": true, "has_downloads": true, "has_wiki": true, "has_pages": false, "has_discussions": false, "forks_count": 7, "mirror_url": null, "archived": false, "disabled": false, "open_issues_count": 1, "license": null, "allow_forking": true, "is_template": false, "web_commit_signoff_required": false, "topics": [], "default_branch": "master", "permissions": {"admin": false, "maintain": false, "push": false, "triage": false, "pull": true}, "_id": 2230775}, {"owner": {"type": "User", "site_admin": false}, "fork": false, "created_at": "2011-08-18T22:25:53Z", "updated_at": "2020-08-08T17:23:01Z", "pushed_at": "2013-03-25T15:39:14Z", "size": 793, "stargazers_count": 15, "watchers_count": 15, "language": "JavaScript", "has_issues": true, "has_projects": true, "has_downloads": true, "has_wiki": true, "has_pages": true, "has_discussions": false, "forks_count": 3, "mirror_url": null, "archived": false, "disabled": false, "open_issues_count": 1, "license": null, "allow_forking": true, "is_template": false, "web_commit_signoff_required": false, "topics": [], "default_branch": "master", "permissions": {"admin": false, "maintain": false, "push": false, "triage": false, "pull": true}, "_id": 2230786}, {"owner": {"type": "User", "site_admin": false}, "fork": false, "created_at": "2011-08-18T22:28:59Z", "updated_at": "2022-11-23T04:10:24Z", "pushed_at": "2022-03-26T04:12:16Z", "size": 120902, "stargazers_count": 1737, "watchers_count": 1737, "language": "C++", "has_issues": true, "has_projects": true, "has_downloads": true, "has_wiki": true, "has_pages": false, "has_discussions": false, "forks_count": 431, "mirror_url": null, "archived": false, "disabled": false, "open_issues_count": 91, "license": {"key": "other", "name": "Other", "spdx_id": "NOASSERTION", "url": null, "node_id": "MDc6TGljZW5zZTA="}, "allow_forking": true, "is_template": false, "web_commit_signoff_required": false, "topics": [], "default_branch": "master", "permissions": {"admin": false, "maintain": false, "push": false, "triage": false, "pull": true}, "_id": 2230794}, {"owner": {"type": "User", "site_admin": false}, "fork": false, "created_at": "2011-08-18T22:31:33Z", "updated_at": "2022-09-01T07:58:38Z", "pushed_at": "2020-11-18T14:01:03Z", "size": 121, "stargazers_count": 75, "watchers_count": 75, "language": "Python", "has_issues": true, "has_projects": true, "has_downloads": true, "has_wiki": true, "has_pages": false, "has_discussions": false, "forks_count": 50, "mirror_url": null, "archived": false, "disabled": false, "open_issues_count": 8, "license": null, "allow_forking": true, "is_template": false, "web_commit_signoff_required": false, "topics": [], "default_branch": "master", "permissions": {"admin": false, "maintain": false, "push": false, "triage": false, "pull": true}, "_id": 2230805}, {"owner": {"type": "Organization", "site_admin": false}, "fork": false, "created_at": "2011-08-18T22:46:54Z", "updated_at": "2018-11-15T15:31:20Z", "pushed_at": "2017-08-04T13:01:00Z", "size": 129, "stargazers_count": 16, "watchers_count": 16, "language": "JavaScript", "has_issues": true, "has_projects": true, "has_downloads": true, "has_wiki": true, "has_pages": false, "has_discussions": false, "forks_count": 11, "mirror_url": null, "archived": false, "disabled": false, "open_issues_count": 3, "license": null, "allow_forking": true, "is_template": false, "web_commit_signoff_required": false, "topics": [], "default_branch": "master", "permissions": {"admin": false, "maintain": false, "push": false, "triage": false, "pull": true}, "_id": 2230869}, {"owner": {"type": "Organization", "site_admin": false}, "fork": false, "created_at": "2011-08-18T22:48:33Z", "updated_at": "2022-10-19T08:21:55Z", "pushed_at": "2019-03-24T23:47:58Z", "size": 657, "stargazers_count": 37, "watchers_count": 37, "language": "Ruby", "has_issues": true, "has_projects": true, "has_downloads": true, "has_wiki": false, "has_pages": false, "has_discussions": false, "forks_count": 25, "mirror_url": null, "archived": false, "disabled": false, "open_issues_count": 18, "license": {"key": "bsd-3-clause", "name": "BSD 3-Clause \"New\" or \"Revised\" License", "spdx_id": "BSD-3-Clause", "url": "https://api.github.com/licenses/bsd-3-clause", "node_id": "MDc6TGljZW5zZTU="}, "allow_forking": true, "is_template": false, "web_commit_signoff_required": false, "topics": [], "default_branch": "master", "permissions": {"admin": false, "maintain": false, "push": false, "triage": false, "pull": true}, "_id": 2230880}, {"owner": {"type": "Organization", "site_admin": false}, "fork": false, "created_at": "2011-08-18T22:50:20Z", "updated_at": "2021-04-12T19:04:14Z", "pushed_at": "2015-12-02T11:52:14Z", "size": 259, "stargazers_count": 37, "watchers_count": 37, "language": "PHP", "has_issues": true, "has_projects": true, "has_downloads": true, "has_wiki": true, "has_pages": false, "has_discussions": false, "forks_count": 16, "mirror_url": null, "archived": false, "disabled": false, "open_issues_count": 18, "license": {"key": "bsd-3-clause", "name": "BSD 3-Clause \"New\" or \"Revised\" License", "spdx_id": "BSD-3-Clause", "url": "https://api.github.com/licenses/bsd-3-clause", "node_id": "MDc6TGljZW5zZTU="}, "allow_forking": true, "is_template": false, "web_commit_signoff_required": false, "topics": [], "default_branch": "master", "permissions": {"admin": false, "maintain": false, "push": false, "triage": false, "pull": true}, "_id": 2230889}, {"owner": {"type": "Organization", "site_admin": false}, "fork": false, "created_at": "2011-08-18T22:53:00Z", "updated_at": "2019-10-15T12:15:11Z", "pushed_at": "2012-09-24T18:58:12Z", "size": 128, "stargazers_count": 15, "watchers_count": 15, "language": "JavaScript", "has_issues": true, "has_projects": true, "has_downloads": true, "has_wiki": true, "has_pages": false, "has_discussions": false, "forks_count": 4, "mirror_url": null, "archived": false, "disabled": false, "open_issues_count": 2, "license": null, "allow_forking": true, "is_template": false, "web_commit_signoff_required": false, "topics": [], "default_branch": "master", "permissions": {"admin": false, "maintain": false, "push": false, "triage": false, "pull": true}, "_id": 2230902}, {"owner": {"type": "Organization", "site_admin": false}, "fork": false, "created_at": "2011-08-18T22:53:11Z", "updated_at": "2020-05-07T01:37:57Z", "pushed_at": "2015-02-19T10:31:15Z", "size": 191, "stargazers_count": 35, "watchers_count": 35, "language": "PHP", "has_issues": true, "has_projects": true, "has_downloads": true, "has_wiki": true, "has_pages": false, "has_discussions": false, "forks_count": 17, "mirror_url": null, "archived": false, "disabled": false, "open_issues_count": 13, "license": null, "allow_forking": true, "is_template": false, "web_commit_signoff_required": false, "topics": [], "default_branch": "master", "permissions": {"admin": false, "maintain": false, "push": false, "triage": false, "pull": true}, "_id": 2230903}, {"owner": {"type": "User", "site_admin": false}, "fork": false, "created_at": "2011-08-18T22:58:22Z", "updated_at": "2021-03-30T18:20:30Z", "pushed_at": "2012-08-28T11:20:04Z", "size": 252, "stargazers_count": 39, "watchers_count": 39, "language": "Clojure", "has_issues": true, "has_projects": true, "has_downloads": true, "has_wiki": true, "has_pages": true, "has_discussions": false, "forks_count": 6, "mirror_url": null, "archived": false, "disabled": false, "open_issues_count": 0, "license": {"key": "other", "name": "Other", "spdx_id": "NOASSERTION", "url": null, "node_id": "MDc6TGljZW5zZTA="}, "allow_forking": true, "is_template": false, "web_commit_signoff_required": false, "topics": [], "default_branch": "master", "permissions": {"admin": false, "maintain": false, "push": false, "triage": false, "pull": true}, "_id": 2230920}, {"owner": {"type": "Organization", "site_admin": false}, "fork": false, "created_at": "2011-08-18T23:01:06Z", "updated_at": "2022-08-02T05:45:23Z", "pushed_at": "2015-12-08T11:14:36Z", "size": 81, "stargazers_count": 155, "watchers_count": 155, "language": "PHP", "has_issues": true, "has_projects": true, "has_downloads": true, "has_wiki": true, "has_pages": false, "has_discussions": false, "forks_count": 66, "mirror_url": null, "archived": false, "disabled": false, "open_issues_count": 6, "license": null, "allow_forking": true, "is_template": false, "web_commit_signoff_required": false, "topics": [], "default_branch": "master", "permissions": {"admin": false, "maintain": false, "push": false, "triage": false, "pull": true}, "_id": 2230932}, {"owner": {"type": "Organization", "site_admin": false}, "fork": false, "created_at": "2011-08-18T23:02:34Z", "updated_at": "2017-08-30T11:11:41Z", "pushed_at": "2014-09-02T09:43:10Z", "size": 167, "stargazers_count": 19, "watchers_count": 19, "language": "PHP", "has_issues": true, "has_projects": true, "has_downloads": true, "has_wiki": true, "has_pages": false, "has_discussions": false, "forks_count": 4, "mirror_url": null, "archived": false, "disabled": false, "open_issues_count": 2, "license": null, "allow_forking": true, "is_template": false, "web_commit_signoff_required": false, "topics": [], "default_branch": "master", "permissions": {"admin": false, "maintain": false, "push": false, "triage": false, "pull": true}, "_id": 2230940}, {"owner": {"type": "Organization", "site_admin": false}, "fork": false, "created_at": "2011-08-18T23:03:15Z", "updated_at": "2022-07-23T11:43:15Z", "pushed_at": "2015-10-14T12:28:34Z", "size": 233, "stargazers_count": 24, "watchers_count": 24, "language": "PHP", "has_issues": true, "has_projects": true, "has_downloads": true, "has_wiki": true, "has_pages": false, "has_discussions": false, "forks_count": 15, "mirror_url": null, "archived": false, "disabled": false, "open_issues_count": 7, "license": null, "allow_forking": true, "is_template": false, "web_commit_signoff_required": false, "topics": [], "default_branch": "master", "permissions": {"admin": false, "maintain": false, "push": false, "triage": false, "pull": true}, "_id": 2230944}, {"owner": {"type": "Organization", "site_admin": false}, "fork": false, "created_at": "2011-08-18T23:06:56Z", "updated_at": "2021-03-11T04:04:02Z", "pushed_at": "2017-03-27T23:41:54Z", "size": 53, "stargazers_count": 46, "watchers_count": 46, "language": "Python", "has_issues": true, "has_projects": true, "has_downloads": true, "has_wiki": false, "has_pages": false, "has_discussions": false, "forks_count": 9, "mirror_url": null, "archived": false, "disabled": false, "open_issues_count": 0, "license": null, "allow_forking": true, "is_template": false, "web_commit_signoff_required": false, "topics": [], "default_branch": "master", "permissions": {"admin": false, "maintain": false, "push": false, "triage": false, "pull": true}, "_id": 2230955}, {"owner": {"type": "User", "site_admin": false}, "fork": false, "created_at": "2011-08-18T23:16:33Z", "updated_at": "2019-03-04T06:59:30Z", "pushed_at": "2012-02-22T09:50:27Z", "size": 238974, "stargazers_count": 15, "watchers_count": 15, "language": "Java", "has_issues": true, "has_projects": true, "has_downloads": true, "has_wiki": true, "has_pages": false, "has_discussions": false, "forks_count": 11, "mirror_url": null, "archived": false, "disabled": false, "open_issues_count": 0, "license": {"key": "other", "name": "Other", "spdx_id": "NOASSERTION", "url": null, "node_id": "MDc6TGljZW5zZTA="}, "allow_forking": true, "is_template": false, "web_commit_signoff_required": false, "topics": [], "default_branch": "gingerbread-b2g", "permissions": {"admin": false, "maintain": false, "push": false, "triage": false, "pull": true}, "_id": 2230984}]