[{"owner": {"type": "User", "site_admin": false}, "fork": false, "created_at": "2012-01-01T00:31:50Z", "updated_at": "2022-11-23T16:47:21Z", "pushed_at": "2012-01-01T00:37:02Z", "size": 496, "stargazers_count": 6, "watchers_count": 6, "language": "Assembly", "has_issues": true, "has_projects": true, "has_downloads": true, "has_wiki": true, "has_pages": false, "has_discussions": false, "forks_count": 2, "mirror_url": null, "archived": false, "disabled": false, "open_issues_count": 0, "license": null, "allow_forking": true, "is_template": false, "web_commit_signoff_required": false, "topics": [], "default_branch": "master", "permissions": {"admin": false, "maintain": false, "push": false, "triage": false, "pull": true}, "_id": 3081286}, {"owner": {"type": "User", "site_admin": false}, "fork": false, "created_at": "2012-01-01T00:55:17Z", "updated_at": "2016-07-15T08:41:00Z", "pushed_at": "2012-07-08T00:16:54Z", "size": 103, "stargazers_count": 6, "watchers_count": 6, "language": "VimL", "has_issues": true, "has_projects": true, "has_downloads": true, "has_wiki": true, "has_pages": false, "has_discussions": false, "forks_count": 0, "mirror_url": null, "archived": false, "disabled": false, "open_issues_count": 0, "license": null, "allow_forking": true, "is_template": false, "web_commit_signoff_required": false, "topics": [], "default_branch": "master", "permissions": {"admin": false, "maintain": false, "push": false, "triage": false, "pull": true}, "_id": 3081341}, {"owner": {"type": "User", "site_admin": false}, "fork": false, "created_at": "2012-01-01T01:48:50Z", "updated_at": "2013-04-10T22:51:40Z", "pushed_at": "2012-05-11T02:51:38Z", "size": 116, "stargazers_count": 6, "watchers_count": 6, "language": "JavaScript", "has_issues": true, "has_projects": true, "has_downloads": true, "has_wiki": true, "has_pages": false, "has_discussions": false, "forks_count": 2, "mirror_url": null, "archived": false, "disabled": false, "open_issues_count": 3, "license": null, "allow_forking": true, "is_template": false, "web_commit_signoff_required": false, "topics": [], "default_branch": "master", "permissions": {"admin": false, "maintain": false, "push": false, "triage": false, "pull": true}, "_id": 3081451}, {"owner": {"type": "User", "site_admin": false}, "fork": false, "created_at": "2012-01-01T02:21:48Z", "updated_at": "2021-05-10T18:13:46Z", "pushed_at": "2021-04-25T02:43:27Z", "size": 89, "stargazers_count": 8, "watchers_count": 8, "language": "C++", "has_issues": true, "has_projects": true, "has_downloads": true, "has_wiki": true, "has_pages": false, "has_discussions": false, "forks_count": 3, "mirror_url": null, "archived": false, "disabled": false, "open_issues_count": 0, "license": null, "allow_forking": true, "is_template": false, "web_commit_signoff_required": false, "topics": [], "default_branch": "master", "permissions": {"admin": false, "maintain": false, "push": false, "triage": false, "pull": true}, "_id": 3081507}, {"owner": {"type": "Organization", "site_admin": false}, "fork": false, "created_at": "2012-01-01T02:29:07Z", "updated_at": "2019-10-07T02:55:04Z", "pushed_at": "2016-11-07T00:58:55Z", "size": 162, "stargazers_count": 8, "watchers_count": 8, "language": "C#", "has_issues": true, "has_projects": true, "has_downloads": true, "has_wiki": true, "has_pages": false, "has_discussions": false, "forks_count": 6, "mirror_url": null, "archived": false, "disabled": false, "open_issues_count": 0, "license": {"key": "other", "name": "Other", "spdx_id": "NOASSERTION", "url": null, "node_id": "MDc6TGljZW5zZTA="}, "allow_forking": true, "is_template": false, "web_commit_signoff_required": false, "topics": [], "default_branch": "master", "permissions": {"admin": false, "maintain": false, "push": false, "triage": false, "pull": true}, "_id": 3081522}, {"owner": {"type": "Organization", "site_admin": false}, "fork": false, "created_at": "2012-01-01T02:30:34Z", "updated_at": "2022-11-15T18:37:42Z", "pushed_at": "2022-11-18T20:52:51Z", "size": 32464, "stargazers_count": 82, "watchers_count": 82, "language": "Perl", "has_issues": true, "has_projects": false, "has_downloads": true, "has_wiki": true, "has_pages": false, "has_discussions": false, "forks_count": 75, "mirror_url": null, "archived": false, "disabled": false, "open_issues_count": 48, "license": null, "allow_forking": true, "is_template": false, "web_commit_signoff_required": false, "topics": ["dfhack", "dwarf-fortress"], "default_branch": "master", "permissions": {"admin": false, "maintain": false, "push": false, "triage": false, "pull": true}, "_id": 3081527}, {"owner": {"type": "Organization", "site_admin": false}, "fork": false, "created_at": "2012-01-01T02:35:47Z", "updated_at": "2022-09-01T06:35:51Z", "pushed_at": "2014-09-25T02:28:45Z", "size": 3916, "stargazers_count": 167, "watchers_count": 167, "language": "Objective-C", "has_issues": true, "has_projects": true, "has_downloads": true, "has_wiki": true, "has_pages": false, "has_discussions": false, "forks_count": 43, "mirror_url": null, "archived": false, "disabled": false, "open_issues_count": 19, "license": {"key": "other", "name": "Other", "spdx_id": "NOASSERTION", "url": null, "node_id": "MDc6TGljZW5zZTA="}, "allow_forking": true, "is_template": false, "web_commit_signoff_required": false, "topics": [], "default_branch": "master", "permissions": {"admin": false, "maintain": false, "push": false, "triage": false, "pull": true}, "_id": 3081532}, {"owner": {"type": "User", "site_admin": false}, "fork": false, "created_at": "2012-01-01T02:47:21Z", "updated_at": "2021-11-15T11:29:17Z", "pushed_at": "2015-11-05T21:28:26Z", "size": 532, "stargazers_count": 19, "watchers_count": 19, "language": "Python", "has_issues": true, "has_projects": true, "has_downloads": true, "has_wiki": true, "has_pages": false, "has_discussions": false, "forks_count": 5, "mirror_url": null, "archived": false, "disabled": false, "open_issues_count": 9, "license": {"key": "other", "name": "Other", "spdx_id": "NOASSERTION", "url": null, "node_id": "MDc6TGljZW5zZTA="}, "allow_forking": true, "is_template": false, "web_commit_signoff_required": false, "topics": [], "default_branch": "master", "permissions": {"admin": false, "maintain": false, "push": false, "triage": false, "pull": true}, "_id": 3081559}, {"owner": {"type": "User", "site_admin": false}, "fork": false, "created_at": "2012-01-01T03:38:52Z", "updated_at": "2021-11-16T15:55:30Z", "pushed_at": "2012-01-07T01:12:25Z", "size": 803, "stargazers_count": 15, "watchers_count": 15, "language": "Java", "has_issues": true, "has_projects": true, "has_downloads": true, "has_wiki": true, "has_pages": false, "has_discussions": false, "forks_count": 7, "mirror_url": null, "archived": false, "disabled": false, "open_issues_count": 0, "license": {"key": "gpl-3.0", "name": "GNU General Public License v3.0", "spdx_id": "GPL-3.0", "url": "https://api.github.com/licenses/gpl-3.0", "node_id": "MDc6TGljZW5zZTk="}, "allow_forking": true, "is_template": false, "web_commit_signoff_required": false, "topics": [], "default_branch": "master", "permissions": {"admin": false, "maintain": false, "push": false, "triage": false, "pull": true}, "_id": 3081638}, {"owner": {"type": "User", "site_admin": false}, "fork": false, "created_at": "2012-01-01T03:45:49Z", "updated_at": "2020-04-23T17:23:06Z", "pushed_at": "2012-04-11T02:01:40Z", "size": 96, "stargazers_count": 12, "watchers_count": 12, "language": "Ruby", "has_issues": true, "has_projects": true, "has_downloads": true, "has_wiki": true, "has_pages": false, "has_discussions": false, "forks_count": 1, "mirror_url": null, "archived": false, "disabled": false, "open_issues_count": 0, "license": null, "allow_forking": true, "is_template": false, "web_commit_signoff_required": false, "topics": [], "default_branch": "master", "permissions": {"admin": false, "maintain": false, "push": false, "triage": false, "pull": true}, "_id": 3081646}, {"owner": {"type": "Organization", "site_admin": false}, "fork": false, "created_at": "2012-01-01T03:52:42Z", "updated_at": "2019-06-22T09:44:09Z", "pushed_at": "2012-04-03T06:03:54Z", "size": 114, "stargazers_count": 10, "watchers_count": 10, "language": "PHP", "has_issues": true, "has_projects": true, "has_downloads": true, "has_wiki": true, "has_pages": false, "has_discussions": false, "forks_count": 4, "mirror_url": null, "archived": false, "disabled": false, "open_issues_count": 0, "license": null, "allow_forking": true, "is_template": false, "web_commit_signoff_required": false, "topics": [], "default_branch": "3.2/master", "permissions": {"admin": false, "maintain": false, "push": false, "triage": false, "pull": true}, "_id": 3081663}, {"owner": {"type": "User", "site_admin": false}, "fork": false, "created_at": "2012-01-01T04:10:32Z", "updated_at": "2022-01-25T02:51:18Z", "pushed_at": "2018-11-06T00:07:48Z", "size": 87, "stargazers_count": 23, "watchers_count": 23, "language": "PHP", "has_issues": true, "has_projects": true, "has_downloads": true, "has_wiki": true, "has_pages": false, "has_discussions": false, "forks_count": 9, "mirror_url": null, "archived": false, "disabled": false, "open_issues_count": 0, "license": null, "allow_forking": true, "is_template": false, "web_commit_signoff_required": false, "topics": [], "default_branch": "master", "permissions": {"admin": false, "maintain": false, "push": false, "triage": false, "pull": true}, "_id": 3081686}, {"owner": {"type": "User", "site_admin": false}, "fork": false, "created_at": "2012-01-01T04:13:17Z", "updated_at": "2016-06-27T16:42:52Z", "pushed_at": "2012-01-01T04:16:21Z", "size": 3651, "stargazers_count": 10, "watchers_count": 10, "language": "Objective-C", "has_issues": true, "has_projects": true, "has_downloads": true, "has_wiki": true, "has_pages": false, "has_discussions": false, "forks_count": 4, "mirror_url": null, "archived": false, "disabled": false, "open_issues_count": 0, "license": {"key": "other", "name": "Other", "spdx_id": "NOASSERTION", "url": null, "node_id": "MDc6TGljZW5zZTA="}, "allow_forking": true, "is_template": false, "web_commit_signoff_required": false, "topics": [], "default_branch": "master", "permissions": {"admin": false, "maintain": false, "push": false, "triage": false, "pull": true}, "_id": 3081689}, {"owner": {"type": "User", "site_admin": false}, "fork": false, "created_at": "2012-01-01T04:49:29Z", "updated_at": "2020-02-01T22:13:20Z", "pushed_at": "2015-03-06T01:51:08Z", "size": 299, "stargazers_count": 6, "watchers_count": 6, "language": "Forth", "has_issues": true, "has_projects": true, "has_downloads": true, "has_wiki": true, "has_pages": true, "has_discussions": false, "forks_count": 2, "mirror_url": null, "archived": false, "disabled": false, "open_issues_count": 0, "license": null, "allow_forking": true, "is_template": false, "web_commit_signoff_required": false, "topics": ["forth", "ms-dos"], "default_branch": "master", "permissions": {"admin": false, "maintain": false, "push": false, "triage": false, "pull": true}, "_id": 3081751}, {"owner": {"type": "User", "site_admin": false}, "fork": false, "created_at": "2012-01-01T05:49:41Z", "updated_at": "2022-09-23T18:25:18Z", "pushed_at": "2012-03-27T02:51:07Z", "size": 5012, "stargazers_count": 6, "watchers_count": 6, "language": "Java", "has_issues": true, "has_projects": true, "has_downloads": true, "has_wiki": true, "has_pages": false, "has_discussions": false, "forks_count": 3, "mirror_url": null, "archived": false, "disabled": false, "open_issues_count": 0, "license": null, "allow_forking": true, "is_template": false, "web_commit_signoff_required": false, "topics": [], "default_branch": "master", "permissions": {"admin": false, "maintain": false, "push": false, "triage": false, "pull": true}, "_id": 3081871}, {"owner": {"type": "User", "site_admin": false}, "fork": false, "created_at": "2012-01-01T06:20:23Z", "updated_at": "2018-04-07T13:40:07Z", "pushed_at": "2012-01-14T16:27:28Z", "size": 102387, "stargazers_count": 6, "watchers_count": 6, "language": "C", "has_issues": true, "has_projects": true, "has_downloads": true, "has_wiki": true, "has_pages": false, "has_discussions": false, "forks_count": 3, "mirror_url": null, "archived": false, "disabled": false, "open_issues_count": 0, "license": {"key": "other", "name": "Other", "spdx_id": "NOASSERTION", "url": null, "node_id": "MDc6TGljZW5zZTA="}, "allow_forking": true, "is_template": false, "web_commit_signoff_required": false, "topics": [], "default_branch": "master", "permissions": {"admin": false, "maintain": false, "push": false, "triage": false, "pull": true}, "_id": 3081937}, {"owner": {"type": "User", "site_admin": true}, "fork": false, "created_at": "2012-01-01T07:06:42Z", "updated_at": "2018-10-13T23:43:46Z", "pushed_at": "2013-06-14T14:57:15Z", "size": 139, "stargazers_count": 21, "watchers_count": 21, "language": "Ruby", "has_issues": true, "has_projects": true, "has_downloads": true, "has_wiki": true, "has_pages": false, "has_discussions": false, "forks_count": 5, "mirror_url": null, "archived": false, "disabled": false, "open_issues_count": 2, "license": null, "allow_forking": true, "is_template": false, "web_commit_signoff_required": false, "topics": [], "default_branch": "master", "permissions": {"admin": false, "maintain": false, "push": false, "triage": false, "pull": true}, "_id": 3082007}, {"owner": {"type": "User", "site_admin": false}, "fork": false, "created_at": "2012-01-01T07:53:04Z", "updated_at": "2021-09-08T20:38:06Z", "pushed_at": "2021-09-08T20:38:01Z", "size": 862181, "stargazers_count": 15, "watchers_count": 15, "language": "HTML", "has_issues": true, "has_projects": true, "has_downloads": true, "has_wiki": true, "has_pages": false, "has_discussions": false, "forks_count": 1, "mirror_url": null, "archived": false, "disabled": false, "open_issues_count": 0, "license": null, "allow_forking": true, "is_template": false, "web_commit_signoff_required": false, "topics": [], "default_branch": "master", "permissions": {"admin": false, "maintain": false, "push": false, "triage": false, "pull": true}, "_id": 3082080}, {"owner": {"type": "User", "site_admin": false}, "fork": false, "created_at": "2012-01-01T08:57:48Z", "updated_at": "2018-02-08T21:43:15Z", "pushed_at": "2013-07-17T06:45:48Z", "size": 187, "stargazers_count": 6, "watchers_count": 6, "language": "PHP", "has_issues": true, "has_projects": true, "has_downloads": true, "has_wiki": true, "has_pages": false, "has_discussions": false, "forks_count": 5, "mirror_url": null, "archived": false, "disabled": false, "open_issues_count": 1, "license": null, "allow_forking": true, "is_template": false, "web_commit_signoff_required": false, "topics": [], "default_branch": "master", "permissions": {"admin": false, "maintain": false, "push": false, "triage": false, "pull": true}, "_id": 3082170}, {"owner": {"type": "User", "site_admin": false}, "fork": false, "created_at": "2012-01-01T09:14:51Z", "updated_at": "2018-03-30T12:13:59Z", "pushed_at": "2012-01-01T11:58:21Z", "size": 167, "stargazers_count": 6, "watchers_count": 6, "language": "Java", "has_issues": true, "has_projects": true, "has_downloads": true, "has_wiki": true, "has_pages": false, "has_discussions": false, "forks_count": 9, "mirror_url": null, "archived": false, "disabled": false, "open_issues_count": 0, "license": null, "allow_forking": true, "is_template": false, "web_commit_signoff_required": false, "topics": [], "default_branch": "master", "permissions": {"admin": false, "maintain": false, "push": false, "triage": false, "pull": true}, "_id": 3082195}, {"owner": {"type": "Organization", "site_admin": false}, "fork": false, "created_at": "2012-01-01T09:31:37Z", "updated_at": "2022-08-05T08:00:41Z", "pushed_at": "2014-11-27T23:03:05Z", "size": 28717, "stargazers_count": 19, "watchers_count": 19, "language": "C++", "has_issues": true, "has_projects": true, "has_downloads": true, "has_wiki": true, "has_pages": false, "has_discussions": false, "forks_count": 15, "mirror_url": null, "archived": false, "disabled": false, "open_issues_count": 2, "license": null, "allow_forking": true, "is_template": false, "web_commit_signoff_required": false, "topics": [], "default_branch": "kitkat", "permissions": {"admin": false, "maintain": false, "push": false, "triage": false, "pull": true}, "_id": 3082214}, {"owner": {"type": "User", "site_admin": false}, "fork": false, "created_at": "2012-01-01T09:35:00Z", "updated_at": "2022-10-29T12:43:42Z", "pushed_at": "2022-02-11T07:24:31Z", "size": 50, "stargazers_count": 68, "watchers_count": 68, "language": "JavaScript", "has_issues": true, "has_projects": true, "has_downloads": true, "has_wiki": true, "has_pages": false, "has_discussions": false, "forks_count": 15, "mirror_url": null, "archived": false, "disabled": false, "open_issues_count": 3, "license": {"key": "mit", "name": "MIT License", "spdx_id": "MIT", "url": "https://api.github.com/licenses/mit", "node_id": "MDc6TGljZW5zZTEz"}, "allow_forking": true, "is_template": false, "web_commit_signoff_required": false, "topics": [], "default_branch": "master", "permissions": {"admin": false, "maintain": false, "push": false, "triage": false, "pull": true}, "_id": 3082222}, {"owner": {"type": "User", "site_admin": false}, "fork": false, "created_at": "2012-01-01T10:00:42Z", "updated_at": "2022-06-15T17:35:27Z", "pushed_at": "2022-10-07T01:17:40Z", "size": 5609, "stargazers_count": 51, "watchers_count": 51, "language": "Shell", "has_issues": true, "has_projects": true, "has_downloads": true, "has_wiki": false, "has_pages": false, "has_discussions": false, "forks_count": 3, "mirror_url": null, "archived": false, "disabled": false, "open_issues_count": 0, "license": {"key": "mit", "name": "MIT License", "spdx_id": "MIT", "url": "https://api.github.com/licenses/mit", "node_id": "MDc6TGljZW5zZTEz"}, "allow_forking": true, "is_template": false, "web_commit_signoff_required": false, "topics": [], "default_branch": "master", "permissions": {"admin": false, "maintain": false, "push": false, "triage": false, "pull": true}, "_id": 3082261}, {"owner": {"type": "User", "site_admin": false}, "fork": false, "created_at": "2012-01-01T10:09:00Z", "updated_at": "2015-09-20T23:31:30Z", "pushed_at": "2012-01-04T00:44:37Z", "size": 1155, "stargazers_count": 11, "watchers_count": 11, "language": "JavaScript", "has_issues": true, "has_projects": true, "has_downloads": true, "has_wiki": true, "has_pages": true, "has_discussions": false, "forks_count": 1, "mirror_url": null, "archived": false, "disabled": false, "open_issues_count": 0, "license": null, "allow_forking": true, "is_template": false, "web_commit_signoff_required": false, "topics": [], "default_branch": "master", "permissions": {"admin": false, "maintain": false, "push": false, "triage": false, "pull": true}, "_id": 3082272}, {"owner": {"type": "User", "site_admin": false}, "fork": false, "created_at": "2012-01-01T10:35:47Z", "updated_at": "2020-04-12T04:32:07Z", "pushed_at": "2022-10-05T22:42:30Z", "size": 5974, "stargazers_count": 7, "watchers_count": 7, "language": "Ruby", "has_issues": false, "has_projects": true, "has_downloads": true, "has_wiki": false, "has_pages": true, "has_discussions": false, "forks_count": 5, "mirror_url": null, "archived": false, "disabled": false, "open_issues_count": 2, "license": null, "allow_forking": true, "is_template": false, "web_commit_signoff_required": false, "topics": [], "default_branch": "master", "permissions": {"admin": false, "maintain": false, "push": false, "triage": false, "pull": true}, "_id": 3082317}, {"owner": {"type": "User", "site_admin": false}, "fork": false, "created_at": "2012-01-01T10:40:46Z", "updated_at": "2022-10-26T02:07:05Z", "pushed_at": "2014-05-15T05:05:03Z", "size": 666, "stargazers_count": 12, "watchers_count": 12, "language": "Python", "has_issues": true, "has_projects": true, "has_downloads": true, "has_wiki": true, "has_pages": false, "has_discussions": false, "forks_count": 5, "mirror_url": null, "archived": false, "disabled": false, "open_issues_count": 1, "license": {"key": "bsd-2-clause", "name": "BSD 2-Clause \"Simplified\" License", "spdx_id": "BSD-2-Clause", "url": "https://api.github.com/licenses/bsd-2-clause", "node_id": "MDc6TGljZW5zZTQ="}, "allow_forking": true, "is_template": false, "web_commit_signoff_required": false, "topics": ["daemon", "http-client", "internal-tools", "lan"], "default_branch": "master", "permissions": {"admin": false, "maintain": false, "push": false, "triage": false, "pull": true}, "_id": 3082320}, {"owner": {"type": "Organization", "site_admin": false}, "fork": false, "created_at": "2012-01-01T10:46:47Z", "updated_at": "2021-12-07T21:44:42Z", "pushed_at": "2014-09-04T10:47:41Z", "size": 136, "stargazers_count": 9, "watchers_count": 9, "language": "Java", "has_issues": true, "has_projects": true, "has_downloads": true, "has_wiki": true, "has_pages": false, "has_discussions": false, "forks_count": 2, "mirror_url": null, "archived": false, "disabled": false, "open_issues_count": 1, "license": null, "allow_forking": true, "is_template": false, "web_commit_signoff_required": false, "topics": [], "default_branch": "master", "permissions": {"admin": false, "maintain": false, "push": false, "triage": false, "pull": true}, "_id": 3082334}, {"owner": {"type": "Organization", "site_admin": false}, "fork": false, "created_at": "2012-01-01T11:25:46Z", "updated_at": "2021-01-10T17:40:41Z", "pushed_at": "2021-07-20T06:25:52Z", "size": 3960, "stargazers_count": 6, "watchers_count": 6, "language": "Ruby", "has_issues": true, "has_projects": true, "has_downloads": true, "has_wiki": false, "has_pages": false, "has_discussions": false, "forks_count": 1, "mirror_url": null, "archived": false, "disabled": false, "open_issues_count": 32, "license": {"key": "other", "name": "Other", "spdx_id": "NOASSERTION", "url": null, "node_id": "MDc6TGljZW5zZTA="}, "allow_forking": true, "is_template": false, "web_commit_signoff_required": false, "topics": [], "default_branch": "master", "permissions": {"admin": false, "maintain": false, "push": false, "triage": false, "pull": true}, "_id": 3082405}, {"owner": {"type": "User", "site_admin": false}, "fork": false, "created_at": "2012-01-01T11:45:57Z", "updated_at": "2022-10-29T03:31:47Z", "pushed_at": "2014-02-16T09:55:08Z", "size": 1033, "stargazers_count": 6, "watchers_count": 6, "language": "C++", "has_issues": true, "has_projects": true, "has_downloads": true, "has_wiki": true, "has_pages": false, "has_discussions": false, "forks_count": 3, "mirror_url": null, "archived": false, "disabled": false, "open_issues_count": 0, "license": {"key": "other", "name": "Other", "spdx_id": "NOASSERTION", "url": null, "node_id": "MDc6TGljZW5zZTA="}, "allow_forking": true, "is_template": false, "web_commit_signoff_required": false, "topics": [], "default_branch": "master", "permissions": {"admin": false, "maintain": false, "push": false, "triage": false, "pull": true}, "_id": 3082443}, {"owner": {"type": "User", "site_admin": false}, "fork": false, "created_at": "2012-01-01T11:54:24Z", "updated_at": "2022-06-27T16:49:20Z", "pushed_at": "2013-04-11T16:17:35Z", "size": 125, "stargazers_count": 16, "watchers_count": 16, "language": "Ruby", "has_issues": true, "has_projects": true, "has_downloads": true, "has_wiki": true, "has_pages": false, "has_discussions": false, "forks_count": 4, "mirror_url": null, "archived": true, "disabled": false, "open_issues_count": 0, "license": {"key": "mit", "name": "MIT License", "spdx_id": "MIT", "url": "https://api.github.com/licenses/mit", "node_id": "MDc6TGljZW5zZTEz"}, "allow_forking": true, "is_template": false, "web_commit_signoff_required": false, "topics": [], "default_branch": "master", "permissions": {"admin": false, "maintain": false, "push": false, "triage": false, "pull": true}, "_id": 3082460}, {"owner": {"type": "Organization", "site_admin": false}, "fork": false, "created_at": "2012-01-01T12:09:38Z", "updated_at": "2021-09-06T12:53:30Z", "pushed_at": "2015-08-31T12:21:57Z", "size": 1327, "stargazers_count": 19, "watchers_count": 19, "language": "Python", "has_issues": true, "has_projects": true, "has_downloads": true, "has_wiki": true, "has_pages": false, "has_discussions": false, "forks_count": 8, "mirror_url": null, "archived": false, "disabled": false, "open_issues_count": 4, "license": null, "allow_forking": true, "is_template": false, "web_commit_signoff_required": false, "topics": [], "default_branch": "master", "permissions": {"admin": false, "maintain": false, "push": false, "triage": false, "pull": true}, "_id": 3082491}, {"owner": {"type": "Organization", "site_admin": false}, "fork": false, "created_at": "2012-01-01T12:31:45Z", "updated_at": "2014-08-15T12:05:25Z", "pushed_at": "2012-05-10T00:18:59Z", "size": 121, "stargazers_count": 6, "watchers_count": 6, "language": "JavaScript", "has_issues": true, "has_projects": true, "has_downloads": true, "has_wiki": true, "has_pages": false, "has_discussions": false, "forks_count": 4, "mirror_url": null, "archived": false, "disabled": false, "open_issues_count": 1, "license": null, "allow_forking": true, "is_template": false, "web_commit_signoff_required": false, "topics": [], "default_branch": "master", "permissions": {"admin": false, "maintain": false, "push": false, "triage": false, "pull": true}, "_id": 3082527}, {"owner": {"type": "User", "site_admin": false}, "fork": false, "created_at": "2012-01-01T13:02:02Z", "updated_at": "2015-03-25T06:31:20Z", "pushed_at": "2012-08-15T15:27:25Z", "size": 128, "stargazers_count": 7, "watchers_count": 7, "language": "Scala", "has_issues": true, "has_projects": true, "has_downloads": true, "has_wiki": true, "has_pages": false, "has_discussions": false, "forks_count": 1, "mirror_url": null, "archived": false, "disabled": false, "open_issues_count": 0, "license": null, "allow_forking": true, "is_template": false, "web_commit_signoff_required": false, "topics": [], "default_branch": "master", "permissions": {"admin": false, "maintain": false, "push": false, "triage": false, "pull": true}, "_id": 3082587}, {"owner": {"type": "User", "site_admin": false}, "fork": false, "created_at": "2012-01-01T13:10:39Z", "updated_at": "2014-03-23T23:52:30Z", "pushed_at": "2013-02-01T21:01:49Z", "size": 1770, "stargazers_count": 9, "watchers_count": 9, "language": "CoffeeScript", "has_issues": true, "has_projects": true, "has_downloads": true, "has_wiki": true, "has_pages": false, "has_discussions": false, "forks_count": 0, "mirror_url": null, "archived": false, "disabled": false, "open_issues_count": 0, "license": {"key": "other", "name": "Other", "spdx_id": "NOASSERTION", "url": null, "node_id": "MDc6TGljZW5zZTA="}, "allow_forking": true, "is_template": false, "web_commit_signoff_required": false, "topics": [], "default_branch": "master", "permissions": {"admin": false, "maintain": false, "push": false, "triage": false, "pull": true}, "_id": 3082600}, {"owner": {"type": "User", "site_admin": false}, "fork": false, "created_at": "2012-01-01T13:35:28Z", "updated_at": "2017-03-22T08:25:25Z", "pushed_at": "2013-09-03T12:52:12Z", "size": 104, "stargazers_count": 7, "watchers_count": 7, "language": "CSS", "has_issues": true, "has_projects": true, "has_downloads": true, "has_wiki": true, "has_pages": false, "has_discussions": false, "forks_count": 3, "mirror_url": null, "archived": false, "disabled": false, "open_issues_count": 0, "license": null, "allow_forking": true, "is_template": false, "web_commit_signoff_required": false, "topics": [], "default_branch": "master", "permissions": {"admin": false, "maintain": false, "push": false, "triage": false, "pull": true}, "_id": 3082655}, {"owner": {"type": "User", "site_admin": false}, "fork": false, "created_at": "2012-01-01T13:46:19Z", "updated_at": "2022-10-22T13:44:08Z", "pushed_at": "2019-06-18T23:50:15Z", "size": 66, "stargazers_count": 1208, "watchers_count": 1208, "language": "JavaScript", "has_issues": false, "has_projects": true, "has_downloads": true, "has_wiki": false, "has_pages": false, "has_discussions": false, "forks_count": 305, "mirror_url": null, "archived": false, "disabled": false, "open_issues_count": 30, "license": {"key": "other", "name": "Other", "spdx_id": "NOASSERTION", "url": null, "node_id": "MDc6TGljZW5zZTA="}, "allow_forking": true, "is_template": false, "web_commit_signoff_required": false, "topics": [], "default_branch": "master", "permissions": {"admin": false, "maintain": false, "push": false, "triage": false, "pull": true}, "_id": 3082672}, {"owner": {"type": "User", "site_admin": false}, "fork": false, "created_at": "2012-01-01T14:04:01Z", "updated_at": "2019-05-26T02:55:53Z", "pushed_at": "2012-01-01T14:23:45Z", "size": 99, "stargazers_count": 10, "watchers_count": 10, "language": "JavaScript", "has_issues": true, "has_projects": true, "has_downloads": true, "has_wiki": true, "has_pages": false, "has_discussions": false, "forks_count": 1, "mirror_url": null, "archived": false, "disabled": false, "open_issues_count": 0, "license": null, "allow_forking": true, "is_template": false, "web_commit_signoff_required": false, "topics": [], "default_branch": "master", "permissions": {"admin": false, "maintain": false, "push": false, "triage": false, "pull": true}, "_id": 3082711}, {"owner": {"type": "User", "site_admin": false}, "fork": false, "created_at": "2012-01-01T14:24:01Z", "updated_at": "2022-11-10T15:22:35Z", "pushed_at": "2021-03-06T14:58:13Z", "size": 593, "stargazers_count": 212, "watchers_count": 212, "language": "Emacs Lisp", "has_issues": true, "has_projects": true, "has_downloads": true, "has_wiki": true, "has_pages": false, "has_discussions": false, "forks_count": 53, "mirror_url": null, "archived": true, "disabled": false, "open_issues_count": 29, "license": null, "allow_forking": true, "is_template": false, "web_commit_signoff_required": false, "topics": [], "default_branch": "master", "permissions": {"admin": false, "maintain": false, "push": false, "triage": false, "pull": true}, "_id": 3082758}, {"owner": {"type": "Organization", "site_admin": false}, "fork": false, "created_at": "2012-01-01T14:53:14Z", "updated_at": "2019-10-28T21:20:08Z", "pushed_at": "2012-02-25T06:37:59Z", "size": 175, "stargazers_count": 18, "watchers_count": 18, "language": "Python", "has_issues": true, "has_projects": true, "has_downloads": true, "has_wiki": true, "has_pages": false, "has_discussions": false, "forks_count": 6, "mirror_url": null, "archived": false, "disabled": false, "open_issues_count": 0, "license": null, "allow_forking": true, "is_template": false, "web_commit_signoff_required": false, "topics": [], "default_branch": "master", "permissions": {"admin": false, "maintain": false, "push": false, "triage": false, "pull": true}, "_id": 3082826}, {"owner": {"type": "User", "site_admin": false}, "fork": false, "created_at": "2012-01-01T15:12:58Z", "updated_at": "2016-11-14T17:33:21Z", "pushed_at": "2012-06-24T23:33:55Z", "size": 113, "stargazers_count": 10, "watchers_count": 10, "language": "JavaScript", "has_issues": true, "has_projects": true, "has_downloads": true, "has_wiki": true, "has_pages": false, "has_discussions": false, "forks_count": 3, "mirror_url": null, "archived": false, "disabled": false, "open_issues_count": 1, "license": null, "allow_forking": true, "is_template": false, "web_commit_signoff_required": false, "topics": [], "default_branch": "master", "permissions": {"admin": false, "maintain": false, "push": false, "triage": false, "pull": true}, "_id": 3082896}, {"owner": {"type": "User", "site_admin": false}, "fork": false, "created_at": "2012-01-01T15:21:32Z", "updated_at": "2019-01-30T09:58:15Z", "pushed_at": "2012-05-29T13:02:55Z", "size": 120, "stargazers_count": 10, "watchers_count": 10, "language": "JavaScript", "has_issues": true, "has_projects": true, "has_downloads": true, "has_wiki": true, "has_pages": false, "has_discussions": false, "forks_count": 2, "mirror_url": null, "archived": false, "disabled": false, "open_issues_count": 0, "license": null, "allow_forking": true, "is_template": false, "web_commit_signoff_required": false, "topics": [], "default_branch": "master", "permissions": {"admin": false, "maintain": false, "push": false, "triage": false, "pull": true}, "_id": 3082911}, {"owner": {"type": "User", "site_admin": false}, "fork": false, "created_at": "2012-01-01T15:23:01Z", "updated_at": "2022-06-10T14:49:31Z", "pushed_at": "2018-09-13T02:57:17Z", "size": 44, "stargazers_count": 111, "watchers_count": 111, "language": "Shell", "has_issues": true, "has_projects": true, "has_downloads": true, "has_wiki": true, "has_pages": false, "has_discussions": false, "forks_count": 26, "mirror_url": null, "archived": false, "disabled": false, "open_issues_count": 4, "license": null, "allow_forking": true, "is_template": false, "web_commit_signoff_required": false, "topics": [], "default_branch": "master", "permissions": {"admin": false, "maintain": false, "push": false, "triage": false, "pull": true}, "_id": 3082915}, {"owner": {"type": "User", "site_admin": false}, "fork": false, "created_at": "2012-01-01T15:25:36Z", "updated_at": "2022-06-28T16:42:57Z", "pushed_at": "2012-01-06T17:57:21Z", "size": 110, "stargazers_count": 25, "watchers_count": 25, "language": "Python", "has_issues": true, "has_projects": true, "has_downloads": true, "has_wiki": true, "has_pages": false, "has_discussions": false, "forks_count": 3, "mirror_url": null, "archived": false, "disabled": false, "open_issues_count": 0, "license": null, "allow_forking": true, "is_template": false, "web_commit_signoff_required": false, "topics": [], "default_branch": "master", "permissions": {"admin": false, "maintain": false, "push": false, "triage": false, "pull": true}, "_id": 3082926}, {"owner": {"type": "User", "site_admin": false}, "fork": false, "created_at": "2012-01-01T15:32:07Z", "updated_at": "2022-09-29T03:31:12Z", "pushed_at": "2022-03-01T21:38:39Z", "size": 313, "stargazers_count": 201, "watchers_count": 201, "language": "Emacs Lisp", "has_issues": true, "has_projects": true, "has_downloads": true, "has_wiki": true, "has_pages": false, "has_discussions": false, "forks_count": 25, "mirror_url": null, "archived": false, "disabled": false, "open_issues_count": 4, "license": null, "allow_forking": true, "is_template": false, "web_commit_signoff_required": false, "topics": [], "default_branch": "master", "permissions": {"admin": false, "maintain": false, "push": false, "triage": false, "pull": true}, "_id": 3082941}, {"owner": {"type": "User", "site_admin": false}, "fork": false, "created_at": "2012-01-01T15:36:25Z", "updated_at": "2021-02-16T23:04:23Z", "pushed_at": "2018-11-24T12:12:09Z", "size": 84, "stargazers_count": 19, "watchers_count": 19, "language": "PHP", "has_issues": true, "has_projects": true, "has_downloads": true, "has_wiki": true, "has_pages": false, "has_discussions": false, "forks_count": 5, "mirror_url": null, "archived": false, "disabled": false, "open_issues_count": 1, "license": null, "allow_forking": true, "is_template": false, "web_commit_signoff_required": false, "topics": [], "default_branch": "master", "permissions": {"admin": false, "maintain": false, "push": false, "triage": false, "pull": true}, "_id": 3082951}, {"owner": {"type": "User", "site_admin": false}, "fork": false, "created_at": "2012-01-01T15:51:50Z", "updated_at": "2020-05-23T12:20:59Z", "pushed_at": "2014-08-17T23:06:37Z", "size": 290, "stargazers_count": 65, "watchers_count": 65, "language": "Ruby", "has_issues": true, "has_projects": true, "has_downloads": true, "has_wiki": true, "has_pages": false, "has_discussions": false, "forks_count": 38, "mirror_url": null, "archived": false, "disabled": false, "open_issues_count": 4, "license": {"key": "mit", "name": "MIT License", "spdx_id": "MIT", "url": "https://api.github.com/licenses/mit", "node_id": "MDc6TGljZW5zZTEz"}, "allow_forking": true, "is_template": false, "web_commit_signoff_required": false, "topics": [], "default_branch": "master", "permissions": {"admin": false, "maintain": false, "push": false, "triage": false, "pull": true}, "_id": 3082988}, {"owner": {"type": "User", "site_admin": false}, "fork": false, "created_at": "2012-01-01T16:18:25Z", "updated_at": "2022-01-10T00:46:26Z", "pushed_at": "2013-09-11T08:15:50Z", "size": 477, "stargazers_count": 55, "watchers_count": 55, "language": null, "has_issues": true, "has_projects": true, "has_downloads": true, "has_wiki": true, "has_pages": false, "has_discussions": false, "forks_count": 5, "mirror_url": null, "archived": false, "disabled": false, "open_issues_count": 0, "license": null, "allow_forking": true, "is_template": false, "web_commit_signoff_required": false, "topics": [], "default_branch": "master", "permissions": {"admin": false, "maintain": false, "push": false, "triage": false, "pull": true}, "_id": 3083090}, {"owner": {"type": "User", "site_admin": false}, "fork": false, "created_at": "2012-01-01T16:21:51Z", "updated_at": "2021-01-25T03:20:22Z", "pushed_at": "2012-01-15T22:44:45Z", "size": 116, "stargazers_count": 18, "watchers_count": 18, "language": "C", "has_issues": true, "has_projects": true, "has_downloads": true, "has_wiki": true, "has_pages": false, "has_discussions": false, "forks_count": 0, "mirror_url": null, "archived": false, "disabled": false, "open_issues_count": 0, "license": {"key": "other", "name": "Other", "spdx_id": "NOASSERTION", "url": null, "node_id": "MDc6TGljZW5zZTA="}, "allow_forking": true, "is_template": false, "web_commit_signoff_required": false, "topics": [], "default_branch": "master", "permissions": {"admin": false, "maintain": false, "push": false, "triage": false, "pull": true}, "_id": 3083101}, {"owner": {"type": "User", "site_admin": false}, "fork": false, "created_at": "2012-01-01T16:48:16Z", "updated_at": "2022-10-13T10:50:46Z", "pushed_at": "2018-09-05T13:03:23Z", "size": 609, "stargazers_count": 59, "watchers_count": 59, "language": "C", "has_issues": true, "has_projects": true, "has_downloads": true, "has_wiki": true, "has_pages": false, "has_discussions": false, "forks_count": 8, "mirror_url": null, "archived": false, "disabled": false, "open_issues_count": 4, "license": null, "allow_forking": true, "is_template": false, "web_commit_signoff_required": false, "topics": [], "default_branch": "master", "permissions": {"admin": false, "maintain": false, "push": false, "triage": false, "pull": true}, "_id": 3083171}, {"owner": {"type": "User", "site_admin": false}, "fork": false, "created_at": "2012-01-01T16:49:13Z", "updated_at": "2022-05-11T20:22:08Z", "pushed_at": "2017-02-23T10:58:22Z", "size": 25, "stargazers_count": 16, "watchers_count": 16, "language": "Ruby", "has_issues": true, "has_projects": true, "has_downloads": true, "has_wiki": true, "has_pages": false, "has_discussions": false, "forks_count": 4, "mirror_url": null, "archived": false, "disabled": false, "open_issues_count": 0, "license": {"key": "gpl-3.0", "name": "GNU General Public License v3.0", "spdx_id": "GPL-3.0", "url": "https://api.github.com/licenses/gpl-3.0", "node_id": "MDc6TGljZW5zZTk="}, "allow_forking": true, "is_template": false, "web_commit_signoff_required": false, "topics": [], "default_branch": "master", "permissions": {"admin": false, "maintain": false, "push": false, "triage": false, "pull": true}, "_id": 3083173}, {"owner": {"type": "User", "site_admin": false}, "fork": false, "created_at": "2012-01-01T17:01:23Z", "updated_at": "2021-04-28T11:56:23Z", "pushed_at": "2021-04-28T11:56:21Z", "size": 23, "stargazers_count": 8, "watchers_count": 8, "language": "Python", "has_issues": true, "has_projects": true, "has_downloads": true, "has_wiki": true, "has_pages": false, "has_discussions": false, "forks_count": 1, "mirror_url": null, "archived": false, "disabled": false, "open_issues_count": 0, "license": {"key": "other", "name": "Other", "spdx_id": "NOASSERTION", "url": null, "node_id": "MDc6TGljZW5zZTA="}, "allow_forking": true, "is_template": false, "web_commit_signoff_required": false, "topics": [], "default_branch": "main", "permissions": {"admin": false, "maintain": false, "push": false, "triage": false, "pull": true}, "_id": 3083210}, {"owner": {"type": "User", "site_admin": false}, "fork": false, "created_at": "2012-01-01T17:06:42Z", "updated_at": "2022-10-24T13:11:29Z", "pushed_at": "2022-07-29T22:32:55Z", "size": 3077, "stargazers_count": 114, "watchers_count": 114, "language": "JavaScript", "has_issues": true, "has_projects": true, "has_downloads": true, "has_wiki": true, "has_pages": true, "has_discussions": false, "forks_count": 58, "mirror_url": null, "archived": false, "disabled": false, "open_issues_count": 49, "license": {"key": "mit", "name": "MIT License", "spdx_id": "MIT", "url": "https://api.github.com/licenses/mit", "node_id": "MDc6TGljZW5zZTEz"}, "allow_forking": true, "is_template": false, "web_commit_signoff_required": false, "topics": ["block", "chrome", "chrome-extension", "javascript", "website-blocker"], "default_branch": "master", "permissions": {"admin": false, "maintain": false, "push": false, "triage": false, "pull": true}, "_id": 3083231}, {"owner": {"type": "Organization", "site_admin": false}, "fork": false, "created_at": "2012-01-01T17:49:41Z", "updated_at": "2020-01-20T22:44:41Z", "pushed_at": "2018-11-28T08:17:24Z", "size": 1711, "stargazers_count": 10, "watchers_count": 10, "language": "Shell", "has_issues": true, "has_projects": true, "has_downloads": true, "has_wiki": true, "has_pages": false, "has_discussions": false, "forks_count": 12, "mirror_url": null, "archived": false, "disabled": false, "open_issues_count": 11, "license": null, "allow_forking": true, "is_template": false, "web_commit_signoff_required": false, "topics": [], "default_branch": "master", "permissions": {"admin": false, "maintain": false, "push": false, "triage": false, "pull": true}, "_id": 3083364}, {"owner": {"type": "User", "site_admin": false}, "fork": false, "created_at": "2012-01-01T17:58:44Z", "updated_at": "2022-11-04T01:31:27Z", "pushed_at": "2012-01-01T18:18:43Z", "size": 337, "stargazers_count": 44, "watchers_count": 44, "language": "Java", "has_issues": true, "has_projects": true, "has_downloads": true, "has_wiki": true, "has_pages": false, "has_discussions": false, "forks_count": 15, "mirror_url": null, "archived": true, "disabled": false, "open_issues_count": 0, "license": {"key": "mit", "name": "MIT License", "spdx_id": "MIT", "url": "https://api.github.com/licenses/mit", "node_id": "MDc6TGljZW5zZTEz"}, "allow_forking": true, "is_template": false, "web_commit_signoff_required": false, "topics": [], "default_branch": "master", "permissions": {"admin": false, "maintain": false, "push": false, "triage": false, "pull": true}, "_id": 3083399}, {"owner": {"type": "User", "site_admin": false}, "fork": false, "created_at": "2012-01-01T18:22:31Z", "updated_at": "2022-11-24T19:11:14Z", "pushed_at": "2021-09-07T04:53:43Z", "size": 1993, "stargazers_count": 2570, "watchers_count": 2570, "language": "Python", "has_issues": true, "has_projects": true, "has_downloads": true, "has_wiki": false, "has_pages": false, "has_discussions": false, "forks_count": 178, "mirror_url": null, "archived": false, "disabled": false, "open_issues_count": 69, "license": {"key": "bsd-3-clause", "name": "BSD 3-Clause \"New\" or \"Revised\" License", "spdx_id": "BSD-3-Clause", "url": "https://api.github.com/licenses/bsd-3-clause", "node_id": "MDc6TGljZW5zZTU="}, "allow_forking": true, "is_template": false, "web_commit_signoff_required": false, "topics": [], "default_branch": "master", "permissions": {"admin": false, "maintain": false, "push": false, "triage": false, "pull": true}, "_id": 3083478}, {"owner": {"type": "User", "site_admin": false}, "fork": false, "created_at": "2012-01-01T18:24:02Z", "updated_at": "2018-12-13T22:09:51Z", "pushed_at": "2018-03-23T13:23:21Z", "size": 183, "stargazers_count": 15, "watchers_count": 15, "language": "Ruby", "has_issues": true, "has_projects": true, "has_downloads": true, "has_wiki": true, "has_pages": false, "has_discussions": false, "forks_count": 10, "mirror_url": null, "archived": false, "disabled": false, "open_issues_count": 2, "license": {"key": "mit", "name": "MIT License", "spdx_id": "MIT", "url": "https://api.github.com/licenses/mit", "node_id": "MDc6TGljZW5zZTEz"}, "allow_forking": true, "is_template": false, "web_commit_signoff_required": false, "topics": [], "default_branch": "master", "permissions": {"admin": false, "maintain": false, "push": false, "triage": false, "pull": true}, "_id": 3083486}, {"owner": {"type": "User", "site_admin": false}, "fork": false, "created_at": "2012-01-01T18:33:25Z", "updated_at": "2022-09-02T21:01:39Z", "pushed_at": "2022-05-17T13:45:24Z", "size": 262, "stargazers_count": 14, "watchers_count": 14, "language": "C", "has_issues": true, "has_projects": true, "has_downloads": true, "has_wiki": true, "has_pages": false, "has_discussions": false, "forks_count": 9, "mirror_url": null, "archived": false, "disabled": false, "open_issues_count": 3, "license": {"key": "gpl-2.0", "name": "GNU General Public License v2.0", "spdx_id": "GPL-2.0", "url": "https://api.github.com/licenses/gpl-2.0", "node_id": "MDc6TGljZW5zZTg="}, "allow_forking": true, "is_template": false, "web_commit_signoff_required": false, "topics": [], "default_branch": "master", "permissions": {"admin": false, "maintain": false, "push": false, "triage": false, "pull": true}, "_id": 3083533}, {"owner": {"type": "Organization", "site_admin": false}, "fork": false, "created_at": "2012-01-01T18:39:59Z", "updated_at": "2021-05-26T21:37:51Z", "pushed_at": "2012-01-05T11:35:12Z", "size": 488, "stargazers_count": 6, "watchers_count": 6, "language": "PHP", "has_issues": true, "has_projects": true, "has_downloads": true, "has_wiki": true, "has_pages": false, "has_discussions": false, "forks_count": 2, "mirror_url": null, "archived": true, "disabled": false, "open_issues_count": 0, "license": null, "allow_forking": true, "is_template": false, "web_commit_signoff_required": false, "topics": [], "default_branch": "8.0/develop", "permissions": {"admin": false, "maintain": false, "push": false, "triage": false, "pull": true}, "_id": 3083556}, {"owner": {"type": "User", "site_admin": false}, "fork": false, "created_at": "2012-01-01T18:44:08Z", "updated_at": "2022-11-08T15:33:35Z", "pushed_at": "2015-09-20T14:14:15Z", "size": 97, "stargazers_count": 23, "watchers_count": 23, "language": "JavaScript", "has_issues": true, "has_projects": true, "has_downloads": true, "has_wiki": true, "has_pages": false, "has_discussions": false, "forks_count": 23, "mirror_url": null, "archived": false, "disabled": false, "open_issues_count": 1, "license": null, "allow_forking": true, "is_template": false, "web_commit_signoff_required": false, "topics": [], "default_branch": "master", "permissions": {"admin": false, "maintain": false, "push": false, "triage": false, "pull": true}, "_id": 3083579}, {"owner": {"type": "User", "site_admin": false}, "fork": false, "created_at": "2012-01-01T18:48:39Z", "updated_at": "2021-09-26T20:52:01Z", "pushed_at": "2018-01-02T15:30:22Z", "size": 36, "stargazers_count": 35, "watchers_count": 35, "language": "Ruby", "has_issues": true, "has_projects": true, "has_downloads": true, "has_wiki": true, "has_pages": false, "has_discussions": false, "forks_count": 20, "mirror_url": null, "archived": false, "disabled": false, "open_issues_count": 3, "license": {"key": "other", "name": "Other", "spdx_id": "NOASSERTION", "url": null, "node_id": "MDc6TGljZW5zZTA="}, "allow_forking": true, "is_template": false, "web_commit_signoff_required": false, "topics": [], "default_branch": "master", "permissions": {"admin": false, "maintain": false, "push": false, "triage": false, "pull": true}, "_id": 3083596}, {"owner": {"type": "User", "site_admin": false}, "fork": false, "created_at": "2012-01-01T18:50:14Z", "updated_at": "2022-08-27T15:34:13Z", "pushed_at": "2013-05-09T00:58:31Z", "size": 374, "stargazers_count": 17, "watchers_count": 17, "language": "C", "has_issues": true, "has_projects": true, "has_downloads": true, "has_wiki": true, "has_pages": false, "has_discussions": false, "forks_count": 12, "mirror_url": null, "archived": false, "disabled": false, "open_issues_count": 7, "license": {"key": "bsd-2-clause", "name": "BSD 2-Clause \"Simplified\" License", "spdx_id": "BSD-2-Clause", "url": "https://api.github.com/licenses/bsd-2-clause", "node_id": "MDc6TGljZW5zZTQ="}, "allow_forking": true, "is_template": false, "web_commit_signoff_required": false, "topics": [], "default_branch": "master", "permissions": {"admin": false, "maintain": false, "push": false, "triage": false, "pull": true}, "_id": 3083601}, {"owner": {"type": "Organization", "site_admin": false}, "fork": false, "created_at": "2012-01-01T18:56:03Z", "updated_at": "2020-04-18T22:54:31Z", "pushed_at": "2014-09-25T19:31:01Z", "size": 7654, "stargazers_count": 7, "watchers_count": 7, "language": "Ruby", "has_issues": true, "has_projects": true, "has_downloads": true, "has_wiki": true, "has_pages": false, "has_discussions": false, "forks_count": 3, "mirror_url": null, "archived": false, "disabled": false, "open_issues_count": 1, "license": {"key": "other", "name": "Other", "spdx_id": "NOASSERTION", "url": null, "node_id": "MDc6TGljZW5zZTA="}, "allow_forking": true, "is_template": false, "web_commit_signoff_required": false, "topics": [], "default_branch": "master", "permissions": {"admin": false, "maintain": false, "push": false, "triage": false, "pull": true}, "_id": 3083622}, {"owner": {"type": "Organization", "site_admin": false}, "fork": false, "created_at": "2012-01-01T18:56:47Z", "updated_at": "2016-07-31T20:57:48Z", "pushed_at": "2014-08-19T01:01:06Z", "size": 5891, "stargazers_count": 18, "watchers_count": 18, "language": "Ruby", "has_issues": true, "has_projects": true, "has_downloads": true, "has_wiki": true, "has_pages": false, "has_discussions": false, "forks_count": 2, "mirror_url": null, "archived": false, "disabled": false, "open_issues_count": 0, "license": {"key": "mit", "name": "MIT License", "spdx_id": "MIT", "url": "https://api.github.com/licenses/mit", "node_id": "MDc6TGljZW5zZTEz"}, "allow_forking": true, "is_template": false, "web_commit_signoff_required": false, "topics": [], "default_branch": "master", "permissions": {"admin": false, "maintain": false, "push": false, "triage": false, "pull": true}, "_id": 3083625}, {"owner": {"type": "User", "site_admin": false}, "fork": false, "created_at": "2012-01-01T19:07:19Z", "updated_at": "2022-11-21T13:13:38Z", "pushed_at": "2015-11-29T12:21:39Z", "size": 49, "stargazers_count": 253, "watchers_count": 253, "language": "PHP", "has_issues": true, "has_projects": true, "has_downloads": true, "has_wiki": true, "has_pages": false, "has_discussions": false, "forks_count": 180, "mirror_url": null, "archived": false, "disabled": false, "open_issues_count": 28, "license": null, "allow_forking": true, "is_template": false, "web_commit_signoff_required": false, "topics": [], "default_branch": "master", "permissions": {"admin": false, "maintain": false, "push": false, "triage": false, "pull": true}, "_id": 3083658}, {"owner": {"type": "User", "site_admin": false}, "fork": false, "created_at": "2012-01-01T19:33:51Z", "updated_at": "2021-06-03T18:47:15Z", "pushed_at": "2012-02-01T06:05:17Z", "size": 117, "stargazers_count": 16, "watchers_count": 16, "language": "Ruby", "has_issues": true, "has_projects": true, "has_downloads": true, "has_wiki": true, "has_pages": false, "has_discussions": false, "forks_count": 1, "mirror_url": null, "archived": false, "disabled": false, "open_issues_count": 0, "license": {"key": "other", "name": "Other", "spdx_id": "NOASSERTION", "url": null, "node_id": "MDc6TGljZW5zZTA="}, "allow_forking": true, "is_template": false, "web_commit_signoff_required": false, "topics": [], "default_branch": "master", "permissions": {"admin": false, "maintain": false, "push": false, "triage": false, "pull": true}, "_id": 3083733}, {"owner": {"type": "User", "site_admin": false}, "fork": false, "created_at": "2012-01-01T19:45:00Z", "updated_at": "2022-01-25T06:11:16Z", "pushed_at": "2013-02-07T22:38:35Z", "size": 120, "stargazers_count": 18, "watchers_count": 18, "language": "Shell", "has_issues": true, "has_projects": true, "has_downloads": true, "has_wiki": true, "has_pages": false, "has_discussions": false, "forks_count": 10, "mirror_url": null, "archived": false, "disabled": false, "open_issues_count": 1, "license": {"key": "gpl-3.0", "name": "GNU General Public License v3.0", "spdx_id": "GPL-3.0", "url": "https://api.github.com/licenses/gpl-3.0", "node_id": "MDc6TGljZW5zZTk="}, "allow_forking": true, "is_template": false, "web_commit_signoff_required": false, "topics": [], "default_branch": "master", "permissions": {"admin": false, "maintain": false, "push": false, "triage": false, "pull": true}, "_id": 3083777}, {"owner": {"type": "User", "site_admin": false}, "fork": false, "created_at": "2012-01-01T19:56:00Z", "updated_at": "2022-08-16T01:25:40Z", "pushed_at": "2022-01-14T22:04:27Z", "size": 15784, "stargazers_count": 59, "watchers_count": 59, "language": "C#", "has_issues": true, "has_projects": true, "has_downloads": true, "has_wiki": true, "has_pages": false, "has_discussions": false, "forks_count": 29, "mirror_url": null, "archived": false, "disabled": false, "open_issues_count": 4, "license": {"key": "other", "name": "Other", "spdx_id": "NOASSERTION", "url": null, "node_id": "MDc6TGljZW5zZTA="}, "allow_forking": true, "is_template": false, "web_commit_signoff_required": false, "topics": [], "default_branch": "master", "permissions": {"admin": false, "maintain": false, "push": false, "triage": false, "pull": true}, "_id": 3083807}, {"owner": {"type": "User", "site_admin": false}, "fork": false, "created_at": "2012-01-01T19:56:04Z", "updated_at": "2021-10-31T12:40:54Z", "pushed_at": "2022-04-17T15:54:28Z", "size": 502, "stargazers_count": 6, "watchers_count": 6, "language": "Haskell", "has_issues": true, "has_projects": true, "has_downloads": true, "has_wiki": true, "has_pages": false, "has_discussions": false, "forks_count": 2, "mirror_url": null, "archived": false, "disabled": false, "open_issues_count": 0, "license": {"key": "other", "name": "Other", "spdx_id": "NOASSERTION", "url": null, "node_id": "MDc6TGljZW5zZTA="}, "allow_forking": true, "is_template": false, "web_commit_signoff_required": false, "topics": [], "default_branch": "master", "permissions": {"admin": false, "maintain": false, "push": false, "triage": false, "pull": true}, "_id": 3083808}, {"owner": {"type": "User", "site_admin": false}, "fork": false, "created_at": "2012-01-01T20:05:54Z", "updated_at": "2022-11-24T01:09:06Z", "pushed_at": "2019-10-03T19:52:37Z", "size": 22684, "stargazers_count": 15, "watchers_count": 15, "language": "Python", "has_issues": true, "has_projects": true, "has_downloads": true, "has_wiki": true, "has_pages": true, "has_discussions": false, "forks_count": 8, "mirror_url": null, "archived": false, "disabled": false, "open_issues_count": 17, "license": {"key": "gpl-3.0", "name": "GNU General Public License v3.0", "spdx_id": "GPL-3.0", "url": "https://api.github.com/licenses/gpl-3.0", "node_id": "MDc6TGljZW5zZTk="}, "allow_forking": true, "is_template": false, "web_commit_signoff_required": false, "topics": [], "default_branch": "master", "permissions": {"admin": false, "maintain": false, "push": false, "triage": false, "pull": true}, "_id": 3083861}, {"owner": {"type": "User", "site_admin": false}, "fork": false, "created_at": "2012-01-01T20:12:08Z", "updated_at": "2022-09-12T14:10:30Z", "pushed_at": "2019-08-21T17:53:13Z", "size": 38, "stargazers_count": 20, "watchers_count": 20, "language": "Vim script", "has_issues": true, "has_projects": true, "has_downloads": true, "has_wiki": true, "has_pages": false, "has_discussions": false, "forks_count": 8, "mirror_url": null, "archived": false, "disabled": false, "open_issues_count": 1, "license": null, "allow_forking": true, "is_template": false, "web_commit_signoff_required": false, "topics": [], "default_branch": "master", "permissions": {"admin": false, "maintain": false, "push": false, "triage": false, "pull": true}, "_id": 3083898}, {"owner": {"type": "User", "site_admin": false}, "fork": false, "created_at": "2012-01-01T20:18:34Z", "updated_at": "2022-06-02T18:40:53Z", "pushed_at": "2015-07-01T15:38:26Z", "size": 228, "stargazers_count": 72, "watchers_count": 72, "language": "JavaScript", "has_issues": true, "has_projects": true, "has_downloads": true, "has_wiki": true, "has_pages": true, "has_discussions": false, "forks_count": 12, "mirror_url": null, "archived": false, "disabled": false, "open_issues_count": 1, "license": null, "allow_forking": true, "is_template": false, "web_commit_signoff_required": false, "topics": [], "default_branch": "master", "permissions": {"admin": false, "maintain": false, "push": false, "triage": false, "pull": true}, "_id": 3083938}, {"owner": {"type": "User", "site_admin": false}, "fork": false, "created_at": "2012-01-01T20:23:47Z", "updated_at": "2022-10-17T03:30:44Z", "pushed_at": "2015-11-14T12:26:05Z", "size": 101, "stargazers_count": 19, "watchers_count": 19, "language": "Objective-C", "has_issues": true, "has_projects": true, "has_downloads": true, "has_wiki": true, "has_pages": false, "has_discussions": false, "forks_count": 7, "mirror_url": null, "archived": false, "disabled": false, "open_issues_count": 0, "license": null, "allow_forking": true, "is_template": false, "web_commit_signoff_required": false, "topics": [], "default_branch": "master", "permissions": {"admin": false, "maintain": false, "push": false, "triage": false, "pull": true}, "_id": 3083959}, {"owner": {"type": "User", "site_admin": false}, "fork": false, "created_at": "2012-01-01T20:32:43Z", "updated_at": "2020-03-16T00:25:41Z", "pushed_at": "2012-01-02T22:52:15Z", "size": 98, "stargazers_count": 10, "watchers_count": 10, "language": "Perl", "has_issues": true, "has_projects": true, "has_downloads": true, "has_wiki": true, "has_pages": false, "has_discussions": false, "forks_count": 2, "mirror_url": null, "archived": false, "disabled": false, "open_issues_count": 0, "license": null, "allow_forking": true, "is_template": false, "web_commit_signoff_required": false, "topics": [], "default_branch": "master", "permissions": {"admin": false, "maintain": false, "push": false, "triage": false, "pull": true}, "_id": 3083993}, {"owner": {"type": "User", "site_admin": false}, "fork": false, "created_at": "2012-01-01T20:48:35Z", "updated_at": "2022-01-20T12:41:02Z", "pushed_at": "2018-11-29T19:27:59Z", "size": 201, "stargazers_count": 30, "watchers_count": 30, "language": "C++", "has_issues": true, "has_projects": true, "has_downloads": true, "has_wiki": true, "has_pages": false, "has_discussions": false, "forks_count": 20, "mirror_url": null, "archived": false, "disabled": false, "open_issues_count": 5, "license": null, "allow_forking": true, "is_template": false, "web_commit_signoff_required": false, "topics": [], "default_branch": "master", "permissions": {"admin": false, "maintain": false, "push": false, "triage": false, "pull": true}, "_id": 3084061}, {"owner": {"type": "User", "site_admin": false}, "fork": false, "created_at": "2012-01-01T20:49:28Z", "updated_at": "2022-11-13T15:23:54Z", "pushed_at": "2014-11-22T20:51:27Z", "size": 156032, "stargazers_count": 346, "watchers_count": 346, "language": "C", "has_issues": true, "has_projects": true, "has_downloads": true, "has_wiki": true, "has_pages": false, "has_discussions": false, "forks_count": 222, "mirror_url": null, "archived": false, "disabled": false, "open_issues_count": 8, "license": {"key": "lgpl-3.0", "name": "GNU Lesser General Public License v3.0", "spdx_id": "LGPL-3.0", "url": "https://api.github.com/licenses/lgpl-3.0", "node_id": "MDc6TGljZW5zZTEy"}, "allow_forking": true, "is_template": false, "web_commit_signoff_required": false, "topics": [], "default_branch": "master", "permissions": {"admin": false, "maintain": false, "push": false, "triage": false, "pull": true}, "_id": 3084067}, {"owner": {"type": "User", "site_admin": false}, "fork": false, "created_at": "2012-01-01T21:21:07Z", "updated_at": "2021-09-26T19:32:40Z", "pushed_at": "2020-01-09T10:01:25Z", "size": 24479, "stargazers_count": 9, "watchers_count": 9, "language": "C", "has_issues": true, "has_projects": true, "has_downloads": true, "has_wiki": true, "has_pages": true, "has_discussions": false, "forks_count": 2, "mirror_url": null, "archived": false, "disabled": false, "open_issues_count": 0, "license": null, "allow_forking": true, "is_template": false, "web_commit_signoff_required": false, "topics": [], "default_branch": "master", "permissions": {"admin": false, "maintain": false, "push": false, "triage": false, "pull": true}, "_id": 3084206}, {"owner": {"type": "User", "site_admin": false}, "fork": false, "created_at": "2012-01-01T21:47:42Z", "updated_at": "2013-12-21T21:01:12Z", "pushed_at": "2012-01-01T22:08:24Z", "size": 9496, "stargazers_count": 9, "watchers_count": 9, "language": "Java", "has_issues": true, "has_projects": true, "has_downloads": true, "has_wiki": true, "has_pages": false, "has_discussions": false, "forks_count": 0, "mirror_url": null, "archived": false, "disabled": false, "open_issues_count": 0, "license": null, "allow_forking": true, "is_template": false, "web_commit_signoff_required": false, "topics": [], "default_branch": "master", "permissions": {"admin": false, "maintain": false, "push": false, "triage": false, "pull": true}, "_id": 3084302}, {"owner": {"type": "User", "site_admin": false}, "fork": false, "created_at": "2012-01-01T21:58:51Z", "updated_at": "2017-10-23T09:32:26Z", "pushed_at": "2012-01-07T01:52:09Z", "size": 3661, "stargazers_count": 18, "watchers_count": 18, "language": "Scala", "has_issues": true, "has_projects": true, "has_downloads": true, "has_wiki": true, "has_pages": false, "has_discussions": false, "forks_count": 4, "mirror_url": null, "archived": false, "disabled": false, "open_issues_count": 1, "license": null, "allow_forking": true, "is_template": false, "web_commit_signoff_required": false, "topics": [], "default_branch": "master", "permissions": {"admin": false, "maintain": false, "push": false, "triage": false, "pull": true}, "_id": 3084340}, {"owner": {"type": "User", "site_admin": false}, "fork": false, "created_at": "2012-01-01T22:04:47Z", "updated_at": "2020-04-30T11:47:15Z", "pushed_at": "2011-04-27T08:21:09Z", "size": 96, "stargazers_count": 12, "watchers_count": 12, "language": "C++", "has_issues": false, "has_projects": true, "has_downloads": true, "has_wiki": true, "has_pages": false, "has_discussions": false, "forks_count": 5, "mirror_url": null, "archived": false, "disabled": false, "open_issues_count": 0, "license": null, "allow_forking": true, "is_template": false, "web_commit_signoff_required": false, "topics": [], "default_branch": "master", "permissions": {"admin": false, "maintain": false, "push": false, "triage": false, "pull": true}, "_id": 3084367}, {"owner": {"type": "User", "site_admin": false}, "fork": false, "created_at": "2012-01-01T22:12:45Z", "updated_at": "2021-11-09T01:32:04Z", "pushed_at": "2015-06-22T09:25:49Z", "size": 27458, "stargazers_count": 61, "watchers_count": 61, "language": "Scala", "has_issues": true, "has_projects": true, "has_downloads": true, "has_wiki": true, "has_pages": false, "has_discussions": false, "forks_count": 18, "mirror_url": null, "archived": false, "disabled": false, "open_issues_count": 2, "license": {"key": "mit", "name": "MIT License", "spdx_id": "MIT", "url": "https://api.github.com/licenses/mit", "node_id": "MDc6TGljZW5zZTEz"}, "allow_forking": true, "is_template": false, "web_commit_signoff_required": false, "topics": [], "default_branch": "master", "permissions": {"admin": false, "maintain": false, "push": false, "triage": false, "pull": true}, "_id": 3084401}, {"owner": {"type": "User", "site_admin": false}, "fork": false, "created_at": "2012-01-01T22:26:50Z", "updated_at": "2022-11-25T22:41:13Z", "pushed_at": "2022-11-25T22:41:08Z", "size": 163, "stargazers_count": 10, "watchers_count": 10, "language": "Ruby", "has_issues": true, "has_projects": true, "has_downloads": true, "has_wiki": true, "has_pages": false, "has_discussions": false, "forks_count": 0, "mirror_url": null, "archived": false, "disabled": false, "open_issues_count": 0, "license": null, "allow_forking": true, "is_template": false, "web_commit_signoff_required": false, "topics": [], "default_branch": "master", "permissions": {"admin": false, "maintain": false, "push": false, "triage": false, "pull": true}, "_id": 3084448}, {"owner": {"type": "User", "site_admin": false}, "fork": false, "created_at": "2012-01-01T22:27:10Z", "updated_at": "2021-11-15T10:12:02Z", "pushed_at": "2012-03-21T23:16:09Z", "size": 496, "stargazers_count": 15, "watchers_count": 15, "language": "JavaScript", "has_issues": true, "has_projects": true, "has_downloads": true, "has_wiki": true, "has_pages": false, "has_discussions": false, "forks_count": 15, "mirror_url": null, "archived": false, "disabled": false, "open_issues_count": 0, "license": null, "allow_forking": true, "is_template": false, "web_commit_signoff_required": false, "topics": [], "default_branch": "master", "permissions": {"admin": false, "maintain": false, "push": false, "triage": false, "pull": true}, "_id": 3084451}, {"owner": {"type": "Organization", "site_admin": false}, "fork": false, "created_at": "2012-01-01T22:28:43Z", "updated_at": "2020-04-25T02:50:40Z", "pushed_at": "2018-04-29T15:07:14Z", "size": 530, "stargazers_count": 10, "watchers_count": 10, "language": "C++", "has_issues": false, "has_projects": true, "has_downloads": true, "has_wiki": false, "has_pages": false, "has_discussions": false, "forks_count": 1, "mirror_url": null, "archived": false, "disabled": false, "open_issues_count": 0, "license": null, "allow_forking": true, "is_template": false, "web_commit_signoff_required": false, "topics": [], "default_branch": "master", "permissions": {"admin": false, "maintain": false, "push": false, "triage": false, "pull": true}, "_id": 3084459}, {"owner": {"type": "User", "site_admin": false}, "fork": false, "created_at": "2012-01-01T22:31:46Z", "updated_at": "2022-11-11T09:37:06Z", "pushed_at": "2020-12-27T03:21:15Z", "size": 246, "stargazers_count": 95, "watchers_count": 95, "language": "Python", "has_issues": true, "has_projects": true, "has_downloads": true, "has_wiki": true, "has_pages": true, "has_discussions": false, "forks_count": 30, "mirror_url": null, "archived": false, "disabled": false, "open_issues_count": 4, "license": null, "allow_forking": true, "is_template": false, "web_commit_signoff_required": false, "topics": [], "default_branch": "master", "permissions": {"admin": false, "maintain": false, "push": false, "triage": false, "pull": true}, "_id": 3084474}, {"owner": {"type": "User", "site_admin": false}, "fork": false, "created_at": "2012-01-01T22:33:28Z", "updated_at": "2018-03-08T08:36:32Z", "pushed_at": "2015-08-12T08:31:58Z", "size": 5407, "stargazers_count": 19, "watchers_count": 19, "language": "C++", "has_issues": true, "has_projects": true, "has_downloads": true, "has_wiki": true, "has_pages": false, "has_discussions": false, "forks_count": 5, "mirror_url": null, "archived": false, "disabled": false, "open_issues_count": 2, "license": {"key": "gpl-2.0", "name": "GNU General Public License v2.0", "spdx_id": "GPL-2.0", "url": "https://api.github.com/licenses/gpl-2.0", "node_id": "MDc6TGljZW5zZTg="}, "allow_forking": true, "is_template": false, "web_commit_signoff_required": false, "topics": [], "default_branch": "master", "permissions": {"admin": false, "maintain": false, "push": false, "triage": false, "pull": true}, "_id": 3084479}, {"owner": {"type": "User", "site_admin": false}, "fork": false, "created_at": "2012-01-01T22:35:25Z", "updated_at": "2019-07-14T13:57:58Z", "pushed_at": "2012-04-07T01:49:50Z", "size": 6801, "stargazers_count": 18, "watchers_count": 18, "language": "C", "has_issues": true, "has_projects": true, "has_downloads": true, "has_wiki": true, "has_pages": true, "has_discussions": false, "forks_count": 7, "mirror_url": null, "archived": false, "disabled": false, "open_issues_count": 1, "license": null, "allow_forking": true, "is_template": false, "web_commit_signoff_required": false, "topics": [], "default_branch": "master", "permissions": {"admin": false, "maintain": false, "push": false, "triage": false, "pull": true}, "_id": 3084486}, {"owner": {"type": "Organization", "site_admin": false}, "fork": false, "created_at": "2012-01-01T22:59:00Z", "updated_at": "2022-06-01T21:49:53Z", "pushed_at": "2022-11-22T11:22:31Z", "size": 44582, "stargazers_count": 31, "watchers_count": 31, "language": "Python", "has_issues": true, "has_projects": true, "has_downloads": true, "has_wiki": false, "has_pages": false, "has_discussions": false, "forks_count": 49, "mirror_url": null, "archived": false, "disabled": false, "open_issues_count": 226, "license": {"key": "agpl-3.0", "name": "GNU Affero General Public License v3.0", "spdx_id": "AGPL-3.0", "url": "https://api.github.com/licenses/agpl-3.0", "node_id": "MDc6TGljZW5zZTE="}, "allow_forking": true, "is_template": false, "web_commit_signoff_required": false, "topics": [], "default_branch": "main", "permissions": {"admin": false, "maintain": false, "push": false, "triage": false, "pull": true}, "_id": 3084559}, {"owner": {"type": "Organization", "site_admin": false}, "fork": false, "created_at": "2012-01-01T23:00:11Z", "updated_at": "2021-02-08T20:18:47Z", "pushed_at": "2014-02-20T19:29:28Z", "size": 193, "stargazers_count": 8, "watchers_count": 8, "language": "PHP", "has_issues": false, "has_projects": true, "has_downloads": true, "has_wiki": false, "has_pages": false, "has_discussions": false, "forks_count": 6, "mirror_url": null, "archived": false, "disabled": false, "open_issues_count": 0, "license": {"key": "bsd-2-clause", "name": "BSD 2-Clause \"Simplified\" License", "spdx_id": "BSD-2-Clause", "url": "https://api.github.com/licenses/bsd-2-clause", "node_id": "MDc6TGljZW5zZTQ="}, "allow_forking": true, "is_template": false, "web_commit_signoff_required": false, "topics": [], "default_branch": "master", "permissions": {"admin": false, "maintain": false, "push": false, "triage": false, "pull": true}, "_id": 3084562}, {"owner": {"type": "User", "site_admin": false}, "fork": false, "created_at": "2012-01-01T23:05:20Z", "updated_at": "2022-11-23T02:26:12Z", "pushed_at": "2022-11-18T05:34:26Z", "size": 4069, "stargazers_count": 438, "watchers_count": 438, "language": "JavaScript", "has_issues": true, "has_projects": false, "has_downloads": true, "has_wiki": false, "has_pages": true, "has_discussions": false, "forks_count": 77, "mirror_url": null, "archived": false, "disabled": false, "open_issues_count": 5, "license": {"key": "mpl-2.0", "name": "Mozilla Public License 2.0", "spdx_id": "MPL-2.0", "url": "https://api.github.com/licenses/mpl-2.0", "node_id": "MDc6TGljZW5zZTE0"}, "allow_forking": true, "is_template": false, "web_commit_signoff_required": false, "topics": [], "default_branch": "main", "permissions": {"admin": false, "maintain": false, "push": false, "triage": false, "pull": true}, "_id": 3084583}, {"owner": {"type": "Organization", "site_admin": false}, "fork": false, "created_at": "2012-01-01T23:05:30Z", "updated_at": "2022-09-23T12:36:30Z", "pushed_at": "2013-10-07T16:21:16Z", "size": 99, "stargazers_count": 14, "watchers_count": 14, "language": "PHP", "has_issues": true, "has_projects": true, "has_downloads": true, "has_wiki": true, "has_pages": false, "has_discussions": false, "forks_count": 4, "mirror_url": null, "archived": true, "disabled": false, "open_issues_count": 0, "license": null, "allow_forking": true, "is_template": false, "web_commit_signoff_required": false, "topics": [], "default_branch": "master", "permissions": {"admin": false, "maintain": false, "push": false, "triage": false, "pull": true}, "_id": 3084584}, {"owner": {"type": "User", "site_admin": true}, "fork": false, "created_at": "2012-01-01T23:08:35Z", "updated_at": "2018-02-04T02:30:49Z", "pushed_at": "2018-02-04T02:30:32Z", "size": 154, "stargazers_count": 11, "watchers_count": 11, "language": null, "has_issues": true, "has_projects": true, "has_downloads": true, "has_wiki": true, "has_pages": false, "has_discussions": false, "forks_count": 9, "mirror_url": null, "archived": true, "disabled": false, "open_issues_count": 0, "license": null, "allow_forking": true, "is_template": false, "web_commit_signoff_required": false, "topics": ["vimfiles", "viml"], "default_branch": "master", "permissions": {"admin": false, "maintain": false, "push": false, "triage": false, "pull": true}, "_id": 3084597}, {"owner": {"type": "User", "site_admin": false}, "fork": false, "created_at": "2012-01-01T23:09:04Z", "updated_at": "2022-09-16T11:20:36Z", "pushed_at": "2016-04-18T10:26:46Z", "size": 480, "stargazers_count": 441, "watchers_count": 441, "language": "C", "has_issues": true, "has_projects": true, "has_downloads": true, "has_wiki": true, "has_pages": false, "has_discussions": false, "forks_count": 21, "mirror_url": null, "archived": false, "disabled": false, "open_issues_count": 15, "license": {"key": "other", "name": "Other", "spdx_id": "NOASSERTION", "url": null, "node_id": "MDc6TGljZW5zZTA="}, "allow_forking": true, "is_template": false, "web_commit_signoff_required": false, "topics": [], "default_branch": "master", "permissions": {"admin": false, "maintain": false, "push": false, "triage": false, "pull": true}, "_id": 3084599}, {"owner": {"type": "User", "site_admin": false}, "fork": false, "created_at": "2012-01-01T23:13:20Z", "updated_at": "2022-10-25T18:40:17Z", "pushed_at": "2022-04-25T20:47:42Z", "size": 2563, "stargazers_count": 24, "watchers_count": 24, "language": "C", "has_issues": true, "has_projects": true, "has_downloads": true, "has_wiki": true, "has_pages": true, "has_discussions": false, "forks_count": 11, "mirror_url": null, "archived": false, "disabled": false, "open_issues_count": 2, "license": {"key": "other", "name": "Other", "spdx_id": "NOASSERTION", "url": null, "node_id": "MDc6TGljZW5zZTA="}, "allow_forking": true, "is_template": false, "web_commit_signoff_required": false, "topics": [], "default_branch": "master", "permissions": {"admin": false, "maintain": false, "push": false, "triage": false, "pull": true}, "_id": 3084616}, {"owner": {"type": "User", "site_admin": false}, "fork": false, "created_at": "2012-01-01T23:43:42Z", "updated_at": "2022-11-18T22:28:46Z", "pushed_at": "2017-08-26T17:30:00Z", "size": 306, "stargazers_count": 104, "watchers_count": 104, "language": "C", "has_issues": false, "has_projects": true, "has_downloads": true, "has_wiki": false, "has_pages": false, "has_discussions": false, "forks_count": 17, "mirror_url": null, "archived": false, "disabled": false, "open_issues_count": 4, "license": {"key": "other", "name": "Other", "spdx_id": "NOASSERTION", "url": null, "node_id": "MDc6TGljZW5zZTA="}, "allow_forking": true, "is_template": false, "web_commit_signoff_required": false, "topics": [], "default_branch": "master", "permissions": {"admin": false, "maintain": false, "push": false, "triage": false, "pull": true}, "_id": 3084702}, {"owner": {"type": "User", "site_admin": false}, "fork": false, "created_at": "2012-01-01T23:44:56Z", "updated_at": "2022-11-15T11:03:56Z", "pushed_at": "2012-04-23T15:04:30Z", "size": 3156, "stargazers_count": 206, "watchers_count": 206, "language": "Ruby", "has_issues": true, "has_projects": true, "has_downloads": true, "has_wiki": true, "has_pages": false, "has_discussions": false, "forks_count": 17, "mirror_url": null, "archived": false, "disabled": false, "open_issues_count": 2, "license": {"key": "mit", "name": "MIT License", "spdx_id": "MIT", "url": "https://api.github.com/licenses/mit", "node_id": "MDc6TGljZW5zZTEz"}, "allow_forking": true, "is_template": false, "web_commit_signoff_required": false, "topics": [], "default_branch": "master", "permissions": {"admin": false, "maintain": false, "push": false, "triage": false, "pull": true}, "_id": 3084706}, {"owner": {"type": "User", "site_admin": false}, "fork": false, "created_at": "2012-01-01T23:45:26Z", "updated_at": "2022-01-23T02:30:33Z", "pushed_at": "2018-05-10T17:29:49Z", "size": 2271, "stargazers_count": 13, "watchers_count": 13, "language": "Pascal", "has_issues": true, "has_projects": true, "has_downloads": true, "has_wiki": true, "has_pages": false, "has_discussions": false, "forks_count": 9, "mirror_url": null, "archived": false, "disabled": false, "open_issues_count": 0, "license": null, "allow_forking": true, "is_template": false, "web_commit_signoff_required": false, "topics": ["database", "jdbc", "odbc", "sql"], "default_branch": "master", "permissions": {"admin": false, "maintain": false, "push": false, "triage": false, "pull": true}, "_id": 3084708}, {"owner": {"type": "User", "site_admin": false}, "fork": false, "created_at": "2012-01-01T23:48:22Z", "updated_at": "2018-11-06T16:49:50Z", "pushed_at": "2013-04-03T07:19:49Z", "size": 24241, "stargazers_count": 6, "watchers_count": 6, "language": "C", "has_issues": true, "has_projects": true, "has_downloads": true, "has_wiki": true, "has_pages": false, "has_discussions": false, "forks_count": 6, "mirror_url": null, "archived": false, "disabled": false, "open_issues_count": 0, "license": null, "allow_forking": true, "is_template": false, "web_commit_signoff_required": false, "topics": [], "default_branch": "redirect", "permissions": {"admin": false, "maintain": false, "push": false, "triage": false, "pull": true}, "_id": 3084716}, {"owner": {"type": "Organization", "site_admin": false}, "fork": false, "created_at": "2012-01-01T23:48:22Z", "updated_at": "2020-04-23T14:37:03Z", "pushed_at": "2012-08-08T20:30:25Z", "size": 96, "stargazers_count": 8, "watchers_count": 8, "language": "Shell", "has_issues": false, "has_projects": true, "has_downloads": true, "has_wiki": false, "has_pages": false, "has_discussions": false, "forks_count": 5, "mirror_url": null, "archived": true, "disabled": false, "open_issues_count": 0, "license": null, "allow_forking": true, "is_template": false, "web_commit_signoff_required": false, "topics": [], "default_branch": "develop", "permissions": {"admin": false, "maintain": false, "push": false, "triage": false, "pull": true}, "_id": 3084717}, {"owner": {"type": "User", "site_admin": false}, "fork": false, "created_at": "2012-01-01T23:50:07Z", "updated_at": "2019-12-25T22:33:15Z", "pushed_at": "2015-07-29T21:05:19Z", "size": 142, "stargazers_count": 8, "watchers_count": 8, "language": "Python", "has_issues": true, "has_projects": true, "has_downloads": true, "has_wiki": true, "has_pages": false, "has_discussions": false, "forks_count": 3, "mirror_url": null, "archived": false, "disabled": false, "open_issues_count": 1, "license": null, "allow_forking": true, "is_template": false, "web_commit_signoff_required": false, "topics": [], "default_branch": "master", "permissions": {"admin": false, "maintain": false, "push": false, "triage": false, "pull": true}, "_id": 3084725}, {"owner": {"type": "User", "site_admin": false}, "fork": false, "created_at": "2012-01-01T23:53:56Z", "updated_at": "2017-12-12T14:15:14Z", "pushed_at": "2012-01-04T04:37:41Z", "size": 274, "stargazers_count": 8, "watchers_count": 8, "language": "Java", "has_issues": true, "has_projects": true, "has_downloads": true, "has_wiki": true, "has_pages": false, "has_discussions": false, "forks_count": 6, "mirror_url": null, "archived": false, "disabled": false, "open_issues_count": 0, "license": null, "allow_forking": true, "is_template": false, "web_commit_signoff_required": false, "topics": [], "default_branch": "master", "permissions": {"admin": false, "maintain": false, "push": false, "triage": false, "pull": true}, "_id": 3084748}, {"owner": {"type": "User", "site_admin": false}, "fork": false, "created_at": "2012-01-01T23:56:54Z", "updated_at": "2022-05-10T10:15:33Z", "pushed_at": "2021-12-27T21:37:52Z", "size": 4854, "stargazers_count": 24, "watchers_count": 24, "language": "HTML", "has_issues": true, "has_projects": true, "has_downloads": true, "has_wiki": true, "has_pages": true, "has_discussions": false, "forks_count": 10, "mirror_url": null, "archived": false, "disabled": false, "open_issues_count": 1, "license": null, "allow_forking": true, "is_template": false, "web_commit_signoff_required": false, "topics": [], "default_branch": "gh-pages", "permissions": {"admin": false, "maintain": false, "push": false, "triage": false, "pull": true}, "_id": 3084758}, {"owner": {"type": "User", "site_admin": false}, "fork": false, "created_at": "2012-01-01T23:57:37Z", "updated_at": "2021-03-09T16:42:23Z", "pushed_at": "2015-11-24T21:34:45Z", "size": 222973, "stargazers_count": 8, "watchers_count": 8, "language": "JavaScript", "has_issues": true, "has_projects": true, "has_downloads": true, "has_wiki": true, "has_pages": false, "has_discussions": false, "forks_count": 1, "mirror_url": null, "archived": false, "disabled": false, "open_issues_count": 0, "license": null, "allow_forking": true, "is_template": false, "web_commit_signoff_required": false, "topics": [], "default_branch": "master", "permissions": {"admin": false, "maintain": false, "push": false, "triage": false, "pull": true}, "_id": 3084764}]